<?xml version="1.0" encoding="UTF-8"?>
<list id="1">
  <org.openmrs.LocationAttributeType id="2" uuid="64f01c78-191d-4947-a201-7e0a7f0caf21">
    <name>Location Code</name>
    <description>Unique identifier assigned to the location.  (Currently used as a key when exchanging information with McKesson PACS via the PACS Integration module.)</description>
    <creator/>
    <dateCreated id="3">2013-02-18 17:09:38</dateCreated>
    <changedBy/>
    <dateChanged id="4">2013-02-18 17:32:50</dateChanged>
    <retired>false</retired>
    <minOccurs>0</minOccurs>
    <maxOccurs>1</maxOccurs>
    <datatypeClassname>org.openmrs.customdatatype.datatype.FreeTextDatatype</datatypeClassname>
    <locationAttributeTypeId>2</locationAttributeTypeId>
  </org.openmrs.LocationAttributeType>
  <org.openmrs.Location id="5" uuid="a084f714-a536-473b-94e6-ec317b152b43">
    <name>Hôpital Universitaire de Mirebalais</name>
    <description>Mirebalais (MoH code 62101)</description>
    <creator/>
    <dateCreated id="6">2012-07-16 14:59:16</dateCreated>
    <retired>false</retired>
    <attributes id="7">
      <org.openmrs.LocationAttribute id="8" uuid="19cddbbe-fe82-448f-b2ab-95c4b73bc6f5">
        <creator/>
        <dateCreated id="9">2012-12-07 20:46:44</dateCreated>
        <voided>false</voided>
        <owner class="org.openmrs.Location" reference="5"/>
        <attributeType class="org.openmrs.LocationAttributeType" id="10" uuid="a5fb5770-409a-11e2-a25f-0800200c9a66">
          <name>Name to print on ID card</name>
          <description>The name to use when printing a location on an id card</description>
          <creator/>
          <dateCreated id="11">2012-12-07 15:22:34</dateCreated>
          <retired>false</retired>
          <minOccurs>0</minOccurs>
          <maxOccurs>1</maxOccurs>
          <datatypeClassname>org.openmrs.customdatatype.datatype.FreeTextDatatype</datatypeClassname>
          <locationAttributeTypeId>1</locationAttributeTypeId>
        </attributeType>
        <valueReference>Mirebalais</valueReference>
        <locationAttributeId>1</locationAttributeId>
      </org.openmrs.LocationAttribute>
    </attributes>
    <locationId>55</locationId>
    <cityVillage>Mirebalais</cityVillage>
    <stateProvince>Centre</stateProvince>
    <country>Haiti</country>
    <childLocations id="12">
      <org.openmrs.Location id="13" uuid="53cd4959-5f4d-4ddc-9971-7fc27e0b7946">
        <name>Laboratwa Prensipal</name>
        <description>Main laboratory at Mirebalais Hospital</description>
        <creator/>
        <dateCreated id="14">2012-11-13 19:05:53</dateCreated>
        <retired>false</retired>
        <attributes id="15">
          <org.openmrs.LocationAttribute id="16" uuid="f3d2b863-4524-40a1-8908-6646255e2e32">
            <creator/>
            <dateCreated id="17">2013-02-18 17:13:39</dateCreated>
            <voided>false</voided>
            <owner class="org.openmrs.Location" reference="13"/>
            <attributeType class="org.openmrs.LocationAttributeType" reference="2"/>
            <valueReference>M007</valueReference>
            <locationAttributeId>10</locationAttributeId>
          </org.openmrs.LocationAttribute>
        </attributes>
        <locationId>83</locationId>
        <parentLocation reference="5"/>
        <childLocations id="18"/>
        <tags id="19">
          <org.openmrs.LocationTag id="20" uuid="2b5c7110-d571-4f5f-b84e-500070b40ef8">
            <name>Appointment Location</name>
            <description>Signifies a Location where appointments can be scheduled</description>
            <creator/>
            <dateCreated id="21">2014-02-26 19:29:31</dateCreated>
            <retired>false</retired>
            <locationTagId>10</locationTagId>
          </org.openmrs.LocationTag>
          <org.openmrs.LocationTag id="22" uuid="b8bbf83e-645f-451f-8efe-a0db56f09676">
            <name>Login Location</name>
            <description>When a user logs in and chooses a session location, they may only choose one with this tag</description>
            <creator/>
            <dateCreated id="23">2012-11-03 21:39:44</dateCreated>
            <retired>false</retired>
            <locationTagId>3</locationTagId>
          </org.openmrs.LocationTag>
        </tags>
      </org.openmrs.Location>
      <org.openmrs.Location id="24" uuid="950852f3-8a96-4d82-a5f8-a68a92043164">
        <name>Sal Aprè Akouchman</name>
        <description>Postpartum ward at Mirebalais Hospital (After giving birth)</description>
        <creator/>
        <dateCreated id="25">2012-11-13 19:04:06</dateCreated>
        <retired>false</retired>
        <attributes id="26">
          <org.openmrs.LocationAttribute id="27" uuid="a01858fe-2f18-418d-8b4b-5d3f926efc4f">
            <creator/>
            <dateCreated id="28">2013-02-18 17:16:35</dateCreated>
            <voided>false</voided>
            <owner class="org.openmrs.Location" reference="24"/>
            <attributeType class="org.openmrs.LocationAttributeType" reference="2"/>
            <valueReference>M008</valueReference>
            <locationAttributeId>19</locationAttributeId>
          </org.openmrs.LocationAttribute>
        </attributes>
        <locationId>78</locationId>
        <parentLocation reference="5"/>
        <childLocations id="29"/>
        <tags id="30">
          <org.openmrs.LocationTag id="31" uuid="f5b9737b-14d5-402b-8475-dd558808e172">
            <name>Admission Location</name>
            <description>Patients may only be admitted to inpatient care in a location with this tag</description>
            <creator/>
            <dateCreated id="32">2013-05-13 23:10:48</dateCreated>
            <retired>true</retired>
            <dateRetired id="33">2013-08-14 14:07:13</dateRetired>
            <retiredBy/>
            <retireReason>Not an actual location</retireReason>
            <locationTagId>4</locationTagId>
          </org.openmrs.LocationTag>
          <org.openmrs.LocationTag id="34" uuid="dea8febf-0bbe-4111-8152-a9cf7df622b6">
            <name>Consult Note Location</name>
            <description>A location where a consult note can be written</description>
            <creator/>
            <dateCreated id="35">2013-10-30 18:31:02</dateCreated>
            <retired>false</retired>
            <locationTagId>6</locationTagId>
          </org.openmrs.LocationTag>
          <org.openmrs.LocationTag id="36" uuid="8ce9abcb-b0d9-4897-bc65-d8d2d3362b67">
            <name>Surgery Note Location</name>
            <description>A location where a surgery note can be written</description>
            <creator/>
            <dateCreated id="37">2013-10-30 18:32:13</dateCreated>
            <retired>false</retired>
            <locationTagId>8</locationTagId>
          </org.openmrs.LocationTag>
          <org.openmrs.LocationTag id="38" uuid="c42b7bc3-b34d-4b8f-9796-09208f9dfd72">
            <name>Dispensing Location</name>
            <description>A location where a pharmacist or pharmacist aide can dispensed medication.</description>
            <creator/>
            <dateCreated id="39">2013-11-08 16:59:49</dateCreated>
            <retired>false</retired>
            <locationTagId>9</locationTagId>
          </org.openmrs.LocationTag>
          <org.openmrs.LocationTag reference="22"/>
        </tags>
      </org.openmrs.Location>
      <org.openmrs.Location id="40" uuid="9b2066a2-7087-47f6-9b3a-b001037432a3">
        <name>Sante Fanm</name>
        <description>Women&apos;s Outpatient clinic at Mirebalais Hospital (Sante Fanm).</description>
        <creator/>
        <dateCreated id="41">2012-09-24 17:08:58</dateCreated>
        <retired>false</retired>
        <attributes id="42">
          <org.openmrs.LocationAttribute id="43" uuid="703614f6-c941-4ec1-a639-65e308762034">
            <creator/>
            <dateCreated id="44">2013-02-18 17:17:47</dateCreated>
            <voided>false</voided>
            <owner class="org.openmrs.Location" reference="40"/>
            <attributeType class="org.openmrs.LocationAttributeType" reference="2"/>
            <valueReference>M003</valueReference>
            <locationAttributeId>23</locationAttributeId>
          </org.openmrs.LocationAttribute>
        </attributes>
        <locationId>62</locationId>
        <parentLocation reference="5"/>
        <childLocations id="45">
          <org.openmrs.Location id="46" uuid="de8892ff-e755-4ef0-ae0a-c27d2c1e6a74">
            <name>Famasi Famn ak Ti moun</name>
            <description>Women and Children&apos;s Pharmacy at Mirebalais Hospital.</description>
            <creator/>
            <dateCreated id="47">2013-09-19 20:11:53</dateCreated>
            <retired>false</retired>
            <attributes id="48">
              <org.openmrs.LocationAttribute id="49" uuid="d3906d5e-6b4e-4c2b-b19a-26e247d89209">
                <creator/>
                <dateCreated id="50">2013-11-27 00:21:09</dateCreated>
                <voided>false</voided>
                <owner class="org.openmrs.Location" reference="46"/>
                <attributeType class="org.openmrs.LocationAttributeType" reference="2"/>
                <valueReference>M032</valueReference>
                <locationAttributeId>36</locationAttributeId>
              </org.openmrs.LocationAttribute>
            </attributes>
            <locationId>96</locationId>
            <parentLocation reference="40"/>
            <childLocations id="51"/>
            <tags id="52">
              <org.openmrs.LocationTag reference="38"/>
              <org.openmrs.LocationTag reference="20"/>
              <org.openmrs.LocationTag reference="22"/>
            </tags>
          </org.openmrs.Location>
        </childLocations>
        <tags id="53">
          <org.openmrs.LocationTag reference="34"/>
          <org.openmrs.LocationTag reference="38"/>
          <org.openmrs.LocationTag reference="22"/>
        </tags>
      </org.openmrs.Location>
      <org.openmrs.Location id="54" uuid="cfe92278-0181-4315-ab7d-1731753120f0">
        <name>Radyografi</name>
        <description>Radiology at Mirebalais Hospital</description>
        <creator/>
        <dateCreated id="55">2012-11-13 19:14:22</dateCreated>
        <retired>false</retired>
        <attributes id="56">
          <org.openmrs.LocationAttribute id="57" uuid="d8be457b-c418-4581-8673-50ca20d2ba42">
            <creator/>
            <dateCreated id="58">2013-02-18 17:17:12</dateCreated>
            <voided>false</voided>
            <owner class="org.openmrs.Location" reference="54"/>
            <attributeType class="org.openmrs.LocationAttributeType" reference="2"/>
            <valueReference>M010</valueReference>
            <locationAttributeId>21</locationAttributeId>
          </org.openmrs.LocationAttribute>
        </attributes>
        <locationId>85</locationId>
        <parentLocation reference="5"/>
        <childLocations id="59"/>
        <tags id="60">
          <org.openmrs.LocationTag reference="20"/>
          <org.openmrs.LocationTag reference="22"/>
        </tags>
      </org.openmrs.Location>
      <org.openmrs.Location id="61" uuid="f3a5586e-f06c-4dfb-96b0-6f3451a35e90">
        <name>Ijans</name>
        <description>Emergency room at Mirebalais Hospital (Ijans)</description>
        <creator/>
        <dateCreated id="62">2012-09-24 17:10:31</dateCreated>
        <retired>false</retired>
        <attributes id="63">
          <org.openmrs.LocationAttribute id="64" uuid="82c82a3d-5153-4eaf-9ad5-154eeffe0f1b">
            <creator/>
            <dateCreated id="65">2013-02-18 17:12:17</dateCreated>
            <voided>false</voided>
            <owner class="org.openmrs.Location" reference="61"/>
            <attributeType class="org.openmrs.LocationAttributeType" reference="2"/>
            <valueReference>M004</valueReference>
            <locationAttributeId>6</locationAttributeId>
          </org.openmrs.LocationAttribute>
        </attributes>
        <locationId>63</locationId>
        <parentLocation reference="5"/>
        <childLocations id="66"/>
        <tags id="67">
          <org.openmrs.LocationTag id="68" uuid="fe742fba-840a-4155-bfc4-a5b35ac1bb03">
            <name>ED Note Location</name>
            <description>A location where an ED note can be written</description>
            <creator/>
            <dateCreated id="69">2013-10-30 18:31:44</dateCreated>
            <retired>false</retired>
            <locationTagId>7</locationTagId>
          </org.openmrs.LocationTag>
          <org.openmrs.LocationTag reference="38"/>
          <org.openmrs.LocationTag reference="22"/>
        </tags>
      </org.openmrs.Location>
      <org.openmrs.Location id="70" uuid="109a13a9-029d-498d-b66e-bab5eb396996">
        <name>Sal Avan Operasyon | PACU</name>
        <description>Pre-op/PACU at Mirebalais Hospital (Before surgery, and Post-Anesthesia Care Unit)</description>
        <creator/>
        <dateCreated id="71">2012-11-13 19:02:22</dateCreated>
        <retired>false</retired>
        <attributes id="72">
          <org.openmrs.LocationAttribute id="73" uuid="01b1db36-bf5b-450e-a53d-a5ac6c50b5b2">
            <creator/>
            <dateCreated id="74">2013-02-18 17:16:52</dateCreated>
            <voided>false</voided>
            <owner class="org.openmrs.Location" reference="70"/>
            <attributeType class="org.openmrs.LocationAttributeType" reference="2"/>
            <valueReference>M013</valueReference>
            <locationAttributeId>20</locationAttributeId>
          </org.openmrs.LocationAttribute>
        </attributes>
        <locationId>74</locationId>
        <parentLocation reference="5"/>
        <childLocations id="75"/>
        <tags id="76">
          <org.openmrs.LocationTag reference="31"/>
          <org.openmrs.LocationTag reference="38"/>
          <org.openmrs.LocationTag reference="22"/>
        </tags>
      </org.openmrs.Location>
      <org.openmrs.Location id="77" resolves-to="org.openmrs.Location" uuid="199e7d87-92a0-4398-a0f8-11d012178164">
        <name>Klinik Ekstèn</name>
        <description>The outpatient clinic at Mirebalais Hospital (Klinik Extern).</description>
        <creator/>
        <dateCreated id="78">2012-09-24 17:07:04</dateCreated>
        <retired>false</retired>
        <attributes id="79">
          <org.openmrs.LocationAttribute id="80" uuid="350badbe-82a1-42f6-81a3-e2f7aaec5d1e">
            <creator/>
            <dateCreated id="81">2013-02-18 17:15:21</dateCreated>
            <voided>false</voided>
            <owner class="org.openmrs.Location" reference="77"/>
            <attributeType class="org.openmrs.LocationAttributeType" reference="2"/>
            <valueReference>M005</valueReference>
            <locationAttributeId>15</locationAttributeId>
          </org.openmrs.LocationAttribute>
        </attributes>
        <locationId>61</locationId>
        <parentLocation reference="5"/>
        <childLocations id="82">
          <org.openmrs.Location id="83" uuid="79892ece-79f1-4674-abb5-a52c1898c762">
            <name>Klinik Exten Famasi</name>
            <description>Outpatient Clinic Pharmacy at Mirebalais Hospital. For adults. Women with general medical conditions are also seen here.</description>
            <creator/>
            <dateCreated id="84">2013-09-19 18:27:59</dateCreated>
            <retired>false</retired>
            <attributes id="85">
              <org.openmrs.LocationAttribute id="86" uuid="96af5ad1-c2c5-4cf4-9333-26f0c1f2e75b">
                <creator/>
                <dateCreated id="87">2013-11-27 00:21:00</dateCreated>
                <voided>false</voided>
                <owner class="org.openmrs.Location" reference="83"/>
                <attributeType class="org.openmrs.LocationAttributeType" reference="2"/>
                <valueReference>M031</valueReference>
                <locationAttributeId>35</locationAttributeId>
              </org.openmrs.LocationAttribute>
            </attributes>
            <locationId>95</locationId>
            <parentLocation reference="77"/>
            <childLocations id="88"/>
            <tags id="89">
              <org.openmrs.LocationTag reference="20"/>
              <org.openmrs.LocationTag reference="22"/>
            </tags>
          </org.openmrs.Location>
        </childLocations>
        <tags id="90">
          <org.openmrs.LocationTag reference="34"/>
          <org.openmrs.LocationTag reference="38"/>
          <org.openmrs.LocationTag reference="20"/>
          <org.openmrs.LocationTag reference="22"/>
        </tags>
      </org.openmrs.Location>
      <org.openmrs.Location id="91" uuid="afa09010-43b6-4f19-89e0-58d09941bcbd">
        <name>Ijans Resepsyon</name>
        <description>Emergency registration and check-in</description>
        <creator/>
        <dateCreated id="92">2013-05-16 13:23:44</dateCreated>
        <retired>false</retired>
        <attributes id="93">
          <org.openmrs.LocationAttribute id="94" uuid="709ee7f1-5d3d-493d-a931-6fca9a49b7ff">
            <creator/>
            <dateCreated id="95">2013-11-27 00:27:40</dateCreated>
            <voided>false</voided>
            <owner class="org.openmrs.Location" reference="91"/>
            <attributeType class="org.openmrs.LocationAttributeType" reference="2"/>
            <valueReference>M034</valueReference>
            <locationAttributeId>38</locationAttributeId>
          </org.openmrs.LocationAttribute>
          <org.openmrs.LocationAttribute id="96" uuid="9c165e85-9da2-47c3-99e6-95fad19ebaa4">
            <creator/>
            <dateCreated id="97">2013-11-27 00:19:42</dateCreated>
            <changedBy/>
            <dateChanged id="98">2013-11-27 00:27:40</dateChanged>
            <voided>true</voided>
            <dateVoided id="99">2013-11-27 00:27:40</dateVoided>
            <voidedBy/>
            <owner class="org.openmrs.Location" reference="91"/>
            <attributeType class="org.openmrs.LocationAttributeType" reference="2"/>
            <valueReference>M025</valueReference>
            <locationAttributeId>29</locationAttributeId>
          </org.openmrs.LocationAttribute>
        </attributes>
        <locationId>91</locationId>
        <parentLocation reference="5"/>
        <childLocations id="100"/>
        <tags id="101">
          <org.openmrs.LocationTag reference="22"/>
        </tags>
      </org.openmrs.Location>
      <org.openmrs.Location id="102" uuid="29437276-aeae-4ea8-8219-720886cdc87f">
        <name>Sal Izolman</name>
        <description>Isolation at Mirebalais Hospital</description>
        <creator/>
        <dateCreated id="103">2012-11-13 19:05:26</dateCreated>
        <retired>false</retired>
        <attributes id="104">
          <org.openmrs.LocationAttribute id="105" uuid="1f07a471-cd35-429d-a82b-7bff40650216">
            <creator/>
            <dateCreated id="106">2013-02-18 17:12:50</dateCreated>
            <voided>false</voided>
            <owner class="org.openmrs.Location" reference="102"/>
            <attributeType class="org.openmrs.LocationAttributeType" reference="2"/>
            <valueReference>M017</valueReference>
            <locationAttributeId>8</locationAttributeId>
          </org.openmrs.LocationAttribute>
        </attributes>
        <locationId>82</locationId>
        <parentLocation reference="5"/>
        <childLocations id="107"/>
        <tags id="108">
          <org.openmrs.LocationTag reference="31"/>
          <org.openmrs.LocationTag reference="38"/>
          <org.openmrs.LocationTag reference="22"/>
        </tags>
      </org.openmrs.Location>
      <org.openmrs.Location id="109" uuid="5fd9a9b6-a9af-47be-b5d8-f2d4239dfdc1">
        <name>Sal Reyabilitasyon</name>
        <description>Rehabilitation Ward</description>
        <creator/>
        <dateCreated id="110">2014-01-16 23:37:44</dateCreated>
        <retired>false</retired>
        <attributes id="111">
          <org.openmrs.LocationAttribute id="112" uuid="0b2d83a4-7c45-417e-a08c-1e46dea54c73">
            <creator/>
            <dateCreated id="113">2014-01-16 23:43:06</dateCreated>
            <voided>false</voided>
            <owner class="org.openmrs.Location" reference="109"/>
            <attributeType class="org.openmrs.LocationAttributeType" reference="2"/>
            <valueReference>M039</valueReference>
            <locationAttributeId>43</locationAttributeId>
          </org.openmrs.LocationAttribute>
        </attributes>
        <locationId>98</locationId>
        <parentLocation reference="5"/>
        <childLocations id="114"/>
        <tags id="115">
          <org.openmrs.LocationTag id="116" uuid="9783aba6-df7b-4969-be6e-1e03e7a08965">
            <name>Transfer Location</name>
            <description>Patients may only be transfer to inpatient care in a location with this tag</description>
            <creator/>
            <dateCreated id="117">2013-05-28 17:37:05</dateCreated>
            <retired>false</retired>
            <locationTagId>5</locationTagId>
          </org.openmrs.LocationTag>
          <org.openmrs.LocationTag reference="34"/>
          <org.openmrs.LocationTag reference="22"/>
        </tags>
      </org.openmrs.Location>
      <org.openmrs.Location id="118" uuid="4f2d9af1-7eec-4228-bbd6-7b0774c6c267">
        <name>Dantis</name>
        <description>Dental clinic at Mirebalais Hospital (Dental Clinic).</description>
        <creator/>
        <dateCreated id="119">2012-11-13 15:14:40</dateCreated>
        <retired>false</retired>
        <attributes id="120">
          <org.openmrs.LocationAttribute id="121" uuid="41fec28b-dd0c-4011-be67-9ebca234ebfd">
            <creator/>
            <dateCreated id="122">2013-02-18 17:12:01</dateCreated>
            <voided>false</voided>
            <owner class="org.openmrs.Location" reference="118"/>
            <attributeType class="org.openmrs.LocationAttributeType" reference="2"/>
            <valueReference>M019</valueReference>
            <locationAttributeId>5</locationAttributeId>
          </org.openmrs.LocationAttribute>
        </attributes>
        <locationId>65</locationId>
        <parentLocation reference="5"/>
        <childLocations id="123"/>
        <tags id="124">
          <org.openmrs.LocationTag reference="31"/>
          <org.openmrs.LocationTag reference="34"/>
          <org.openmrs.LocationTag reference="38"/>
          <org.openmrs.LocationTag reference="20"/>
          <org.openmrs.LocationTag reference="22"/>
        </tags>
      </org.openmrs.Location>
      <org.openmrs.Location id="125" uuid="459c97ba-8d90-485d-8993-9540c55166f6">
        <name>Ijans Obsèvasyon</name>
        <description>Emergency observation room at Mirebalais Hospital (Ijans Obsèvasyon)</description>
        <creator/>
        <dateCreated id="126">2013-08-09 14:16:23</dateCreated>
        <retired>true</retired>
        <dateRetired id="127">2013-08-14 14:07:13</dateRetired>
        <retiredBy/>
        <retireReason>Not an actual location</retireReason>
        <attributes id="128"/>
        <locationId>94</locationId>
        <parentLocation reference="5"/>
        <childLocations id="129"/>
        <tags id="130">
          <org.openmrs.LocationTag reference="31"/>
        </tags>
      </org.openmrs.Location>
      <org.openmrs.Location id="131" resolves-to="org.openmrs.Location" uuid="2c93919d-7fc6-406d-a057-c0b640104790">
        <name>Sal Fanm</name>
        <description>Women’s Internal Medicine at Mirebalais Hospital (Inpatient ward for women)</description>
        <creator/>
        <dateCreated id="132">2013-05-16 13:09:31</dateCreated>
        <retired>false</retired>
        <attributes id="133">
          <org.openmrs.LocationAttribute id="134" uuid="9d6d04ad-35d9-4480-8989-3f1c4bdc7814">
            <creator/>
            <dateCreated id="135">2013-11-27 00:19:57</dateCreated>
            <changedBy/>
            <dateChanged id="136">2013-11-27 00:27:56</dateChanged>
            <voided>true</voided>
            <dateVoided id="137">2013-11-27 00:27:56</dateVoided>
            <voidedBy/>
            <owner class="org.openmrs.Location" reference="131"/>
            <attributeType class="org.openmrs.LocationAttributeType" reference="10"/>
            <valueReference>M026</valueReference>
            <locationAttributeId>30</locationAttributeId>
          </org.openmrs.LocationAttribute>
          <org.openmrs.LocationAttribute id="138" uuid="848120b5-a8ed-453d-b17c-3a1532f87e71">
            <creator/>
            <dateCreated id="139">2013-11-27 00:27:56</dateCreated>
            <voided>false</voided>
            <owner class="org.openmrs.Location" reference="131"/>
            <attributeType class="org.openmrs.LocationAttributeType" reference="10"/>
            <valueReference>M035</valueReference>
            <locationAttributeId>39</locationAttributeId>
          </org.openmrs.LocationAttribute>
        </attributes>
        <locationId>88</locationId>
        <parentLocation reference="5"/>
        <childLocations id="140">
          <org.openmrs.Location id="141" uuid="195d0af1-3887-4a28-a542-b832099fe3ee">
            <name>Sal Fanm B</name>
            <description>Women’s Internal Medicine B at Mirebalais Hospital (2nd Inpatient ward for women)</description>
            <creator/>
            <dateCreated id="142">2012-11-13 19:00:21</dateCreated>
            <retired>false</retired>
            <attributes id="143">
              <org.openmrs.LocationAttribute id="144" uuid="bdae8ec9-3ed0-4b93-a38b-0c61674aae8a">
                <creator/>
                <dateCreated id="145">2013-02-18 17:18:19</dateCreated>
                <voided>false</voided>
                <owner class="org.openmrs.Location" reference="141"/>
                <attributeType class="org.openmrs.LocationAttributeType" reference="2"/>
                <valueReference>M016</valueReference>
                <locationAttributeId>25</locationAttributeId>
              </org.openmrs.LocationAttribute>
            </attributes>
            <locationId>69</locationId>
            <parentLocation reference="131"/>
            <childLocations id="146"/>
            <tags id="147">
              <org.openmrs.LocationTag reference="31"/>
              <org.openmrs.LocationTag reference="34"/>
              <org.openmrs.LocationTag reference="38"/>
            </tags>
          </org.openmrs.Location>
          <org.openmrs.Location id="148" uuid="8e4e930b-e801-44c5-8895-e7ef6feb6d73">
            <name>Sal Fanm A</name>
            <description>Women’s Internal Medicine A at Mirebalais Hospital (1st Inpatient ward for women)</description>
            <creator/>
            <dateCreated id="149">2012-11-13 19:00:00</dateCreated>
            <retired>false</retired>
            <attributes id="150">
              <org.openmrs.LocationAttribute id="151" uuid="4c7fe8b5-e965-4cd1-9021-dfa994c16838">
                <creator/>
                <dateCreated id="152">2013-02-18 17:18:10</dateCreated>
                <voided>false</voided>
                <owner class="org.openmrs.Location" reference="148"/>
                <attributeType class="org.openmrs.LocationAttributeType" reference="2"/>
                <valueReference>M026</valueReference>
                <locationAttributeId>24</locationAttributeId>
              </org.openmrs.LocationAttribute>
            </attributes>
            <locationId>68</locationId>
            <parentLocation reference="131"/>
            <childLocations id="153"/>
            <tags id="154">
              <org.openmrs.LocationTag reference="31"/>
              <org.openmrs.LocationTag reference="34"/>
              <org.openmrs.LocationTag reference="38"/>
            </tags>
          </org.openmrs.Location>
        </childLocations>
        <tags id="155">
          <org.openmrs.LocationTag reference="31"/>
          <org.openmrs.LocationTag reference="34"/>
          <org.openmrs.LocationTag reference="38"/>
          <org.openmrs.LocationTag reference="20"/>
          <org.openmrs.LocationTag reference="22"/>
        </tags>
      </org.openmrs.Location>
      <org.openmrs.Location id="156" uuid="7d6cc39d-a600-496f-a320-fd4985f07f0b">
        <name>Sal Aprè Operayson</name>
        <description>Surgical Ward at Mirebalais Hospital (Surgery)</description>
        <creator/>
        <dateCreated id="157">2012-11-13 19:02:01</dateCreated>
        <retired>false</retired>
        <attributes id="158">
          <org.openmrs.LocationAttribute id="159" uuid="162c86a7-5918-4311-ae98-25708541e97f">
            <creator/>
            <dateCreated id="160">2013-02-18 17:17:29</dateCreated>
            <voided>false</voided>
            <owner class="org.openmrs.Location" reference="156"/>
            <attributeType class="org.openmrs.LocationAttributeType" reference="2"/>
            <valueReference>M025</valueReference>
            <locationAttributeId>22</locationAttributeId>
          </org.openmrs.LocationAttribute>
        </attributes>
        <locationId>73</locationId>
        <parentLocation reference="5"/>
        <childLocations id="161"/>
        <tags id="162">
          <org.openmrs.LocationTag reference="34"/>
          <org.openmrs.LocationTag reference="36"/>
          <org.openmrs.LocationTag reference="38"/>
          <org.openmrs.LocationTag reference="22"/>
        </tags>
      </org.openmrs.Location>
      <org.openmrs.Location id="163" uuid="e5db0599-89e8-44fa-bfa2-07e47d63546f">
        <name>Sal Gason</name>
        <description>Men’s Internal Medicine at Mirebalais Hospital (Inpatient ward for men)</description>
        <creator/>
        <dateCreated id="164">2013-05-16 13:12:35</dateCreated>
        <retired>false</retired>
        <attributes id="165">
          <org.openmrs.LocationAttribute id="166" uuid="27f73024-9317-4b37-bc79-82ccad31fced">
            <creator/>
            <dateCreated id="167">2013-11-27 00:28:13</dateCreated>
            <voided>false</voided>
            <owner class="org.openmrs.Location" reference="163"/>
            <attributeType class="org.openmrs.LocationAttributeType" reference="2"/>
            <valueReference>M036</valueReference>
            <locationAttributeId>40</locationAttributeId>
          </org.openmrs.LocationAttribute>
          <org.openmrs.LocationAttribute id="168" uuid="8b382e74-5f8d-4792-8dbc-7957c20aa88c">
            <creator/>
            <dateCreated id="169">2013-11-27 00:20:06</dateCreated>
            <changedBy/>
            <dateChanged id="170">2013-11-27 00:28:13</dateChanged>
            <voided>true</voided>
            <dateVoided id="171">2013-11-27 00:28:13</dateVoided>
            <voidedBy/>
            <owner class="org.openmrs.Location" reference="163"/>
            <attributeType class="org.openmrs.LocationAttributeType" reference="2"/>
            <valueReference>M027</valueReference>
            <locationAttributeId>31</locationAttributeId>
          </org.openmrs.LocationAttribute>
        </attributes>
        <locationId>89</locationId>
        <parentLocation reference="5"/>
        <childLocations id="172">
          <org.openmrs.Location id="173" uuid="3b6f010b-5d44-4ded-85b3-70ea7ba79fd5">
            <name>Sal Gason A</name>
            <description>Men’s Internal Medicine A at Mirebalais Hospital (1st Inpatient ward for men)</description>
            <creator/>
            <dateCreated id="174">2012-11-13 18:54:56</dateCreated>
            <retired>false</retired>
            <attributes id="175">
              <org.openmrs.LocationAttribute id="176" uuid="3d2220a6-2ed2-4f9d-a856-67f79ae9b1c9">
                <creator/>
                <dateCreated id="177">2013-02-18 17:13:59</dateCreated>
                <voided>false</voided>
                <owner class="org.openmrs.Location" reference="173"/>
                <attributeType class="org.openmrs.LocationAttributeType" reference="2"/>
                <valueReference>M020</valueReference>
                <locationAttributeId>11</locationAttributeId>
              </org.openmrs.LocationAttribute>
            </attributes>
            <locationId>66</locationId>
            <parentLocation reference="163"/>
            <childLocations id="178"/>
            <tags id="179">
              <org.openmrs.LocationTag reference="31"/>
              <org.openmrs.LocationTag reference="34"/>
              <org.openmrs.LocationTag reference="38"/>
            </tags>
          </org.openmrs.Location>
          <org.openmrs.Location id="180" uuid="a296d225-0312-4ce5-836c-cb2d8e952f47">
            <name>Sal Gason B</name>
            <description>Men’s Internal Medicine B at Mirebalais Hospital (2nd Inpatient ward for men)</description>
            <creator/>
            <dateCreated id="181">2012-11-13 18:56:58</dateCreated>
            <retired>false</retired>
            <attributes id="182">
              <org.openmrs.LocationAttribute id="183" uuid="ec2b429b-6c73-4863-bd89-a6501d58d540">
                <creator/>
                <dateCreated id="184">2013-02-18 17:14:06</dateCreated>
                <voided>false</voided>
                <owner class="org.openmrs.Location" reference="180"/>
                <attributeType class="org.openmrs.LocationAttributeType" reference="2"/>
                <valueReference>M021</valueReference>
                <locationAttributeId>12</locationAttributeId>
              </org.openmrs.LocationAttribute>
            </attributes>
            <locationId>67</locationId>
            <parentLocation reference="163"/>
            <childLocations id="185"/>
            <tags id="186">
              <org.openmrs.LocationTag reference="31"/>
              <org.openmrs.LocationTag reference="34"/>
              <org.openmrs.LocationTag reference="38"/>
            </tags>
          </org.openmrs.Location>
        </childLocations>
        <tags id="187">
          <org.openmrs.LocationTag reference="31"/>
          <org.openmrs.LocationTag reference="34"/>
          <org.openmrs.LocationTag reference="38"/>
          <org.openmrs.LocationTag reference="22"/>
        </tags>
      </org.openmrs.Location>
      <org.openmrs.Location id="188" uuid="ec9d2302-b525-45ce-bebe-42ea1d38b251">
        <name>Sal Aprè Operayson | Sante Fanm</name>
        <description>Post-op GYN at Mirebalais Hospital (Recovery after surgery related to gynecology)</description>
        <creator/>
        <dateCreated id="189">2012-11-13 19:04:27</dateCreated>
        <retired>false</retired>
        <attributes id="190">
          <org.openmrs.LocationAttribute id="191" uuid="afa2909f-2b68-4923-9c29-07e8d37a99a1">
            <creator/>
            <dateCreated id="192">2013-02-18 17:16:19</dateCreated>
            <voided>false</voided>
            <owner class="org.openmrs.Location" reference="188"/>
            <attributeType class="org.openmrs.LocationAttributeType" reference="2"/>
            <valueReference>M009</valueReference>
            <locationAttributeId>18</locationAttributeId>
          </org.openmrs.LocationAttribute>
        </attributes>
        <locationId>79</locationId>
        <parentLocation reference="5"/>
        <childLocations id="193"/>
        <tags id="194">
          <org.openmrs.LocationTag reference="31"/>
          <org.openmrs.LocationTag reference="38"/>
          <org.openmrs.LocationTag reference="22"/>
        </tags>
      </org.openmrs.Location>
      <org.openmrs.Location id="195" uuid="09af1ef5-d664-4c1f-a9e3-9c8d69bd77c4">
        <name>Planin Familyal</name>
        <description>Family Planning Clinic</description>
        <creator/>
        <dateCreated id="196">2014-01-30 19:54:00</dateCreated>
        <retired>false</retired>
        <attributes id="197"/>
        <locationId>99</locationId>
        <parentLocation reference="5"/>
        <childLocations id="198"/>
        <tags id="199">
          <org.openmrs.LocationTag reference="34"/>
          <org.openmrs.LocationTag reference="38"/>
          <org.openmrs.LocationTag reference="20"/>
          <org.openmrs.LocationTag reference="22"/>
        </tags>
      </org.openmrs.Location>
      <org.openmrs.Location id="200" uuid="dce85b2e-6946-4798-9037-d00f123df7bd">
        <name>Sante Kominotè</name>
        <description>Community Health clinic at Mirebalais Hospital (Community Health clinic).</description>
        <creator/>
        <dateCreated id="201">2012-11-13 14:14:25</dateCreated>
        <retired>false</retired>
        <attributes id="202">
          <org.openmrs.LocationAttribute id="203" uuid="0b70293d-0995-404c-924c-e4f54d6860b5">
            <creator/>
            <dateCreated id="204">2013-02-18 17:11:46</dateCreated>
            <voided>false</voided>
            <owner class="org.openmrs.Location" reference="200"/>
            <attributeType class="org.openmrs.LocationAttributeType" reference="2"/>
            <valueReference>M011</valueReference>
            <locationAttributeId>4</locationAttributeId>
          </org.openmrs.LocationAttribute>
        </attributes>
        <locationId>64</locationId>
        <parentLocation reference="5"/>
        <childLocations id="205"/>
        <tags id="206">
          <org.openmrs.LocationTag reference="34"/>
          <org.openmrs.LocationTag reference="38"/>
          <org.openmrs.LocationTag reference="20"/>
          <org.openmrs.LocationTag reference="22"/>
        </tags>
      </org.openmrs.Location>
      <org.openmrs.Location id="207" uuid="62a9500e-a1a5-4235-844f-3a8cc0765d53">
        <name>Swen Entansif Neonatal</name>
        <description>NICU at Mirebalais Hospital (Neonatal Intensive Care Unit)</description>
        <creator/>
        <dateCreated id="208">2012-11-13 19:03:14</dateCreated>
        <retired>false</retired>
        <attributes id="209">
          <org.openmrs.LocationAttribute id="210" uuid="f8eba8dc-8939-4c5e-a39b-110d833b86e6">
            <creator/>
            <dateCreated id="211">2013-02-18 17:14:41</dateCreated>
            <voided>false</voided>
            <owner class="org.openmrs.Location" reference="207"/>
            <attributeType class="org.openmrs.LocationAttributeType" reference="2"/>
            <valueReference>M014</valueReference>
            <locationAttributeId>13</locationAttributeId>
          </org.openmrs.LocationAttribute>
        </attributes>
        <locationId>76</locationId>
        <parentLocation reference="5"/>
        <childLocations id="212"/>
        <tags id="213">
          <org.openmrs.LocationTag reference="31"/>
          <org.openmrs.LocationTag reference="34"/>
          <org.openmrs.LocationTag reference="38"/>
          <org.openmrs.LocationTag reference="22"/>
        </tags>
      </org.openmrs.Location>
      <org.openmrs.Location id="214" uuid="787a2422-a7a2-400e-bdbb-5c54b2691af5">
        <name>Biwo Resepsyon</name>
        <description>Clinic Registration at Mirebalais Hospital</description>
        <creator/>
        <dateCreated id="215">2013-03-03 23:20:51</dateCreated>
        <retired>false</retired>
        <attributes id="216">
          <org.openmrs.LocationAttribute id="217" uuid="58b76638-90b2-4e23-b0d9-b63f11c49e79">
            <creator/>
            <dateCreated id="218">2013-03-03 23:22:40</dateCreated>
            <voided>false</voided>
            <owner class="org.openmrs.Location" reference="214"/>
            <attributeType class="org.openmrs.LocationAttributeType" reference="2"/>
            <valueReference>M029</valueReference>
            <locationAttributeId>28</locationAttributeId>
          </org.openmrs.LocationAttribute>
        </attributes>
        <locationId>87</locationId>
        <parentLocation reference="5"/>
        <childLocations id="219"/>
        <tags id="220">
          <org.openmrs.LocationTag reference="22"/>
        </tags>
      </org.openmrs.Location>
      <org.openmrs.Location id="221" uuid="41736d90-12f9-4c16-b5a1-5af170b7bf2a">
        <name>Sal Operasyon</name>
        <description>Operating Rooms at Mirebalais Hospital (all six operating rooms)</description>
        <creator/>
        <dateCreated id="222">2012-11-13 19:02:50</dateCreated>
        <retired>false</retired>
        <attributes id="223">
          <org.openmrs.LocationAttribute id="224" uuid="d08b49d0-be14-49bb-9319-02f4125834c8">
            <creator/>
            <dateCreated id="225">2013-02-18 17:14:56</dateCreated>
            <voided>false</voided>
            <owner class="org.openmrs.Location" reference="221"/>
            <attributeType class="org.openmrs.LocationAttributeType" reference="2"/>
            <valueReference>M015</valueReference>
            <locationAttributeId>14</locationAttributeId>
          </org.openmrs.LocationAttribute>
        </attributes>
        <locationId>75</locationId>
        <parentLocation reference="5"/>
        <childLocations id="226"/>
        <tags id="227">
          <org.openmrs.LocationTag reference="36"/>
          <org.openmrs.LocationTag reference="38"/>
          <org.openmrs.LocationTag reference="22"/>
        </tags>
      </org.openmrs.Location>
      <org.openmrs.Location id="228" uuid="8355ad15-c3c9-4471-a1e7-dc18b7983087">
        <name>Ijans Annatant</name>
        <description>Emergency boarding room at Mirebalais Hospital (Ijans Annatant)</description>
        <creator/>
        <dateCreated id="229">2013-08-09 14:15:27</dateCreated>
        <retired>false</retired>
        <attributes id="230">
          <org.openmrs.LocationAttribute id="231" uuid="f170427f-8cc7-421e-bd52-350c3580ea90">
            <creator/>
            <dateCreated id="232">2013-11-27 00:20:48</dateCreated>
            <voided>false</voided>
            <owner class="org.openmrs.Location" reference="228"/>
            <attributeType class="org.openmrs.LocationAttributeType" reference="2"/>
            <valueReference>M030</valueReference>
            <locationAttributeId>34</locationAttributeId>
          </org.openmrs.LocationAttribute>
        </attributes>
        <locationId>93</locationId>
        <parentLocation reference="5"/>
        <childLocations id="233"/>
        <tags id="234">
          <org.openmrs.LocationTag reference="31"/>
        </tags>
      </org.openmrs.Location>
      <org.openmrs.Location id="235" uuid="d65eb8cf-d781-4ea8-9d9a-2b3e03c6074c">
        <name>Ijans | Sante Fanm</name>
        <description>Women’s Triage at Mirebalais Hospital</description>
        <creator/>
        <dateCreated id="236">2012-11-13 19:05:07</dateCreated>
        <retired>false</retired>
        <attributes id="237">
          <org.openmrs.LocationAttribute id="238" uuid="157c7f05-fa41-4ccb-a6cb-599d8c731aee">
            <creator/>
            <dateCreated id="239">2013-02-18 17:18:41</dateCreated>
            <voided>false</voided>
            <owner class="org.openmrs.Location" reference="235"/>
            <attributeType class="org.openmrs.LocationAttributeType" reference="2"/>
            <valueReference>M027</valueReference>
            <locationAttributeId>27</locationAttributeId>
          </org.openmrs.LocationAttribute>
        </attributes>
        <locationId>81</locationId>
        <parentLocation reference="5"/>
        <childLocations id="240"/>
        <tags id="241">
          <org.openmrs.LocationTag reference="34"/>
          <org.openmrs.LocationTag reference="38"/>
          <org.openmrs.LocationTag reference="22"/>
        </tags>
      </org.openmrs.Location>
      <org.openmrs.Location id="242" uuid="4ed8c0d3-8aed-4f80-96e8-55648abf51af">
        <name>Bank Pou San</name>
        <description>Blood Bank at Mirebalais Hospital</description>
        <creator/>
        <dateCreated id="243">2013-11-27 00:15:18</dateCreated>
        <retired>false</retired>
        <attributes id="244">
          <org.openmrs.LocationAttribute id="245" uuid="90307894-ec4a-4dad-bb00-d44f633e6e18">
            <creator/>
            <dateCreated id="246">2013-11-27 00:21:17</dateCreated>
            <voided>false</voided>
            <owner class="org.openmrs.Location" reference="242"/>
            <attributeType class="org.openmrs.LocationAttributeType" reference="2"/>
            <valueReference>M033</valueReference>
            <locationAttributeId>37</locationAttributeId>
          </org.openmrs.LocationAttribute>
        </attributes>
        <locationId>97</locationId>
        <parentLocation reference="5"/>
        <childLocations id="247"/>
        <tags id="248">
          <org.openmrs.LocationTag reference="22"/>
        </tags>
      </org.openmrs.Location>
      <org.openmrs.Location id="249" uuid="b6fcd85f-5995-43c9-875f-3bb2299087ff">
        <name>Swen Entansif</name>
        <description>ICU at Mirebalais Hospital (Intensive Care Unit)</description>
        <creator/>
        <dateCreated id="250">2012-11-13 19:01:37</dateCreated>
        <retired>false</retired>
        <attributes id="251">
          <org.openmrs.LocationAttribute id="252" uuid="8b13c4c2-8c44-4faa-b385-2734594a8d44">
            <creator/>
            <dateCreated id="253">2013-02-18 17:12:33</dateCreated>
            <voided>false</voided>
            <owner class="org.openmrs.Location" reference="249"/>
            <attributeType class="org.openmrs.LocationAttributeType" reference="2"/>
            <valueReference>M018</valueReference>
            <locationAttributeId>7</locationAttributeId>
          </org.openmrs.LocationAttribute>
        </attributes>
        <locationId>72</locationId>
        <parentLocation reference="5"/>
        <childLocations id="254"/>
        <tags id="255">
          <org.openmrs.LocationTag reference="31"/>
          <org.openmrs.LocationTag reference="38"/>
          <org.openmrs.LocationTag reference="22"/>
        </tags>
      </org.openmrs.Location>
      <org.openmrs.Location id="256" uuid="dc8413be-1075-48b5-9857-9bd4954686ed">
        <name>Chimyoterapi</name>
        <description>Chemotherapy at Mirebalais Hospital</description>
        <creator/>
        <dateCreated id="257">2013-07-24 13:36:44</dateCreated>
        <retired>false</retired>
        <attributes id="258">
          <org.openmrs.LocationAttribute id="259" uuid="7df84969-3685-4894-84aa-17b58ad93a94">
            <creator/>
            <dateCreated id="260">2013-11-27 00:29:26</dateCreated>
            <voided>false</voided>
            <owner class="org.openmrs.Location" reference="256"/>
            <attributeType class="org.openmrs.LocationAttributeType" reference="2"/>
            <valueReference>M038</valueReference>
            <locationAttributeId>42</locationAttributeId>
          </org.openmrs.LocationAttribute>
          <org.openmrs.LocationAttribute id="261" uuid="8c20c565-d8b0-4345-9e32-22c58e6b8100">
            <creator/>
            <dateCreated id="262">2013-11-27 00:20:25</dateCreated>
            <changedBy/>
            <dateChanged id="263">2013-11-27 00:29:26</dateChanged>
            <voided>true</voided>
            <dateVoided id="264">2013-11-27 00:29:26</dateVoided>
            <voidedBy/>
            <owner class="org.openmrs.Location" reference="256"/>
            <attributeType class="org.openmrs.LocationAttributeType" reference="2"/>
            <valueReference>M029</valueReference>
            <locationAttributeId>33</locationAttributeId>
          </org.openmrs.LocationAttribute>
        </attributes>
        <locationId>92</locationId>
        <parentLocation reference="5"/>
        <childLocations id="265"/>
        <tags id="266">
          <org.openmrs.LocationTag reference="34"/>
          <org.openmrs.LocationTag reference="38"/>
          <org.openmrs.LocationTag reference="20"/>
          <org.openmrs.LocationTag reference="22"/>
        </tags>
      </org.openmrs.Location>
      <org.openmrs.Location id="267" uuid="dcfefcb7-163b-47e5-84ae-f715cf3e0e92">
        <name>Travay e Akouchman</name>
        <description>Labor and Delivery at Mirebalais Hospital (Births)</description>
        <creator/>
        <dateCreated id="268">2012-11-13 19:04:45</dateCreated>
        <retired>false</retired>
        <attributes id="269">
          <org.openmrs.LocationAttribute id="270" uuid="54750c8b-d979-4d3b-bd1d-57830009e064">
            <creator/>
            <dateCreated id="271">2013-02-18 17:13:09</dateCreated>
            <voided>false</voided>
            <owner class="org.openmrs.Location" reference="267"/>
            <attributeType class="org.openmrs.LocationAttributeType" reference="2"/>
            <valueReference>M023</valueReference>
            <locationAttributeId>9</locationAttributeId>
          </org.openmrs.LocationAttribute>
        </attributes>
        <locationId>80</locationId>
        <parentLocation reference="5"/>
        <childLocations id="272"/>
        <tags id="273">
          <org.openmrs.LocationTag reference="31"/>
          <org.openmrs.LocationTag reference="34"/>
          <org.openmrs.LocationTag reference="38"/>
          <org.openmrs.LocationTag reference="22"/>
        </tags>
      </org.openmrs.Location>
      <org.openmrs.Location id="274" uuid="c9ab4c5c-0a8a-4375-b986-f23c163b2f69">
        <name>Sal Timoun</name>
        <description>Pediatrics at Mirebalais Hospital (Inpatient ward for children)</description>
        <creator/>
        <dateCreated id="275">2013-05-16 13:14:54</dateCreated>
        <retired>false</retired>
        <attributes id="276">
          <org.openmrs.LocationAttribute id="277" uuid="ebaa5b54-7405-4c99-a877-afdb8e199df4">
            <creator/>
            <dateCreated id="278">2013-11-27 00:29:09</dateCreated>
            <voided>false</voided>
            <owner class="org.openmrs.Location" reference="274"/>
            <attributeType class="org.openmrs.LocationAttributeType" reference="2"/>
            <valueReference>M037</valueReference>
            <locationAttributeId>41</locationAttributeId>
          </org.openmrs.LocationAttribute>
          <org.openmrs.LocationAttribute id="279" uuid="1fcb462b-ef11-4ca5-9692-0b6fc1aae2cc">
            <creator/>
            <dateCreated id="280">2013-11-27 00:20:20</dateCreated>
            <changedBy/>
            <dateChanged id="281">2013-11-27 00:29:09</dateChanged>
            <voided>true</voided>
            <dateVoided id="282">2013-11-27 00:29:09</dateVoided>
            <voidedBy/>
            <owner class="org.openmrs.Location" reference="274"/>
            <attributeType class="org.openmrs.LocationAttributeType" reference="2"/>
            <valueReference>M028</valueReference>
            <locationAttributeId>32</locationAttributeId>
          </org.openmrs.LocationAttribute>
        </attributes>
        <locationId>90</locationId>
        <parentLocation reference="5"/>
        <childLocations id="283">
          <org.openmrs.Location id="284" uuid="e752ec51-5633-489f-aef1-01f285c03f38">
            <name>Sal Timoun B</name>
            <description>Pediatrics B at Mirebalais Hospital (2nd Inpatient ward for children)</description>
            <creator/>
            <dateCreated id="285">2012-11-13 19:01:13</dateCreated>
            <retired>false</retired>
            <attributes id="286">
              <org.openmrs.LocationAttribute id="287" uuid="24f2c381-2aa9-44cf-aeca-165d7d0196e8">
                <creator/>
                <dateCreated id="288">2013-02-18 17:15:51</dateCreated>
                <voided>false</voided>
                <owner class="org.openmrs.Location" reference="284"/>
                <attributeType class="org.openmrs.LocationAttributeType" reference="2"/>
                <valueReference>M022</valueReference>
                <locationAttributeId>17</locationAttributeId>
              </org.openmrs.LocationAttribute>
            </attributes>
            <locationId>71</locationId>
            <parentLocation reference="274"/>
            <childLocations id="289"/>
            <tags id="290">
              <org.openmrs.LocationTag reference="31"/>
              <org.openmrs.LocationTag reference="34"/>
              <org.openmrs.LocationTag reference="38"/>
            </tags>
          </org.openmrs.Location>
          <org.openmrs.Location id="291" uuid="e4ae2d28-d57c-42ba-b7aa-f6fcac421b2c">
            <name>Sal Timoun A</name>
            <description>Pediatrics A at Mirebalais Hospital (1st Inpatient ward for children)</description>
            <creator/>
            <dateCreated id="292">2012-11-13 19:00:46</dateCreated>
            <retired>false</retired>
            <attributes id="293">
              <org.openmrs.LocationAttribute id="294" uuid="d5827677-9adf-48b2-b6fa-e769af037873">
                <creator/>
                <dateCreated id="295">2013-02-18 17:15:36</dateCreated>
                <voided>false</voided>
                <owner class="org.openmrs.Location" reference="291"/>
                <attributeType class="org.openmrs.LocationAttributeType" reference="2"/>
                <valueReference>M012</valueReference>
                <locationAttributeId>16</locationAttributeId>
              </org.openmrs.LocationAttribute>
            </attributes>
            <locationId>70</locationId>
            <parentLocation reference="274"/>
            <childLocations id="296"/>
            <tags id="297">
              <org.openmrs.LocationTag reference="31"/>
              <org.openmrs.LocationTag reference="34"/>
              <org.openmrs.LocationTag reference="38"/>
            </tags>
          </org.openmrs.Location>
        </childLocations>
        <tags id="298">
          <org.openmrs.LocationTag reference="31"/>
          <org.openmrs.LocationTag reference="34"/>
          <org.openmrs.LocationTag reference="22"/>
        </tags>
      </org.openmrs.Location>
      <org.openmrs.Location id="299" uuid="be50d584-26b2-4371-8768-2b9565742b3b">
        <name>Achiv Santral</name>
        <description>Central Archives room at Mirebalais Hospital</description>
        <creator/>
        <dateCreated id="300">2013-01-10 18:18:04</dateCreated>
        <retired>false</retired>
        <attributes id="301">
          <org.openmrs.LocationAttribute id="302" uuid="2705ac66-949e-461a-8f73-ea087ea28bb0">
            <creator/>
            <dateCreated id="303">2013-02-18 17:10:52</dateCreated>
            <voided>false</voided>
            <owner class="org.openmrs.Location" reference="299"/>
            <attributeType class="org.openmrs.LocationAttributeType" reference="2"/>
            <valueReference>M028</valueReference>
            <locationAttributeId>3</locationAttributeId>
          </org.openmrs.LocationAttribute>
        </attributes>
        <locationId>86</locationId>
        <parentLocation reference="5"/>
        <childLocations id="304"/>
        <tags id="305">
          <org.openmrs.LocationTag reference="22"/>
        </tags>
      </org.openmrs.Location>
      <org.openmrs.Location id="306" uuid="0198d2c3-9c08-45b6-88df-cbb60446ef00">
        <name>Laboratwa Ekstèn pou Fanm</name>
        <description>Women’s Outpatient Laboratory at Mirebalais Hospital</description>
        <creator/>
        <dateCreated id="307">2012-11-13 19:06:18</dateCreated>
        <retired>false</retired>
        <attributes id="308">
          <org.openmrs.LocationAttribute id="309" uuid="5d82d626-27a4-42f8-898c-236426810e40">
            <creator/>
            <dateCreated id="310">2013-02-18 17:18:32</dateCreated>
            <voided>false</voided>
            <owner class="org.openmrs.Location" reference="306"/>
            <attributeType class="org.openmrs.LocationAttributeType" reference="2"/>
            <valueReference>M024</valueReference>
            <locationAttributeId>26</locationAttributeId>
          </org.openmrs.LocationAttribute>
        </attributes>
        <locationId>84</locationId>
        <parentLocation reference="5"/>
        <childLocations id="311"/>
        <tags id="312">
          <org.openmrs.LocationTag reference="20"/>
          <org.openmrs.LocationTag reference="22"/>
        </tags>
      </org.openmrs.Location>
      <org.openmrs.Location id="313" uuid="272bd989-a8ee-4a16-b5aa-55bad4e84f5c">
        <name>Sal Avan Akouchman</name>
        <description>Antepartum ward at Mirebalais Hospital (Before giving birth)</description>
        <creator/>
        <dateCreated id="314">2012-11-13 19:03:36</dateCreated>
        <retired>false</retired>
        <attributes id="315">
          <org.openmrs.LocationAttribute id="316" uuid="57f66e57-ddbf-41dd-b72b-734feb9cfc10">
            <creator/>
            <dateCreated id="317">2013-02-18 17:10:13</dateCreated>
            <voided>false</voided>
            <owner class="org.openmrs.Location" reference="313"/>
            <attributeType class="org.openmrs.LocationAttributeType" reference="2"/>
            <valueReference>M006</valueReference>
            <locationAttributeId>2</locationAttributeId>
          </org.openmrs.LocationAttribute>
        </attributes>
        <locationId>77</locationId>
        <parentLocation reference="5"/>
        <childLocations id="318"/>
        <tags id="319">
          <org.openmrs.LocationTag reference="31"/>
          <org.openmrs.LocationTag reference="34"/>
          <org.openmrs.LocationTag reference="38"/>
          <org.openmrs.LocationTag reference="22"/>
        </tags>
      </org.openmrs.Location>
    </childLocations>
    <tags id="320">
      <org.openmrs.LocationTag id="321" uuid="71c99f93-bc0c-4a44-b573-a7ac096ff636">
        <name>Medical Record Location</name>
        <description>Notes that this location is a valid identifier location for an identifier that references a paper medical record</description>
        <creator/>
        <dateCreated id="322">2012-10-09 19:01:33</dateCreated>
        <retired>false</retired>
        <locationTagId>1</locationTagId>
      </org.openmrs.LocationTag>
      <org.openmrs.LocationTag id="323" uuid="0967d73d-f3c9-492b-abed-356478610a94">
        <name>Visit Location</name>
        <description>Visits are only allowed to happen at locations tagged with this location tag or at locations that descend from a location tagged with this tag.</description>
        <creator/>
        <dateCreated id="324">2012-10-23 16:13:45</dateCreated>
        <retired>false</retired>
        <locationTagId>2</locationTagId>
      </org.openmrs.LocationTag>
    </tags>
  </org.openmrs.Location>
  <org.openmrs.Location reference="313"/>
  <org.openmrs.Location reference="24"/>
  <org.openmrs.Location reference="148"/>
  <org.openmrs.Location reference="267"/>
  <org.openmrs.Location reference="242"/>
  <org.openmrs.Location reference="156"/>
  <org.openmrs.Location reference="118"/>
  <org.openmrs.Location reference="13"/>
  <org.openmrs.Location reference="70"/>
  <org.openmrs.Location reference="249"/>
  <org.openmrs.Location reference="256"/>
  <org.openmrs.Location reference="109"/>
  <org.openmrs.Location reference="195"/>
  <org.openmrs.Location reference="83"/>
  <org.openmrs.Location reference="200"/>
  <org.openmrs.Location reference="188"/>
  <org.openmrs.Location reference="102"/>
  <org.openmrs.Location reference="214"/>
  <org.openmrs.Location reference="141"/>
  <org.openmrs.Location reference="40"/>
  <org.openmrs.Location reference="46"/>
  <org.openmrs.Location reference="274"/>
  <org.openmrs.Location reference="163"/>
  <org.openmrs.Location id="325" uuid="23e7bb0d-51f9-4d5f-b34b-2fbbfeea1960">
    <name>Lacolline</name>
    <description>Lacolline</description>
    <creator/>
    <dateCreated id="326">2012-01-24 14:53:28</dateCreated>
    <retired>false</retired>
    <attributes id="327"/>
    <locationId>57</locationId>
    <country>Haiti</country>
    <childLocations id="328"/>
    <tags id="329"/>
  </org.openmrs.Location>
  <org.openmrs.Location reference="173"/>
  <org.openmrs.Location reference="54"/>
  <org.openmrs.Location reference="221"/>
  <org.openmrs.Location reference="180"/>
  <org.openmrs.Location reference="61"/>
  <org.openmrs.Location reference="131"/>
  <org.openmrs.Location reference="77"/>
  <org.openmrs.Location reference="207"/>
  <org.openmrs.Location reference="235"/>
  <org.openmrs.Location reference="291"/>
  <org.openmrs.Location reference="284"/>
  <org.openmrs.Location reference="91"/>
  <org.openmrs.Location reference="306"/>
  <org.openmrs.LocationTag reference="38"/>
  <org.openmrs.LocationTag reference="323"/>
  <org.openmrs.LocationTag reference="31"/>
  <org.openmrs.LocationTag reference="22"/>
  <org.openmrs.LocationTag reference="116"/>
  <org.openmrs.LocationTag reference="321"/>
  <org.openmrs.LocationTag reference="20"/>
</list>
