<?xml version="1.0" encoding="UTF-8"?>
<package id="1" uuid="759519c1-95be-46d0-b105-92a870e9bba3">
  <dateCreated id="2">2018-02-13 21:06:35</dateCreated>
  <name>PIH Socio Economics</name>
  <description>Concepts for socio-economics factors</description>
  <openmrsVersion>2.1.3 SNAPSHOT Build e8c2d9</openmrsVersion>
  <version>4</version>
  <groupUuid>0678a82d-5100-44ba-ba1b-893eab01685a</groupUuid>
  <subscriptionUrl>https://concepts.pih-emr.org/openmrs/ws/rest/metadatasharing/package/0678a82d-5100-44ba-ba1b-893eab01685a/latest</subscriptionUrl>
  <modules id="3">
    <entry>
      <string>webservices.rest</string>
      <string>2.21.0.4741bf</string>
    </entry>
    <entry>
      <string>legacyui</string>
      <string>1.3.3</string>
    </entry>
    <entry>
      <string>htmlformentry</string>
      <string>3.6.0</string>
    </entry>
    <entry>
      <string>metadatasharing</string>
      <string>1.4.0-SNAPSHOT</string>
    </entry>
    <entry>
      <string>metadatamapping</string>
      <string>1.3.4</string>
    </entry>
  </modules>
  <items class="linked-hash-set" id="4">
    <org.openmrs.module.metadatasharing.Item id="5" uuid="3cee64e8-26fe-102b-80cb-0017a47871b2">
      <id>5605</id>
      <classname>org.openmrs.Concept</classname>
      <dateChanged id="6">2017-11-17 14:27:30</dateChanged>
      <retired>false</retired>
    </org.openmrs.module.metadatasharing.Item>
    <org.openmrs.module.metadatasharing.Item id="7" uuid="3cd65e02-26fe-102b-80cb-0017a47871b2">
      <id>975</id>
      <classname>org.openmrs.Concept</classname>
      <dateChanged id="8">2017-11-16 21:46:22</dateChanged>
      <retired>false</retired>
    </org.openmrs.module.metadatasharing.Item>
  </items>
  <relatedItems class="linked-hash-set" id="9">
    <org.openmrs.module.metadatasharing.Item id="10" uuid="8d4a48b6-c2cc-11de-8d13-0010c6dffd0f">
      <id>2</id>
      <classname>org.openmrs.ConceptDatatype</classname>
      <dateChanged id="11">2004-02-02 05:00:00</dateChanged>
      <retired>false</retired>
    </org.openmrs.module.metadatasharing.Item>
    <org.openmrs.module.metadatasharing.Item id="12" uuid="8d491e50-c2cc-11de-8d13-0010c6dffd0f">
      <id>7</id>
      <classname>org.openmrs.ConceptClass</classname>
      <dateChanged id="13">2015-07-01 17:25:50</dateChanged>
      <retired>false</retired>
    </org.openmrs.module.metadatasharing.Item>
    <org.openmrs.module.metadatasharing.Item id="14" uuid="956aae58-07d4-102c-b5fa-0017a47871b2">
      <id>7774</id>
      <classname>org.openmrs.ConceptName</classname>
      <dateChanged id="15">2017-11-17 14:16:54</dateChanged>
    </org.openmrs.module.metadatasharing.Item>
    <org.openmrs.module.metadatasharing.Item id="16" uuid="3e4048c0-26fe-102b-80cb-0017a47871b2">
      <id>3974</id>
      <classname>org.openmrs.ConceptName</classname>
      <dateChanged id="17">2017-11-17 14:17:48</dateChanged>
    </org.openmrs.module.metadatasharing.Item>
    <org.openmrs.module.metadatasharing.Item id="18" uuid="048410ce-194d-4d6b-b104-c3398780d0a1">
      <id>35728</id>
      <classname>org.openmrs.ConceptName</classname>
      <dateChanged id="19">2017-11-17 14:17:48</dateChanged>
    </org.openmrs.module.metadatasharing.Item>
    <org.openmrs.module.metadatasharing.Item id="20" uuid="f76d3568-d5db-102d-ad2a-000c29c2a5d7">
      <id>13769</id>
      <classname>org.openmrs.ConceptName</classname>
      <dateChanged id="21">2010-06-29 13:05:30</dateChanged>
    </org.openmrs.module.metadatasharing.Item>
    <org.openmrs.module.metadatasharing.Item id="22" uuid="93bfbd6e-07d4-102c-b5fa-0017a47871b2">
      <id>6184</id>
      <classname>org.openmrs.ConceptName</classname>
      <dateChanged id="23">2017-11-17 14:16:54</dateChanged>
    </org.openmrs.module.metadatasharing.Item>
    <org.openmrs.module.metadatasharing.Item id="24" uuid="956b3a08-07d4-102c-b5fa-0017a47871b2">
      <id>7806</id>
      <classname>org.openmrs.ConceptName</classname>
      <dateChanged id="25">2006-04-04 16:13:37</dateChanged>
    </org.openmrs.module.metadatasharing.Item>
    <org.openmrs.module.metadatasharing.Item id="26" uuid="3d3e78fc-26fe-102b-80cb-0017a47871b2">
      <id>786</id>
      <classname>org.openmrs.ConceptAnswer</classname>
      <dateChanged id="27">2006-04-04 16:14:18</dateChanged>
    </org.openmrs.module.metadatasharing.Item>
    <org.openmrs.module.metadatasharing.Item id="28" uuid="3cd6d74c-26fe-102b-80cb-0017a47871b2">
      <id>1049</id>
      <classname>org.openmrs.Concept</classname>
      <dateChanged id="29">2017-11-17 14:19:50</dateChanged>
      <retired>false</retired>
    </org.openmrs.module.metadatasharing.Item>
    <org.openmrs.module.metadatasharing.Item id="30" uuid="8d4a4c94-c2cc-11de-8d13-0010c6dffd0f">
      <id>4</id>
      <classname>org.openmrs.ConceptDatatype</classname>
      <dateChanged id="31">2004-02-02 05:00:00</dateChanged>
      <retired>false</retired>
    </org.openmrs.module.metadatasharing.Item>
    <org.openmrs.module.metadatasharing.Item id="32" uuid="8d492774-c2cc-11de-8d13-0010c6dffd0f">
      <id>11</id>
      <classname>org.openmrs.ConceptClass</classname>
      <dateChanged id="33">2015-07-01 17:25:50</dateChanged>
      <retired>false</retired>
    </org.openmrs.module.metadatasharing.Item>
    <org.openmrs.module.metadatasharing.Item id="34" uuid="93eafdf8-07d4-102c-b5fa-0017a47871b2">
      <id>6343</id>
      <classname>org.openmrs.ConceptName</classname>
      <dateChanged id="35">2017-11-17 14:18:59</dateChanged>
    </org.openmrs.module.metadatasharing.Item>
    <org.openmrs.module.metadatasharing.Item id="36" uuid="3e14fd64-26fe-102b-80cb-0017a47871b2">
      <id>1085</id>
      <classname>org.openmrs.ConceptName</classname>
      <dateChanged id="37">2005-01-06 00:00:00</dateChanged>
    </org.openmrs.module.metadatasharing.Item>
    <org.openmrs.module.metadatasharing.Item id="38" uuid="5a72965e-0ba1-4b4f-bcd3-8d5f40524d1e">
      <id>35731</id>
      <classname>org.openmrs.ConceptName</classname>
      <dateChanged id="39">2017-11-17 14:19:50</dateChanged>
    </org.openmrs.module.metadatasharing.Item>
    <org.openmrs.module.metadatasharing.Item id="40" uuid="f5c7255c-d5db-102d-ad2a-000c29c2a5d7">
      <id>10567</id>
      <classname>org.openmrs.ConceptName</classname>
      <dateChanged id="41">2010-06-29 13:03:16</dateChanged>
    </org.openmrs.module.metadatasharing.Item>
    <org.openmrs.module.metadatasharing.Item id="42" uuid="75be405d-a508-49ea-b62c-bbe2a8b1797f">
      <id>35729</id>
      <classname>org.openmrs.ConceptName</classname>
      <dateChanged id="43">2017-11-17 14:19:50</dateChanged>
    </org.openmrs.module.metadatasharing.Item>
    <org.openmrs.module.metadatasharing.Item id="44" uuid="39e36964-bc4a-4a18-8fb9-457e5dfe5706">
      <id>35730</id>
      <classname>org.openmrs.ConceptName</classname>
      <dateChanged id="45">2017-11-17 14:19:31</dateChanged>
    </org.openmrs.module.metadatasharing.Item>
    <org.openmrs.module.metadatasharing.Item id="46" uuid="ece4160e-07fe-102c-b5fa-0017a47871b2">
      <id>1060</id>
      <classname>org.openmrs.ConceptDescription</classname>
      <dateChanged id="47">2005-01-06 00:00:00</dateChanged>
    </org.openmrs.module.metadatasharing.Item>
    <org.openmrs.module.metadatasharing.Item id="48" uuid="b20c5d68-4864-102e-96e9-000c29c2a5d7">
      <id>1051</id>
      <classname>org.openmrs.ConceptMap</classname>
      <dateChanged id="49">2012-06-21 16:49:52</dateChanged>
    </org.openmrs.module.metadatasharing.Item>
    <org.openmrs.module.metadatasharing.Item id="50" uuid="35543629-7d8c-11e1-909d-c80aa9edcf4e">
      <id>1</id>
      <classname>org.openmrs.ConceptMapType</classname>
      <dateChanged id="51">2012-06-21 00:00:00</dateChanged>
      <retired>false</retired>
    </org.openmrs.module.metadatasharing.Item>
    <org.openmrs.module.metadatasharing.Item id="52" uuid="8707526e-3829-3c82-8471-86a062d82cab">
      <id>1051</id>
      <classname>org.openmrs.ConceptReferenceTerm</classname>
      <dateChanged id="53">2010-11-23 00:00:00</dateChanged>
      <retired>false</retired>
    </org.openmrs.module.metadatasharing.Item>
    <org.openmrs.module.metadatasharing.Item id="54" uuid="fb9aaaf1-65e2-4c18-b53c-16b575f2f385">
      <id>5</id>
      <classname>org.openmrs.ConceptSource</classname>
      <dateChanged id="55">2015-07-01 17:25:50</dateChanged>
      <retired>false</retired>
    </org.openmrs.module.metadatasharing.Item>
    <org.openmrs.module.metadatasharing.Item id="56" uuid="75687010-4943-102e-96e9-000c29c2a5d7">
      <id>6943</id>
      <classname>org.openmrs.ConceptMap</classname>
      <dateChanged id="57">2012-06-21 16:49:52</dateChanged>
    </org.openmrs.module.metadatasharing.Item>
    <org.openmrs.module.metadatasharing.Item id="58" uuid="a748cb98-6141-30cc-a00f-441f20382d43">
      <id>6943</id>
      <classname>org.openmrs.ConceptReferenceTerm</classname>
      <dateChanged id="59">2010-11-24 00:00:00</dateChanged>
      <retired>false</retired>
    </org.openmrs.module.metadatasharing.Item>
    <org.openmrs.module.metadatasharing.Item id="60" uuid="3d3e72ee-26fe-102b-80cb-0017a47871b2">
      <id>783</id>
      <classname>org.openmrs.ConceptAnswer</classname>
      <dateChanged id="61">2006-04-04 16:14:18</dateChanged>
    </org.openmrs.module.metadatasharing.Item>
    <org.openmrs.module.metadatasharing.Item id="62" uuid="3cd6d8dc-26fe-102b-80cb-0017a47871b2">
      <id>1050</id>
      <classname>org.openmrs.Concept</classname>
      <dateChanged id="63">2017-11-17 14:21:38</dateChanged>
      <retired>false</retired>
    </org.openmrs.module.metadatasharing.Item>
    <org.openmrs.module.metadatasharing.Item id="64" uuid="93eaef5c-07d4-102c-b5fa-0017a47871b2">
      <id>6340</id>
      <classname>org.openmrs.ConceptName</classname>
      <dateChanged id="65">2017-11-17 14:21:38</dateChanged>
    </org.openmrs.module.metadatasharing.Item>
    <org.openmrs.module.metadatasharing.Item id="66" uuid="3e14fee0-26fe-102b-80cb-0017a47871b2">
      <id>1086</id>
      <classname>org.openmrs.ConceptName</classname>
      <dateChanged id="67">2005-01-06 00:00:00</dateChanged>
    </org.openmrs.module.metadatasharing.Item>
    <org.openmrs.module.metadatasharing.Item id="68" uuid="f5c75cb6-d5db-102d-ad2a-000c29c2a5d7">
      <id>10568</id>
      <classname>org.openmrs.ConceptName</classname>
      <dateChanged id="69">2017-11-17 14:21:38</dateChanged>
    </org.openmrs.module.metadatasharing.Item>
    <org.openmrs.module.metadatasharing.Item id="70" uuid="a7a598a7-4097-4f18-b64b-83d539ad7b69">
      <id>35732</id>
      <classname>org.openmrs.ConceptName</classname>
      <dateChanged id="71">2017-11-17 14:21:38</dateChanged>
    </org.openmrs.module.metadatasharing.Item>
    <org.openmrs.module.metadatasharing.Item id="72" uuid="397a1bcc-dcdc-4536-bf96-5c5e785143d1">
      <id>35733</id>
      <classname>org.openmrs.ConceptName</classname>
      <dateChanged id="73">2017-11-17 14:21:38</dateChanged>
    </org.openmrs.module.metadatasharing.Item>
    <org.openmrs.module.metadatasharing.Item id="74" uuid="ece4180c-07fe-102c-b5fa-0017a47871b2">
      <id>1061</id>
      <classname>org.openmrs.ConceptDescription</classname>
      <dateChanged id="75">2005-01-06 00:00:00</dateChanged>
    </org.openmrs.module.metadatasharing.Item>
    <org.openmrs.module.metadatasharing.Item id="76" uuid="b20cf926-4864-102e-96e9-000c29c2a5d7">
      <id>1052</id>
      <classname>org.openmrs.ConceptMap</classname>
      <dateChanged id="77">2012-06-21 16:49:52</dateChanged>
    </org.openmrs.module.metadatasharing.Item>
    <org.openmrs.module.metadatasharing.Item id="78" uuid="fadd84e9-7076-3c88-aa9d-658d5ab551b8">
      <id>1052</id>
      <classname>org.openmrs.ConceptReferenceTerm</classname>
      <dateChanged id="79">2010-11-23 00:00:00</dateChanged>
      <retired>false</retired>
    </org.openmrs.module.metadatasharing.Item>
    <org.openmrs.module.metadatasharing.Item id="80" uuid="75687178-4943-102e-96e9-000c29c2a5d7">
      <id>6944</id>
      <classname>org.openmrs.ConceptMap</classname>
      <dateChanged id="81">2012-06-21 16:49:52</dateChanged>
    </org.openmrs.module.metadatasharing.Item>
    <org.openmrs.module.metadatasharing.Item id="82" uuid="0aa5450f-669d-3dee-9a3a-a073f249b4c1">
      <id>6944</id>
      <classname>org.openmrs.ConceptReferenceTerm</classname>
      <dateChanged id="83">2010-11-24 00:00:00</dateChanged>
      <retired>false</retired>
    </org.openmrs.module.metadatasharing.Item>
    <org.openmrs.module.metadatasharing.Item id="84" uuid="3d3e76f4-26fe-102b-80cb-0017a47871b2">
      <id>785</id>
      <classname>org.openmrs.ConceptAnswer</classname>
      <dateChanged id="85">2006-04-04 16:14:18</dateChanged>
    </org.openmrs.module.metadatasharing.Item>
    <org.openmrs.module.metadatasharing.Item id="86" uuid="3cd6da62-26fe-102b-80cb-0017a47871b2">
      <id>1051</id>
      <classname>org.openmrs.Concept</classname>
      <dateChanged id="87">2017-11-17 14:23:05</dateChanged>
      <retired>false</retired>
    </org.openmrs.module.metadatasharing.Item>
    <org.openmrs.module.metadatasharing.Item id="88" uuid="93ead7e2-07d4-102c-b5fa-0017a47871b2">
      <id>6335</id>
      <classname>org.openmrs.ConceptName</classname>
      <dateChanged id="89">2017-11-17 14:23:05</dateChanged>
    </org.openmrs.module.metadatasharing.Item>
    <org.openmrs.module.metadatasharing.Item id="90" uuid="f5c78d44-d5db-102d-ad2a-000c29c2a5d7">
      <id>10569</id>
      <classname>org.openmrs.ConceptName</classname>
      <dateChanged id="91">2017-11-17 14:22:42</dateChanged>
    </org.openmrs.module.metadatasharing.Item>
    <org.openmrs.module.metadatasharing.Item id="92" uuid="94fb0d02-4b1c-40a2-9812-220aeed32497">
      <id>35734</id>
      <classname>org.openmrs.ConceptName</classname>
      <dateChanged id="93">2017-11-17 14:22:42</dateChanged>
    </org.openmrs.module.metadatasharing.Item>
    <org.openmrs.module.metadatasharing.Item id="94" uuid="93eaf948-07d4-102c-b5fa-0017a47871b2">
      <id>6342</id>
      <classname>org.openmrs.ConceptName</classname>
      <dateChanged id="95">2005-01-06 00:00:00</dateChanged>
    </org.openmrs.module.metadatasharing.Item>
    <org.openmrs.module.metadatasharing.Item id="96" uuid="3e150052-26fe-102b-80cb-0017a47871b2">
      <id>1087</id>
      <classname>org.openmrs.ConceptName</classname>
      <dateChanged id="97">2017-11-17 14:22:42</dateChanged>
    </org.openmrs.module.metadatasharing.Item>
    <org.openmrs.module.metadatasharing.Item id="98" uuid="470db5b4-dc9e-4762-9868-cb3067b10950">
      <id>35735</id>
      <classname>org.openmrs.ConceptName</classname>
      <dateChanged id="99">2017-11-17 14:22:42</dateChanged>
    </org.openmrs.module.metadatasharing.Item>
    <org.openmrs.module.metadatasharing.Item id="100" uuid="ece41ec4-07fe-102c-b5fa-0017a47871b2">
      <id>1062</id>
      <classname>org.openmrs.ConceptDescription</classname>
      <dateChanged id="101">2005-01-06 00:00:00</dateChanged>
    </org.openmrs.module.metadatasharing.Item>
    <org.openmrs.module.metadatasharing.Item id="102" uuid="756872e0-4943-102e-96e9-000c29c2a5d7">
      <id>6945</id>
      <classname>org.openmrs.ConceptMap</classname>
      <dateChanged id="103">2012-06-21 16:49:52</dateChanged>
    </org.openmrs.module.metadatasharing.Item>
    <org.openmrs.module.metadatasharing.Item id="104" uuid="55fbf7ac-47e9-30ae-a2bb-3716bb274759">
      <id>6945</id>
      <classname>org.openmrs.ConceptReferenceTerm</classname>
      <dateChanged id="105">2010-11-24 00:00:00</dateChanged>
      <retired>false</retired>
    </org.openmrs.module.metadatasharing.Item>
    <org.openmrs.module.metadatasharing.Item id="106" uuid="b20cfab6-4864-102e-96e9-000c29c2a5d7">
      <id>1053</id>
      <classname>org.openmrs.ConceptMap</classname>
      <dateChanged id="107">2012-06-21 16:49:52</dateChanged>
    </org.openmrs.module.metadatasharing.Item>
    <org.openmrs.module.metadatasharing.Item id="108" uuid="33899aae-4d83-3965-a216-a0145bd3def4">
      <id>1053</id>
      <classname>org.openmrs.ConceptReferenceTerm</classname>
      <dateChanged id="109">2010-11-23 00:00:00</dateChanged>
      <retired>false</retired>
    </org.openmrs.module.metadatasharing.Item>
    <org.openmrs.module.metadatasharing.Item id="110" uuid="3d3e70dc-26fe-102b-80cb-0017a47871b2">
      <id>782</id>
      <classname>org.openmrs.ConceptAnswer</classname>
      <dateChanged id="111">2006-04-04 16:14:18</dateChanged>
    </org.openmrs.module.metadatasharing.Item>
    <org.openmrs.module.metadatasharing.Item id="112" uuid="3cd6687a-26fe-102b-80cb-0017a47871b2">
      <id>982</id>
      <classname>org.openmrs.Concept</classname>
      <dateChanged id="113">2017-11-17 14:24:39</dateChanged>
      <retired>false</retired>
    </org.openmrs.module.metadatasharing.Item>
    <org.openmrs.module.metadatasharing.Item id="114" uuid="0b8bc566-15f5-102d-96e4-000c29c2a5d7">
      <id>8142</id>
      <classname>org.openmrs.ConceptName</classname>
      <dateChanged id="115">2009-02-05 15:25:06</dateChanged>
    </org.openmrs.module.metadatasharing.Item>
    <org.openmrs.module.metadatasharing.Item id="116" uuid="f5ba40e4-d5db-102d-ad2a-000c29c2a5d7">
      <id>10500</id>
      <classname>org.openmrs.ConceptName</classname>
      <dateChanged id="117">2012-06-21 20:11:13</dateChanged>
    </org.openmrs.module.metadatasharing.Item>
    <org.openmrs.module.metadatasharing.Item id="118" uuid="8dd5549d-da65-4b28-bad6-db1d328564a0">
      <id>8143</id>
      <classname>org.openmrs.ConceptName</classname>
      <dateChanged id="119">2017-11-17 14:24:39</dateChanged>
    </org.openmrs.module.metadatasharing.Item>
    <org.openmrs.module.metadatasharing.Item id="120" uuid="0b8bc750-15f5-102d-96e4-000c29c2a5d7">
      <id>8144</id>
      <classname>org.openmrs.ConceptName</classname>
      <dateChanged id="121">2017-11-17 14:24:39</dateChanged>
    </org.openmrs.module.metadatasharing.Item>
    <org.openmrs.module.metadatasharing.Item id="122" uuid="b9a99777-3fe9-43dd-b682-cc5200c5171c">
      <id>35736</id>
      <classname>org.openmrs.ConceptName</classname>
      <dateChanged id="123">2017-11-17 14:24:39</dateChanged>
    </org.openmrs.module.metadatasharing.Item>
    <org.openmrs.module.metadatasharing.Item id="124" uuid="b20bf396-4864-102e-96e9-000c29c2a5d7">
      <id>984</id>
      <classname>org.openmrs.ConceptMap</classname>
      <dateChanged id="125">2012-06-21 16:49:52</dateChanged>
    </org.openmrs.module.metadatasharing.Item>
    <org.openmrs.module.metadatasharing.Item id="126" uuid="448a9d4f-2abd-362f-b43c-69a750ba1bb4">
      <id>984</id>
      <classname>org.openmrs.ConceptReferenceTerm</classname>
      <dateChanged id="127">2010-11-23 00:00:00</dateChanged>
      <retired>false</retired>
    </org.openmrs.module.metadatasharing.Item>
    <org.openmrs.module.metadatasharing.Item id="128" uuid="0b20147e-15f5-102d-96e4-000c29c2a5d7">
      <id>5141</id>
      <classname>org.openmrs.ConceptAnswer</classname>
      <dateChanged id="129">2008-09-30 16:06:00</dateChanged>
    </org.openmrs.module.metadatasharing.Item>
    <org.openmrs.module.metadatasharing.Item id="130" uuid="1a130b58-83b7-4bf2-b89c-e8d6d8b4e96d">
      <id>3669</id>
      <classname>org.openmrs.Concept</classname>
      <dateChanged id="131">2017-11-17 14:27:02</dateChanged>
      <retired>false</retired>
    </org.openmrs.module.metadatasharing.Item>
    <org.openmrs.module.metadatasharing.Item id="132" uuid="f722719a-d5db-102d-ad2a-000c29c2a5d7">
      <id>13180</id>
      <classname>org.openmrs.ConceptName</classname>
      <dateChanged id="133">2017-11-17 14:27:02</dateChanged>
    </org.openmrs.module.metadatasharing.Item>
    <org.openmrs.module.metadatasharing.Item id="134" uuid="4478b424-c734-4f93-87e3-90cdf96e0371">
      <id>35738</id>
      <classname>org.openmrs.ConceptName</classname>
      <dateChanged id="135">2017-11-17 14:27:02</dateChanged>
    </org.openmrs.module.metadatasharing.Item>
    <org.openmrs.module.metadatasharing.Item id="136" uuid="0b7874de-15f5-102d-96e4-000c29c2a5d7">
      <id>5024</id>
      <classname>org.openmrs.ConceptName</classname>
      <dateChanged id="137">2017-11-17 14:27:02</dateChanged>
    </org.openmrs.module.metadatasharing.Item>
    <org.openmrs.module.metadatasharing.Item id="138" uuid="25922c9b-bd7b-4913-97cc-a4ea3b3ee3e8">
      <id>35737</id>
      <classname>org.openmrs.ConceptName</classname>
      <dateChanged id="139">2017-11-17 14:27:02</dateChanged>
    </org.openmrs.module.metadatasharing.Item>
    <org.openmrs.module.metadatasharing.Item id="140" uuid="b25f886c-4864-102e-96e9-000c29c2a5d7">
      <id>3671</id>
      <classname>org.openmrs.ConceptMap</classname>
      <dateChanged id="141">2012-06-21 16:49:52</dateChanged>
    </org.openmrs.module.metadatasharing.Item>
    <org.openmrs.module.metadatasharing.Item id="142" uuid="5713af82-d8d0-3c70-8c16-6adc4338784b">
      <id>3671</id>
      <classname>org.openmrs.ConceptReferenceTerm</classname>
      <dateChanged id="143">2010-11-23 00:00:00</dateChanged>
      <retired>false</retired>
    </org.openmrs.module.metadatasharing.Item>
    <org.openmrs.module.metadatasharing.Item id="144" uuid="ed1906ac-07fe-102c-b5fa-0017a47871b2">
      <id>3407</id>
      <classname>org.openmrs.ConceptDescription</classname>
      <dateChanged id="145">2017-11-17 14:16:54</dateChanged>
    </org.openmrs.module.metadatasharing.Item>
    <org.openmrs.module.metadatasharing.Item id="146" uuid="75aa7b5e-4943-102e-96e9-000c29c2a5d7">
      <id>10365</id>
      <classname>org.openmrs.ConceptMap</classname>
      <dateChanged id="147">2012-06-21 16:49:52</dateChanged>
    </org.openmrs.module.metadatasharing.Item>
    <org.openmrs.module.metadatasharing.Item id="148" uuid="1e910f04-bf3a-3962-931e-4db8f00a08aa">
      <id>10365</id>
      <classname>org.openmrs.ConceptReferenceTerm</classname>
      <dateChanged id="149">2010-11-24 00:00:00</dateChanged>
      <retired>false</retired>
    </org.openmrs.module.metadatasharing.Item>
    <org.openmrs.module.metadatasharing.Item id="150" uuid="b2999c78-4864-102e-96e9-000c29c2a5d7">
      <id>4676</id>
      <classname>org.openmrs.ConceptMap</classname>
      <dateChanged id="151">2012-06-21 16:49:52</dateChanged>
    </org.openmrs.module.metadatasharing.Item>
    <org.openmrs.module.metadatasharing.Item id="152" uuid="df2d78a8-b482-36b7-b960-468da10e979b">
      <id>4676</id>
      <classname>org.openmrs.ConceptReferenceTerm</classname>
      <dateChanged id="153">2010-11-23 00:00:00</dateChanged>
      <retired>false</retired>
    </org.openmrs.module.metadatasharing.Item>
    <org.openmrs.module.metadatasharing.Item id="154" uuid="3bbe7253-aa96-496e-9400-e7321742b965">
      <id>9034</id>
      <classname>org.openmrs.ConceptName</classname>
      <dateChanged id="155">2017-11-16 21:35:39</dateChanged>
    </org.openmrs.module.metadatasharing.Item>
    <org.openmrs.module.metadatasharing.Item id="156" uuid="0b8bbca6-15f5-102d-96e4-000c29c2a5d7">
      <id>8127</id>
      <classname>org.openmrs.ConceptName</classname>
      <dateChanged id="157">2009-02-05 15:15:54</dateChanged>
    </org.openmrs.module.metadatasharing.Item>
    <org.openmrs.module.metadatasharing.Item id="158" uuid="0b8bb8be-15f5-102d-96e4-000c29c2a5d7">
      <id>8123</id>
      <classname>org.openmrs.ConceptName</classname>
      <dateChanged id="159">2017-11-16 21:35:39</dateChanged>
    </org.openmrs.module.metadatasharing.Item>
    <org.openmrs.module.metadatasharing.Item id="160" uuid="f5b959c2-d5db-102d-ad2a-000c29c2a5d7">
      <id>10493</id>
      <classname>org.openmrs.ConceptName</classname>
      <dateChanged id="161">2010-06-29 13:03:15</dateChanged>
    </org.openmrs.module.metadatasharing.Item>
    <org.openmrs.module.metadatasharing.Item id="162" uuid="0b8bbbac-15f5-102d-96e4-000c29c2a5d7">
      <id>8126</id>
      <classname>org.openmrs.ConceptName</classname>
      <dateChanged id="163">2009-02-05 15:15:54</dateChanged>
    </org.openmrs.module.metadatasharing.Item>
    <org.openmrs.module.metadatasharing.Item id="164" uuid="0b8bb9b8-15f5-102d-96e4-000c29c2a5d7">
      <id>8124</id>
      <classname>org.openmrs.ConceptName</classname>
      <dateChanged id="165">2009-02-05 15:15:54</dateChanged>
    </org.openmrs.module.metadatasharing.Item>
    <org.openmrs.module.metadatasharing.Item id="166" uuid="4175ef84-1371-47b1-b5c8-28b5cbc6ac88">
      <id>35722</id>
      <classname>org.openmrs.ConceptName</classname>
      <dateChanged id="167">2017-11-16 21:35:39</dateChanged>
    </org.openmrs.module.metadatasharing.Item>
    <org.openmrs.module.metadatasharing.Item id="168" uuid="3e1421dc-26fe-102b-80cb-0017a47871b2">
      <id>8125</id>
      <classname>org.openmrs.ConceptName</classname>
      <dateChanged id="169">2017-11-16 21:35:39</dateChanged>
    </org.openmrs.module.metadatasharing.Item>
    <org.openmrs.module.metadatasharing.Item id="170" uuid="3d3e638a-26fe-102b-80cb-0017a47871b2">
      <id>770</id>
      <classname>org.openmrs.ConceptAnswer</classname>
      <dateChanged id="171">2006-03-22 18:08:13</dateChanged>
    </org.openmrs.module.metadatasharing.Item>
    <org.openmrs.module.metadatasharing.Item id="172" uuid="3cd660fa-26fe-102b-80cb-0017a47871b2">
      <id>977</id>
      <classname>org.openmrs.Concept</classname>
      <dateChanged id="173">2017-11-16 21:39:13</dateChanged>
      <retired>false</retired>
    </org.openmrs.module.metadatasharing.Item>
    <org.openmrs.module.metadatasharing.Item id="174" uuid="26a5d8c1-c724-4d1b-ba79-72f56297d7ca">
      <id>35723</id>
      <classname>org.openmrs.ConceptName</classname>
      <dateChanged id="175">2017-11-16 21:39:13</dateChanged>
    </org.openmrs.module.metadatasharing.Item>
    <org.openmrs.module.metadatasharing.Item id="176" uuid="3e142934-26fe-102b-80cb-0017a47871b2">
      <id>1006</id>
      <classname>org.openmrs.ConceptName</classname>
      <dateChanged id="177">2017-11-16 21:39:13</dateChanged>
    </org.openmrs.module.metadatasharing.Item>
    <org.openmrs.module.metadatasharing.Item id="178" uuid="f5b999b4-d5db-102d-ad2a-000c29c2a5d7">
      <id>10495</id>
      <classname>org.openmrs.ConceptName</classname>
      <dateChanged id="179">2010-06-29 13:03:15</dateChanged>
    </org.openmrs.module.metadatasharing.Item>
    <org.openmrs.module.metadatasharing.Item id="180" uuid="3e142ba0-26fe-102b-80cb-0017a47871b2">
      <id>1007</id>
      <classname>org.openmrs.ConceptName</classname>
      <dateChanged id="181">2012-06-21 18:22:46</dateChanged>
    </org.openmrs.module.metadatasharing.Item>
    <org.openmrs.module.metadatasharing.Item id="182" uuid="490d456d-7265-4e05-a666-fdb2a8d63eba">
      <id>15969</id>
      <classname>org.openmrs.ConceptName</classname>
      <dateChanged id="183">2007-10-09 12:14:27</dateChanged>
    </org.openmrs.module.metadatasharing.Item>
    <org.openmrs.module.metadatasharing.Item id="184" uuid="ece30b24-07fe-102c-b5fa-0017a47871b2">
      <id>986</id>
      <classname>org.openmrs.ConceptDescription</classname>
      <dateChanged id="185">2006-03-22 18:03:52</dateChanged>
    </org.openmrs.module.metadatasharing.Item>
    <org.openmrs.module.metadatasharing.Item id="186" uuid="753e691e-4943-102e-96e9-000c29c2a5d7">
      <id>6883</id>
      <classname>org.openmrs.ConceptMap</classname>
      <dateChanged id="187">2012-06-21 16:49:52</dateChanged>
    </org.openmrs.module.metadatasharing.Item>
    <org.openmrs.module.metadatasharing.Item id="188" uuid="80de35a9-b3ca-398d-8926-8afc72ebcaf2">
      <id>6883</id>
      <classname>org.openmrs.ConceptReferenceTerm</classname>
      <dateChanged id="189">2010-11-24 00:00:00</dateChanged>
      <retired>false</retired>
    </org.openmrs.module.metadatasharing.Item>
    <org.openmrs.module.metadatasharing.Item id="190" uuid="b20beb6c-4864-102e-96e9-000c29c2a5d7">
      <id>979</id>
      <classname>org.openmrs.ConceptMap</classname>
      <dateChanged id="191">2012-06-21 16:49:52</dateChanged>
    </org.openmrs.module.metadatasharing.Item>
    <org.openmrs.module.metadatasharing.Item id="192" uuid="605d9e21-09cf-3486-acf3-ff7247541cb8">
      <id>979</id>
      <classname>org.openmrs.ConceptReferenceTerm</classname>
      <dateChanged id="193">2010-11-23 00:00:00</dateChanged>
      <retired>false</retired>
    </org.openmrs.module.metadatasharing.Item>
    <org.openmrs.module.metadatasharing.Item id="194" uuid="3d3e657e-26fe-102b-80cb-0017a47871b2">
      <id>771</id>
      <classname>org.openmrs.ConceptAnswer</classname>
      <dateChanged id="195">2006-03-22 18:08:13</dateChanged>
    </org.openmrs.module.metadatasharing.Item>
    <org.openmrs.module.metadatasharing.Item id="196" uuid="3cd663de-26fe-102b-80cb-0017a47871b2">
      <id>979</id>
      <classname>org.openmrs.Concept</classname>
      <dateChanged id="197">2017-11-16 21:43:27</dateChanged>
      <retired>false</retired>
    </org.openmrs.module.metadatasharing.Item>
    <org.openmrs.module.metadatasharing.Item id="198" uuid="3e14351e-26fe-102b-80cb-0017a47871b2">
      <id>1011</id>
      <classname>org.openmrs.ConceptName</classname>
      <dateChanged id="199">2007-10-09 12:16:32</dateChanged>
    </org.openmrs.module.metadatasharing.Item>
    <org.openmrs.module.metadatasharing.Item id="200" uuid="f5b9df46-d5db-102d-ad2a-000c29c2a5d7">
      <id>10497</id>
      <classname>org.openmrs.ConceptName</classname>
      <dateChanged id="201">2012-06-21 20:30:02</dateChanged>
    </org.openmrs.module.metadatasharing.Item>
    <org.openmrs.module.metadatasharing.Item id="202" uuid="3e1432bc-26fe-102b-80cb-0017a47871b2">
      <id>1010</id>
      <classname>org.openmrs.ConceptName</classname>
      <dateChanged id="203">2006-03-22 18:05:18</dateChanged>
    </org.openmrs.module.metadatasharing.Item>
    <org.openmrs.module.metadatasharing.Item id="204" uuid="b3c4e637-72e1-4691-b958-7ea604c242e4">
      <id>35725</id>
      <classname>org.openmrs.ConceptName</classname>
      <dateChanged id="205">2017-11-16 21:43:27</dateChanged>
    </org.openmrs.module.metadatasharing.Item>
    <org.openmrs.module.metadatasharing.Item id="206" uuid="b20bef40-4864-102e-96e9-000c29c2a5d7">
      <id>981</id>
      <classname>org.openmrs.ConceptMap</classname>
      <dateChanged id="207">2012-06-21 16:49:52</dateChanged>
    </org.openmrs.module.metadatasharing.Item>
    <org.openmrs.module.metadatasharing.Item id="208" uuid="2fc98b3f-bd08-3353-9456-7f6cb521644f">
      <id>981</id>
      <classname>org.openmrs.ConceptReferenceTerm</classname>
      <dateChanged id="209">2010-11-23 00:00:00</dateChanged>
      <retired>false</retired>
    </org.openmrs.module.metadatasharing.Item>
    <org.openmrs.module.metadatasharing.Item id="210" uuid="753e6be4-4943-102e-96e9-000c29c2a5d7">
      <id>6885</id>
      <classname>org.openmrs.ConceptMap</classname>
      <dateChanged id="211">2012-06-21 16:49:52</dateChanged>
    </org.openmrs.module.metadatasharing.Item>
    <org.openmrs.module.metadatasharing.Item id="212" uuid="848516b9-51cf-34e1-ab33-c50d6b39b3f5">
      <id>6885</id>
      <classname>org.openmrs.ConceptReferenceTerm</classname>
      <dateChanged id="213">2010-11-24 00:00:00</dateChanged>
      <retired>false</retired>
    </org.openmrs.module.metadatasharing.Item>
    <org.openmrs.module.metadatasharing.Item id="214" uuid="3d3e6966-26fe-102b-80cb-0017a47871b2">
      <id>773</id>
      <classname>org.openmrs.ConceptAnswer</classname>
      <dateChanged id="215">2006-03-22 18:08:13</dateChanged>
    </org.openmrs.module.metadatasharing.Item>
    <org.openmrs.module.metadatasharing.Item id="216" uuid="3cd65f7e-26fe-102b-80cb-0017a47871b2">
      <id>976</id>
      <classname>org.openmrs.Concept</classname>
      <dateChanged id="217">2016-06-03 14:26:48</dateChanged>
      <retired>false</retired>
    </org.openmrs.module.metadatasharing.Item>
    <org.openmrs.module.metadatasharing.Item id="218" uuid="8d491a9a-c2cc-11de-8d13-0010c6dffd0f">
      <id>5</id>
      <classname>org.openmrs.ConceptClass</classname>
      <dateChanged id="219">2015-07-01 17:25:50</dateChanged>
      <retired>false</retired>
    </org.openmrs.module.metadatasharing.Item>
    <org.openmrs.module.metadatasharing.Item id="220" uuid="3e14243e-26fe-102b-80cb-0017a47871b2">
      <id>1004</id>
      <classname>org.openmrs.ConceptName</classname>
      <dateChanged id="221">2006-03-22 18:03:21</dateChanged>
    </org.openmrs.module.metadatasharing.Item>
    <org.openmrs.module.metadatasharing.Item id="222" uuid="f5b976c8-d5db-102d-ad2a-000c29c2a5d7">
      <id>10494</id>
      <classname>org.openmrs.ConceptName</classname>
      <dateChanged id="223">2012-06-21 20:13:23</dateChanged>
    </org.openmrs.module.metadatasharing.Item>
    <org.openmrs.module.metadatasharing.Item id="224" uuid="3e1426a0-26fe-102b-80cb-0017a47871b2">
      <id>1005</id>
      <classname>org.openmrs.ConceptName</classname>
      <dateChanged id="225">2007-10-09 12:15:02</dateChanged>
    </org.openmrs.module.metadatasharing.Item>
    <org.openmrs.module.metadatasharing.Item id="226" uuid="ece307fa-07fe-102c-b5fa-0017a47871b2">
      <id>985</id>
      <classname>org.openmrs.ConceptDescription</classname>
      <dateChanged id="227">2006-03-22 18:03:21</dateChanged>
    </org.openmrs.module.metadatasharing.Item>
    <org.openmrs.module.metadatasharing.Item id="228" uuid="753e67b6-4943-102e-96e9-000c29c2a5d7">
      <id>6882</id>
      <classname>org.openmrs.ConceptMap</classname>
      <dateChanged id="229">2012-06-21 16:49:52</dateChanged>
    </org.openmrs.module.metadatasharing.Item>
    <org.openmrs.module.metadatasharing.Item id="230" uuid="44a0be31-a175-3574-b53d-5e83429c0bb3">
      <id>6882</id>
      <classname>org.openmrs.ConceptReferenceTerm</classname>
      <dateChanged id="231">2010-11-24 00:00:00</dateChanged>
      <retired>false</retired>
    </org.openmrs.module.metadatasharing.Item>
    <org.openmrs.module.metadatasharing.Item id="232" uuid="b20bea04-4864-102e-96e9-000c29c2a5d7">
      <id>978</id>
      <classname>org.openmrs.ConceptMap</classname>
      <dateChanged id="233">2012-06-21 16:49:52</dateChanged>
    </org.openmrs.module.metadatasharing.Item>
    <org.openmrs.module.metadatasharing.Item id="234" uuid="1388a9d1-9373-3e98-8a99-3d288081d675">
      <id>978</id>
      <classname>org.openmrs.ConceptReferenceTerm</classname>
      <dateChanged id="235">2010-11-23 00:00:00</dateChanged>
      <retired>false</retired>
    </org.openmrs.module.metadatasharing.Item>
    <org.openmrs.module.metadatasharing.Item id="236" uuid="3d3e6ea2-26fe-102b-80cb-0017a47871b2">
      <id>775</id>
      <classname>org.openmrs.ConceptAnswer</classname>
      <dateChanged id="237">2006-03-22 18:08:13</dateChanged>
    </org.openmrs.module.metadatasharing.Item>
    <org.openmrs.module.metadatasharing.Item id="238" uuid="3cd6626c-26fe-102b-80cb-0017a47871b2">
      <id>978</id>
      <classname>org.openmrs.Concept</classname>
      <dateChanged id="239">2017-11-16 21:42:06</dateChanged>
      <retired>false</retired>
    </org.openmrs.module.metadatasharing.Item>
    <org.openmrs.module.metadatasharing.Item id="240" uuid="3e143064-26fe-102b-80cb-0017a47871b2">
      <id>1009</id>
      <classname>org.openmrs.ConceptName</classname>
      <dateChanged id="241">2007-10-09 12:15:40</dateChanged>
    </org.openmrs.module.metadatasharing.Item>
    <org.openmrs.module.metadatasharing.Item id="242" uuid="b1e91062-9309-48ea-aba7-cbae8f3d4b01">
      <id>35724</id>
      <classname>org.openmrs.ConceptName</classname>
      <dateChanged id="243">2017-11-16 21:42:06</dateChanged>
    </org.openmrs.module.metadatasharing.Item>
    <org.openmrs.module.metadatasharing.Item id="244" uuid="3e142df8-26fe-102b-80cb-0017a47871b2">
      <id>1008</id>
      <classname>org.openmrs.ConceptName</classname>
      <dateChanged id="245">2017-11-16 21:42:06</dateChanged>
    </org.openmrs.module.metadatasharing.Item>
    <org.openmrs.module.metadatasharing.Item id="246" uuid="f5b9c1dc-d5db-102d-ad2a-000c29c2a5d7">
      <id>10496</id>
      <classname>org.openmrs.ConceptName</classname>
      <dateChanged id="247">2012-06-21 20:23:40</dateChanged>
    </org.openmrs.module.metadatasharing.Item>
    <org.openmrs.module.metadatasharing.Item id="248" uuid="b20bed10-4864-102e-96e9-000c29c2a5d7">
      <id>980</id>
      <classname>org.openmrs.ConceptMap</classname>
      <dateChanged id="249">2012-06-21 16:49:52</dateChanged>
    </org.openmrs.module.metadatasharing.Item>
    <org.openmrs.module.metadatasharing.Item id="250" uuid="534ed562-5814-3074-90f2-74c970763e25">
      <id>980</id>
      <classname>org.openmrs.ConceptReferenceTerm</classname>
      <dateChanged id="251">2010-11-23 00:00:00</dateChanged>
      <retired>false</retired>
    </org.openmrs.module.metadatasharing.Item>
    <org.openmrs.module.metadatasharing.Item id="252" uuid="753e6a7c-4943-102e-96e9-000c29c2a5d7">
      <id>6884</id>
      <classname>org.openmrs.ConceptMap</classname>
      <dateChanged id="253">2012-06-21 16:49:52</dateChanged>
    </org.openmrs.module.metadatasharing.Item>
    <org.openmrs.module.metadatasharing.Item id="254" uuid="a5127e11-8edc-337f-98f7-bc38c40cef4a">
      <id>6884</id>
      <classname>org.openmrs.ConceptReferenceTerm</classname>
      <dateChanged id="255">2010-11-24 00:00:00</dateChanged>
      <retired>false</retired>
    </org.openmrs.module.metadatasharing.Item>
    <org.openmrs.module.metadatasharing.Item id="256" uuid="3d40ee5c-26fe-102b-80cb-0017a47871b2">
      <id>1180</id>
      <classname>org.openmrs.ConceptAnswer</classname>
      <dateChanged id="257">2006-09-06 13:49:26</dateChanged>
    </org.openmrs.module.metadatasharing.Item>
    <org.openmrs.module.metadatasharing.Item id="258" uuid="3cdc4466-26fe-102b-80cb-0017a47871b2">
      <id>1606</id>
      <classname>org.openmrs.Concept</classname>
      <dateChanged id="259">2017-11-16 21:41:17</dateChanged>
      <retired>false</retired>
    </org.openmrs.module.metadatasharing.Item>
    <org.openmrs.module.metadatasharing.Item id="260" uuid="3e1bfede-26fe-102b-80cb-0017a47871b2">
      <id>1752</id>
      <classname>org.openmrs.ConceptName</classname>
      <dateChanged id="261">2006-09-06 13:48:45</dateChanged>
    </org.openmrs.module.metadatasharing.Item>
    <org.openmrs.module.metadatasharing.Item id="262" uuid="87643c28-2243-4d1f-8d44-3d5b6af48c78">
      <id>9039</id>
      <classname>org.openmrs.ConceptName</classname>
      <dateChanged id="263">2017-11-16 21:41:17</dateChanged>
    </org.openmrs.module.metadatasharing.Item>
    <org.openmrs.module.metadatasharing.Item id="264" uuid="f628bdc6-d5db-102d-ad2a-000c29c2a5d7">
      <id>11109</id>
      <classname>org.openmrs.ConceptName</classname>
      <dateChanged id="265">2010-06-29 13:03:59</dateChanged>
    </org.openmrs.module.metadatasharing.Item>
    <org.openmrs.module.metadatasharing.Item id="266" uuid="3e1bf9c0-26fe-102b-80cb-0017a47871b2">
      <id>1751</id>
      <classname>org.openmrs.ConceptName</classname>
      <dateChanged id="267">2006-09-06 13:48:45</dateChanged>
    </org.openmrs.module.metadatasharing.Item>
    <org.openmrs.module.metadatasharing.Item id="268" uuid="b213b14e-4864-102e-96e9-000c29c2a5d7">
      <id>1608</id>
      <classname>org.openmrs.ConceptMap</classname>
      <dateChanged id="269">2012-06-21 16:49:52</dateChanged>
    </org.openmrs.module.metadatasharing.Item>
    <org.openmrs.module.metadatasharing.Item id="270" uuid="e30a4a3e-3cf6-33eb-874f-2af566690cc1">
      <id>1608</id>
      <classname>org.openmrs.ConceptReferenceTerm</classname>
      <dateChanged id="271">2010-11-23 00:00:00</dateChanged>
      <retired>false</retired>
    </org.openmrs.module.metadatasharing.Item>
    <org.openmrs.module.metadatasharing.Item id="272" uuid="757702b0-4943-102e-96e9-000c29c2a5d7">
      <id>7433</id>
      <classname>org.openmrs.ConceptMap</classname>
      <dateChanged id="273">2012-06-21 16:49:52</dateChanged>
    </org.openmrs.module.metadatasharing.Item>
    <org.openmrs.module.metadatasharing.Item id="274" uuid="f2be0f9a-0b56-3857-9ec3-70657e5045d2">
      <id>7433</id>
      <classname>org.openmrs.ConceptReferenceTerm</classname>
      <dateChanged id="275">2010-11-24 00:00:00</dateChanged>
      <retired>false</retired>
    </org.openmrs.module.metadatasharing.Item>
    <org.openmrs.module.metadatasharing.Item id="276" uuid="79229fbb-3579-46ba-af05-eae219528fc4">
      <id>10277</id>
      <classname>org.openmrs.ConceptAnswer</classname>
      <dateChanged id="277">2017-11-16 21:46:22</dateChanged>
    </org.openmrs.module.metadatasharing.Item>
    <org.openmrs.module.metadatasharing.Item id="278" uuid="3cd66578-26fe-102b-80cb-0017a47871b2">
      <id>980</id>
      <classname>org.openmrs.Concept</classname>
      <dateChanged id="279">2017-11-16 21:47:40</dateChanged>
      <retired>false</retired>
    </org.openmrs.module.metadatasharing.Item>
    <org.openmrs.module.metadatasharing.Item id="280" uuid="20ed0001-6b04-4be0-bc11-8beb57db70ac">
      <id>8107</id>
      <classname>org.openmrs.ConceptName</classname>
      <dateChanged id="281">2017-11-16 21:47:40</dateChanged>
    </org.openmrs.module.metadatasharing.Item>
    <org.openmrs.module.metadatasharing.Item id="282" uuid="8353d1fc-ee3c-4e80-979d-d07380ac46bb">
      <id>35727</id>
      <classname>org.openmrs.ConceptName</classname>
      <dateChanged id="283">2017-11-16 21:47:40</dateChanged>
    </org.openmrs.module.metadatasharing.Item>
    <org.openmrs.module.metadatasharing.Item id="284" uuid="0b8bb0ee-15f5-102d-96e4-000c29c2a5d7">
      <id>8108</id>
      <classname>org.openmrs.ConceptName</classname>
      <dateChanged id="285">2017-11-16 21:47:40</dateChanged>
    </org.openmrs.module.metadatasharing.Item>
    <org.openmrs.module.metadatasharing.Item id="286" uuid="f5b9fa80-d5db-102d-ad2a-000c29c2a5d7">
      <id>10498</id>
      <classname>org.openmrs.ConceptName</classname>
      <dateChanged id="287">2012-06-21 20:24:10</dateChanged>
    </org.openmrs.module.metadatasharing.Item>
    <org.openmrs.module.metadatasharing.Item id="288" uuid="7483f247-5af8-4f4c-8606-0f74913346bf">
      <id>35726</id>
      <classname>org.openmrs.ConceptName</classname>
      <dateChanged id="289">2017-11-16 21:47:40</dateChanged>
    </org.openmrs.module.metadatasharing.Item>
    <org.openmrs.module.metadatasharing.Item id="290" uuid="b20bf0b2-4864-102e-96e9-000c29c2a5d7">
      <id>982</id>
      <classname>org.openmrs.ConceptMap</classname>
      <dateChanged id="291">2012-06-21 16:49:52</dateChanged>
    </org.openmrs.module.metadatasharing.Item>
    <org.openmrs.module.metadatasharing.Item id="292" uuid="1e0d580b-61d0-35c3-9182-dcaaaebf713e">
      <id>982</id>
      <classname>org.openmrs.ConceptReferenceTerm</classname>
      <dateChanged id="293">2010-11-23 00:00:00</dateChanged>
      <retired>false</retired>
    </org.openmrs.module.metadatasharing.Item>
    <org.openmrs.module.metadatasharing.Item id="294" uuid="7205caa4-3cfc-4110-922a-9f8b38226be7">
      <id>10276</id>
      <classname>org.openmrs.ConceptAnswer</classname>
      <dateChanged id="295">2017-11-16 21:36:45</dateChanged>
    </org.openmrs.module.metadatasharing.Item>
    <org.openmrs.module.metadatasharing.Item id="296" uuid="3cee7fb4-26fe-102b-80cb-0017a47871b2">
      <id>5622</id>
      <classname>org.openmrs.Concept</classname>
      <dateChanged id="297">2017-04-14 22:05:36</dateChanged>
      <retired>false</retired>
    </org.openmrs.module.metadatasharing.Item>
    <org.openmrs.module.metadatasharing.Item id="298" uuid="14a06afe-a240-4d52-8eda-a762857aabe8">
      <id>22361</id>
      <classname>org.openmrs.ConceptName</classname>
      <dateChanged id="299">2015-04-22 14:28:48</dateChanged>
    </org.openmrs.module.metadatasharing.Item>
    <org.openmrs.module.metadatasharing.Item id="300" uuid="5d856fe2-17fd-497f-b890-461270eef2bd">
      <id>17242</id>
      <classname>org.openmrs.ConceptName</classname>
      <dateChanged id="301">2015-04-22 14:28:47</dateChanged>
    </org.openmrs.module.metadatasharing.Item>
    <org.openmrs.module.metadatasharing.Item id="302" uuid="1724c34c-6f89-4bd0-8bf7-ec83c3ba53fb">
      <id>22518</id>
      <classname>org.openmrs.ConceptName</classname>
      <dateChanged id="303">2015-04-22 14:28:48</dateChanged>
    </org.openmrs.module.metadatasharing.Item>
    <org.openmrs.module.metadatasharing.Item id="304" uuid="135577BBBBBBBBBBBBBBBBBBBBBBBBBBBBBB">
      <id>32110</id>
      <classname>org.openmrs.ConceptName</classname>
      <dateChanged id="305">2016-02-20 10:04:58</dateChanged>
    </org.openmrs.module.metadatasharing.Item>
    <org.openmrs.module.metadatasharing.Item id="306" uuid="abc2ce9a-2a12-46b5-9bd7-cee4d9f61b08">
      <id>22519</id>
      <classname>org.openmrs.ConceptName</classname>
      <dateChanged id="307">2015-04-22 14:28:48</dateChanged>
    </org.openmrs.module.metadatasharing.Item>
    <org.openmrs.module.metadatasharing.Item id="308" uuid="f76ebd34-d5db-102d-ad2a-000c29c2a5d7">
      <id>13784</id>
      <classname>org.openmrs.ConceptName</classname>
      <dateChanged id="309">2015-04-22 14:28:47</dateChanged>
    </org.openmrs.module.metadatasharing.Item>
    <org.openmrs.module.metadatasharing.Item id="310" uuid="0b6f95da-15f5-102d-96e4-000c29c2a5d7">
      <id>3992</id>
      <classname>org.openmrs.ConceptName</classname>
      <dateChanged id="311">2015-04-22 14:28:47</dateChanged>
    </org.openmrs.module.metadatasharing.Item>
    <org.openmrs.module.metadatasharing.Item id="312" uuid="0b6f94ea-15f5-102d-96e4-000c29c2a5d7">
      <id>3991</id>
      <classname>org.openmrs.ConceptName</classname>
      <dateChanged id="313">2015-04-22 14:28:48</dateChanged>
    </org.openmrs.module.metadatasharing.Item>
    <org.openmrs.module.metadatasharing.Item id="314" uuid="105802BBBBBBBBBBBBBBBBBBBBBBBBBBBBBB">
      <id>27020</id>
      <classname>org.openmrs.ConceptName</classname>
      <dateChanged id="315">2015-04-22 14:28:48</dateChanged>
    </org.openmrs.module.metadatasharing.Item>
    <org.openmrs.module.metadatasharing.Item id="316" uuid="134542BBBBBBBBBBBBBBBBBBBBBBBBBBBBBB">
      <id>32111</id>
      <classname>org.openmrs.ConceptName</classname>
      <dateChanged id="317">2015-11-04 09:47:47</dateChanged>
    </org.openmrs.module.metadatasharing.Item>
    <org.openmrs.module.metadatasharing.Item id="318" uuid="af406c44-9ddb-4808-8caa-8361f7f95028">
      <id>17241</id>
      <classname>org.openmrs.ConceptName</classname>
      <dateChanged id="319">2015-04-22 14:28:48</dateChanged>
    </org.openmrs.module.metadatasharing.Item>
    <org.openmrs.module.metadatasharing.Item id="320" uuid="ee0467a0-08a5-4a89-be32-911f1338012c">
      <id>17185</id>
      <classname>org.openmrs.ConceptName</classname>
      <dateChanged id="321">2015-04-22 14:28:47</dateChanged>
    </org.openmrs.module.metadatasharing.Item>
    <org.openmrs.module.metadatasharing.Item id="322" uuid="110113BBBBBBBBBBBBBBBBBBBBBBBBBBBBBB">
      <id>27019</id>
      <classname>org.openmrs.ConceptName</classname>
      <dateChanged id="323">2015-04-22 14:28:48</dateChanged>
    </org.openmrs.module.metadatasharing.Item>
    <org.openmrs.module.metadatasharing.Item id="324" uuid="110860BBBBBBBBBBBBBBBBBBBBBBBBBBBBBB">
      <id>27021</id>
      <classname>org.openmrs.ConceptName</classname>
      <dateChanged id="325">2015-04-22 14:28:48</dateChanged>
    </org.openmrs.module.metadatasharing.Item>
    <org.openmrs.module.metadatasharing.Item id="326" uuid="0b40b634-15f5-102d-96e4-000c29c2a5d7">
      <id>3424</id>
      <classname>org.openmrs.ConceptDescription</classname>
      <dateChanged id="327">2015-04-22 14:28:48</dateChanged>
    </org.openmrs.module.metadatasharing.Item>
    <org.openmrs.module.metadatasharing.Item id="328" uuid="ed211c48-07fe-102c-b5fa-0017a47871b2">
      <id>3425</id>
      <classname>org.openmrs.ConceptDescription</classname>
      <dateChanged id="329">2012-01-25 22:19:06</dateChanged>
    </org.openmrs.module.metadatasharing.Item>
    <org.openmrs.module.metadatasharing.Item id="330" uuid="3204a934-0370-102d-b0e3-001ec94a0cc1">
      <id>5859</id>
      <classname>org.openmrs.ConceptDescription</classname>
      <dateChanged id="331">2012-08-10 12:02:26</dateChanged>
    </org.openmrs.module.metadatasharing.Item>
    <org.openmrs.module.metadatasharing.Item id="332" uuid="3204a858-0370-102d-b0e3-001ec94a0cc1">
      <id>5860</id>
      <classname>org.openmrs.ConceptDescription</classname>
      <dateChanged id="333">2012-08-10 12:02:26</dateChanged>
    </org.openmrs.module.metadatasharing.Item>
    <org.openmrs.module.metadatasharing.Item id="334" uuid="2253FFFFFFFFFFFFFFFFFFFFFFFFFFFFFFFF">
      <id>6539</id>
      <classname>org.openmrs.ConceptDescription</classname>
      <dateChanged id="335">2014-09-14 01:47:32</dateChanged>
    </org.openmrs.module.metadatasharing.Item>
    <org.openmrs.module.metadatasharing.Item id="336" uuid="b299b5b4-4864-102e-96e9-000c29c2a5d7">
      <id>4693</id>
      <classname>org.openmrs.ConceptMap</classname>
      <dateChanged id="337">2015-04-22 14:28:48</dateChanged>
    </org.openmrs.module.metadatasharing.Item>
    <org.openmrs.module.metadatasharing.Item id="338" uuid="a2b5fae6-22c8-3da7-ab40-afdb28f8b6bd">
      <id>4693</id>
      <classname>org.openmrs.ConceptReferenceTerm</classname>
      <dateChanged id="339">2010-11-23 00:00:00</dateChanged>
      <retired>false</retired>
    </org.openmrs.module.metadatasharing.Item>
    <org.openmrs.module.metadatasharing.Item id="340" uuid="137878ABBBBBBBBBBBBBBBBBBBBBBBBBBBBB">
      <id>22807</id>
      <classname>org.openmrs.ConceptMap</classname>
      <dateChanged id="341">2015-04-22 14:28:48</dateChanged>
    </org.openmrs.module.metadatasharing.Item>
    <org.openmrs.module.metadatasharing.Item id="342" uuid="a3f0e281-7488-3554-bc11-ef48292a7f26">
      <id>10034</id>
      <classname>org.openmrs.ConceptReferenceTerm</classname>
      <dateChanged id="343">2010-11-24 00:00:00</dateChanged>
      <retired>false</retired>
    </org.openmrs.module.metadatasharing.Item>
    <org.openmrs.module.metadatasharing.Item id="344" uuid="04ef5e6c-3062-432a-ad7f-0581a6cac76d">
      <id>22826</id>
      <classname>org.openmrs.ConceptMap</classname>
      <dateChanged id="345">2015-04-22 14:28:48</dateChanged>
    </org.openmrs.module.metadatasharing.Item>
    <org.openmrs.module.metadatasharing.Item id="346" uuid="532a6d41-613d-45f3-ad92-f4c1d983ef59">
      <id>22358</id>
      <classname>org.openmrs.ConceptReferenceTerm</classname>
      <dateChanged id="347">2014-09-23 22:58:29</dateChanged>
      <retired>false</retired>
    </org.openmrs.module.metadatasharing.Item>
    <org.openmrs.module.metadatasharing.Item id="348" uuid="21ADDDDDDDDDDDDDDDDDDDDDDDDDDDDDDDDD">
      <id>29</id>
      <classname>org.openmrs.ConceptSource</classname>
      <dateChanged id="349">2015-07-01 17:25:50</dateChanged>
      <retired>false</retired>
    </org.openmrs.module.metadatasharing.Item>
    <org.openmrs.module.metadatasharing.Item id="350" uuid="18c7f447-93a1-4fd7-9319-e74a79d137c4">
      <id>25747</id>
      <classname>org.openmrs.ConceptMap</classname>
      <dateChanged id="351">2015-06-30 22:03:32</dateChanged>
    </org.openmrs.module.metadatasharing.Item>
    <org.openmrs.module.metadatasharing.Item id="352" uuid="7033a763-c711-3688-aa6c-39669fde989e">
      <id>10382</id>
      <classname>org.openmrs.ConceptReferenceTerm</classname>
      <dateChanged id="353">2010-11-24 00:00:00</dateChanged>
      <retired>false</retired>
    </org.openmrs.module.metadatasharing.Item>
    <org.openmrs.module.metadatasharing.Item id="354" uuid="141670ABBBBBBBBBBBBBBBBBBBBBBBBBBBBB">
      <id>22805</id>
      <classname>org.openmrs.ConceptMap</classname>
      <dateChanged id="355">2015-04-22 14:28:48</dateChanged>
    </org.openmrs.module.metadatasharing.Item>
    <org.openmrs.module.metadatasharing.Item id="356" uuid="cd9bed8e-d47a-38bd-a677-695644801d87">
      <id>22334</id>
      <classname>org.openmrs.ConceptReferenceTerm</classname>
      <dateChanged id="357">2011-02-10 05:00:00</dateChanged>
      <retired>false</retired>
    </org.openmrs.module.metadatasharing.Item>
    <org.openmrs.module.metadatasharing.Item id="358" uuid="14ADDDDDDDDDDDDDDDDDDDDDDDDDDDDDDDDD">
      <id>15</id>
      <classname>org.openmrs.ConceptSource</classname>
      <dateChanged id="359">2015-07-01 17:25:50</dateChanged>
      <retired>false</retired>
    </org.openmrs.module.metadatasharing.Item>
    <org.openmrs.module.metadatasharing.Item id="360" uuid="a567d7c3-7943-41e4-80d5-6090aedcb6b6">
      <id>13665</id>
      <classname>org.openmrs.ConceptMap</classname>
      <dateChanged id="361">2015-04-22 14:28:48</dateChanged>
    </org.openmrs.module.metadatasharing.Item>
    <org.openmrs.module.metadatasharing.Item id="362" uuid="68b6c991-c8b8-3310-9182-8133b938d47a">
      <id>13665</id>
      <classname>org.openmrs.ConceptReferenceTerm</classname>
      <dateChanged id="363">2010-12-01 00:00:00</dateChanged>
      <retired>false</retired>
    </org.openmrs.module.metadatasharing.Item>
    <org.openmrs.module.metadatasharing.Item id="364" uuid="ddb6b595-0b85-4a80-9243-efe4ba404eef">
      <id>4</id>
      <classname>org.openmrs.ConceptSource</classname>
      <dateChanged id="365">2015-07-01 17:25:50</dateChanged>
      <retired>false</retired>
    </org.openmrs.module.metadatasharing.Item>
    <org.openmrs.module.metadatasharing.Item id="366" uuid="4f37b2ff-7456-4db7-a8de-1d312f586ef2">
      <id>22824</id>
      <classname>org.openmrs.ConceptMap</classname>
      <dateChanged id="367">2015-04-22 14:28:48</dateChanged>
    </org.openmrs.module.metadatasharing.Item>
    <org.openmrs.module.metadatasharing.Item id="368" uuid="8ff418b3-394b-43a6-84dd-933dd2bdc56a">
      <id>22357</id>
      <classname>org.openmrs.ConceptReferenceTerm</classname>
      <dateChanged id="369">2014-09-23 22:57:57</dateChanged>
      <retired>false</retired>
    </org.openmrs.module.metadatasharing.Item>
    <org.openmrs.module.metadatasharing.Item id="370" uuid="13ADDDDDDDDDDDDDDDDDDDDDDDDDDDDDDDDD">
      <id>10</id>
      <classname>org.openmrs.ConceptSource</classname>
      <dateChanged id="371">2015-07-01 17:25:50</dateChanged>
      <retired>false</retired>
    </org.openmrs.module.metadatasharing.Item>
    <org.openmrs.module.metadatasharing.Item id="372" uuid="137766ABBBBBBBBBBBBBBBBBBBBBBBBBBBBB">
      <id>22806</id>
      <classname>org.openmrs.ConceptMap</classname>
      <dateChanged id="373">2015-04-22 14:28:48</dateChanged>
    </org.openmrs.module.metadatasharing.Item>
    <org.openmrs.module.metadatasharing.Item id="374" uuid="43ac5109-7d8c-11e1-909d-c80aa9edcf4e">
      <id>2</id>
      <classname>org.openmrs.ConceptMapType</classname>
      <dateChanged id="375">2012-06-21 00:00:00</dateChanged>
      <retired>false</retired>
    </org.openmrs.module.metadatasharing.Item>
    <org.openmrs.module.metadatasharing.Item id="376" uuid="17744715-bb7d-3022-96d3-2e2144a778d4">
      <id>22335</id>
      <classname>org.openmrs.ConceptReferenceTerm</classname>
      <dateChanged id="377">2011-01-15 05:00:00</dateChanged>
      <retired>false</retired>
    </org.openmrs.module.metadatasharing.Item>
    <org.openmrs.module.metadatasharing.Item id="378" uuid="2ADDDDDDDDDDDDDDDDDDDDDDDDDDDDDDDDDD">
      <id>8</id>
      <classname>org.openmrs.ConceptSource</classname>
      <dateChanged id="379">2015-07-01 17:25:50</dateChanged>
      <retired>false</retired>
    </org.openmrs.module.metadatasharing.Item>
    <org.openmrs.module.metadatasharing.Item id="380" uuid="ece304c6-07fe-102c-b5fa-0017a47871b2">
      <id>984</id>
      <classname>org.openmrs.ConceptDescription</classname>
      <dateChanged id="381">2006-03-22 18:02:00</dateChanged>
    </org.openmrs.module.metadatasharing.Item>
    <org.openmrs.module.metadatasharing.Item id="382" uuid="a2274bd0-d5d7-48e9-ae67-4f0867011afa">
      <id>4738</id>
      <classname>org.openmrs.ConceptDescription</classname>
      <dateChanged id="383">2009-02-05 15:15:54</dateChanged>
    </org.openmrs.module.metadatasharing.Item>
    <org.openmrs.module.metadatasharing.Item id="384" uuid="b20be892-4864-102e-96e9-000c29c2a5d7">
      <id>977</id>
      <classname>org.openmrs.ConceptMap</classname>
      <dateChanged id="385">2012-06-21 16:49:52</dateChanged>
    </org.openmrs.module.metadatasharing.Item>
    <org.openmrs.module.metadatasharing.Item id="386" uuid="4f755377-5481-3578-8e87-390ee2ba1a76">
      <id>977</id>
      <classname>org.openmrs.ConceptReferenceTerm</classname>
      <dateChanged id="387">2010-11-23 00:00:00</dateChanged>
      <retired>false</retired>
    </org.openmrs.module.metadatasharing.Item>
  </relatedItems>
  <incrementalVersion>false</incrementalVersion>
</package>
