<?xml version="1.0" encoding="UTF-8"?>
<list id="1">
  <org.openmrs.LocationAttributeType id="2" uuid="64f01c78-191d-4947-a201-7e0a7f0caf21">
    <name>Location Code</name>
    <description>Unique identifier assigned to the location.  (Currently used as a key when exchanging information with McKesson PACS via the PACS Integration module.)</description>
    <creator/>
    <dateCreated id="3">2013-02-18 17:09:38</dateCreated>
    <changedBy/>
    <dateChanged id="4">2013-02-18 17:32:50</dateChanged>
    <retired>false</retired>
    <minOccurs>0</minOccurs>
    <maxOccurs>1</maxOccurs>
    <datatypeClassname>org.openmrs.customdatatype.datatype.FreeTextDatatype</datatypeClassname>
    <locationAttributeTypeId>2</locationAttributeTypeId>
  </org.openmrs.LocationAttributeType>
  <org.openmrs.Location id="5" uuid="272bd989-a8ee-4a16-b5aa-55bad4e84f5c">
    <name>Sal Avan Akouchman</name>
    <description>Antepartum ward at Mirebalais Hospital (Before giving birth)</description>
    <creator/>
    <dateCreated id="6">2012-11-13 19:03:36</dateCreated>
    <retired>false</retired>
    <attributes id="7">
      <org.openmrs.LocationAttribute id="8" uuid="57f66e57-ddbf-41dd-b72b-734feb9cfc10">
        <creator/>
        <dateCreated id="9">2013-02-18 17:10:13</dateCreated>
        <voided>false</voided>
        <owner class="org.openmrs.Location" reference="5"/>
        <attributeType class="org.openmrs.LocationAttributeType" reference="2"/>
        <valueReference>M006</valueReference>
        <locationAttributeId>2</locationAttributeId>
      </org.openmrs.LocationAttribute>
    </attributes>
    <locationId>77</locationId>
    <parentLocation id="10" resolves-to="org.openmrs.Location" uuid="a084f714-a536-473b-94e6-ec317b152b43">
      <name>Hôpital Universitaire de Mirebalais</name>
      <description>Mirebalais (MoH code 62101)</description>
      <creator/>
      <dateCreated id="11">2012-07-16 14:59:16</dateCreated>
      <retired>false</retired>
      <attributes id="12">
        <org.openmrs.LocationAttribute id="13" uuid="19cddbbe-fe82-448f-b2ab-95c4b73bc6f5">
          <creator/>
          <dateCreated id="14">2012-12-07 20:46:44</dateCreated>
          <voided>false</voided>
          <owner class="org.openmrs.Location" reference="10"/>
          <attributeType class="org.openmrs.LocationAttributeType" id="15" uuid="a5fb5770-409a-11e2-a25f-0800200c9a66">
            <name>Name to print on ID card</name>
            <description>The name to use when printing a location on an id card</description>
            <creator/>
            <dateCreated id="16">2012-12-07 15:22:34</dateCreated>
            <retired>false</retired>
            <minOccurs>0</minOccurs>
            <maxOccurs>1</maxOccurs>
            <datatypeClassname>org.openmrs.customdatatype.datatype.FreeTextDatatype</datatypeClassname>
            <locationAttributeTypeId>1</locationAttributeTypeId>
          </attributeType>
          <valueReference>Mirebalais</valueReference>
          <locationAttributeId>1</locationAttributeId>
        </org.openmrs.LocationAttribute>
      </attributes>
      <locationId>55</locationId>
      <cityVillage>Mirebalais</cityVillage>
      <stateProvince>Centre</stateProvince>
      <country>Haiti</country>
      <childLocations id="17">
        <org.openmrs.Location id="18" uuid="53cd4959-5f4d-4ddc-9971-7fc27e0b7946">
          <name>Laboratwa Prensipal</name>
          <description>Main laboratory at Mirebalais Hospital</description>
          <creator/>
          <dateCreated id="19">2012-11-13 19:05:53</dateCreated>
          <retired>false</retired>
          <attributes id="20">
            <org.openmrs.LocationAttribute id="21" uuid="f3d2b863-4524-40a1-8908-6646255e2e32">
              <creator/>
              <dateCreated id="22">2013-02-18 17:13:39</dateCreated>
              <voided>false</voided>
              <owner class="org.openmrs.Location" reference="18"/>
              <attributeType class="org.openmrs.LocationAttributeType" reference="2"/>
              <valueReference>M007</valueReference>
              <locationAttributeId>10</locationAttributeId>
            </org.openmrs.LocationAttribute>
          </attributes>
          <locationId>83</locationId>
          <parentLocation reference="10"/>
          <childLocations id="23"/>
          <tags id="24">
            <org.openmrs.LocationTag id="25" uuid="2b5c7110-d571-4f5f-b84e-500070b40ef8">
              <name>Appointment Location</name>
              <description>Signifies a Location where appointments can be scheduled</description>
              <creator/>
              <dateCreated id="26">2014-02-26 19:29:31</dateCreated>
              <retired>false</retired>
              <locationTagId>10</locationTagId>
            </org.openmrs.LocationTag>
            <org.openmrs.LocationTag id="27" uuid="b8bbf83e-645f-451f-8efe-a0db56f09676">
              <name>Login Location</name>
              <description>When a user logs in and chooses a session location, they may only choose one with this tag</description>
              <creator/>
              <dateCreated id="28">2012-11-03 21:39:44</dateCreated>
              <retired>false</retired>
              <locationTagId>3</locationTagId>
            </org.openmrs.LocationTag>
          </tags>
        </org.openmrs.Location>
        <org.openmrs.Location id="29" uuid="950852f3-8a96-4d82-a5f8-a68a92043164">
          <name>Sal Aprè Akouchman</name>
          <description>Postpartum ward at Mirebalais Hospital (After giving birth)</description>
          <creator/>
          <dateCreated id="30">2012-11-13 19:04:06</dateCreated>
          <retired>false</retired>
          <attributes id="31">
            <org.openmrs.LocationAttribute id="32" uuid="a01858fe-2f18-418d-8b4b-5d3f926efc4f">
              <creator/>
              <dateCreated id="33">2013-02-18 17:16:35</dateCreated>
              <voided>false</voided>
              <owner class="org.openmrs.Location" reference="29"/>
              <attributeType class="org.openmrs.LocationAttributeType" reference="2"/>
              <valueReference>M008</valueReference>
              <locationAttributeId>19</locationAttributeId>
            </org.openmrs.LocationAttribute>
          </attributes>
          <locationId>78</locationId>
          <parentLocation reference="10"/>
          <childLocations id="34"/>
          <tags id="35">
            <org.openmrs.LocationTag id="36" uuid="f5b9737b-14d5-402b-8475-dd558808e172">
              <name>Admission Location</name>
              <description>Patients may only be admitted to inpatient care in a location with this tag</description>
              <creator/>
              <dateCreated id="37">2013-05-13 23:10:48</dateCreated>
              <retired>true</retired>
              <dateRetired id="38">2014-08-29 18:24:45</dateRetired>
              <retiredBy/>
              <retireReason>no longer used</retireReason>
              <locationTagId>4</locationTagId>
            </org.openmrs.LocationTag>
            <org.openmrs.LocationTag id="39" uuid="dea8febf-0bbe-4111-8152-a9cf7df622b6">
              <name>Consult Note Location</name>
              <description>A location where a consult note can be written</description>
              <creator/>
              <dateCreated id="40">2013-10-30 18:31:02</dateCreated>
              <retired>false</retired>
              <locationTagId>6</locationTagId>
            </org.openmrs.LocationTag>
            <org.openmrs.LocationTag id="41" uuid="8ce9abcb-b0d9-4897-bc65-d8d2d3362b67">
              <name>Surgery Note Location</name>
              <description>A location where a surgery note can be written</description>
              <creator/>
              <dateCreated id="42">2013-10-30 18:32:13</dateCreated>
              <retired>false</retired>
              <locationTagId>8</locationTagId>
            </org.openmrs.LocationTag>
            <org.openmrs.LocationTag id="43" uuid="c42b7bc3-b34d-4b8f-9796-09208f9dfd72">
              <name>Dispensing Location</name>
              <description>A location where a pharmacist or pharmacist aide can dispensed medication.</description>
              <creator/>
              <dateCreated id="44">2013-11-08 16:59:49</dateCreated>
              <retired>false</retired>
              <locationTagId>9</locationTagId>
            </org.openmrs.LocationTag>
            <org.openmrs.LocationTag reference="27"/>
          </tags>
        </org.openmrs.Location>
        <org.openmrs.Location id="45" uuid="9b2066a2-7087-47f6-9b3a-b001037432a3">
          <name>Sante Fanm</name>
          <description>Women&apos;s Outpatient clinic at Mirebalais Hospital (Sante Fanm).</description>
          <creator/>
          <dateCreated id="46">2012-09-24 17:08:58</dateCreated>
          <retired>false</retired>
          <attributes id="47">
            <org.openmrs.LocationAttribute id="48" uuid="703614f6-c941-4ec1-a639-65e308762034">
              <creator/>
              <dateCreated id="49">2013-02-18 17:17:47</dateCreated>
              <voided>false</voided>
              <owner class="org.openmrs.Location" reference="45"/>
              <attributeType class="org.openmrs.LocationAttributeType" reference="2"/>
              <valueReference>M003</valueReference>
              <locationAttributeId>23</locationAttributeId>
            </org.openmrs.LocationAttribute>
          </attributes>
          <locationId>62</locationId>
          <parentLocation reference="10"/>
          <childLocations id="50">
            <org.openmrs.Location id="51" uuid="de8892ff-e755-4ef0-ae0a-c27d2c1e6a74">
              <name>Famasi Famn ak Ti moun</name>
              <description>Women and Children&apos;s Pharmacy at Mirebalais Hospital.</description>
              <creator/>
              <dateCreated id="52">2013-09-19 20:11:53</dateCreated>
              <retired>false</retired>
              <attributes id="53">
                <org.openmrs.LocationAttribute id="54" uuid="d3906d5e-6b4e-4c2b-b19a-26e247d89209">
                  <creator/>
                  <dateCreated id="55">2013-11-27 00:21:09</dateCreated>
                  <voided>false</voided>
                  <owner class="org.openmrs.Location" reference="51"/>
                  <attributeType class="org.openmrs.LocationAttributeType" reference="2"/>
                  <valueReference>M032</valueReference>
                  <locationAttributeId>36</locationAttributeId>
                </org.openmrs.LocationAttribute>
              </attributes>
              <locationId>96</locationId>
              <parentLocation reference="45"/>
              <childLocations id="56"/>
              <tags id="57">
                <org.openmrs.LocationTag reference="43"/>
                <org.openmrs.LocationTag reference="25"/>
                <org.openmrs.LocationTag reference="27"/>
              </tags>
            </org.openmrs.Location>
          </childLocations>
          <tags id="58">
            <org.openmrs.LocationTag reference="39"/>
            <org.openmrs.LocationTag reference="43"/>
            <org.openmrs.LocationTag reference="27"/>
          </tags>
        </org.openmrs.Location>
        <org.openmrs.Location id="59" uuid="cfe92278-0181-4315-ab7d-1731753120f0">
          <name>Radyografi</name>
          <description>Radiology at Mirebalais Hospital</description>
          <creator/>
          <dateCreated id="60">2012-11-13 19:14:22</dateCreated>
          <retired>false</retired>
          <attributes id="61">
            <org.openmrs.LocationAttribute id="62" uuid="d8be457b-c418-4581-8673-50ca20d2ba42">
              <creator/>
              <dateCreated id="63">2013-02-18 17:17:12</dateCreated>
              <voided>false</voided>
              <owner class="org.openmrs.Location" reference="59"/>
              <attributeType class="org.openmrs.LocationAttributeType" reference="2"/>
              <valueReference>M010</valueReference>
              <locationAttributeId>21</locationAttributeId>
            </org.openmrs.LocationAttribute>
          </attributes>
          <locationId>85</locationId>
          <parentLocation reference="10"/>
          <childLocations id="64"/>
          <tags id="65">
            <org.openmrs.LocationTag reference="25"/>
            <org.openmrs.LocationTag reference="27"/>
          </tags>
        </org.openmrs.Location>
        <org.openmrs.Location id="66" uuid="f3a5586e-f06c-4dfb-96b0-6f3451a35e90">
          <name>Ijans</name>
          <description>Emergency room at Mirebalais Hospital (Ijans)</description>
          <creator/>
          <dateCreated id="67">2012-09-24 17:10:31</dateCreated>
          <retired>false</retired>
          <attributes id="68">
            <org.openmrs.LocationAttribute id="69" uuid="82c82a3d-5153-4eaf-9ad5-154eeffe0f1b">
              <creator/>
              <dateCreated id="70">2013-02-18 17:12:17</dateCreated>
              <voided>false</voided>
              <owner class="org.openmrs.Location" reference="66"/>
              <attributeType class="org.openmrs.LocationAttributeType" reference="2"/>
              <valueReference>M004</valueReference>
              <locationAttributeId>6</locationAttributeId>
            </org.openmrs.LocationAttribute>
          </attributes>
          <locationId>63</locationId>
          <parentLocation reference="10"/>
          <childLocations id="71"/>
          <tags id="72">
            <org.openmrs.LocationTag id="73" uuid="fe742fba-840a-4155-bfc4-a5b35ac1bb03">
              <name>ED Note Location</name>
              <description>A location where an ED note can be written</description>
              <creator/>
              <dateCreated id="74">2013-10-30 18:31:44</dateCreated>
              <retired>false</retired>
              <locationTagId>7</locationTagId>
            </org.openmrs.LocationTag>
            <org.openmrs.LocationTag reference="43"/>
            <org.openmrs.LocationTag reference="27"/>
          </tags>
        </org.openmrs.Location>
        <org.openmrs.Location id="75" uuid="109a13a9-029d-498d-b66e-bab5eb396996">
          <name>Sal Avan Operasyon | PACU</name>
          <description>Pre-op/PACU at Mirebalais Hospital (Before surgery, and Post-Anesthesia Care Unit)</description>
          <creator/>
          <dateCreated id="76">2012-11-13 19:02:22</dateCreated>
          <retired>false</retired>
          <attributes id="77">
            <org.openmrs.LocationAttribute id="78" uuid="01b1db36-bf5b-450e-a53d-a5ac6c50b5b2">
              <creator/>
              <dateCreated id="79">2013-02-18 17:16:52</dateCreated>
              <voided>false</voided>
              <owner class="org.openmrs.Location" reference="75"/>
              <attributeType class="org.openmrs.LocationAttributeType" reference="2"/>
              <valueReference>M013</valueReference>
              <locationAttributeId>20</locationAttributeId>
            </org.openmrs.LocationAttribute>
          </attributes>
          <locationId>74</locationId>
          <parentLocation reference="10"/>
          <childLocations id="80"/>
          <tags id="81">
            <org.openmrs.LocationTag reference="36"/>
            <org.openmrs.LocationTag reference="43"/>
            <org.openmrs.LocationTag reference="27"/>
          </tags>
        </org.openmrs.Location>
        <org.openmrs.Location id="82" resolves-to="org.openmrs.Location" uuid="199e7d87-92a0-4398-a0f8-11d012178164">
          <name>Klinik Ekstèn</name>
          <description>The outpatient clinic at Mirebalais Hospital (Klinik Extern).</description>
          <creator/>
          <dateCreated id="83">2012-09-24 17:07:04</dateCreated>
          <retired>false</retired>
          <attributes id="84">
            <org.openmrs.LocationAttribute id="85" uuid="350badbe-82a1-42f6-81a3-e2f7aaec5d1e">
              <creator/>
              <dateCreated id="86">2013-02-18 17:15:21</dateCreated>
              <voided>false</voided>
              <owner class="org.openmrs.Location" reference="82"/>
              <attributeType class="org.openmrs.LocationAttributeType" reference="2"/>
              <valueReference>M005</valueReference>
              <locationAttributeId>15</locationAttributeId>
            </org.openmrs.LocationAttribute>
          </attributes>
          <locationId>61</locationId>
          <parentLocation reference="10"/>
          <childLocations id="87">
            <org.openmrs.Location id="88" uuid="79892ece-79f1-4674-abb5-a52c1898c762">
              <name>Klinik Exten Famasi</name>
              <description>Outpatient Clinic Pharmacy at Mirebalais Hospital. For adults. Women with general medical conditions are also seen here.</description>
              <creator/>
              <dateCreated id="89">2013-09-19 18:27:59</dateCreated>
              <retired>false</retired>
              <attributes id="90">
                <org.openmrs.LocationAttribute id="91" uuid="96af5ad1-c2c5-4cf4-9333-26f0c1f2e75b">
                  <creator/>
                  <dateCreated id="92">2013-11-27 00:21:00</dateCreated>
                  <voided>false</voided>
                  <owner class="org.openmrs.Location" reference="88"/>
                  <attributeType class="org.openmrs.LocationAttributeType" reference="2"/>
                  <valueReference>M031</valueReference>
                  <locationAttributeId>35</locationAttributeId>
                </org.openmrs.LocationAttribute>
              </attributes>
              <locationId>95</locationId>
              <parentLocation reference="82"/>
              <childLocations id="93"/>
              <tags id="94">
                <org.openmrs.LocationTag reference="25"/>
                <org.openmrs.LocationTag reference="27"/>
              </tags>
            </org.openmrs.Location>
          </childLocations>
          <tags id="95">
            <org.openmrs.LocationTag reference="39"/>
            <org.openmrs.LocationTag reference="43"/>
            <org.openmrs.LocationTag reference="25"/>
            <org.openmrs.LocationTag reference="27"/>
          </tags>
        </org.openmrs.Location>
        <org.openmrs.Location id="96" uuid="afa09010-43b6-4f19-89e0-58d09941bcbd">
          <name>Ijans Resepsyon</name>
          <description>Emergency registration and check-in</description>
          <creator/>
          <dateCreated id="97">2013-05-16 13:23:44</dateCreated>
          <retired>false</retired>
          <attributes id="98">
            <org.openmrs.LocationAttribute id="99" uuid="709ee7f1-5d3d-493d-a931-6fca9a49b7ff">
              <creator/>
              <dateCreated id="100">2013-11-27 00:27:40</dateCreated>
              <voided>false</voided>
              <owner class="org.openmrs.Location" reference="96"/>
              <attributeType class="org.openmrs.LocationAttributeType" reference="2"/>
              <valueReference>M034</valueReference>
              <locationAttributeId>38</locationAttributeId>
            </org.openmrs.LocationAttribute>
            <org.openmrs.LocationAttribute id="101" uuid="9c165e85-9da2-47c3-99e6-95fad19ebaa4">
              <creator/>
              <dateCreated id="102">2013-11-27 00:19:42</dateCreated>
              <changedBy/>
              <dateChanged id="103">2013-11-27 00:27:40</dateChanged>
              <voided>true</voided>
              <dateVoided id="104">2013-11-27 00:27:40</dateVoided>
              <voidedBy/>
              <owner class="org.openmrs.Location" reference="96"/>
              <attributeType class="org.openmrs.LocationAttributeType" reference="2"/>
              <valueReference>M025</valueReference>
              <locationAttributeId>29</locationAttributeId>
            </org.openmrs.LocationAttribute>
          </attributes>
          <locationId>91</locationId>
          <parentLocation reference="10"/>
          <childLocations id="105"/>
          <tags id="106">
            <org.openmrs.LocationTag reference="27"/>
          </tags>
        </org.openmrs.Location>
        <org.openmrs.Location id="107" uuid="29437276-aeae-4ea8-8219-720886cdc87f">
          <name>Sal Izolman</name>
          <description>Isolation at Mirebalais Hospital</description>
          <creator/>
          <dateCreated id="108">2012-11-13 19:05:26</dateCreated>
          <retired>false</retired>
          <attributes id="109">
            <org.openmrs.LocationAttribute id="110" uuid="1f07a471-cd35-429d-a82b-7bff40650216">
              <creator/>
              <dateCreated id="111">2013-02-18 17:12:50</dateCreated>
              <voided>false</voided>
              <owner class="org.openmrs.Location" reference="107"/>
              <attributeType class="org.openmrs.LocationAttributeType" reference="2"/>
              <valueReference>M017</valueReference>
              <locationAttributeId>8</locationAttributeId>
            </org.openmrs.LocationAttribute>
          </attributes>
          <locationId>82</locationId>
          <parentLocation reference="10"/>
          <childLocations id="112"/>
          <tags id="113">
            <org.openmrs.LocationTag reference="36"/>
            <org.openmrs.LocationTag reference="43"/>
            <org.openmrs.LocationTag reference="27"/>
          </tags>
        </org.openmrs.Location>
        <org.openmrs.Location id="114" uuid="5fd9a9b6-a9af-47be-b5d8-f2d4239dfdc1">
          <name>Sal Reyabilitasyon</name>
          <description>Rehabilitation Ward</description>
          <creator/>
          <dateCreated id="115">2014-01-16 23:37:44</dateCreated>
          <retired>false</retired>
          <attributes id="116">
            <org.openmrs.LocationAttribute id="117" uuid="0b2d83a4-7c45-417e-a08c-1e46dea54c73">
              <creator/>
              <dateCreated id="118">2014-01-16 23:43:06</dateCreated>
              <voided>false</voided>
              <owner class="org.openmrs.Location" reference="114"/>
              <attributeType class="org.openmrs.LocationAttributeType" reference="2"/>
              <valueReference>M039</valueReference>
              <locationAttributeId>43</locationAttributeId>
            </org.openmrs.LocationAttribute>
          </attributes>
          <locationId>98</locationId>
          <parentLocation reference="10"/>
          <childLocations id="119"/>
          <tags id="120">
            <org.openmrs.LocationTag reference="39"/>
            <org.openmrs.LocationTag reference="27"/>
          </tags>
        </org.openmrs.Location>
        <org.openmrs.Location id="121" uuid="4f2d9af1-7eec-4228-bbd6-7b0774c6c267">
          <name>Dantis</name>
          <description>Dental clinic at Mirebalais Hospital (Dental Clinic).</description>
          <creator/>
          <dateCreated id="122">2012-11-13 15:14:40</dateCreated>
          <retired>false</retired>
          <attributes id="123">
            <org.openmrs.LocationAttribute id="124" uuid="41fec28b-dd0c-4011-be67-9ebca234ebfd">
              <creator/>
              <dateCreated id="125">2013-02-18 17:12:01</dateCreated>
              <voided>false</voided>
              <owner class="org.openmrs.Location" reference="121"/>
              <attributeType class="org.openmrs.LocationAttributeType" reference="2"/>
              <valueReference>M019</valueReference>
              <locationAttributeId>5</locationAttributeId>
            </org.openmrs.LocationAttribute>
          </attributes>
          <locationId>65</locationId>
          <parentLocation reference="10"/>
          <childLocations id="126"/>
          <tags id="127">
            <org.openmrs.LocationTag reference="36"/>
            <org.openmrs.LocationTag reference="39"/>
            <org.openmrs.LocationTag reference="43"/>
            <org.openmrs.LocationTag reference="25"/>
            <org.openmrs.LocationTag reference="27"/>
          </tags>
        </org.openmrs.Location>
        <org.openmrs.Location id="128" uuid="459c97ba-8d90-485d-8993-9540c55166f6">
          <name>Ijans Obsèvasyon</name>
          <description>Emergency observation room at Mirebalais Hospital (Ijans Obsèvasyon)</description>
          <creator/>
          <dateCreated id="129">2013-08-09 14:16:23</dateCreated>
          <retired>true</retired>
          <dateRetired id="130">2013-08-14 14:07:13</dateRetired>
          <retiredBy/>
          <retireReason>Not an actual location</retireReason>
          <attributes id="131"/>
          <locationId>94</locationId>
          <parentLocation reference="10"/>
          <childLocations id="132"/>
          <tags id="133">
            <org.openmrs.LocationTag reference="36"/>
          </tags>
        </org.openmrs.Location>
        <org.openmrs.Location id="134" resolves-to="org.openmrs.Location" uuid="2c93919d-7fc6-406d-a057-c0b640104790">
          <name>Sal Fanm</name>
          <description>Women’s Internal Medicine at Mirebalais Hospital (Inpatient ward for women)</description>
          <creator/>
          <dateCreated id="135">2013-05-16 13:09:31</dateCreated>
          <retired>false</retired>
          <attributes id="136">
            <org.openmrs.LocationAttribute id="137" uuid="9d6d04ad-35d9-4480-8989-3f1c4bdc7814">
              <creator/>
              <dateCreated id="138">2013-11-27 00:19:57</dateCreated>
              <changedBy/>
              <dateChanged id="139">2013-11-27 00:27:56</dateChanged>
              <voided>true</voided>
              <dateVoided id="140">2013-11-27 00:27:56</dateVoided>
              <voidedBy/>
              <owner class="org.openmrs.Location" reference="134"/>
              <attributeType class="org.openmrs.LocationAttributeType" reference="15"/>
              <valueReference>M026</valueReference>
              <locationAttributeId>30</locationAttributeId>
            </org.openmrs.LocationAttribute>
            <org.openmrs.LocationAttribute id="141" uuid="848120b5-a8ed-453d-b17c-3a1532f87e71">
              <creator/>
              <dateCreated id="142">2013-11-27 00:27:56</dateCreated>
              <voided>false</voided>
              <owner class="org.openmrs.Location" reference="134"/>
              <attributeType class="org.openmrs.LocationAttributeType" reference="15"/>
              <valueReference>M035</valueReference>
              <locationAttributeId>39</locationAttributeId>
            </org.openmrs.LocationAttribute>
          </attributes>
          <locationId>88</locationId>
          <parentLocation reference="10"/>
          <childLocations id="143">
            <org.openmrs.Location id="144" uuid="195d0af1-3887-4a28-a542-b832099fe3ee">
              <name>Sal Fanm B</name>
              <description>Women’s Internal Medicine B at Mirebalais Hospital (2nd Inpatient ward for women)</description>
              <creator/>
              <dateCreated id="145">2012-11-13 19:00:21</dateCreated>
              <retired>false</retired>
              <attributes id="146">
                <org.openmrs.LocationAttribute id="147" uuid="bdae8ec9-3ed0-4b93-a38b-0c61674aae8a">
                  <creator/>
                  <dateCreated id="148">2013-02-18 17:18:19</dateCreated>
                  <voided>false</voided>
                  <owner class="org.openmrs.Location" reference="144"/>
                  <attributeType class="org.openmrs.LocationAttributeType" reference="2"/>
                  <valueReference>M016</valueReference>
                  <locationAttributeId>25</locationAttributeId>
                </org.openmrs.LocationAttribute>
              </attributes>
              <locationId>69</locationId>
              <parentLocation reference="134"/>
              <childLocations id="149"/>
              <tags id="150">
                <org.openmrs.LocationTag reference="36"/>
                <org.openmrs.LocationTag reference="39"/>
                <org.openmrs.LocationTag reference="43"/>
              </tags>
            </org.openmrs.Location>
            <org.openmrs.Location id="151" uuid="8e4e930b-e801-44c5-8895-e7ef6feb6d73">
              <name>Sal Fanm A</name>
              <description>Women’s Internal Medicine A at Mirebalais Hospital (1st Inpatient ward for women)</description>
              <creator/>
              <dateCreated id="152">2012-11-13 19:00:00</dateCreated>
              <retired>false</retired>
              <attributes id="153">
                <org.openmrs.LocationAttribute id="154" uuid="4c7fe8b5-e965-4cd1-9021-dfa994c16838">
                  <creator/>
                  <dateCreated id="155">2013-02-18 17:18:10</dateCreated>
                  <voided>false</voided>
                  <owner class="org.openmrs.Location" reference="151"/>
                  <attributeType class="org.openmrs.LocationAttributeType" reference="2"/>
                  <valueReference>M026</valueReference>
                  <locationAttributeId>24</locationAttributeId>
                </org.openmrs.LocationAttribute>
              </attributes>
              <locationId>68</locationId>
              <parentLocation reference="134"/>
              <childLocations id="156"/>
              <tags id="157">
                <org.openmrs.LocationTag reference="36"/>
                <org.openmrs.LocationTag reference="39"/>
                <org.openmrs.LocationTag reference="43"/>
              </tags>
            </org.openmrs.Location>
          </childLocations>
          <tags id="158">
            <org.openmrs.LocationTag reference="36"/>
            <org.openmrs.LocationTag reference="39"/>
            <org.openmrs.LocationTag reference="43"/>
            <org.openmrs.LocationTag reference="25"/>
            <org.openmrs.LocationTag reference="27"/>
          </tags>
        </org.openmrs.Location>
        <org.openmrs.Location id="159" uuid="7d6cc39d-a600-496f-a320-fd4985f07f0b">
          <name>Sal Aprè Operayson</name>
          <description>Surgical Ward at Mirebalais Hospital (Surgery)</description>
          <creator/>
          <dateCreated id="160">2012-11-13 19:02:01</dateCreated>
          <retired>false</retired>
          <attributes id="161">
            <org.openmrs.LocationAttribute id="162" uuid="162c86a7-5918-4311-ae98-25708541e97f">
              <creator/>
              <dateCreated id="163">2013-02-18 17:17:29</dateCreated>
              <voided>false</voided>
              <owner class="org.openmrs.Location" reference="159"/>
              <attributeType class="org.openmrs.LocationAttributeType" reference="2"/>
              <valueReference>M025</valueReference>
              <locationAttributeId>22</locationAttributeId>
            </org.openmrs.LocationAttribute>
          </attributes>
          <locationId>73</locationId>
          <parentLocation reference="10"/>
          <childLocations id="164"/>
          <tags id="165">
            <org.openmrs.LocationTag reference="39"/>
            <org.openmrs.LocationTag reference="41"/>
            <org.openmrs.LocationTag reference="43"/>
            <org.openmrs.LocationTag reference="27"/>
          </tags>
        </org.openmrs.Location>
        <org.openmrs.Location id="166" uuid="e5db0599-89e8-44fa-bfa2-07e47d63546f">
          <name>Sal Gason</name>
          <description>Men’s Internal Medicine at Mirebalais Hospital (Inpatient ward for men)</description>
          <creator/>
          <dateCreated id="167">2013-05-16 13:12:35</dateCreated>
          <retired>false</retired>
          <attributes id="168">
            <org.openmrs.LocationAttribute id="169" uuid="27f73024-9317-4b37-bc79-82ccad31fced">
              <creator/>
              <dateCreated id="170">2013-11-27 00:28:13</dateCreated>
              <voided>false</voided>
              <owner class="org.openmrs.Location" reference="166"/>
              <attributeType class="org.openmrs.LocationAttributeType" reference="2"/>
              <valueReference>M036</valueReference>
              <locationAttributeId>40</locationAttributeId>
            </org.openmrs.LocationAttribute>
            <org.openmrs.LocationAttribute id="171" uuid="8b382e74-5f8d-4792-8dbc-7957c20aa88c">
              <creator/>
              <dateCreated id="172">2013-11-27 00:20:06</dateCreated>
              <changedBy/>
              <dateChanged id="173">2013-11-27 00:28:13</dateChanged>
              <voided>true</voided>
              <dateVoided id="174">2013-11-27 00:28:13</dateVoided>
              <voidedBy/>
              <owner class="org.openmrs.Location" reference="166"/>
              <attributeType class="org.openmrs.LocationAttributeType" reference="2"/>
              <valueReference>M027</valueReference>
              <locationAttributeId>31</locationAttributeId>
            </org.openmrs.LocationAttribute>
          </attributes>
          <locationId>89</locationId>
          <parentLocation reference="10"/>
          <childLocations id="175">
            <org.openmrs.Location id="176" uuid="3b6f010b-5d44-4ded-85b3-70ea7ba79fd5">
              <name>Sal Gason A</name>
              <description>Men’s Internal Medicine A at Mirebalais Hospital (1st Inpatient ward for men)</description>
              <creator/>
              <dateCreated id="177">2012-11-13 18:54:56</dateCreated>
              <retired>false</retired>
              <attributes id="178">
                <org.openmrs.LocationAttribute id="179" uuid="3d2220a6-2ed2-4f9d-a856-67f79ae9b1c9">
                  <creator/>
                  <dateCreated id="180">2013-02-18 17:13:59</dateCreated>
                  <voided>false</voided>
                  <owner class="org.openmrs.Location" reference="176"/>
                  <attributeType class="org.openmrs.LocationAttributeType" reference="2"/>
                  <valueReference>M020</valueReference>
                  <locationAttributeId>11</locationAttributeId>
                </org.openmrs.LocationAttribute>
              </attributes>
              <locationId>66</locationId>
              <parentLocation reference="166"/>
              <childLocations id="181"/>
              <tags id="182">
                <org.openmrs.LocationTag reference="36"/>
                <org.openmrs.LocationTag reference="39"/>
                <org.openmrs.LocationTag reference="43"/>
              </tags>
            </org.openmrs.Location>
            <org.openmrs.Location id="183" uuid="a296d225-0312-4ce5-836c-cb2d8e952f47">
              <name>Sal Gason B</name>
              <description>Men’s Internal Medicine B at Mirebalais Hospital (2nd Inpatient ward for men)</description>
              <creator/>
              <dateCreated id="184">2012-11-13 18:56:58</dateCreated>
              <retired>false</retired>
              <attributes id="185">
                <org.openmrs.LocationAttribute id="186" uuid="ec2b429b-6c73-4863-bd89-a6501d58d540">
                  <creator/>
                  <dateCreated id="187">2013-02-18 17:14:06</dateCreated>
                  <voided>false</voided>
                  <owner class="org.openmrs.Location" reference="183"/>
                  <attributeType class="org.openmrs.LocationAttributeType" reference="2"/>
                  <valueReference>M021</valueReference>
                  <locationAttributeId>12</locationAttributeId>
                </org.openmrs.LocationAttribute>
              </attributes>
              <locationId>67</locationId>
              <parentLocation reference="166"/>
              <childLocations id="188"/>
              <tags id="189">
                <org.openmrs.LocationTag reference="36"/>
                <org.openmrs.LocationTag reference="39"/>
                <org.openmrs.LocationTag reference="43"/>
              </tags>
            </org.openmrs.Location>
          </childLocations>
          <tags id="190">
            <org.openmrs.LocationTag reference="36"/>
            <org.openmrs.LocationTag reference="39"/>
            <org.openmrs.LocationTag reference="43"/>
            <org.openmrs.LocationTag reference="27"/>
          </tags>
        </org.openmrs.Location>
        <org.openmrs.Location id="191" uuid="ec9d2302-b525-45ce-bebe-42ea1d38b251">
          <name>Sal Aprè Operayson | Sante Fanm</name>
          <description>Post-op GYN at Mirebalais Hospital (Recovery after surgery related to gynecology)</description>
          <creator/>
          <dateCreated id="192">2012-11-13 19:04:27</dateCreated>
          <retired>false</retired>
          <attributes id="193">
            <org.openmrs.LocationAttribute id="194" uuid="afa2909f-2b68-4923-9c29-07e8d37a99a1">
              <creator/>
              <dateCreated id="195">2013-02-18 17:16:19</dateCreated>
              <voided>false</voided>
              <owner class="org.openmrs.Location" reference="191"/>
              <attributeType class="org.openmrs.LocationAttributeType" reference="2"/>
              <valueReference>M009</valueReference>
              <locationAttributeId>18</locationAttributeId>
            </org.openmrs.LocationAttribute>
          </attributes>
          <locationId>79</locationId>
          <parentLocation reference="10"/>
          <childLocations id="196"/>
          <tags id="197">
            <org.openmrs.LocationTag reference="36"/>
            <org.openmrs.LocationTag reference="43"/>
            <org.openmrs.LocationTag reference="27"/>
          </tags>
        </org.openmrs.Location>
        <org.openmrs.Location id="198" uuid="09af1ef5-d664-4c1f-a9e3-9c8d69bd77c4">
          <name>Planin Familyal</name>
          <description>Family Planning Clinic</description>
          <creator/>
          <dateCreated id="199">2014-01-30 19:54:00</dateCreated>
          <retired>false</retired>
          <attributes id="200"/>
          <locationId>99</locationId>
          <parentLocation reference="10"/>
          <childLocations id="201"/>
          <tags id="202">
            <org.openmrs.LocationTag reference="39"/>
            <org.openmrs.LocationTag reference="43"/>
            <org.openmrs.LocationTag reference="25"/>
            <org.openmrs.LocationTag reference="27"/>
          </tags>
        </org.openmrs.Location>
        <org.openmrs.Location id="203" uuid="dce85b2e-6946-4798-9037-d00f123df7bd">
          <name>Sante Kominotè</name>
          <description>Community Health clinic at Mirebalais Hospital (Community Health clinic).</description>
          <creator/>
          <dateCreated id="204">2012-11-13 14:14:25</dateCreated>
          <retired>false</retired>
          <attributes id="205">
            <org.openmrs.LocationAttribute id="206" uuid="0b70293d-0995-404c-924c-e4f54d6860b5">
              <creator/>
              <dateCreated id="207">2013-02-18 17:11:46</dateCreated>
              <voided>false</voided>
              <owner class="org.openmrs.Location" reference="203"/>
              <attributeType class="org.openmrs.LocationAttributeType" reference="2"/>
              <valueReference>M011</valueReference>
              <locationAttributeId>4</locationAttributeId>
            </org.openmrs.LocationAttribute>
          </attributes>
          <locationId>64</locationId>
          <parentLocation reference="10"/>
          <childLocations id="208"/>
          <tags id="209">
            <org.openmrs.LocationTag reference="39"/>
            <org.openmrs.LocationTag reference="43"/>
            <org.openmrs.LocationTag reference="25"/>
            <org.openmrs.LocationTag reference="27"/>
          </tags>
        </org.openmrs.Location>
        <org.openmrs.Location id="210" uuid="62a9500e-a1a5-4235-844f-3a8cc0765d53">
          <name>Swen Entansif Neonatal</name>
          <description>NICU at Mirebalais Hospital (Neonatal Intensive Care Unit)</description>
          <creator/>
          <dateCreated id="211">2012-11-13 19:03:14</dateCreated>
          <retired>false</retired>
          <attributes id="212">
            <org.openmrs.LocationAttribute id="213" uuid="f8eba8dc-8939-4c5e-a39b-110d833b86e6">
              <creator/>
              <dateCreated id="214">2013-02-18 17:14:41</dateCreated>
              <voided>false</voided>
              <owner class="org.openmrs.Location" reference="210"/>
              <attributeType class="org.openmrs.LocationAttributeType" reference="2"/>
              <valueReference>M014</valueReference>
              <locationAttributeId>13</locationAttributeId>
            </org.openmrs.LocationAttribute>
          </attributes>
          <locationId>76</locationId>
          <parentLocation reference="10"/>
          <childLocations id="215"/>
          <tags id="216">
            <org.openmrs.LocationTag reference="36"/>
            <org.openmrs.LocationTag reference="39"/>
            <org.openmrs.LocationTag reference="43"/>
            <org.openmrs.LocationTag reference="27"/>
          </tags>
        </org.openmrs.Location>
        <org.openmrs.Location id="217" uuid="787a2422-a7a2-400e-bdbb-5c54b2691af5">
          <name>Biwo Resepsyon</name>
          <description>Clinic Registration at Mirebalais Hospital</description>
          <creator/>
          <dateCreated id="218">2013-03-03 23:20:51</dateCreated>
          <retired>false</retired>
          <attributes id="219">
            <org.openmrs.LocationAttribute id="220" uuid="58b76638-90b2-4e23-b0d9-b63f11c49e79">
              <creator/>
              <dateCreated id="221">2013-03-03 23:22:40</dateCreated>
              <voided>false</voided>
              <owner class="org.openmrs.Location" reference="217"/>
              <attributeType class="org.openmrs.LocationAttributeType" reference="2"/>
              <valueReference>M029</valueReference>
              <locationAttributeId>28</locationAttributeId>
            </org.openmrs.LocationAttribute>
          </attributes>
          <locationId>87</locationId>
          <parentLocation reference="10"/>
          <childLocations id="222"/>
          <tags id="223">
            <org.openmrs.LocationTag reference="27"/>
          </tags>
        </org.openmrs.Location>
        <org.openmrs.Location id="224" uuid="41736d90-12f9-4c16-b5a1-5af170b7bf2a">
          <name>Sal Operasyon</name>
          <description>Operating Rooms at Mirebalais Hospital (all six operating rooms)</description>
          <creator/>
          <dateCreated id="225">2012-11-13 19:02:50</dateCreated>
          <retired>false</retired>
          <attributes id="226">
            <org.openmrs.LocationAttribute id="227" uuid="d08b49d0-be14-49bb-9319-02f4125834c8">
              <creator/>
              <dateCreated id="228">2013-02-18 17:14:56</dateCreated>
              <voided>false</voided>
              <owner class="org.openmrs.Location" reference="224"/>
              <attributeType class="org.openmrs.LocationAttributeType" reference="2"/>
              <valueReference>M015</valueReference>
              <locationAttributeId>14</locationAttributeId>
            </org.openmrs.LocationAttribute>
          </attributes>
          <locationId>75</locationId>
          <parentLocation reference="10"/>
          <childLocations id="229"/>
          <tags id="230">
            <org.openmrs.LocationTag reference="41"/>
            <org.openmrs.LocationTag reference="43"/>
            <org.openmrs.LocationTag reference="27"/>
          </tags>
        </org.openmrs.Location>
        <org.openmrs.Location id="231" uuid="8355ad15-c3c9-4471-a1e7-dc18b7983087">
          <name>Ijans Annatant</name>
          <description>Emergency boarding room at Mirebalais Hospital (Ijans Annatant)</description>
          <creator/>
          <dateCreated id="232">2013-08-09 14:15:27</dateCreated>
          <retired>true</retired>
          <dateRetired id="233">2014-08-29 18:24:45</dateRetired>
          <retiredBy/>
          <retireReason>no longer used</retireReason>
          <attributes id="234">
            <org.openmrs.LocationAttribute id="235" uuid="f170427f-8cc7-421e-bd52-350c3580ea90">
              <creator/>
              <dateCreated id="236">2013-11-27 00:20:48</dateCreated>
              <voided>false</voided>
              <owner class="org.openmrs.Location" reference="231"/>
              <attributeType class="org.openmrs.LocationAttributeType" reference="2"/>
              <valueReference>M030</valueReference>
              <locationAttributeId>34</locationAttributeId>
            </org.openmrs.LocationAttribute>
          </attributes>
          <locationId>93</locationId>
          <parentLocation reference="10"/>
          <childLocations id="237"/>
          <tags id="238">
            <org.openmrs.LocationTag reference="36"/>
          </tags>
        </org.openmrs.Location>
        <org.openmrs.Location id="239" uuid="d65eb8cf-d781-4ea8-9d9a-2b3e03c6074c">
          <name>Ijans | Sante Fanm</name>
          <description>Women’s Triage at Mirebalais Hospital</description>
          <creator/>
          <dateCreated id="240">2012-11-13 19:05:07</dateCreated>
          <retired>false</retired>
          <attributes id="241">
            <org.openmrs.LocationAttribute id="242" uuid="157c7f05-fa41-4ccb-a6cb-599d8c731aee">
              <creator/>
              <dateCreated id="243">2013-02-18 17:18:41</dateCreated>
              <voided>false</voided>
              <owner class="org.openmrs.Location" reference="239"/>
              <attributeType class="org.openmrs.LocationAttributeType" reference="2"/>
              <valueReference>M027</valueReference>
              <locationAttributeId>27</locationAttributeId>
            </org.openmrs.LocationAttribute>
          </attributes>
          <locationId>81</locationId>
          <parentLocation reference="10"/>
          <childLocations id="244"/>
          <tags id="245">
            <org.openmrs.LocationTag reference="39"/>
            <org.openmrs.LocationTag reference="43"/>
            <org.openmrs.LocationTag reference="27"/>
          </tags>
        </org.openmrs.Location>
        <org.openmrs.Location id="246" uuid="4ed8c0d3-8aed-4f80-96e8-55648abf51af">
          <name>Bank Pou San</name>
          <description>Blood Bank at Mirebalais Hospital</description>
          <creator/>
          <dateCreated id="247">2013-11-27 00:15:18</dateCreated>
          <retired>false</retired>
          <attributes id="248">
            <org.openmrs.LocationAttribute id="249" uuid="90307894-ec4a-4dad-bb00-d44f633e6e18">
              <creator/>
              <dateCreated id="250">2013-11-27 00:21:17</dateCreated>
              <voided>false</voided>
              <owner class="org.openmrs.Location" reference="246"/>
              <attributeType class="org.openmrs.LocationAttributeType" reference="2"/>
              <valueReference>M033</valueReference>
              <locationAttributeId>37</locationAttributeId>
            </org.openmrs.LocationAttribute>
          </attributes>
          <locationId>97</locationId>
          <parentLocation reference="10"/>
          <childLocations id="251"/>
          <tags id="252">
            <org.openmrs.LocationTag reference="27"/>
          </tags>
        </org.openmrs.Location>
        <org.openmrs.Location id="253" uuid="b6fcd85f-5995-43c9-875f-3bb2299087ff">
          <name>Swen Entansif</name>
          <description>ICU at Mirebalais Hospital (Intensive Care Unit)</description>
          <creator/>
          <dateCreated id="254">2012-11-13 19:01:37</dateCreated>
          <retired>false</retired>
          <attributes id="255">
            <org.openmrs.LocationAttribute id="256" uuid="8b13c4c2-8c44-4faa-b385-2734594a8d44">
              <creator/>
              <dateCreated id="257">2013-02-18 17:12:33</dateCreated>
              <voided>false</voided>
              <owner class="org.openmrs.Location" reference="253"/>
              <attributeType class="org.openmrs.LocationAttributeType" reference="2"/>
              <valueReference>M018</valueReference>
              <locationAttributeId>7</locationAttributeId>
            </org.openmrs.LocationAttribute>
          </attributes>
          <locationId>72</locationId>
          <parentLocation reference="10"/>
          <childLocations id="258"/>
          <tags id="259">
            <org.openmrs.LocationTag reference="36"/>
            <org.openmrs.LocationTag reference="43"/>
            <org.openmrs.LocationTag reference="27"/>
          </tags>
        </org.openmrs.Location>
        <org.openmrs.Location id="260" uuid="dc8413be-1075-48b5-9857-9bd4954686ed">
          <name>Chimyoterapi</name>
          <description>Chemotherapy at Mirebalais Hospital</description>
          <creator/>
          <dateCreated id="261">2013-07-24 13:36:44</dateCreated>
          <retired>false</retired>
          <attributes id="262">
            <org.openmrs.LocationAttribute id="263" uuid="7df84969-3685-4894-84aa-17b58ad93a94">
              <creator/>
              <dateCreated id="264">2013-11-27 00:29:26</dateCreated>
              <voided>false</voided>
              <owner class="org.openmrs.Location" reference="260"/>
              <attributeType class="org.openmrs.LocationAttributeType" reference="2"/>
              <valueReference>M038</valueReference>
              <locationAttributeId>42</locationAttributeId>
            </org.openmrs.LocationAttribute>
            <org.openmrs.LocationAttribute id="265" uuid="8c20c565-d8b0-4345-9e32-22c58e6b8100">
              <creator/>
              <dateCreated id="266">2013-11-27 00:20:25</dateCreated>
              <changedBy/>
              <dateChanged id="267">2013-11-27 00:29:26</dateChanged>
              <voided>true</voided>
              <dateVoided id="268">2013-11-27 00:29:26</dateVoided>
              <voidedBy/>
              <owner class="org.openmrs.Location" reference="260"/>
              <attributeType class="org.openmrs.LocationAttributeType" reference="2"/>
              <valueReference>M029</valueReference>
              <locationAttributeId>33</locationAttributeId>
            </org.openmrs.LocationAttribute>
          </attributes>
          <locationId>92</locationId>
          <parentLocation reference="10"/>
          <childLocations id="269"/>
          <tags id="270">
            <org.openmrs.LocationTag reference="39"/>
            <org.openmrs.LocationTag reference="43"/>
            <org.openmrs.LocationTag reference="25"/>
            <org.openmrs.LocationTag reference="27"/>
          </tags>
        </org.openmrs.Location>
        <org.openmrs.Location id="271" uuid="dcfefcb7-163b-47e5-84ae-f715cf3e0e92">
          <name>Travay e Akouchman</name>
          <description>Labor and Delivery at Mirebalais Hospital (Births)</description>
          <creator/>
          <dateCreated id="272">2012-11-13 19:04:45</dateCreated>
          <retired>false</retired>
          <attributes id="273">
            <org.openmrs.LocationAttribute id="274" uuid="54750c8b-d979-4d3b-bd1d-57830009e064">
              <creator/>
              <dateCreated id="275">2013-02-18 17:13:09</dateCreated>
              <voided>false</voided>
              <owner class="org.openmrs.Location" reference="271"/>
              <attributeType class="org.openmrs.LocationAttributeType" reference="2"/>
              <valueReference>M023</valueReference>
              <locationAttributeId>9</locationAttributeId>
            </org.openmrs.LocationAttribute>
          </attributes>
          <locationId>80</locationId>
          <parentLocation reference="10"/>
          <childLocations id="276"/>
          <tags id="277">
            <org.openmrs.LocationTag reference="36"/>
            <org.openmrs.LocationTag reference="39"/>
            <org.openmrs.LocationTag reference="43"/>
            <org.openmrs.LocationTag reference="27"/>
          </tags>
        </org.openmrs.Location>
        <org.openmrs.Location id="278" uuid="c9ab4c5c-0a8a-4375-b986-f23c163b2f69">
          <name>Sal Timoun</name>
          <description>Pediatrics at Mirebalais Hospital (Inpatient ward for children)</description>
          <creator/>
          <dateCreated id="279">2013-05-16 13:14:54</dateCreated>
          <retired>false</retired>
          <attributes id="280">
            <org.openmrs.LocationAttribute id="281" uuid="ebaa5b54-7405-4c99-a877-afdb8e199df4">
              <creator/>
              <dateCreated id="282">2013-11-27 00:29:09</dateCreated>
              <voided>false</voided>
              <owner class="org.openmrs.Location" reference="278"/>
              <attributeType class="org.openmrs.LocationAttributeType" reference="2"/>
              <valueReference>M037</valueReference>
              <locationAttributeId>41</locationAttributeId>
            </org.openmrs.LocationAttribute>
            <org.openmrs.LocationAttribute id="283" uuid="1fcb462b-ef11-4ca5-9692-0b6fc1aae2cc">
              <creator/>
              <dateCreated id="284">2013-11-27 00:20:20</dateCreated>
              <changedBy/>
              <dateChanged id="285">2013-11-27 00:29:09</dateChanged>
              <voided>true</voided>
              <dateVoided id="286">2013-11-27 00:29:09</dateVoided>
              <voidedBy/>
              <owner class="org.openmrs.Location" reference="278"/>
              <attributeType class="org.openmrs.LocationAttributeType" reference="2"/>
              <valueReference>M028</valueReference>
              <locationAttributeId>32</locationAttributeId>
            </org.openmrs.LocationAttribute>
          </attributes>
          <locationId>90</locationId>
          <parentLocation reference="10"/>
          <childLocations id="287">
            <org.openmrs.Location id="288" uuid="e752ec51-5633-489f-aef1-01f285c03f38">
              <name>Sal Timoun B</name>
              <description>Pediatrics B at Mirebalais Hospital (2nd Inpatient ward for children)</description>
              <creator/>
              <dateCreated id="289">2012-11-13 19:01:13</dateCreated>
              <retired>false</retired>
              <attributes id="290">
                <org.openmrs.LocationAttribute id="291" uuid="24f2c381-2aa9-44cf-aeca-165d7d0196e8">
                  <creator/>
                  <dateCreated id="292">2013-02-18 17:15:51</dateCreated>
                  <voided>false</voided>
                  <owner class="org.openmrs.Location" reference="288"/>
                  <attributeType class="org.openmrs.LocationAttributeType" reference="2"/>
                  <valueReference>M022</valueReference>
                  <locationAttributeId>17</locationAttributeId>
                </org.openmrs.LocationAttribute>
              </attributes>
              <locationId>71</locationId>
              <parentLocation reference="278"/>
              <childLocations id="293"/>
              <tags id="294">
                <org.openmrs.LocationTag reference="36"/>
                <org.openmrs.LocationTag reference="39"/>
                <org.openmrs.LocationTag reference="43"/>
              </tags>
            </org.openmrs.Location>
            <org.openmrs.Location id="295" uuid="e4ae2d28-d57c-42ba-b7aa-f6fcac421b2c">
              <name>Sal Timoun A</name>
              <description>Pediatrics A at Mirebalais Hospital (1st Inpatient ward for children)</description>
              <creator/>
              <dateCreated id="296">2012-11-13 19:00:46</dateCreated>
              <retired>false</retired>
              <attributes id="297">
                <org.openmrs.LocationAttribute id="298" uuid="d5827677-9adf-48b2-b6fa-e769af037873">
                  <creator/>
                  <dateCreated id="299">2013-02-18 17:15:36</dateCreated>
                  <voided>false</voided>
                  <owner class="org.openmrs.Location" reference="295"/>
                  <attributeType class="org.openmrs.LocationAttributeType" reference="2"/>
                  <valueReference>M012</valueReference>
                  <locationAttributeId>16</locationAttributeId>
                </org.openmrs.LocationAttribute>
              </attributes>
              <locationId>70</locationId>
              <parentLocation reference="278"/>
              <childLocations id="300"/>
              <tags id="301">
                <org.openmrs.LocationTag reference="36"/>
                <org.openmrs.LocationTag reference="39"/>
                <org.openmrs.LocationTag reference="43"/>
              </tags>
            </org.openmrs.Location>
          </childLocations>
          <tags id="302">
            <org.openmrs.LocationTag reference="36"/>
            <org.openmrs.LocationTag reference="39"/>
            <org.openmrs.LocationTag reference="27"/>
          </tags>
        </org.openmrs.Location>
        <org.openmrs.Location id="303" uuid="be50d584-26b2-4371-8768-2b9565742b3b">
          <name>Achiv Santral</name>
          <description>Central Archives room at Mirebalais Hospital</description>
          <creator/>
          <dateCreated id="304">2013-01-10 18:18:04</dateCreated>
          <retired>false</retired>
          <attributes id="305">
            <org.openmrs.LocationAttribute id="306" uuid="2705ac66-949e-461a-8f73-ea087ea28bb0">
              <creator/>
              <dateCreated id="307">2013-02-18 17:10:52</dateCreated>
              <voided>false</voided>
              <owner class="org.openmrs.Location" reference="303"/>
              <attributeType class="org.openmrs.LocationAttributeType" reference="2"/>
              <valueReference>M028</valueReference>
              <locationAttributeId>3</locationAttributeId>
            </org.openmrs.LocationAttribute>
          </attributes>
          <locationId>86</locationId>
          <parentLocation reference="10"/>
          <childLocations id="308"/>
          <tags id="309">
            <org.openmrs.LocationTag reference="27"/>
          </tags>
        </org.openmrs.Location>
        <org.openmrs.Location id="310" uuid="0198d2c3-9c08-45b6-88df-cbb60446ef00">
          <name>Laboratwa Ekstèn pou Fanm</name>
          <description>Women’s Outpatient Laboratory at Mirebalais Hospital</description>
          <creator/>
          <dateCreated id="311">2012-11-13 19:06:18</dateCreated>
          <retired>false</retired>
          <attributes id="312">
            <org.openmrs.LocationAttribute id="313" uuid="5d82d626-27a4-42f8-898c-236426810e40">
              <creator/>
              <dateCreated id="314">2013-02-18 17:18:32</dateCreated>
              <voided>false</voided>
              <owner class="org.openmrs.Location" reference="310"/>
              <attributeType class="org.openmrs.LocationAttributeType" reference="2"/>
              <valueReference>M024</valueReference>
              <locationAttributeId>26</locationAttributeId>
            </org.openmrs.LocationAttribute>
          </attributes>
          <locationId>84</locationId>
          <parentLocation reference="10"/>
          <childLocations id="315"/>
          <tags id="316">
            <org.openmrs.LocationTag reference="25"/>
            <org.openmrs.LocationTag reference="27"/>
          </tags>
        </org.openmrs.Location>
        <org.openmrs.Location reference="5"/>
      </childLocations>
      <tags id="317"/>
    </parentLocation>
    <childLocations id="318"/>
    <tags id="319">
      <org.openmrs.LocationTag reference="36"/>
      <org.openmrs.LocationTag reference="39"/>
      <org.openmrs.LocationTag reference="43"/>
      <org.openmrs.LocationTag reference="27"/>
    </tags>
  </org.openmrs.Location>
  <org.openmrs.Location reference="10"/>
  <org.openmrs.Location reference="151"/>
  <org.openmrs.Location reference="29"/>
  <org.openmrs.Location reference="246"/>
  <org.openmrs.Location reference="271"/>
  <org.openmrs.Location reference="159"/>
  <org.openmrs.Location reference="121"/>
  <org.openmrs.Location reference="18"/>
  <org.openmrs.Location reference="75"/>
  <org.openmrs.Location reference="253"/>
  <org.openmrs.Location reference="114"/>
  <org.openmrs.Location reference="260"/>
  <org.openmrs.Location reference="198"/>
  <org.openmrs.Location reference="88"/>
  <org.openmrs.Location reference="203"/>
  <org.openmrs.Location reference="191"/>
  <org.openmrs.Location reference="107"/>
  <org.openmrs.Location reference="217"/>
  <org.openmrs.Location reference="144"/>
  <org.openmrs.Location reference="45"/>
  <org.openmrs.Location reference="51"/>
  <org.openmrs.Location reference="278"/>
  <org.openmrs.Location reference="166"/>
  <org.openmrs.Location id="320" uuid="23e7bb0d-51f9-4d5f-b34b-2fbbfeea1960">
    <name>Lacolline</name>
    <description>Lacolline</description>
    <creator/>
    <dateCreated id="321">2012-01-24 14:53:28</dateCreated>
    <retired>false</retired>
    <attributes id="322"/>
    <locationId>57</locationId>
    <country>Haiti</country>
    <childLocations id="323"/>
    <tags id="324"/>
  </org.openmrs.Location>
  <org.openmrs.Location reference="176"/>
  <org.openmrs.Location reference="59"/>
  <org.openmrs.Location reference="224"/>
  <org.openmrs.Location reference="183"/>
  <org.openmrs.Location reference="134"/>
  <org.openmrs.Location reference="66"/>
  <org.openmrs.Location reference="82"/>
  <org.openmrs.Location reference="210"/>
  <org.openmrs.Location reference="295"/>
  <org.openmrs.Location reference="239"/>
  <org.openmrs.Location reference="288"/>
  <org.openmrs.Location reference="96"/>
  <org.openmrs.Location reference="310"/>
  <org.openmrs.LocationTag reference="43"/>
  <org.openmrs.LocationTag id="325" uuid="0967d73d-f3c9-492b-abed-356478610a94">
    <name>Visit Location</name>
    <description>Visits are only allowed to happen at locations tagged with this location tag or at locations that descend from a location tagged with this tag.</description>
    <creator/>
    <dateCreated id="326">2012-10-23 16:13:45</dateCreated>
    <retired>false</retired>
    <locationTagId>2</locationTagId>
  </org.openmrs.LocationTag>
  <org.openmrs.LocationTag id="327" uuid="84864264-5fda-4626-b22f-4b690b7279f3">
    <name>Outpatient Transfer Location</name>
    <description>An outpatient location within the hospital that an outpatient can be transferred to</description>
    <creator/>
    <dateCreated id="328">2014-05-20 18:59:50</dateCreated>
    <retired>false</retired>
    <locationTagId>12</locationTagId>
  </org.openmrs.LocationTag>
  <org.openmrs.LocationTag reference="36"/>
  <org.openmrs.LocationTag reference="39"/>
  <org.openmrs.LocationTag reference="27"/>
  <org.openmrs.LocationTag id="329" uuid="160a6e45-9274-4dd8-abf7-e46af8cbb41a">
    <name>Inpatient Transfer Location</name>
    <description>An inpatient location within the hospital that an inpatient can be transferred to</description>
    <creator/>
    <dateCreated id="330">2014-05-20 18:58:42</dateCreated>
    <retired>false</retired>
    <locationTagId>11</locationTagId>
  </org.openmrs.LocationTag>
  <org.openmrs.LocationTag id="331" uuid="9783aba6-df7b-4969-be6e-1e03e7a08965">
    <name>Transfer Location</name>
    <description>Patients may only be transfer to inpatient care in a location with this tag</description>
    <creator/>
    <dateCreated id="332">2013-05-28 17:37:05</dateCreated>
    <retired>false</retired>
    <locationTagId>5</locationTagId>
  </org.openmrs.LocationTag>
  <org.openmrs.LocationTag reference="25"/>
  <org.openmrs.LocationTag id="333" uuid="71c99f93-bc0c-4a44-b573-a7ac096ff636">
    <name>Medical Record Location</name>
    <description>Notes that this location is a valid identifier location for an identifier that references a paper medical record</description>
    <creator/>
    <dateCreated id="334">2012-10-09 19:01:33</dateCreated>
    <retired>false</retired>
    <locationTagId>1</locationTagId>
  </org.openmrs.LocationTag>
  <org.openmrs.LocationTag reference="41"/>
</list>
