<?xml version="1.0" encoding="UTF-8"?>
<list id="1">
  <org.openmrs.module.htmlformentry.HtmlForm id="2" uuid="59166690-b88b-4cbd-92f7-31fb037bf2dc">
    <creator/>
    <dateCreated id="3">2015-08-06 17:00:13</dateCreated>
    <changedBy/>
    <dateChanged id="4">2015-08-06 19:51:46</dateChanged>
    <retired>false</retired>
    <id>86</id>
    <form id="5" resolves-to="org.openmrs.Form" uuid="8bb13d24-e341-42e6-84ef-8fb73d1fce82">
      <name>NCD consult</name>
      <description>Non-communicable disease consult for University Hospital at Mirebalais and Gene Kwan.</description>
      <creator/>
      <dateCreated id="6">2015-08-06 17:00:13</dateCreated>
      <retired>false</retired>
      <formId>215</formId>
      <version>1.0</version>
      <published>false</published>
      <encounterType id="7" resolves-to="org.openmrs.EncounterType" uuid="ae06d311-1866-455b-8a64-126a9bd74171">
        <name>NCD visit</name>
        <description>Non-communicable disease visit</description>
        <creator/>
        <dateCreated id="8">2015-08-06 16:59:36</dateCreated>
        <retired>false</retired>
        <encounterTypeId>46</encounterTypeId>
      </encounterType>
      <formFields id="9"/>
    </form>
    <xmlData>&lt;!--&#xd;
  ~ The contents of this file are subject to the OpenMRS Public License&#xd;
  ~ Version 1.0 (the &quot;License&quot;); you may not use this file except in&#xd;
  ~ compliance with the License. You may obtain a copy of the License at&#xd;
  ~ http//license.openmrs.org&#xd;
  ~&#xd;
  ~ Software distributed under the License is distributed on an &quot;AS IS&quot;&#xd;
  ~ basis, WITHOUT WARRANTY OF ANY KIND, either express or implied. See the&#xd;
  ~ License for the specific language governing rights and limitations&#xd;
  ~ under the License.&#xd;
  ~&#xd;
  ~ Copyright (C) OpenMRS, LLC.  All Rights Reserved.&#xd;
  --&gt;&#xd;
&#xd;
&lt;htmlform id=&quot;ncd-consult-note&quot; class=&quot;simple-form-ui&quot; formUuid=&quot;8bb13d24-e341-42e6-84ef-8fb73d1fce82&quot;&#xd;
          htmlformUuid=&quot;59166690-b88b-4cbd-92f7-31fb037bf2dc&quot;&#xd;
          formName=&quot;NCD Consult Note&quot;&#xd;
          formEncounterType=&quot;ae06d311-1866-455b-8a64-126a9bd74171&quot; formVersion=&quot;1.0&quot;&gt;&#xd;
&#xd;
    &lt;translations defaultLocale=&quot;fr&quot;&gt;&#xd;
        &lt;code name=&quot;ncd_consult&quot;&gt;&#xd;
            &lt;variant locale=&quot;en&quot; value=&quot;NCD Consult&quot;/&gt;&#xd;
            &lt;variant locale=&quot;fr&quot; value=&quot;Consultation d&apos;NCD&quot;/&gt;&#xd;
        &lt;/code&gt;&#xd;
    &lt;/translations&gt;&#xd;
&#xd;
    &lt;style type=&quot;text/css&quot;&gt;&#xd;
&#xd;
        #who-when-where {&#xd;
        margin-bottom: 6px;&#xd;
        border-bottom: 1px solid #ccc;&#xd;
        }&#xd;
&#xd;
        #who-when-where p {&#xd;
        display: inline-block;&#xd;
        padding-right: 20px;&#xd;
        }&#xd;
&#xd;
        #where &gt; input[type=text] {&#xd;
        display: inline-block;&#xd;
        }&#xd;
&#xd;
        .narrow {&#xd;
        width: 200px;&#xd;
        }&#xd;
&#xd;
        .field-error {&#xd;
        color: #ff6666;&#xd;
        font-size: 1.1em;&#xd;
        display: block;&#xd;
        }&#xd;
&#xd;
        .column {&#xd;
        float: left;&#xd;
        width: 50%&#xd;
        }&#xd;
&#xd;
        .simple-form-ui input {&#xd;
        min-width: 80%&#xd;
        }&#xd;
&#xd;
        form fieldset {&#xd;
        min-width: 90%&#xd;
        }&#xd;
&#xd;
        #encounterDate input {&#xd;
        min-width: 15%&#xd;
        }&#xd;
&#xd;
        textarea {&#xd;
        overflow-y: hidden; /* fixes scrollbar flash - kudos to @brettjonesdev */&#xd;
        padding-top: 1.1em; /* fixes text jump on Enter keypress */&#xd;
        }&#xd;
&#xd;
        @media print {&#xd;
        .print-form-datestamps { display: block !important }&#xd;
        button.cancel, button.submit { display: none }&#xd;
        label { font-weight: bold }&#xd;
        label[for] { font-weight: normal } /* refers to the radio set label */&#xd;
        }&#xd;
&#xd;
        .half-size-text {&#xd;
        color: #ff6666;&#xd;
        font-size: 50%;&#xd;
        display: block;&#xd;
        }&#xd;
&#xd;
        #treatment_outcomes input[type=&quot;checkbox&quot;] {&#xd;
        margin: 12px 0 0 0 ;&#xd;
        }&#xd;
&#xd;
    &lt;/style&gt;&#xd;
&#xd;
    &lt;script type=&quot;text/javascript&quot;&gt;&#xd;
&#xd;
        jq(function() {&#xd;
&#xd;
        // make text areas expand based on content (this allows us to avoid scrollbars and thereby facilitate printing)&#xd;
        jq(&apos;#post-op-surgical-note&apos;).on( &apos;keyup&apos;, &apos;textarea&apos;, function (){&#xd;
        jq(this).height( 0 );&#xd;
        jq(this).height( this.scrollHeight );&#xd;
        });&#xd;
&#xd;
        jq(&apos;#post-op-surgical-note&apos;).find( &apos;textarea&apos; ).keyup();&#xd;
&#xd;
        });&#xd;
&#xd;
    &lt;/script&gt;&#xd;
&#xd;
    &lt;div class=&quot;print-form-datestamps&quot; style=&quot;display:none&quot;&gt;&#xd;
        &lt;p&gt;&lt;uimessage code=&quot;created_on&quot;/&gt;:&#xd;
            &lt;lookup complexExpression=&quot;$form.dateCreated&quot;/&gt;&#xd;
        &lt;/p&gt;&#xd;
        &lt;p&gt;&lt;uimessage code=&quot;last_updated_on&quot;/&gt;:&#xd;
            &lt;lookup complexExpression=&quot;$form.dateChanged&quot;/&gt;&#xd;
        &lt;/p&gt;&#xd;
        &lt;p&gt;&lt;uimessage code=&quot;printed_on&quot;/&gt;:&#xd;
            &lt;lookup complexExpression=&quot;$formGeneratedDatetime&quot;/&gt;&#xd;
        &lt;/p&gt;&#xd;
    &lt;/div&gt;&#xd;
&#xd;
    &lt;ifMode mode=&quot;VIEW&quot; include=&quot;false&quot;&gt;&#xd;
        &lt;h2&gt;&#xd;
            &lt;label&gt;&#xd;
                &lt;uimessage code=&quot;oncology_consult&quot;/&gt;&#xd;
            &lt;/label&gt;&#xd;
        &lt;/h2&gt;&#xd;
&#xd;
        &lt;!-- users with retroConsultNote privilege can edit provider, location, and date for both retro and active visits --&gt;&#xd;
        &lt;includeIf velocityTest=&quot;$user.hasPrivilege(&apos;Task: emr.retroConsultNote&apos;)&quot;&gt;&#xd;
            &lt;div id=&quot;who-when-where&quot;&gt;&#xd;
                &lt;p id=&quot;who&quot;&gt;&#xd;
                    &lt;label&gt;&#xd;
                        &lt;uimessage code=&quot;emr.patientDashBoard.providerRequired&quot;/&gt;&#xd;
                    &lt;/label&gt;&#xd;
                    &lt;span&gt;&#xd;
                        &lt;encounterProviderAndRole default=&quot;currentUser&quot;&#xd;
                                                  encounterRole=&quot;4f10ad1a-ec49-48df-98c7-1391c6ac7f05&quot; required=&quot;true&quot;/&gt;&#xd;
                    &lt;/span&gt;&#xd;
                &lt;/p&gt;&#xd;
                &lt;p id=&quot;where&quot;&gt;&#xd;
                    &lt;label&gt;&#xd;
                        &lt;uimessage code=&quot;emr.locationRequired&quot;/&gt;&#xd;
                    &lt;/label&gt;&#xd;
                    &lt;span&gt;&#xd;
                        &lt;encounterLocation default=&quot;SessionAttribute:emrContext.sessionLocationId&quot;&#xd;
                                           tags=&quot;Consult Note Location&quot;/&gt;&#xd;
                    &lt;/span&gt;&#xd;
                &lt;/p&gt;&#xd;
                &lt;p id=&quot;when&quot;&gt;&#xd;
                    &lt;label&gt;&#xd;
                        &lt;uimessage code=&quot;emr.patientDashBoard.date&quot;/&gt;&#xd;
                    &lt;/label&gt;&#xd;
                    &lt;span&gt;&#xd;
                        &lt;encounterDate id=&quot;encounterDate&quot; default=&quot;now&quot;/&gt;&#xd;
                    &lt;/span&gt;&#xd;
                &lt;/p&gt;&#xd;
            &lt;/div&gt;&#xd;
        &lt;/includeIf&gt;&#xd;
        &lt;!-- users with retroConsultNoteThisProviderOnly can edit location and date (but not provider) for retro visits --&gt;&#xd;
        &lt;includeIf&#xd;
                velocityTest=&quot;$user.hasPrivilege(&apos;Task: emr.retroConsultNoteThisProviderOnly&apos;) and !($user.hasPrivilege(&apos;Task: emr.retroConsultNote&apos;)) and (!$visit.open)&quot;&gt;&#xd;
            &lt;div style=&quot;display:none&quot;&gt;&#xd;
                &lt;encounterProviderAndRole default=&quot;currentUser&quot; encounterRole=&quot;4f10ad1a-ec49-48df-98c7-1391c6ac7f05&quot;&#xd;
                                          required=&quot;true&quot;/&gt;&#xd;
            &lt;/div&gt;&#xd;
&#xd;
            &lt;div id=&quot;who-when-where&quot;&gt;&#xd;
                &lt;p id=&quot;who&quot;&gt;&#xd;
                    &lt;label&gt;&#xd;
                        &lt;uimessage code=&quot;emr.patientDashBoard.provider&quot;/&gt;&#xd;
                    &lt;/label&gt;&#xd;
                    &lt;span&gt;&#xd;
                        &lt;lookup expression=&quot;user.person.personName&quot;/&gt;&#xd;
                    &lt;/span&gt;&#xd;
                &lt;/p&gt;&#xd;
                &lt;p id=&quot;where&quot;&gt;&#xd;
                    &lt;label&gt;&#xd;
                        &lt;uimessage code=&quot;emr.locationRequired&quot;/&gt;&#xd;
                    &lt;/label&gt;&#xd;
                    &lt;span&gt;&#xd;
                        &lt;encounterLocation default=&quot;SessionAttribute:emrContext.sessionLocationId&quot;&#xd;
                                           tags=&quot;Consult Note Location&quot;/&gt;&#xd;
                    &lt;/span&gt;&#xd;
                &lt;/p&gt;&#xd;
                &lt;p id=&quot;when&quot;&gt;&#xd;
                    &lt;label&gt;&#xd;
                        &lt;uimessage code=&quot;emr.patientDashBoard.date&quot;/&gt;&#xd;
                    &lt;/label&gt;&#xd;
                    &lt;span&gt;&#xd;
                        &lt;encounterDate id=&quot;encounterDate&quot; default=&quot;now&quot;/&gt;&#xd;
                    &lt;/span&gt;&#xd;
                &lt;/p&gt;&#xd;
            &lt;/div&gt;&#xd;
&#xd;
        &lt;/includeIf&gt;&#xd;
        &lt;!-- all users that don&apos;t have retroConsultNote privilege cannot edit provider, location or date when active visit --&gt;&#xd;
        &lt;includeIf velocityTest=&quot;(!$user.hasPrivilege(&apos;Task: emr.retroConsultNote&apos;)) and ($visit.open)&quot;&gt;&#xd;
            &lt;div style=&quot;display:none&quot;&gt;&#xd;
                &lt;encounterProviderAndRole default=&quot;currentUser&quot; encounterRole=&quot;4f10ad1a-ec49-48df-98c7-1391c6ac7f05&quot;&#xd;
                                          required=&quot;true&quot;/&gt;&#xd;
                &lt;encounterLocation default=&quot;SessionAttribute:emrContext.sessionLocationId&quot;/&gt;&#xd;
                &lt;encounterDate id=&quot;encounterDate&quot; default=&quot;now&quot;/&gt;&#xd;
            &lt;/div&gt;&#xd;
            &lt;div id=&quot;who-when-where&quot;&gt;&#xd;
                &lt;table id=&quot;who-where-when-view&quot;&gt;&#xd;
                    &lt;tr&gt;&#xd;
                        &lt;td&gt;&#xd;
                            &lt;label&gt;&#xd;
                                &lt;uimessage code=&quot;emr.patientDashBoard.provider&quot;/&gt;&#xd;
                            &lt;/label&gt;&#xd;
                            &lt;span&gt;&#xd;
                                &lt;lookup complexExpression=&quot;#if($encounter) $ui.format($encounter.provider) #else $ui.format($user.person) #end&quot;/&gt;&#xd;
                            &lt;/span&gt;&#xd;
                        &lt;/td&gt;&#xd;
                        &lt;td&gt;&#xd;
                            &lt;label&gt;&#xd;
                                &lt;uimessage code=&quot;emr.location&quot;/&gt;&#xd;
                            &lt;/label&gt;&#xd;
                            &lt;span&gt;&#xd;
                                &lt;lookup complexExpression=&quot;#if($encounter) $ui.format($encounter.location) #else $ui.format($sessionContext.sessionLocation) #end&quot;/&gt;&#xd;
                            &lt;/span&gt;&#xd;
                        &lt;/td&gt;&#xd;
                        &lt;td&gt;&#xd;
                            &lt;label&gt;&#xd;
                                &lt;uimessage code=&quot;emr.patientDashBoard.date&quot;/&gt;&#xd;
                            &lt;/label&gt;&#xd;
                            &lt;span&gt;&#xd;
                                &lt;lookup complexExpression=&quot;#if($encounter) $ui.format($fn.startOfDay($encounter.encounterDatetime)) #else $ui.format($fn.startOfDay($formGeneratedDatetime)) #end&quot;/&gt;&#xd;
                            &lt;/span&gt;&#xd;
                        &lt;/td&gt;&#xd;
                    &lt;/tr&gt;&#xd;
                &lt;/table&gt;&#xd;
            &lt;/div&gt;&#xd;
        &lt;/includeIf&gt;&#xd;
    &lt;/ifMode&gt;&#xd;
&#xd;
    &lt;section id=&quot;ncd_info&quot; sectionTag=&quot;fieldset&quot; headerTag=&quot;legend&quot; headerStyle=&quot;title&quot; headerCode=&quot;pihcore.ncd.info&quot;&gt;&#xd;
        &lt;p&gt;&#xd;
            &lt;label&gt;&#xd;
                &lt;uimessage code=&quot;info&quot;/&gt;&#xd;
            &lt;/label&gt;&#xd;
        &lt;/p&gt;&#xd;
    &lt;/section&gt;&#xd;
&#xd;
    &lt;section id=&quot;ncd_vitals&quot; sectionTag=&quot;fieldset&quot; headerTag=&quot;legend&quot; headerStyle=&quot;title&quot; headerCode=&quot;pihcore.ncd.vitals&quot;&gt;&#xd;
        &lt;p&gt;&#xd;
            &lt;label&gt;&#xd;
                &lt;uimessage code=&quot;waist_circum&quot;/&gt;&#xd;
            &lt;/label&gt;&#xd;
&#xd;
            &lt;label&gt;&#xd;
                &lt;uimessage code=&quot;hip_circum&quot;/&gt;&#xd;
            &lt;/label&gt;&#xd;
&#xd;
            &lt;label&gt;&#xd;
                &lt;uimessage code=&quot;waist_hip_ratio&quot; /&gt;&#xd;
                &lt;!-- ToDo: Calculate? Ask Gene --&gt;&#xd;
            &lt;/label&gt;&#xd;
        &lt;/p&gt;&#xd;
    &lt;/section&gt;&#xd;
&#xd;
    &lt;section id=&quot;heart_failure&quot; sectionTag=&quot;fieldset&quot; headerTag=&quot;legend&quot; headerStyle=&quot;title&quot; headerCode=&quot;pihcore.ncd.heart_failure&quot;&gt;&#xd;
        &lt;p&gt;&#xd;
            &lt;label&gt;&#xd;
                &lt;uimessage code=&quot;pihcore.ncd.hf.nyha&quot;/&gt;&#xd;
            &lt;/label&gt;&#xd;
        &lt;/p&gt;&#xd;
        &lt;p&gt;&#xd;
            &lt;label&gt;&#xd;
                &lt;uimessage code=&quot;vol_status&quot;/&gt;&#xd;
            &lt;/label&gt;&#xd;
        &lt;/p&gt;&#xd;
    &lt;/section&gt;&#xd;
&#xd;
    &lt;section id=&quot;diabetes&quot; sectionTag=&quot;fieldset&quot; headerTag=&quot;legend&quot; headerStyle=&quot;title&quot; headerCode=&quot;pihcore.ncd.diabetes&quot;&gt;&#xd;
        &lt;p&gt;&#xd;
            &lt;label&gt;&#xd;
                &lt;uimessage code=&quot;fasting_glucose&quot;/&gt;&#xd;
            &lt;/label&gt;&#xd;
        &lt;/p&gt;&#xd;
        &lt;p&gt;&#xd;
            &lt;label&gt;&#xd;
                &lt;uimessage code=&quot;hypoglycemia_symptoms&quot;/&gt;&#xd;
            &lt;/label&gt;&#xd;
        &lt;/p&gt;&#xd;
    &lt;/section&gt;&#xd;
&#xd;
    &lt;section id=&quot;respire&quot; sectionTag=&quot;fieldset&quot; headerTag=&quot;legend&quot; headerStyle=&quot;title&quot; headerCode=&quot;pihcore.ncd.resp&quot;&gt;&#xd;
        &lt;p&gt;&#xd;
            &lt;label&gt;&#xd;
                &lt;uimessage code=&quot;current_meds&quot;/&gt;&#xd;
            &lt;/label&gt;&#xd;
        &lt;/p&gt;&#xd;
    &lt;/section&gt;&#xd;
&#xd;
    &lt;section id=&quot;epilepsy&quot; sectionTag=&quot;fieldset&quot; headerTag=&quot;legend&quot; headerStyle=&quot;title&quot; headerCode=&quot;pihcore.ncd.epil&quot;&gt;&#xd;
        &lt;p&gt;&#xd;
            &lt;label&gt;&#xd;
                &lt;uimessage code=&quot;current_meds&quot;/&gt;&#xd;
            &lt;/label&gt;&#xd;
        &lt;/p&gt;&#xd;
    &lt;/section&gt;&#xd;
&#xd;
    &lt;section id=&quot;ncd_plan&quot; sectionTag=&quot;fieldset&quot; headerTag=&quot;legend&quot; headerStyle=&quot;title&quot; headerCode=&quot;pihcore.ncd.plan&quot;&gt;&#xd;
        &lt;p&gt;&#xd;
            &lt;label&gt;&#xd;
                &lt;uimessage code=&quot;pihcore.ncd.plan&quot;/&gt;&#xd;
            &lt;/label&gt;&#xd;
        &lt;/p&gt;&#xd;
    &lt;/section&gt;&#xd;
&#xd;
    &lt;section id=&quot;meds&quot; sectionTag=&quot;fieldset&quot; headerTag=&quot;legend&quot; headerStyle=&quot;title&quot; headerCode=&quot;pihcore.ncd.meds&quot;&gt;&#xd;
        &lt;p&gt;&#xd;
            &lt;label&gt;&#xd;
                &lt;uimessage code=&quot;current_meds&quot;/&gt;&#xd;
            &lt;/label&gt;&#xd;
        &lt;/p&gt;&#xd;
    &lt;/section&gt;&#xd;
&#xd;
    &lt;ifMode mode=&quot;VIEW&quot; include=&quot;false&quot;&gt;&#xd;
        &lt;div id=&quot;buttons&quot;&gt;&#xd;
            &lt;submit submitClass=&quot;confirm right&quot; submitCode=&quot;mirebalais.save&quot;/&gt;&#xd;
            &lt;button type=&quot;button&quot; class=&quot;cancel&quot;&gt;&#xd;
                &lt;uimessage code=&quot;emr.cancel&quot;/&gt;&#xd;
            &lt;/button&gt;&#xd;
        &lt;/div&gt;&#xd;
    &lt;/ifMode&gt;&#xd;
&#xd;
&lt;/htmlform&gt;</xmlData>
    <dependencies class="set" id="10">
      <org.openmrs.LocationTag id="11" uuid="dea8febf-0bbe-4111-8152-a9cf7df622b6">
        <name>Consult Note Location</name>
        <description>A location where a consult note can be written</description>
        <creator/>
        <dateCreated id="12">2013-10-30 18:31:02</dateCreated>
        <retired>false</retired>
        <locationTagId>6</locationTagId>
      </org.openmrs.LocationTag>
      <org.openmrs.EncounterRole id="13" uuid="4f10ad1a-ec49-48df-98c7-1391c6ac7f05">
        <name>Consulting Clinician</name>
        <description>Clinician who is primarily responsible for examining and diagnosing a patient</description>
        <creator/>
        <dateCreated id="14">2013-02-21 01:10:42</dateCreated>
        <retired>false</retired>
        <encounterRoleId>8</encounterRoleId>
      </org.openmrs.EncounterRole>
    </dependencies>
  </org.openmrs.module.htmlformentry.HtmlForm>
</list>
