<?xml version="1.0" encoding="UTF-8"?>
<list id="1">
  <org.openmrs.Role id="2" uuid="5da08e21-efd6-497c-9ef5-d50d7e33a63a">
    <description>pharmacist</description>
    <retired>false</retired>
    <role>Application Role: pharmacist</role>
    <privileges id="3">
      <org.openmrs.Privilege id="4" uuid="cc9bcfd5-2bc8-489f-85a7-fbd65e5a8293">
        <description>Ability to dispense medicine.</description>
        <retired>false</retired>
        <privilege>Task: mirebalais.dispensing</privilege>
      </org.openmrs.Privilege>
      <org.openmrs.Privilege id="5" uuid="769a12c2-6ff0-42ba-888e-52e66ed16fb7">
        <description>Access to dispensing medication app.</description>
        <retired>false</retired>
        <privilege>App: dispensing.app.dispense</privilege>
      </org.openmrs.Privilege>
    </privileges>
    <inheritedRoles id="6"/>
    <childRoles id="7"/>
  </org.openmrs.Role>
  <org.openmrs.Role id="8" uuid="95aa33ce-2715-4f49-9d1e-22c2163f7f5d">
    <description>All API-privileges</description>
    <retired>false</retired>
    <role>Privilege Level: Full</role>
    <privileges id="9">
      <org.openmrs.Privilege id="10" uuid="1513c8d6-15f5-102d-96e4-000c29c2a5d7">
        <description>Able to delete patients from programs</description>
        <retired>false</retired>
        <privilege>Delete Patient Programs</privilege>
      </org.openmrs.Privilege>
      <org.openmrs.Privilege id="11" uuid="1513c700-15f5-102d-96e4-000c29c2a5d7">
        <description>Able to delete orders</description>
        <retired>false</retired>
        <privilege>Delete Orders</privilege>
      </org.openmrs.Privilege>
      <org.openmrs.Privilege id="12" uuid="15140080-15f5-102d-96e4-000c29c2a5d7">
        <description>Able to add/edit/delete forms</description>
        <retired>false</retired>
        <privilege>Manage Forms</privilege>
      </org.openmrs.Privilege>
      <org.openmrs.Privilege id="13" uuid="15146250-15f5-102d-96e4-000c29c2a5d7">
        <description>Able to view user privileges</description>
        <retired>false</retired>
        <privilege>View Privileges</privilege>
      </org.openmrs.Privilege>
      <org.openmrs.Privilege id="14" uuid="15144608-15f5-102d-96e4-000c29c2a5d7">
        <description>Allows the user to view the formentry archive</description>
        <retired>false</retired>
        <privilege>View FormEntry Archive</privilege>
      </org.openmrs.Privilege>
      <org.openmrs.Privilege id="15" uuid="1513d7ea-15f5-102d-96e4-000c29c2a5d7">
        <description>Able to edit orders</description>
        <retired>false</retired>
        <privilege>Edit Orders</privilege>
      </org.openmrs.Privilege>
      <org.openmrs.Privilege id="16" uuid="44139560-c60c-47c9-ae56-7a8fa3a5b7ef">
        <description>Allows sql scripts for reporting and other area.</description>
        <retired>false</retired>
        <privilege>SQL Level Access</privilege>
      </org.openmrs.Privilege>
      <org.openmrs.Privilege id="17" uuid="15142a6a-15f5-102d-96e4-000c29c2a5d7">
        <description>Able to purge field types</description>
        <retired>false</retired>
        <privilege>Purge Field Types</privilege>
      </org.openmrs.Privilege>
      <org.openmrs.Privilege id="18" uuid="15142eca-15f5-102d-96e4-000c29c2a5d7">
        <description>Able to view concept proposals to the system</description>
        <retired>false</retired>
        <privilege>View Concept Proposals</privilege>
      </org.openmrs.Privilege>
      <org.openmrs.Privilege id="19" uuid="c5a569ca-7d29-4d48-945c-6158c2507639">
        <description>This privilege will give a user access to the Patient Lookup Task in the Patient Registration module</description>
        <retired>false</retired>
        <privilege>Patient Registration Task - patientLookup</privilege>
      </org.openmrs.Privilege>
      <org.openmrs.Privilege id="20" uuid="15147ac4-15f5-102d-96e4-000c29c2a5d7">
        <description>Able to view users in OpenMRS</description>
        <retired>false</retired>
        <privilege>View Users</privilege>
      </org.openmrs.Privilege>
      <org.openmrs.Privilege id="21" uuid="c8c5482c-6da8-461d-9ee2-ffe9640c490e">
        <description>Add/Edit/Remove Cohort Definitions</description>
        <retired>false</retired>
        <privilege>Manage Cohort Definitions</privilege>
      </org.openmrs.Privilege>
      <org.openmrs.Privilege id="22" uuid="1513f1ee-15f5-102d-96e4-000c29c2a5d7">
        <description>Able to edit reports</description>
        <retired>false</retired>
        <privilege>Edit Reports</privilege>
      </org.openmrs.Privilege>
      <org.openmrs.Privilege id="23" uuid="1513afcc-15f5-102d-96e4-000c29c2a5d7">
        <description>Able to remove concepts from the dictionary.</description>
        <retired>false</retired>
        <privilege>Delete Concepts</privilege>
      </org.openmrs.Privilege>
      <org.openmrs.Privilege id="24" uuid="564df453-1ba9-45f0-8d22-563827f56d38">
        <description>Allows access to viewing historical patient (if user has view patients right) and supervisee information on the provider management dashboard</description>
        <retired>false</retired>
        <privilege>Provider Management Dashboard - View Historical</privilege>
      </org.openmrs.Privilege>
      <org.openmrs.Privilege id="25" uuid="1513fb08-15f5-102d-96e4-000c29c2a5d7">
        <description>Able to add/edit/delete concept sources</description>
        <retired>false</retired>
        <privilege>Manage Concept Sources</privilege>
      </org.openmrs.Privilege>
      <org.openmrs.Privilege id="26" uuid="f3d868ca-b0be-4285-8150-b1228fcb72ec">
        <description>Able to view database changes from the admin screen</description>
        <retired>false</retired>
        <privilege>View Database Changes</privilege>
      </org.openmrs.Privilege>
      <org.openmrs.Privilege id="27" uuid="1513fce8-15f5-102d-96e4-000c29c2a5d7">
        <description>Able to add/edit/delete encounter types</description>
        <retired>false</retired>
        <privilege>Manage Encounter Types</privilege>
      </org.openmrs.Privilege>
      <org.openmrs.Privilege id="28" uuid="398b5974-ca27-48ad-9e18-8a094d3a40ed">
        <description>Able to update an HL7 Source</description>
        <retired>false</retired>
        <privilege>Update HL7 Source</privilege>
      </org.openmrs.Privilege>
      <org.openmrs.Privilege id="29" uuid="1514452c-15f5-102d-96e4-000c29c2a5d7">
        <description>Able to view field types</description>
        <retired>false</retired>
        <privilege>View Field Types</privilege>
      </org.openmrs.Privilege>
      <org.openmrs.Privilege id="30" uuid="fe61cc22-80f5-4432-8dfd-717d3647a390">
        <description>Remove allergies</description>
        <retired>false</retired>
        <privilege>Remove Allergies</privilege>
      </org.openmrs.Privilege>
      <org.openmrs.Privilege id="31" uuid="151475e2-15f5-102d-96e4-000c29c2a5d7">
        <description>Able to view relationships</description>
        <retired>false</retired>
        <privilege>View Relationships</privilege>
      </org.openmrs.Privilege>
      <org.openmrs.Privilege id="32" uuid="1513a612-15f5-102d-96e4-000c29c2a5d7">
        <description>Able to add patients to programs</description>
        <retired>false</retired>
        <privilege>Add Patient Programs</privilege>
      </org.openmrs.Privilege>
      <org.openmrs.Privilege id="33" uuid="15144cb6-15f5-102d-96e4-000c29c2a5d7">
        <description>Able to view global properties on the administration screen</description>
        <retired>false</retired>
        <privilege>View Global Properties</privilege>
      </org.openmrs.Privilege>
      <org.openmrs.Privilege id="34" uuid="1513a068-15f5-102d-96e4-000c29c2a5d7">
        <description>Allows a user to add a formentry error item</description>
        <retired>false</retired>
        <privilege>Add FormEntry Error</privilege>
      </org.openmrs.Privilege>
      <org.openmrs.Privilege id="35" uuid="1513c44e-15f5-102d-96e4-000c29c2a5d7">
        <description>Allows the user to delete formentry queue items</description>
        <retired>false</retired>
        <privilege>Delete FormEntry Queue</privilege>
      </org.openmrs.Privilege>
      <org.openmrs.Privilege id="36" uuid="1513d45c-15f5-102d-96e4-000c29c2a5d7">
        <description>Allows a user to edit a formentry error item</description>
        <retired>false</retired>
        <privilege>Edit FormEntry Error</privilege>
      </org.openmrs.Privilege>
      <org.openmrs.Privilege id="37" uuid="15144f5e-15f5-102d-96e4-000c29c2a5d7">
        <description>Ability to see the navigation menu</description>
        <retired>false</retired>
        <privilege>View Navigation Menu</privilege>
      </org.openmrs.Privilege>
      <org.openmrs.Privilege id="38" uuid="85170b09-5a17-4acb-b38f-f3f07ed046e4">
        <description>Allows creation and editing of user-defined rules</description>
        <retired>false</retired>
        <privilege>Manage Rule Definitions</privilege>
      </org.openmrs.Privilege>
      <org.openmrs.Privilege id="39" uuid="151421d2-15f5-102d-96e4-000c29c2a5d7">
        <description>Able to add/edit/delete user roles</description>
        <retired>false</retired>
        <privilege>Manage Roles</privilege>
      </org.openmrs.Privilege>
      <org.openmrs.Privilege id="40" uuid="fe2a128c-59aa-49c0-84de-ff5c5c608c33">
        <description>Add/Edit/Remove Data Set Definitions</description>
        <retired>false</retired>
        <privilege>Manage Data Set Definitions</privilege>
      </org.openmrs.Privilege>
      <org.openmrs.Privilege id="41" uuid="8d1dd68a-e987-4bb0-89ec-4b5af2bf9286">
        <description>Able to view encounter roles</description>
        <retired>false</retired>
        <privilege>View Encounter Roles</privilege>
      </org.openmrs.Privilege>
      <org.openmrs.Privilege id="42" uuid="f40945eb-6626-40b1-93a6-52d8b14663c9">
        <description>Able to update an HL7 archive item</description>
        <retired>false</retired>
        <privilege>Update HL7 Inbound Archive</privilege>
      </org.openmrs.Privilege>
      <org.openmrs.Privilege id="43" uuid="151416a6-15f5-102d-96e4-000c29c2a5d7">
        <description>Able to add/edit/retire order types</description>
        <retired>false</retired>
        <privilege>Manage Order Types</privilege>
      </org.openmrs.Privilege>
      <org.openmrs.Privilege id="44" uuid="15140332-15f5-102d-96e4-000c29c2a5d7">
        <description>Able to add/edit/delete patient identifier types</description>
        <retired>false</retired>
        <privilege>Manage Identifier Types</privilege>
      </org.openmrs.Privilege>
      <org.openmrs.Privilege id="45" uuid="15141a52-15f5-102d-96e4-000c29c2a5d7">
        <description>Able to add/edit/delete privileges</description>
        <retired>false</retired>
        <privilege>Manage Privileges</privilege>
      </org.openmrs.Privilege>
      <org.openmrs.Privilege id="46" uuid="1513e974-15f5-102d-96e4-000c29c2a5d7">
        <description>Able to edit patient identifiers</description>
        <retired>false</retired>
        <privilege>Edit Patient Identifiers</privilege>
      </org.openmrs.Privilege>
      <org.openmrs.Privilege id="47" uuid="1513caa2-15f5-102d-96e4-000c29c2a5d7">
        <description>Able to delete objects</description>
        <retired>false</retired>
        <privilege>Delete People</privilege>
      </org.openmrs.Privilege>
      <org.openmrs.Privilege id="48" uuid="15141dea-15f5-102d-96e4-000c29c2a5d7">
        <description>Base privilege for add/edit/delete reporting definitions. This gives access to the administrative menus, but you need to grant additional privileges to manage each specific type of reporting definition</description>
        <retired>false</retired>
        <privilege>Manage Reports</privilege>
      </org.openmrs.Privilege>
      <org.openmrs.Privilege id="49" uuid="1513aa72-15f5-102d-96e4-000c29c2a5d7">
        <description>Able to add reports</description>
        <retired>false</retired>
        <privilege>Add Reports</privilege>
      </org.openmrs.Privilege>
      <org.openmrs.Privilege id="50" uuid="1513f3ec-15f5-102d-96e4-000c29c2a5d7">
        <description>Able to edit users in OpenMRS</description>
        <retired>false</retired>
        <privilege>Edit Users</privilege>
      </org.openmrs.Privilege>
      <org.openmrs.Privilege id="51" uuid="f0edfbb3-aa48-43e6-a151-0834f02806dd">
        <description>Remove problems</description>
        <retired>false</retired>
        <privilege>Remove Problems</privilege>
      </org.openmrs.Privilege>
      <org.openmrs.Privilege id="52" uuid="15146340-15f5-102d-96e4-000c29c2a5d7">
        <description>Able to view patient programs</description>
        <retired>false</retired>
        <privilege>View Programs</privilege>
      </org.openmrs.Privilege>
      <org.openmrs.Privilege id="53" uuid="ecddc1dd-1a06-4c58-9af6-1e2355fc9d2e">
        <description>Allows registering and removal of tokens</description>
        <retired>false</retired>
        <privilege>Manage Tokens</privilege>
      </org.openmrs.Privilege>
      <org.openmrs.Privilege id="54" uuid="cf581286-cd6a-472d-9994-d0639b44bb15">
        <description>Able to view an HL7 archive item</description>
        <retired>false</retired>
        <privilege>View HL7 Inbound Archive</privilege>
      </org.openmrs.Privilege>
      <org.openmrs.Privilege id="55" uuid="151474e8-15f5-102d-96e4-000c29c2a5d7">
        <description>Able to view relationship types</description>
        <retired>false</retired>
        <privilege>View Relationship Types</privilege>
      </org.openmrs.Privilege>
      <org.openmrs.Privilege id="56" uuid="985bebfb-5bb4-48a6-bbae-043ce2568b69">
        <description>Able to delete visits</description>
        <retired>false</retired>
        <privilege>Delete Visits</privilege>
      </org.openmrs.Privilege>
      <org.openmrs.Privilege id="57" uuid="1514239e-15f5-102d-96e4-000c29c2a5d7">
        <description>Able to view the &apos;Demographics&apos; tab on the patient dashboard</description>
        <retired>false</retired>
        <privilege>Patient Dashboard - View Demographics Section</privilege>
      </org.openmrs.Privilege>
      <org.openmrs.Privilege id="58" uuid="1513a6ee-15f5-102d-96e4-000c29c2a5d7">
        <description>Able to add patients</description>
        <retired>false</retired>
        <privilege>Add Patients</privilege>
      </org.openmrs.Privilege>
      <org.openmrs.Privilege id="59" uuid="0297bb67-ade6-4b3d-a808-764de9d0c43f">
        <description>Able to add an HL7 error item</description>
        <retired>false</retired>
        <privilege>Add HL7 Inbound Exception</privilege>
      </org.openmrs.Privilege>
      <org.openmrs.Privilege id="60" uuid="02143fb6-03da-46a1-aa1b-77ac5822fbe9">
        <description>Able to add/edit/retire concept map types</description>
        <retired>false</retired>
        <privilege>Manage Concept Map Types</privilege>
      </org.openmrs.Privilege>
      <org.openmrs.Privilege id="61" uuid="151415c0-15f5-102d-96e4-000c29c2a5d7">
        <description>Able to add/remove modules to the system</description>
        <retired>false</retired>
        <privilege>Manage Modules</privilege>
      </org.openmrs.Privilege>
      <org.openmrs.Privilege id="62" uuid="1513feaa-15f5-102d-96e4-000c29c2a5d7">
        <description>Allows users to manage form exports</description>
        <retired>false</retired>
        <privilege>Manage Form Exports</privilege>
      </org.openmrs.Privilege>
      <org.openmrs.Privilege id="63" uuid="15139f78-15f5-102d-96e4-000c29c2a5d7">
        <description>Allows the user to add the formentry archive</description>
        <retired>false</retired>
        <privilege>Add FormEntry Archive</privilege>
      </org.openmrs.Privilege>
      <org.openmrs.Privilege id="64" uuid="15141b38-15f5-102d-96e4-000c29c2a5d7">
        <description>Able to add/view/delete patient programs</description>
        <retired>false</retired>
        <privilege>Manage Programs</privilege>
      </org.openmrs.Privilege>
      <org.openmrs.Privilege id="65" uuid="1513f306-15f5-102d-96e4-000c29c2a5d7">
        <description>Able to change the passwords of users in OpenMRS</description>
        <retired>false</retired>
        <privilege>Edit User Passwords</privilege>
      </org.openmrs.Privilege>
      <org.openmrs.Privilege id="66" uuid="1513c17e-15f5-102d-96e4-000c29c2a5d7">
        <description>Able to delete patient encounters</description>
        <retired>false</retired>
        <privilege>Delete Encounters</privilege>
      </org.openmrs.Privilege>
      <org.openmrs.Privilege id="67" uuid="39cefe04-0e89-4725-93dd-dc3766c310f6">
        <description>Add/Edit/Remove Report Designs</description>
        <retired>false</retired>
        <privilege>Manage Report Designs</privilege>
      </org.openmrs.Privilege>
      <org.openmrs.Privilege id="68" uuid="1514560c-15f5-102d-96e4-000c29c2a5d7">
        <description>Able to view patient cohorts</description>
        <retired>false</retired>
        <privilege>View Patient Cohorts</privilege>
      </org.openmrs.Privilege>
      <org.openmrs.Privilege id="69" uuid="15142d08-15f5-102d-96e4-000c29c2a5d7">
        <description>Able to view concept classes</description>
        <retired>false</retired>
        <privilege>View Concept Classes</privilege>
      </org.openmrs.Privilege>
      <org.openmrs.Privilege id="70" uuid="1513f69e-15f5-102d-96e4-000c29c2a5d7">
        <description>Allows user to access Form Entry pages/functions</description>
        <retired>false</retired>
        <privilege>Form Entry</privilege>
      </org.openmrs.Privilege>
      <org.openmrs.Privilege id="71" uuid="ad2c0f4a-b501-497c-97ae-2d0b924527c8">
        <description>Allows access to viewing patient information on the provider management dashboard</description>
        <retired>false</retired>
        <privilege>Provider Management Dashboard - View Patients</privilege>
      </org.openmrs.Privilege>
      <org.openmrs.Privilege id="72" uuid="1513f5cc-15f5-102d-96e4-000c29c2a5d7">
        <description>Show find-patient shortcut on homepage</description>
        <retired>false</retired>
        <privilege>Find Patient Shortcut</privilege>
      </org.openmrs.Privilege>
      <org.openmrs.Privilege id="73" uuid="8bde8305-589e-4805-8118-c85365b6d902">
        <description>Able to view the &apos;Visits&apos; tab on the patient dashboard</description>
        <retired>false</retired>
        <privilege>Patient Dashboard - View Visits Section</privilege>
      </org.openmrs.Privilege>
      <org.openmrs.Privilege id="74" uuid="6b1567b7-3f8c-441b-b8bb-28abad549d43">
        <description>This privilege will give a user access to the Emergency Check-In Task in the Patient Registration module</description>
        <retired>false</retired>
        <privilege>Patient Registration Task - edCheckIn</privilege>
      </org.openmrs.Privilege>
      <org.openmrs.Privilege id="75" uuid="15142786-15f5-102d-96e4-000c29c2a5d7">
        <description>Able to view the &apos;Overview&apos; tab on the patient dashboard</description>
        <retired>false</retired>
        <privilege>Patient Dashboard - View Overview Section</privilege>
      </org.openmrs.Privilege>
      <org.openmrs.Privilege id="76" uuid="151476dc-15f5-102d-96e4-000c29c2a5d7">
        <description>Able to view report objects</description>
        <retired>false</retired>
        <privilege>View Report Objects</privilege>
      </org.openmrs.Privilege>
      <org.openmrs.Privilege id="77" uuid="1513ef46-15f5-102d-96e4-000c29c2a5d7">
        <description>Able to edit person objects</description>
        <retired>false</retired>
        <privilege>Edit People</privilege>
      </org.openmrs.Privilege>
      <org.openmrs.Privilege id="78" uuid="15141962-15f5-102d-96e4-000c29c2a5d7">
        <description>Able to add/edit/delete person attribute types</description>
        <retired>false</retired>
        <privilege>Manage Person Attribute Types</privilege>
      </org.openmrs.Privilege>
      <org.openmrs.Privilege id="79" uuid="96a446f5-49ba-4832-a499-4ad068b9cde2">
        <description>Able to run reports</description>
        <retired>false</retired>
        <privilege>Run Reports</privilege>
      </org.openmrs.Privilege>
      <org.openmrs.Privilege id="80" uuid="151477d6-15f5-102d-96e4-000c29c2a5d7">
        <description>Able to view reports</description>
        <retired>false</retired>
        <privilege>View Reports</privilege>
      </org.openmrs.Privilege>
      <org.openmrs.Privilege id="81" uuid="1513ab58-15f5-102d-96e4-000c29c2a5d7">
        <description>Able to add users to OpenMRS</description>
        <retired>false</retired>
        <privilege>Add Users</privilege>
      </org.openmrs.Privilege>
      <org.openmrs.Privilege id="82" uuid="a22359fb-5121-4065-a3a1-1abfd7ea4ed5">
        <description>Manage Task Scheduling in Reporting Module</description>
        <retired>false</retired>
        <privilege>Manage Scheduled Report Tasks</privilege>
      </org.openmrs.Privilege>
      <org.openmrs.Privilege id="83" uuid="03be3a1b-f1e3-4456-afaf-297a14a6d31a">
        <description>Able to add/edit/retire encounter roles</description>
        <retired>false</retired>
        <privilege>Manage Encounter Roles</privilege>
      </org.openmrs.Privilege>
      <org.openmrs.Privilege id="84" uuid="72b4b0cb-1f6f-4653-b9ce-c398f3a0b67c">
        <description>Add/Edit/Remove Indicator Definitions</description>
        <retired>false</retired>
        <privilege>Manage Indicator Definitions</privilege>
      </org.openmrs.Privilege>
      <org.openmrs.Privilege id="85" uuid="1513fa18-15f5-102d-96e4-000c29c2a5d7">
        <description>Able to add/edit/retire concept datatypes</description>
        <retired>false</retired>
        <privilege>Manage Concept Datatypes</privilege>
      </org.openmrs.Privilege>
      <org.openmrs.Privilege id="86" uuid="151457f6-15f5-102d-96e4-000c29c2a5d7">
        <description>Able to see which programs that patients are in</description>
        <retired>false</retired>
        <privilege>View Patient Programs</privilege>
      </org.openmrs.Privilege>
      <org.openmrs.Privilege id="87" uuid="0f3a32d8-baea-4ed3-a357-3ad217616d92">
        <description>Able to add/edit/retire reference terms</description>
        <retired>false</retired>
        <privilege>Manage Concept Reference Terms</privilege>
      </org.openmrs.Privilege>
      <org.openmrs.Privilege id="88" uuid="15144072-15f5-102d-96e4-000c29c2a5d7">
        <description>Able to view concept sources</description>
        <retired>false</retired>
        <privilege>View Concept Sources</privilege>
      </org.openmrs.Privilege>
      <org.openmrs.Privilege id="89" uuid="405e24b6-b9f8-49c6-b87a-b51257c0baee">
        <description>Able to update an HL7 Queue item</description>
        <retired>false</retired>
        <privilege>Update HL7 Inbound Queue</privilege>
      </org.openmrs.Privilege>
      <org.openmrs.Privilege id="90" uuid="15141d04-15f5-102d-96e4-000c29c2a5d7">
        <description>Able to add/edit/delete relationships</description>
        <retired>false</retired>
        <privilege>Manage Relationships</privilege>
      </org.openmrs.Privilege>
      <org.openmrs.Privilege id="91" uuid="56d35ae5-6e1f-4feb-9e50-961955e0f6e2">
        <description>This privilege will give a user access editing custom message translations</description>
        <retired>false</retired>
        <privilege>Manage Custom Messages</privilege>
      </org.openmrs.Privilege>
      <org.openmrs.Privilege id="92" uuid="5927290d-f535-4d1b-aa25-3cf0ad932b0c">
        <description>Able to choose encounter visit handler and enable/disable encounter visits</description>
        <retired>false</retired>
        <privilege>Configure Visits</privilege>
      </org.openmrs.Privilege>
      <org.openmrs.Privilege id="93" uuid="6f73aa0c-446f-4c75-8f20-c388a71c1b52">
        <description>Able to view allergies</description>
        <retired>false</retired>
        <privilege>View Allergies</privilege>
      </org.openmrs.Privilege>
      <org.openmrs.Privilege id="94" uuid="d20ed66c-1357-489f-9fb9-efe93ba5e2bf">
        <description>Allows access to editing patient information on the provider management dashboard</description>
        <retired>false</retired>
        <privilege>Provider Management Dashboard - Edit Patients</privilege>
      </org.openmrs.Privilege>
      <org.openmrs.Privilege id="95" uuid="edc87903-c08a-499d-9858-1c188bd2a14c">
        <description>Able to view concept map types</description>
        <retired>false</retired>
        <privilege>View Concept Map Types</privilege>
      </org.openmrs.Privilege>
      <org.openmrs.Privilege id="96" uuid="15145508-15f5-102d-96e4-000c29c2a5d7">
        <description>Able to view orders</description>
        <retired>false</retired>
        <privilege>View Orders</privilege>
      </org.openmrs.Privilege>
      <org.openmrs.Privilege id="97" uuid="15145404-15f5-102d-96e4-000c29c2a5d7">
        <description>Able to view order types</description>
        <retired>false</retired>
        <privilege>View Order Types</privilege>
      </org.openmrs.Privilege>
      <org.openmrs.Privilege id="98" uuid="db744c05-fcbd-47bf-8f35-636cdecd5a96">
        <description>Able to add an HL7 archive item</description>
        <retired>false</retired>
        <privilege>Add HL7 Inbound Archive</privilege>
      </org.openmrs.Privilege>
      <org.openmrs.Privilege id="99" uuid="4c4565a2-7ac6-42df-8281-6efcb2dd8b9a">
        <description>Add problems</description>
        <retired>false</retired>
        <privilege>Add Problems</privilege>
      </org.openmrs.Privilege>
      <org.openmrs.Privilege id="100" uuid="0bb2182a-d290-4adc-a382-38321973dab2">
        <description>Allows user add, edit, and remove identifier sources</description>
        <retired>false</retired>
        <privilege>Manage Identifier Sources</privilege>
      </org.openmrs.Privilege>
      <org.openmrs.Privilege id="101" uuid="ea7eb9af-c0b4-4b3e-a144-9dc891de9e2e">
        <description>Able to view visits</description>
        <retired>false</retired>
        <privilege>View Visits</privilege>
      </org.openmrs.Privilege>
      <org.openmrs.Privilege id="102" uuid="1514443c-15f5-102d-96e4-000c29c2a5d7">
        <description>Able to view patient encounters</description>
        <retired>false</retired>
        <privilege>View Encounters</privilege>
      </org.openmrs.Privilege>
      <org.openmrs.Privilege id="103" uuid="1513f022-15f5-102d-96e4-000c29c2a5d7">
        <description>Able to edit relationships</description>
        <retired>false</retired>
        <privilege>Edit Relationships</privilege>
      </org.openmrs.Privilege>
      <org.openmrs.Privilege id="104" uuid="1513cb7e-15f5-102d-96e4-000c29c2a5d7">
        <description>Able to delete relationships</description>
        <retired>false</retired>
        <privilege>Delete Relationships</privilege>
      </org.openmrs.Privilege>
      <org.openmrs.Privilege id="105" uuid="e15f55c7-aaf2-4429-bd69-fa44651a11bc">
        <description>Allows access to admin pages of the provider management module</description>
        <retired>false</retired>
        <privilege>Provider Management - Admin</privilege>
      </org.openmrs.Privilege>
      <org.openmrs.Privilege id="106" uuid="15142b46-15f5-102d-96e4-000c29c2a5d7">
        <description>Allows user to upload/overwrite the XSNs defined for forms</description>
        <retired>false</retired>
        <privilege>Upload XSN</privilege>
      </org.openmrs.Privilege>
      <org.openmrs.Privilege id="107" uuid="4d86e993-5e70-4ae2-a74e-91a86eee2ad6">
        <description>Allows access to all provider management service and provider suggestion service API methods that are read-only</description>
        <retired>false</retired>
        <privilege>Provider Management API - Read-only</privilege>
      </org.openmrs.Privilege>
      <org.openmrs.Privilege id="108" uuid="c5c30429-10b6-4295-ba9d-9e9667af83c4">
        <description>Allows user add, edit, and remove flags</description>
        <retired>false</retired>
        <privilege>Manage Flags</privilege>
      </org.openmrs.Privilege>
      <org.openmrs.Privilege id="109" uuid="1513a31a-15f5-102d-96e4-000c29c2a5d7">
        <description>Able to add patient observations</description>
        <retired>false</retired>
        <privilege>Add Observations</privilege>
      </org.openmrs.Privilege>
      <org.openmrs.Privilege id="110" uuid="151422b8-15f5-102d-96e4-000c29c2a5d7">
        <description>Able to add/edit/remove scheduled tasks</description>
        <retired>false</retired>
        <privilege>Manage Scheduler</privilege>
      </org.openmrs.Privilege>
      <org.openmrs.Privilege id="111" uuid="88a70d0d-c2f5-4f7a-ab53-a94d054b691e">
        <description>Allows access to editing provider information on the provider management dashboard</description>
        <retired>false</retired>
        <privilege>Provider Management Dashboard - Edit Providers</privilege>
      </org.openmrs.Privilege>
      <org.openmrs.Privilege id="112" uuid="1514526a-15f5-102d-96e4-000c29c2a5d7">
        <description>Able to view patient observations</description>
        <retired>false</retired>
        <privilege>View Observations</privilege>
      </org.openmrs.Privilege>
      <org.openmrs.Privilege id="113" uuid="1514427a-15f5-102d-96e4-000c29c2a5d7">
        <description>Able to view data entry statistics from the admin screen</description>
        <retired>false</retired>
        <privilege>View Data Entry Statistics</privilege>
      </org.openmrs.Privilege>
      <org.openmrs.Privilege id="114" uuid="1513c52a-15f5-102d-96e4-000c29c2a5d7">
        <description>Able to remove forms from the system.</description>
        <retired>false</retired>
        <privilege>Delete Forms</privilege>
      </org.openmrs.Privilege>
      <org.openmrs.Privilege id="115" uuid="1513a23e-15f5-102d-96e4-000c29c2a5d7">
        <description>Able to add new forms.</description>
        <retired>false</retired>
        <privilege>Add Forms</privilege>
      </org.openmrs.Privilege>
      <org.openmrs.Privilege id="116" uuid="1513adec-15f5-102d-96e4-000c29c2a5d7">
        <description>Able to add a cohort to the system</description>
        <retired>false</retired>
        <privilege>Delete Cohorts</privilege>
      </org.openmrs.Privilege>
      <org.openmrs.Privilege id="117" uuid="15144bd0-15f5-102d-96e4-000c29c2a5d7">
        <description>Able to view forms</description>
        <retired>false</retired>
        <privilege>View Forms</privilege>
      </org.openmrs.Privilege>
      <org.openmrs.Privilege id="118" uuid="093e8f10-5be6-4723-962c-38850be9c314">
        <description>Allows user add, edit, and remove auto-generation options</description>
        <retired>false</retired>
        <privilege>Manage Auto Generation Options</privilege>
      </org.openmrs.Privilege>
      <org.openmrs.Privilege id="119" uuid="1513d542-15f5-102d-96e4-000c29c2a5d7">
        <description>Allows the user to edit the formentry queue</description>
        <retired>false</retired>
        <privilege>Edit FormEntry Queue</privilege>
      </org.openmrs.Privilege>
      <org.openmrs.Privilege id="120" uuid="15141872-15f5-102d-96e4-000c29c2a5d7">
        <description>Allows users to manage patients</description>
        <retired>false</retired>
        <privilege>Manage Patients</privilege>
      </org.openmrs.Privilege>
      <org.openmrs.Privilege id="121" uuid="1513a8b0-15f5-102d-96e4-000c29c2a5d7">
        <description>Able to add relationships</description>
        <retired>false</retired>
        <privilege>Add Relationships</privilege>
      </org.openmrs.Privilege>
      <org.openmrs.Privilege id="122" uuid="694c75c8-3afb-4490-891c-20bc5459773a">
        <description>Able to delete/retire an HL7 archive item</description>
        <retired>false</retired>
        <privilege>Delete HL7 Inbound Archive</privilege>
      </org.openmrs.Privilege>
      <org.openmrs.Privilege id="123" uuid="1513a158-15f5-102d-96e4-000c29c2a5d7">
        <description>Allows user to add a queue item to database</description>
        <retired>false</retired>
        <privilege>Add FormEntry Queue</privilege>
      </org.openmrs.Privilege>
      <org.openmrs.Privilege id="124" uuid="151478d0-15f5-102d-96e4-000c29c2a5d7">
        <description>Able to view user roles</description>
        <retired>false</retired>
        <privilege>View Roles</privilege>
      </org.openmrs.Privilege>
      <org.openmrs.Privilege id="125" uuid="57c2ef49-95fc-43d4-930e-c422e3395890">
        <description>Able to edit Provider</description>
        <retired>false</retired>
        <privilege>Manage Providers</privilege>
      </org.openmrs.Privilege>
      <org.openmrs.Privilege id="126" uuid="8a7a2a54-d879-4580-bbbc-c6f05b238bf7">
        <description>Able to view an HL7 archive item</description>
        <retired>false</retired>
        <privilege>View HL7 Inbound Exception</privilege>
      </org.openmrs.Privilege>
      <org.openmrs.Privilege id="127" uuid="b9e5819a-3299-415c-935b-a63c934dfc80">
        <description>This privilege will give a user access to the View Patient Duplicates Task in the Patient Registration module</description>
        <retired>false</retired>
        <privilege>Patient Registration Task - viewDuplicates</privilege>
      </org.openmrs.Privilege>
      <org.openmrs.Privilege id="128" uuid="7203ce3c-3ce3-4ed4-afa9-b376613ee7c4">
        <description>Able to update an HL7 archive item</description>
        <retired>false</retired>
        <privilege>Update HL7 Inbound Exception</privilege>
      </org.openmrs.Privilege>
      <org.openmrs.Privilege id="129" uuid="15142876-15f5-102d-96e4-000c29c2a5d7">
        <description>Able to view the &apos;Summary&apos; tab on the patient dashboard</description>
        <retired>false</retired>
        <privilege>Patient Dashboard - View Patient Summary</privilege>
      </org.openmrs.Privilege>
      <org.openmrs.Privilege id="130" uuid="1513a98c-15f5-102d-96e4-000c29c2a5d7">
        <description>Able to add report objects</description>
        <retired>false</retired>
        <privilege>Add Report Objects</privilege>
      </org.openmrs.Privilege>
      <org.openmrs.Privilege id="131" uuid="15142c22-15f5-102d-96e4-000c29c2a5d7">
        <description>Able to view the &apos;Administration&apos; link in the navigation bar</description>
        <retired>false</retired>
        <privilege>View Administration Functions</privilege>
      </org.openmrs.Privilege>
      <org.openmrs.Privilege id="132" uuid="b94152d5-be12-4f30-bcab-2c5fef7fabdc">
        <description>Able to view concept reference terms</description>
        <retired>false</retired>
        <privilege>View Concept Reference Terms</privilege>
      </org.openmrs.Privilege>
      <org.openmrs.Privilege id="133" uuid="1513f4d2-15f5-102d-96e4-000c29c2a5d7">
        <description>Allows user to access Data Import pages/functions</description>
        <retired>false</retired>
        <privilege>Excel Data Import</privilege>
      </org.openmrs.Privilege>
      <org.openmrs.Privilege id="134" uuid="2c5b7748-090f-4ecb-9795-655aca011cb8">
        <description>Able to add an HL7 Source</description>
        <retired>false</retired>
        <privilege>Add HL7 Source</privilege>
      </org.openmrs.Privilege>
      <org.openmrs.Privilege id="135" uuid="e9216b11-3fa0-4811-961d-0b2c3e927659">
        <description>Able to delete an HL7 archive item</description>
        <retired>false</retired>
        <privilege>Delete HL7 Inbound Exception</privilege>
      </org.openmrs.Privilege>
      <org.openmrs.Privilege id="136" uuid="15139c76-15f5-102d-96e4-000c29c2a5d7">
        <description>Able to add concept proposals to the system</description>
        <retired>false</retired>
        <privilege>Add Concept Proposals</privilege>
      </org.openmrs.Privilege>
      <org.openmrs.Privilege id="137" uuid="1513f856-15f5-102d-96e4-000c29c2a5d7">
        <description>Able to add/edit/delete user alerts</description>
        <retired>false</retired>
        <privilege>Manage Alerts</privilege>
      </org.openmrs.Privilege>
      <org.openmrs.Privilege id="138" uuid="151446ee-15f5-102d-96e4-000c29c2a5d7">
        <description>Allows a user to view a formentry error</description>
        <retired>false</retired>
        <privilege>View FormEntry Error</privilege>
      </org.openmrs.Privilege>
      <org.openmrs.Privilege id="139" uuid="5535d374-e822-4328-9760-285f1afc7fc9">
        <description>Able to add/edit/retire visit attribute types</description>
        <retired>false</retired>
        <privilege>Manage Visit Attribute Types</privilege>
      </org.openmrs.Privilege>
      <org.openmrs.Privilege id="140" uuid="15144e78-15f5-102d-96e4-000c29c2a5d7">
        <description>Able to view locations</description>
        <retired>false</retired>
        <privilege>View Locations</privilege>
      </org.openmrs.Privilege>
      <org.openmrs.Privilege id="141" uuid="15144aea-15f5-102d-96e4-000c29c2a5d7">
        <description>Allows user to view the queue items</description>
        <retired>false</retired>
        <privilege>View FormEntry Queue</privilege>
      </org.openmrs.Privilege>
      <org.openmrs.Privilege id="142" uuid="1513974e-15f5-102d-96e4-000c29c2a5d7">
        <description>Able to add a cohort to the system</description>
        <retired>false</retired>
        <privilege>Add Cohorts</privilege>
      </org.openmrs.Privilege>
      <org.openmrs.Privilege id="143" uuid="15144d92-15f5-102d-96e4-000c29c2a5d7">
        <description>Able to view patient identifier types</description>
        <retired>false</retired>
        <privilege>View Identifier Types</privilege>
      </org.openmrs.Privilege>
      <org.openmrs.Privilege id="144" uuid="1513ff9a-15f5-102d-96e4-000c29c2a5d7">
        <description>Allows user to upload and edit the xsns stored on the server</description>
        <retired>false</retired>
        <privilege>Manage FormEntry XSN</privilege>
      </org.openmrs.Privilege>
      <org.openmrs.Privilege id="145" uuid="1513d0c4-15f5-102d-96e4-000c29c2a5d7">
        <description>Able to edit concept proposals in the system</description>
        <retired>false</retired>
        <privilege>Edit Concept Proposals</privilege>
      </org.openmrs.Privilege>
      <org.openmrs.Privilege id="146" uuid="15139d7a-15f5-102d-96e4-000c29c2a5d7">
        <description>Able to add new terms to the concept dictionary.</description>
        <retired>false</retired>
        <privilege>Add Concepts</privilege>
      </org.openmrs.Privilege>
      <org.openmrs.Privilege id="147" uuid="896c46d9-15e9-4ab4-be95-82e7e8e6c315">
        <description>Allows to validate data and metadata</description>
        <retired>false</retired>
        <privilege>Validate Objects</privilege>
      </org.openmrs.Privilege>
      <org.openmrs.Privilege id="148" uuid="1513c9bc-15f5-102d-96e4-000c29c2a5d7">
        <description>Able to delete patients</description>
        <retired>false</retired>
        <privilege>Delete Patients</privilege>
      </org.openmrs.Privilege>
      <org.openmrs.Privilege id="149" uuid="1513c26e-15f5-102d-96e4-000c29c2a5d7">
        <description>Allows the user to delete a formentry archive</description>
        <retired>false</retired>
        <privilege>Delete FormEntry Archive</privilege>
      </org.openmrs.Privilege>
      <org.openmrs.Privilege id="150" uuid="1513aedc-15f5-102d-96e4-000c29c2a5d7">
        <description>Able to delete concept proposals from the system</description>
        <retired>false</retired>
        <privilege>Delete Concept Proposals</privilege>
      </org.openmrs.Privilege>
      <org.openmrs.Privilege id="151" uuid="15145bc0-15f5-102d-96e4-000c29c2a5d7">
        <description>Able to view person attribute types</description>
        <retired>false</retired>
        <privilege>View Person Attribute Types</privilege>
      </org.openmrs.Privilege>
      <org.openmrs.Privilege id="152" uuid="1513cc64-15f5-102d-96e4-000c29c2a5d7">
        <description>Able to delete report objects</description>
        <retired>false</retired>
        <privilege>Delete Report Objects</privilege>
      </org.openmrs.Privilege>
      <org.openmrs.Privilege id="153" uuid="e46f2118-b22e-4b94-9e65-658420968195">
        <description>Manage Role-based Homepages</description>
        <retired>false</retired>
        <privilege>Manage Homepages</privilege>
      </org.openmrs.Privilege>
      <org.openmrs.Privilege id="154" uuid="a593163e-d707-4b38-8240-ec711b8239f9">
        <description>Able to add/edit/delete concept name tags</description>
        <retired>false</retired>
        <privilege>Manage Concept Name tags</privilege>
      </org.openmrs.Privilege>
      <org.openmrs.Privilege id="155" uuid="1513fdc4-15f5-102d-96e4-000c29c2a5d7">
        <description>Able to add/edit/retire field types</description>
        <retired>false</retired>
        <privilege>Manage Field Types</privilege>
      </org.openmrs.Privilege>
      <org.openmrs.Privilege id="156" uuid="a47cbdd0-68e8-44e3-9510-7fd496528703">
        <description>This privilege will give a user access to the Primary Care Reception Task in the Patient Registration module</description>
        <retired>false</retired>
        <privilege>Patient Registration Task - primaryCareReception</privilege>
      </org.openmrs.Privilege>
      <org.openmrs.Privilege id="157" uuid="6321244d-ceb9-41d5-a307-acf94e7e7446">
        <description>Able to add/edit/retire location attribute types</description>
        <retired>false</retired>
        <privilege>Manage Location Attribute Types</privilege>
      </org.openmrs.Privilege>
      <org.openmrs.Privilege id="158" uuid="15144194-15f5-102d-96e4-000c29c2a5d7">
        <description>Able to view concept entries</description>
        <retired>false</retired>
        <privilege>View Concepts</privilege>
      </org.openmrs.Privilege>
      <org.openmrs.Privilege id="159" uuid="422aab99-1080-4df1-8397-e83bd47520fa">
        <description>This privilege will give a user access to the Reporting Task in the Patient Registration module</description>
        <retired>false</retired>
        <privilege>Patient Registration Task - reporting</privilege>
      </org.openmrs.Privilege>
      <org.openmrs.Privilege id="160" uuid="15139e92-15f5-102d-96e4-000c29c2a5d7">
        <description>Able to add patient encounters</description>
        <retired>false</retired>
        <privilege>Add Encounters</privilege>
      </org.openmrs.Privilege>
      <org.openmrs.Privilege id="161" uuid="15a9e05a-1c04-4463-9296-a98c8acc8b3d">
        <description>Allows user to generate a batch of identifiers to a file for offline use</description>
        <retired>false</retired>
        <privilege>Generate Batch of Identifiers</privilege>
      </org.openmrs.Privilege>
      <org.openmrs.Privilege id="162" uuid="15141c1e-15f5-102d-96e4-000c29c2a5d7">
        <description>Able to add/edit/retire relationship types</description>
        <retired>false</retired>
        <privilege>Manage Relationship Types</privilege>
      </org.openmrs.Privilege>
      <org.openmrs.Privilege id="163" uuid="16f09c47-1372-4d83-acbe-01ba7eeb0e1b">
        <description>Able to view problems</description>
        <retired>false</retired>
        <privilege>View Problems</privilege>
      </org.openmrs.Privilege>
      <org.openmrs.Privilege id="164" uuid="1513c354-15f5-102d-96e4-000c29c2a5d7">
        <description>Allows a user to delete a formentry error item</description>
        <retired>false</retired>
        <privilege>Delete FormEntry Error</privilege>
      </org.openmrs.Privilege>
      <org.openmrs.Privilege id="165" uuid="15142498-15f5-102d-96e4-000c29c2a5d7">
        <description>Able to view the &apos;Encounters&apos; tab on the patient dashboard</description>
        <retired>false</retired>
        <privilege>Patient Dashboard - View Encounters Section</privilege>
      </org.openmrs.Privilege>
      <org.openmrs.Privilege id="166" uuid="151459ea-15f5-102d-96e4-000c29c2a5d7">
        <description>Able to view patients</description>
        <retired>false</retired>
        <privilege>View Patients</privilege>
      </org.openmrs.Privilege>
      <org.openmrs.Privilege id="167" uuid="b7eb0e8a-6944-4746-b6a7-fce64791bfdb">
        <description>Able to edit problems</description>
        <retired>false</retired>
        <privilege>Edit Problems</privilege>
      </org.openmrs.Privilege>
      <org.openmrs.Privilege id="168" uuid="1513c61a-15f5-102d-96e4-000c29c2a5d7">
        <description>Able to delete patient observations</description>
        <retired>false</retired>
        <privilege>Delete Observations</privilege>
      </org.openmrs.Privilege>
      <org.openmrs.Privilege id="169" uuid="a122b5fe-37c4-4b11-8c3c-4b8355197bf4">
        <description>This privilege will give a user access to the Retrospective Data Entry Task in the Patient Registration module</description>
        <retired>false</retired>
        <privilege>Patient Registration Task - retrospectiveEntry</privilege>
      </org.openmrs.Privilege>
      <org.openmrs.Privilege id="170" uuid="c526a569-51da-4434-b983-87d330c40251">
        <description>Able to view/add/edit the implementation id for the system</description>
        <retired>false</retired>
        <privilege>Manage Implementation Id</privilege>
      </org.openmrs.Privilege>
      <org.openmrs.Privilege id="171" uuid="151414da-15f5-102d-96e4-000c29c2a5d7">
        <description>Able to add/edit/delete locations</description>
        <retired>false</retired>
        <privilege>Manage Locations</privilege>
      </org.openmrs.Privilege>
      <org.openmrs.Privilege id="172" uuid="a08a290f-13ad-4e4d-82e1-f8278912d6fa">
        <description>Allows viewing of user-defined rules. (This privilege is not necessary to run rules under normal usage.)</description>
        <retired>false</retired>
        <privilege>View Rule Definitions</privilege>
      </org.openmrs.Privilege>
      <org.openmrs.Privilege id="173" uuid="151479ca-15f5-102d-96e4-000c29c2a5d7">
        <description>Able to view and fill out unpublished forms</description>
        <retired>false</retired>
        <privilege>View Unpublished Forms</privilege>
      </org.openmrs.Privilege>
      <org.openmrs.Privilege id="174" uuid="1513cf02-15f5-102d-96e4-000c29c2a5d7">
        <description>Able to add a cohort to the system</description>
        <retired>false</retired>
        <privilege>Edit Cohorts</privilege>
      </org.openmrs.Privilege>
      <org.openmrs.Privilege id="175" uuid="2e908d57-9a0c-412e-9ddd-4e5553ebbcdb">
        <description>Allows user to export and import metadata</description>
        <retired>false</retired>
        <privilege>Share Metadata</privilege>
      </org.openmrs.Privilege>
      <org.openmrs.Privilege id="176" uuid="8a1a8287-ddf3-481a-ba5b-cfa956853804">
        <description>Add allergies</description>
        <retired>false</retired>
        <privilege>Add Allergies</privilege>
      </org.openmrs.Privilege>
      <org.openmrs.Privilege id="177" uuid="f77522b4-1e59-4714-a69f-6ad5c0f2342c">
        <description>Able to view/add/remove the concept stop words</description>
        <retired>false</retired>
        <privilege>Manage Concept Stop Words</privilege>
      </org.openmrs.Privilege>
      <org.openmrs.Privilege id="178" uuid="35d6f9c0-22c1-4190-9c89-7c05ea0fe21f">
        <description>Able to add visits</description>
        <retired>false</retired>
        <privilege>Add Visits</privilege>
      </org.openmrs.Privilege>
      <org.openmrs.Privilege id="179" uuid="1513ee60-15f5-102d-96e4-000c29c2a5d7">
        <description>Able to edit patients</description>
        <retired>false</retired>
        <privilege>Edit Patients</privilege>
      </org.openmrs.Privilege>
      <org.openmrs.Privilege id="180" uuid="1513d70e-15f5-102d-96e4-000c29c2a5d7">
        <description>Able to edit patient observations</description>
        <retired>false</retired>
        <privilege>Edit Observations</privilege>
      </org.openmrs.Privilege>
      <org.openmrs.Privilege id="181" uuid="6175cc37-170a-45ce-843d-e8af37db36c8">
        <description>Able to add/edit/delete visit types</description>
        <retired>false</retired>
        <privilege>Manage Visit Types</privilege>
      </org.openmrs.Privilege>
      <org.openmrs.Privilege id="182" uuid="947d242c-9c0b-4dbf-ba3c-aafbd3550990">
        <description>Allows access to viewing provider information on the provider management dashboard</description>
        <retired>false</retired>
        <privilege>Provider Management Dashboard - View Providers</privilege>
      </org.openmrs.Privilege>
      <org.openmrs.Privilege id="183" uuid="15142696-15f5-102d-96e4-000c29c2a5d7">
        <description>Able to view the &apos;Graphs&apos; tab on the patient dashboard</description>
        <retired>false</retired>
        <privilege>Patient Dashboard - View Graphs Section</privilege>
      </org.openmrs.Privilege>
      <org.openmrs.Privilege id="184" uuid="25442ba1-2a55-49cf-ba95-90b1d1a2735f">
        <description>Able to view location attribute types</description>
        <retired>false</retired>
        <privilege>View Location Attribute Types</privilege>
      </org.openmrs.Privilege>
      <org.openmrs.Privilege id="185" uuid="15145ada-15f5-102d-96e4-000c29c2a5d7">
        <description>Able to view person objects</description>
        <retired>false</retired>
        <privilege>View People</privilege>
      </org.openmrs.Privilege>
      <org.openmrs.Privilege id="186" uuid="1513f93c-15f5-102d-96e4-000c29c2a5d7">
        <description>Able to add/edit/retire concept classes</description>
        <retired>false</retired>
        <privilege>Manage Concept Classes</privilege>
      </org.openmrs.Privilege>
      <org.openmrs.Privilege id="187" uuid="11e70184-3d79-427e-8e64-7164b6a82fbd">
        <description>Able to add/edit/delete address templates</description>
        <retired>false</retired>
        <privilege>Manage Address Templates</privilege>
      </org.openmrs.Privilege>
      <org.openmrs.Privilege id="188" uuid="1513f77a-15f5-102d-96e4-000c29c2a5d7">
        <description>Allows user to execute Groovy scripts</description>
        <retired>false</retired>
        <privilege>Groovy Scripting</privilege>
      </org.openmrs.Privilege>
      <org.openmrs.Privilege id="189" uuid="1513cd40-15f5-102d-96e4-000c29c2a5d7">
        <description>Able to delete reports</description>
        <retired>false</retired>
        <privilege>Delete Reports</privilege>
      </org.openmrs.Privilege>
      <org.openmrs.Privilege id="190" uuid="1514259c-15f5-102d-96e4-000c29c2a5d7">
        <description>Able to view the &apos;Forms&apos; tab on the patient dashboard</description>
        <retired>false</retired>
        <privilege>Patient Dashboard - View Forms Section</privilege>
      </org.openmrs.Privilege>
      <org.openmrs.Privilege id="191" uuid="15142dee-15f5-102d-96e4-000c29c2a5d7">
        <description>Able to view concept datatypes</description>
        <retired>false</retired>
        <privilege>View Concept Datatypes</privilege>
      </org.openmrs.Privilege>
      <org.openmrs.Privilege id="192" uuid="1513d632-15f5-102d-96e4-000c29c2a5d7">
        <description>Able to change preexisting forms.</description>
        <retired>false</retired>
        <privilege>Edit Forms</privilege>
      </org.openmrs.Privilege>
      <org.openmrs.Privilege id="193" uuid="1514178c-15f5-102d-96e4-000c29c2a5d7">
        <description>Core Privilege</description>
        <retired>false</retired>
        <privilege>Manage Patient Programs</privilege>
      </org.openmrs.Privilege>
      <org.openmrs.Privilege id="194" uuid="34190904-0370-102d-b0e3-001ec94a0cc1">
        <description>View RelationshipTypes</description>
        <retired>false</retired>
        <privilege>View RelationshipTypes</privilege>
      </org.openmrs.Privilege>
      <org.openmrs.Privilege id="195" uuid="1513d29a-15f5-102d-96e4-000c29c2a5d7">
        <description>Able to edit patient encounters</description>
        <retired>false</retired>
        <privilege>Edit Encounters</privilege>
      </org.openmrs.Privilege>
      <org.openmrs.Privilege id="196" uuid="1513ac34-15f5-102d-96e4-000c29c2a5d7">
        <description>Shortcut to patient groups on homepage</description>
        <retired>false</retired>
        <privilege>Analysis Shortcut</privilege>
      </org.openmrs.Privilege>
      <org.openmrs.Privilege id="197" uuid="1513a7d4-15f5-102d-96e4-000c29c2a5d7">
        <description>Able to add person objects</description>
        <retired>false</retired>
        <privilege>Add People</privilege>
      </org.openmrs.Privilege>
      <org.openmrs.Privilege id="198" uuid="75f1042c-e11f-444e-949d-e0fafdd422e6">
        <description>Able to view visit attribute types</description>
        <retired>false</retired>
        <privilege>View Visit Attribute Types</privilege>
      </org.openmrs.Privilege>
      <org.openmrs.Privilege id="199" uuid="15145706-15f5-102d-96e4-000c29c2a5d7">
        <description>Able to view patient identifiers</description>
        <retired>false</retired>
        <privilege>View Patient Identifiers</privilege>
      </org.openmrs.Privilege>
      <org.openmrs.Privilege id="200" uuid="54b3de42-364a-44e8-8101-72276b0dd9a1">
        <description>Able to view an HL7 Queue item</description>
        <retired>false</retired>
        <privilege>View HL7 Inbound Queue</privilege>
      </org.openmrs.Privilege>
      <org.openmrs.Privilege id="201" uuid="5b1fc603-73db-4173-b4c1-ea9f16292175">
        <description>Able to view Provider</description>
        <retired>false</retired>
        <privilege>View Providers</privilege>
      </org.openmrs.Privilege>
      <org.openmrs.Privilege id="202" uuid="15144360-15f5-102d-96e4-000c29c2a5d7">
        <description>Able to view encounter types</description>
        <retired>false</retired>
        <privilege>View Encounter Types</privilege>
      </org.openmrs.Privilege>
      <org.openmrs.Privilege id="203" uuid="f4c6f756-a62d-4720-a656-77b505f71493">
        <description>This privilege will give a user access to the Patient Registration Task in the Patient Registration module</description>
        <retired>false</retired>
        <privilege>Patient Registration Task - patientRegistration</privilege>
      </org.openmrs.Privilege>
      <org.openmrs.Privilege id="204" uuid="15142970-15f5-102d-96e4-000c29c2a5d7">
        <description>Able to view the &apos;Regimen&apos; tab on the patient dashboard</description>
        <retired>false</retired>
        <privilege>Patient Dashboard - View Regimen Section</privilege>
      </org.openmrs.Privilege>
      <org.openmrs.Privilege id="205" uuid="1513ea5a-15f5-102d-96e4-000c29c2a5d7">
        <description>Able to edit patients in programs</description>
        <retired>false</retired>
        <privilege>Edit Patient Programs</privilege>
      </org.openmrs.Privilege>
      <org.openmrs.Privilege id="206" uuid="14489f77-c7aa-494b-81ae-e4a1c65480a2">
        <description>Able to add/edit/delete location tags</description>
        <retired>false</retired>
        <privilege>Manage Location Tags</privilege>
      </org.openmrs.Privilege>
      <org.openmrs.Privilege id="207" uuid="1513d1b4-15f5-102d-96e4-000c29c2a5d7">
        <description>Able to change attributes of existing terms.</description>
        <retired>false</retired>
        <privilege>Edit Concepts</privilege>
      </org.openmrs.Privilege>
      <org.openmrs.Privilege id="208" uuid="1513f108-15f5-102d-96e4-000c29c2a5d7">
        <description>Able to edit report objects</description>
        <retired>false</retired>
        <privilege>Edit Report Objects</privilege>
      </org.openmrs.Privilege>
      <org.openmrs.Privilege id="209" uuid="15140166-15f5-102d-96e4-000c29c2a5d7">
        <description>Able to add/edit global properties</description>
        <retired>false</retired>
        <privilege>Manage Global Properties</privilege>
      </org.openmrs.Privilege>
      <org.openmrs.Privilege id="210" uuid="1514024c-15f5-102d-96e4-000c29c2a5d7">
        <description>Able to add, edit, and delete groups</description>
        <retired>false</retired>
        <privilege>Manage Groups</privilege>
      </org.openmrs.Privilege>
      <org.openmrs.Privilege id="211" uuid="1513c7f0-15f5-102d-96e4-000c29c2a5d7">
        <description>Able to delete patient identifiers</description>
        <retired>false</retired>
        <privilege>Delete Patient Identifiers</privilege>
      </org.openmrs.Privilege>
      <org.openmrs.Privilege id="212" uuid="1513d376-15f5-102d-96e4-000c29c2a5d7">
        <description>Allows the user to edit a formentry archive</description>
        <retired>false</retired>
        <privilege>Edit FormEntry Archive</privilege>
      </org.openmrs.Privilege>
      <org.openmrs.Privilege id="213" uuid="1513a52c-15f5-102d-96e4-000c29c2a5d7">
        <description>Able to add patient identifiers</description>
        <retired>false</retired>
        <privilege>Add Patient Identifiers</privilege>
      </org.openmrs.Privilege>
      <org.openmrs.Privilege id="214" uuid="6c5f7dc9-1e8e-4761-a959-d56fb89a517c">
        <description>Able to view an HL7 Source</description>
        <retired>false</retired>
        <privilege>View HL7 Source</privilege>
      </org.openmrs.Privilege>
      <org.openmrs.Privilege id="215" uuid="8a412141-647d-4fae-8f1d-3cf1d2022bdf">
        <description>Able to view visit types</description>
        <retired>false</retired>
        <privilege>View Visit Types</privilege>
      </org.openmrs.Privilege>
      <org.openmrs.Privilege id="216" uuid="403b89b4-bf04-4d33-b4e3-ab817f11af19">
        <description>Allows the user to test a flag, or set of flags, against a Patient set</description>
        <retired>false</retired>
        <privilege>Test Flags</privilege>
      </org.openmrs.Privilege>
      <org.openmrs.Privilege id="217" uuid="1513a3f6-15f5-102d-96e4-000c29c2a5d7">
        <description>Able to add orders</description>
        <retired>false</retired>
        <privilege>Add Orders</privilege>
      </org.openmrs.Privilege>
      <org.openmrs.Privilege id="218" uuid="98d6bd7c-c7c4-43ac-9427-e145da43584c">
        <description>This privilege will give a user access to the Primary Care Visit Task in the Patient Registration module</description>
        <retired>false</retired>
        <privilege>Patient Registration Task - primaryCareVisit</privilege>
      </org.openmrs.Privilege>
      <org.openmrs.Privilege id="219" uuid="93989ef5-22af-45c2-b89d-a4c59413ae71">
        <description>Add/Edit/Remove Dimension Definitions</description>
        <retired>false</retired>
        <privilege>Manage Dimension Definitions</privilege>
      </org.openmrs.Privilege>
      <org.openmrs.Privilege id="220" uuid="c05cfd9d-c54b-4445-b450-425aa7a888ee">
        <description>Allows user to upload a batch of identifiers</description>
        <retired>false</retired>
        <privilege>Upload Batch of Identifiers</privilege>
      </org.openmrs.Privilege>
      <org.openmrs.Privilege id="221" uuid="e7eb7c57-37c8-44a9-89ba-e163857b40a2">
        <description>Able to edit allergies</description>
        <retired>false</retired>
        <privilege>Edit Allergies</privilege>
      </org.openmrs.Privilege>
      <org.openmrs.Privilege id="222" uuid="1797d439-d5aa-4734-8376-ad555bc27194">
        <description>Able to edit visits</description>
        <retired>false</retired>
        <privilege>Edit Visits</privilege>
      </org.openmrs.Privilege>
      <org.openmrs.Privilege id="223" uuid="151458f0-15f5-102d-96e4-000c29c2a5d7">
        <description>Core Privilege</description>
        <retired>false</retired>
        <privilege>View Patient Sets</privilege>
      </org.openmrs.Privilege>
      <org.openmrs.Privilege id="224" uuid="1513fbf8-15f5-102d-96e4-000c29c2a5d7">
        <description>Able to add/edit/delete concept entries</description>
        <retired>false</retired>
        <privilege>Manage Concepts</privilege>
      </org.openmrs.Privilege>
      <org.openmrs.Privilege id="225" uuid="20d2894a-db0c-4db7-b183-dcb6303a39a7">
        <description>Add/Edit/Remove Report Definitions</description>
        <retired>false</retired>
        <privilege>Manage Report Definitions</privilege>
      </org.openmrs.Privilege>
      <org.openmrs.Privilege id="226" uuid="75d4969f-2464-499c-ac59-98d731526893">
        <description>Able to delete an HL7 Queue item</description>
        <retired>false</retired>
        <privilege>Delete HL7 Inbound Queue</privilege>
      </org.openmrs.Privilege>
      <org.openmrs.Privilege id="227" uuid="c3f3e695-c84a-43b9-8a69-4d30eed94089">
        <description>Able to add an HL7 Queue item</description>
        <retired>false</retired>
        <privilege>Add HL7 Inbound Queue</privilege>
      </org.openmrs.Privilege>
      <org.openmrs.Privilege id="228" uuid="1513ce26-15f5-102d-96e4-000c29c2a5d7">
        <description>Able to delete users in OpenMRS</description>
        <retired>false</retired>
        <privilege>Delete Users</privilege>
      </org.openmrs.Privilege>
      <org.openmrs.Privilege id="229" uuid="1513ad1a-15f5-102d-96e4-000c29c2a5d7">
        <description>Work with patient groups</description>
        <retired>false</retired>
        <privilege>Analyze</privilege>
      </org.openmrs.Privilege>
      <org.openmrs.Privilege id="230" uuid="07a44b90-613f-42cf-8f0e-15c01697792c">
        <description>Allows access to all provider management service and provider suggestion service API method</description>
        <retired>false</retired>
        <privilege>Provider Management API</privilege>
      </org.openmrs.Privilege>
    </privileges>
    <inheritedRoles id="231"/>
    <childRoles id="232"/>
  </org.openmrs.Role>
  <org.openmrs.Role id="233" uuid="ba7772b3-89c1-4179-9b4d-e0eb96164da6">
    <description>Application Role: sysAdmin</description>
    <retired>false</retired>
    <role>Application Role: sysAdmin</role>
    <privileges id="234">
      <org.openmrs.Privilege id="235" uuid="b79b8f83-75e0-4e74-a1c5-2a6e7eb67ab8">
        <description>Ability to merge visits</description>
        <retired>false</retired>
        <privilege>Task: coreapps.mergeVisits</privilege>
      </org.openmrs.Privilege>
      <org.openmrs.Privilege id="236" uuid="91d80e71-3ad7-4bc2-8bef-c6378e1b2b70">
        <description>Request that a patient&apos;s paper chart be pulled from central archives</description>
        <retired>false</retired>
        <privilege>Task: emr.requestPaperRecord</privilege>
      </org.openmrs.Privilege>
      <org.openmrs.Privilege id="237" uuid="182974df-c322-4f13-a14e-a341a1fb3619">
        <description>Rights to order a CT Scan via the radiology app</description>
        <retired>false</retired>
        <privilege>Task: org.openmrs.module.radiologyapp.orderCT</privilege>
      </org.openmrs.Privilege>
      <org.openmrs.Privilege id="238" uuid="d92637e3-8c03-4104-836a-f5bde8d8be47">
        <description>Able to edit provide location and date of dispensing medication.</description>
        <retired>false</retired>
        <privilege>Task: mirebalaisDispensingEditProviderAndLocation</privilege>
      </org.openmrs.Privilege>
      <org.openmrs.Privilege id="239" uuid="3f98d0c9-22ff-4d31-bad8-84a392420407">
        <description>Enter clinical forms</description>
        <retired>false</retired>
        <privilege>Task: emr.enterClinicalForms</privilege>
      </org.openmrs.Privilege>
      <org.openmrs.Privilege id="240" uuid="ff003c75-d0a6-4fa8-b089-c8698b50131b">
        <description>Access the emr.printLabels task</description>
        <retired>false</retired>
        <privilege>Task: emr.printLabels</privilege>
      </org.openmrs.Privilege>
      <org.openmrs.Privilege id="241" uuid="6c82abbd-ae62-4080-8528-ac1e28220797">
        <description>Run the Search Master Patient Index app</description>
        <retired>false</retired>
        <privilege>App: mirebalais.mpi</privilege>
      </org.openmrs.Privilege>
      <org.openmrs.Privilege id="242" uuid="c39f681c-fee7-44d0-b764-59e4e8aec854">
        <description>Run the Edit a patient app</description>
        <retired>false</retired>
        <privilege>App: patientregistration.edit</privilege>
      </org.openmrs.Privilege>
      <org.openmrs.Privilege id="243" uuid="ec6fcf8e-e4b7-4c69-8ca0-97cf2796315e">
        <description>Rights to start a visit from the patient dashboard</description>
        <retired>false</retired>
        <privilege>Task: coreapps.createVisit</privilege>
      </org.openmrs.Privilege>
      <org.openmrs.Privilege reference="5"/>
      <org.openmrs.Privilege id="244" uuid="90ba15be-842d-4d11-969d-773958ec0ded">
        <description>Privilege to order an ultrasound exam</description>
        <retired>false</retired>
        <privilege>Task: org.openmrs.module.radiologyapp.orderUS</privilege>
      </org.openmrs.Privilege>
      <org.openmrs.Privilege id="245" uuid="daa25847-97c4-4b9d-b233-2d33a2fb9480">
        <description>Ability to retrospectively order a radiology study</description>
        <retired>false</retired>
        <privilege>Task: org.openmrs.module.radiologyapp.retroOrder</privilege>
      </org.openmrs.Privilege>
      <org.openmrs.Privilege id="246" uuid="b5a20e50-6951-4eb8-92e3-d6011efc3b97">
        <description>Rights to order an x-ray via the x-ray app</description>
        <retired>false</retired>
        <privilege>Task: org.openmrs.module.radiologyapp.orderXray</privilege>
      </org.openmrs.Privilege>
      <org.openmrs.Privilege id="247" uuid="b910cc51-628e-4bda-9e41-b1bcdd78e06c">
        <description>Run the Reports app</description>
        <retired>false</retired>
        <privilege>App: mirebalaisreports.Reports</privilege>
      </org.openmrs.Privilege>
      <org.openmrs.Privilege id="248" uuid="24fb3877-c07e-436f-8005-ce7a81245fcd">
        <description>Run the Archives Room app</description>
        <retired>false</retired>
        <privilege>App: emr.archivesRoom</privilege>
      </org.openmrs.Privilege>
      <org.openmrs.Privilege id="249" uuid="29ba7bba-c9b6-4528-b55e-7bef146621e9">
        <description>Run the Patient Registration app</description>
        <retired>false</retired>
        <privilege>App: patientregistration.main</privilege>
      </org.openmrs.Privilege>
      <org.openmrs.Privilege id="250" uuid="d5e693ae-3f24-4fcb-abfd-eec345a76c17">
        <description>Ability to retrospectively enter a consult note</description>
        <retired>false</retired>
        <privilege>Task: emr.retroConsultNote</privilege>
      </org.openmrs.Privilege>
      <org.openmrs.Privilege id="251" uuid="15b126ce-9657-421f-a5be-19cea5573d3b">
        <description>Ability to view the Radiology tab for patient</description>
        <retired>false</retired>
        <privilege>Task: org.openmrs.module.radiologyapp.tab</privilege>
      </org.openmrs.Privilege>
      <org.openmrs.Privilege id="252" uuid="bf179f22-d896-4692-8eac-f7b57a1aa6c7">
        <description>Provides access to the old user interface for the appointment module</description>
        <retired>false</retired>
        <privilege>App: appointmentscheduling.oldUI</privilege>
      </org.openmrs.Privilege>
      <org.openmrs.Privilege id="253" uuid="4841f2dd-31f0-46b9-9877-74dcaf2cf07b">
        <description>Gives permission to a user to edit a patient encounter</description>
        <retired>false</retired>
        <privilege>Task: emr.patient.encounter.edit</privilege>
      </org.openmrs.Privilege>
      <org.openmrs.Privilege id="254" uuid="60ce8766-57cc-4e4f-8356-6bbe3f56f980">
        <description>Right to view the Impatient app (which provides a list of patients currently admitted in the hospital)</description>
        <retired>false</retired>
        <privilege>App: emr.inpatients</privilege>
      </org.openmrs.Privilege>
      <org.openmrs.Privilege id="255" uuid="6d01acf6-ba11-4634-866b-489eaa951681">
        <description>Run the System Administration app</description>
        <retired>false</retired>
        <privilege>App: emr.systemAdministration</privilege>
      </org.openmrs.Privilege>
      <org.openmrs.Privilege id="256" uuid="409c73d3-1184-4df1-b4b9-05f37b48f9ba">
        <description>See the Mirebalais Capture Vitals app on the home screen</description>
        <retired>false</retired>
        <privilege>App: mirebalais.outpatientVitals</privilege>
      </org.openmrs.Privilege>
      <org.openmrs.Privilege id="257" uuid="10122e43-196b-4563-b083-f0ec00f0429b">
        <description>Ability to run data export reports</description>
        <retired>false</retired>
        <privilege>App: mirebalaisreports.dataexports</privilege>
      </org.openmrs.Privilege>
      <org.openmrs.Privilege id="258" uuid="2112a93c-f219-476e-8747-f23c38d9abaa">
        <description>Ability to create a create retrospective visit (i.e., one that starts in the past)</description>
        <retired>false</retired>
        <privilege>Task: coreapps.createRetrospectiveVisit</privilege>
      </org.openmrs.Privilege>
      <org.openmrs.Privilege id="259" uuid="932244c9-29d1-43f2-8867-3fe312556053">
        <description>Privilege to use the &quot;Active Visits&quot; app</description>
        <retired>false</retired>
        <privilege>App: org.openmrs.module.coreapps.activeVisits</privilege>
      </org.openmrs.Privilege>
      <org.openmrs.Privilege id="260" uuid="1a819ef6-4632-4d2e-8227-7bdf9e8e273a">
        <description>Ability to enter a Check In form from the patient dashboard</description>
        <retired>false</retired>
        <privilege>Task: mirebalais.checkinForm</privilege>
      </org.openmrs.Privilege>
      <org.openmrs.Privilege id="261" uuid="6cdc5785-ee5c-48af-a2a2-7a574721fa97">
        <description>User has ability to delete a visit</description>
        <retired>false</retired>
        <privilege>Task: emr.patient.visit.delete</privilege>
      </org.openmrs.Privilege>
      <org.openmrs.Privilege id="262" uuid="11169039-8b0a-489d-a11a-eade77c20eb6">
        <description>Access the Mirebalais Check-In app</description>
        <retired>false</retired>
        <privilege>App: mirebalais.checkin</privilege>
      </org.openmrs.Privilege>
      <org.openmrs.Privilege id="263" uuid="5367155a-e435-4010-877a-f3007059c352">
        <description>Gives permission to a user to delete a patient encounter.</description>
        <retired>false</retired>
        <privilege>Task: emr.patient.encounter.delete</privilege>
      </org.openmrs.Privilege>
    </privileges>
    <inheritedRoles id="264"/>
    <childRoles id="265"/>
  </org.openmrs.Role>
  <org.openmrs.Role id="266" uuid="3672ebe7-ed59-461f-a662-5ae3cd2e46ac">
    <description>Application Role: radiology</description>
    <retired>false</retired>
    <role>Application Role: radiology</role>
    <privileges id="267">
      <org.openmrs.Privilege reference="242"/>
      <org.openmrs.Privilege reference="254"/>
      <org.openmrs.Privilege reference="236"/>
      <org.openmrs.Privilege reference="237"/>
      <org.openmrs.Privilege reference="246"/>
      <org.openmrs.Privilege reference="247"/>
      <org.openmrs.Privilege reference="259"/>
      <org.openmrs.Privilege reference="240"/>
      <org.openmrs.Privilege reference="243"/>
      <org.openmrs.Privilege reference="251"/>
    </privileges>
    <inheritedRoles id="268"/>
    <childRoles id="269"/>
  </org.openmrs.Role>
  <org.openmrs.Role id="270" uuid="0b30c2e0-6276-4bf5-a8ac-e38da035888a">
    <description>Application Role: dataArchives</description>
    <retired>false</retired>
    <role>Application Role: dataArchives</role>
    <privileges id="271">
      <org.openmrs.Privilege reference="235"/>
      <org.openmrs.Privilege reference="245"/>
      <org.openmrs.Privilege reference="236"/>
      <org.openmrs.Privilege reference="237"/>
      <org.openmrs.Privilege reference="246"/>
      <org.openmrs.Privilege reference="247"/>
      <org.openmrs.Privilege reference="239"/>
      <org.openmrs.Privilege reference="248"/>
      <org.openmrs.Privilege reference="249"/>
      <org.openmrs.Privilege reference="240"/>
      <org.openmrs.Privilege reference="241"/>
      <org.openmrs.Privilege reference="250"/>
      <org.openmrs.Privilege reference="242"/>
      <org.openmrs.Privilege reference="254"/>
      <org.openmrs.Privilege reference="258"/>
      <org.openmrs.Privilege reference="260"/>
      <org.openmrs.Privilege reference="259"/>
      <org.openmrs.Privilege reference="262"/>
      <org.openmrs.Privilege reference="243"/>
    </privileges>
    <inheritedRoles id="272"/>
    <childRoles id="273"/>
  </org.openmrs.Role>
  <org.openmrs.Role id="274" uuid="343872bd-a927-4f9d-bf2c-75f895c44f6c">
    <description>Rights  to view and run reports and data exports</description>
    <retired>false</retired>
    <role>Application Role: reports</role>
    <privileges id="275">
      <org.openmrs.Privilege id="276" uuid="89cde56a-d8cc-4261-b491-38a1296edce0">
        <description>Us the Ad Hoc Analysis tool</description>
        <retired>false</retired>
        <privilege>App: reportingui.adHocAnalysis</privilege>
      </org.openmrs.Privilege>
      <org.openmrs.Privilege reference="257"/>
      <org.openmrs.Privilege id="277" uuid="a4bb96b4-b3cb-4e3c-9251-a7c0ca173035">
        <description>Use the &quot;Reports&quot; app provided by the reportingui module</description>
        <retired>false</retired>
        <privilege>App: reportingui.reports</privilege>
      </org.openmrs.Privilege>
    </privileges>
    <inheritedRoles id="278"/>
    <childRoles id="279"/>
  </org.openmrs.Role>
  <org.openmrs.Role id="280" uuid="05a3c5fc-3c7f-4c93-87d2-c6013e71a102">
    <description>Application Role: clinical</description>
    <retired>false</retired>
    <role>Application Role: clinical</role>
    <privileges id="281">
      <org.openmrs.Privilege reference="236"/>
      <org.openmrs.Privilege reference="237"/>
      <org.openmrs.Privilege reference="247"/>
      <org.openmrs.Privilege reference="239"/>
      <org.openmrs.Privilege reference="246"/>
      <org.openmrs.Privilege reference="240"/>
      <org.openmrs.Privilege reference="251"/>
      <org.openmrs.Privilege reference="242"/>
      <org.openmrs.Privilege reference="254"/>
      <org.openmrs.Privilege id="282" uuid="ac6585f1-10e0-4a4e-84e3-fb8b098f0cbe">
        <description>Ability to retrospectively enter a consult note for provider user.</description>
        <retired>false</retired>
        <privilege>Task: emr.retroConsultNoteThisProviderOnly</privilege>
      </org.openmrs.Privilege>
      <org.openmrs.Privilege reference="256"/>
      <org.openmrs.Privilege reference="259"/>
      <org.openmrs.Privilege reference="243"/>
    </privileges>
    <inheritedRoles id="283"/>
    <childRoles id="284"/>
  </org.openmrs.Role>
  <org.openmrs.Role id="285" uuid="36fd044e-f76a-4a07-84b0-1af9d7ce0c59">
    <description>pharmacyAide</description>
    <retired>false</retired>
    <role>Application Role: pharmacyAide</role>
    <privileges id="286">
      <org.openmrs.Privilege reference="4"/>
      <org.openmrs.Privilege reference="5"/>
    </privileges>
    <inheritedRoles id="287"/>
    <childRoles id="288"/>
  </org.openmrs.Role>
</list>
