<?xml version="1.0" encoding="UTF-8"?>
<package id="1" uuid="bdde2422-b77d-427c-9ec5-d15235b2bb64">
  <dateCreated id="2">2018-02-13 18:16:57</dateCreated>
  <name>HUM Scheduling</name>
  <description>Concepts for scheduling appointments</description>
  <openmrsVersion>2.1.3 SNAPSHOT Build e8c2d9</openmrsVersion>
  <version>11</version>
  <groupUuid>daec5657-5f51-4386-9ed9-1609b340eb77</groupUuid>
  <subscriptionUrl>https://concepts.pih-emr.org/openmrs/ws/rest/metadatasharing/package/daec5657-5f51-4386-9ed9-1609b340eb77/latest</subscriptionUrl>
  <modules id="3">
    <entry>
      <string>webservices.rest</string>
      <string>2.21.0.4741bf</string>
    </entry>
    <entry>
      <string>legacyui</string>
      <string>1.3.3</string>
    </entry>
    <entry>
      <string>metadatasharing</string>
      <string>1.4.0-SNAPSHOT</string>
    </entry>
    <entry>
      <string>metadatamapping</string>
      <string>1.3.4</string>
    </entry>
  </modules>
  <items class="linked-hash-set" id="4">
    <org.openmrs.module.metadatasharing.Item id="5" uuid="33901a61-a4a9-4a63-86b6-07b03b900b71">
      <id>9362</id>
      <classname>org.openmrs.Concept</classname>
      <dateChanged id="6">2013-11-21 13:58:52</dateChanged>
      <retired>false</retired>
    </org.openmrs.module.metadatasharing.Item>
  </items>
  <relatedItems class="linked-hash-set" id="7">
    <org.openmrs.module.metadatasharing.Item id="8" uuid="8d4a4c94-c2cc-11de-8d13-0010c6dffd0f">
      <id>4</id>
      <classname>org.openmrs.ConceptDatatype</classname>
      <dateChanged id="9">2004-02-02 05:00:00</dateChanged>
      <retired>false</retired>
    </org.openmrs.module.metadatasharing.Item>
    <org.openmrs.module.metadatasharing.Item id="10" uuid="8d492594-c2cc-11de-8d13-0010c6dffd0f">
      <id>10</id>
      <classname>org.openmrs.ConceptClass</classname>
      <dateChanged id="11">2015-07-01 17:25:50</dateChanged>
      <retired>false</retired>
    </org.openmrs.module.metadatasharing.Item>
    <org.openmrs.module.metadatasharing.Item id="12" uuid="5ffbb3ad-408c-4cc4-838e-2176cd3d1b1c">
      <id>25197</id>
      <classname>org.openmrs.ConceptName</classname>
      <dateChanged id="13">2013-11-19 14:46:08</dateChanged>
    </org.openmrs.module.metadatasharing.Item>
    <org.openmrs.module.metadatasharing.Item id="14" uuid="b5a2f4d4-7721-4c61-8303-9c69566cd94c">
      <id>25196</id>
      <classname>org.openmrs.ConceptName</classname>
      <dateChanged id="15">2013-11-19 14:46:08</dateChanged>
    </org.openmrs.module.metadatasharing.Item>
    <org.openmrs.module.metadatasharing.Item id="16" uuid="5ac65174-2f0a-40a1-9a99-563b8d2e275f">
      <id>25061</id>
      <classname>org.openmrs.ConceptName</classname>
      <dateChanged id="17">2013-11-05 22:50:26</dateChanged>
    </org.openmrs.module.metadatasharing.Item>
    <org.openmrs.module.metadatasharing.Item id="18" uuid="7daedd24-f5e8-4f90-a547-a3d028f3ba0b">
      <id>25199</id>
      <classname>org.openmrs.ConceptName</classname>
      <dateChanged id="19">2013-11-21 13:58:52</dateChanged>
    </org.openmrs.module.metadatasharing.Item>
    <org.openmrs.module.metadatasharing.Item id="20" uuid="821e098a-2f96-4466-9f38-ceefe7605de5">
      <id>4974</id>
      <classname>org.openmrs.ConceptSet</classname>
      <dateChanged id="21">2013-11-05 22:50:26</dateChanged>
    </org.openmrs.module.metadatasharing.Item>
    <org.openmrs.module.metadatasharing.Item id="22" uuid="3ce94df0-26fe-102b-80cb-0017a47871b2">
      <id>5096</id>
      <classname>org.openmrs.Concept</classname>
      <dateChanged id="23">2017-04-14 16:30:36</dateChanged>
      <retired>false</retired>
    </org.openmrs.module.metadatasharing.Item>
    <org.openmrs.module.metadatasharing.Item id="24" uuid="8d4a505e-c2cc-11de-8d13-0010c6dffd0f">
      <id>6</id>
      <classname>org.openmrs.ConceptDatatype</classname>
      <dateChanged id="25">2004-07-22 04:00:00</dateChanged>
      <retired>false</retired>
    </org.openmrs.module.metadatasharing.Item>
    <org.openmrs.module.metadatasharing.Item id="26" uuid="8d491e50-c2cc-11de-8d13-0010c6dffd0f">
      <id>7</id>
      <classname>org.openmrs.ConceptClass</classname>
      <dateChanged id="27">2015-07-01 17:25:50</dateChanged>
      <retired>false</retired>
    </org.openmrs.module.metadatasharing.Item>
    <org.openmrs.module.metadatasharing.Item id="28" uuid="3e3b145e-26fe-102b-80cb-0017a47871b2">
      <id>3463</id>
      <classname>org.openmrs.ConceptName</classname>
      <dateChanged id="29">2004-08-12 00:00:00</dateChanged>
    </org.openmrs.module.metadatasharing.Item>
    <org.openmrs.module.metadatasharing.Item id="30" uuid="0b90082e-15f5-102d-96e4-000c29c2a5d7">
      <id>8687</id>
      <classname>org.openmrs.ConceptName</classname>
      <dateChanged id="31">2012-06-21 20:24:42</dateChanged>
    </org.openmrs.module.metadatasharing.Item>
    <org.openmrs.module.metadatasharing.Item id="32" uuid="f751f5fa-d5db-102d-ad2a-000c29c2a5d7">
      <id>13623</id>
      <classname>org.openmrs.ConceptName</classname>
      <dateChanged id="33">2013-05-21 15:57:04</dateChanged>
    </org.openmrs.module.metadatasharing.Item>
    <org.openmrs.module.metadatasharing.Item id="34" uuid="7ea452ff-79a4-4638-84da-3f1d1f1ea6df">
      <id>25060</id>
      <classname>org.openmrs.ConceptName</classname>
      <dateChanged id="35">2013-11-05 22:46:59</dateChanged>
    </org.openmrs.module.metadatasharing.Item>
    <org.openmrs.module.metadatasharing.Item id="36" uuid="d3df689d-bb49-4894-ac59-57a995cfb596">
      <id>22360</id>
      <classname>org.openmrs.ConceptName</classname>
      <dateChanged id="37">2013-05-21 15:57:04</dateChanged>
    </org.openmrs.module.metadatasharing.Item>
    <org.openmrs.module.metadatasharing.Item id="38" uuid="0b90073e-15f5-102d-96e4-000c29c2a5d7">
      <id>8686</id>
      <classname>org.openmrs.ConceptName</classname>
      <dateChanged id="39">2009-02-10 14:39:59</dateChanged>
    </org.openmrs.module.metadatasharing.Item>
    <org.openmrs.module.metadatasharing.Item id="40" uuid="0b8691b8-15f5-102d-96e4-000c29c2a5d7">
      <id>7287</id>
      <classname>org.openmrs.ConceptName</classname>
      <dateChanged id="41">2008-10-16 09:43:38</dateChanged>
    </org.openmrs.module.metadatasharing.Item>
    <org.openmrs.module.metadatasharing.Item id="42" uuid="66f5aa60-10fb-40a9-bcd3-7940980eddca">
      <id>22359</id>
      <classname>org.openmrs.ConceptName</classname>
      <dateChanged id="43">2013-05-21 15:56:29</dateChanged>
    </org.openmrs.module.metadatasharing.Item>
    <org.openmrs.module.metadatasharing.Item id="44" uuid="ecf727e4-07fe-102c-b5fa-0017a47871b2">
      <id>2899</id>
      <classname>org.openmrs.ConceptDescription</classname>
      <dateChanged id="45">2004-08-12 00:00:00</dateChanged>
    </org.openmrs.module.metadatasharing.Item>
    <org.openmrs.module.metadatasharing.Item id="46" uuid="0c78b194-5c99-4df8-9a79-afa9723a73d6">
      <id>28054</id>
      <classname>org.openmrs.ConceptMap</classname>
      <dateChanged id="47">2017-04-14 16:30:36</dateChanged>
    </org.openmrs.module.metadatasharing.Item>
    <org.openmrs.module.metadatasharing.Item id="48" uuid="35543629-7d8c-11e1-909d-c80aa9edcf4e">
      <id>1</id>
      <classname>org.openmrs.ConceptMapType</classname>
      <dateChanged id="49">2012-06-21 00:00:00</dateChanged>
      <retired>false</retired>
    </org.openmrs.module.metadatasharing.Item>
    <org.openmrs.module.metadatasharing.Item id="50" uuid="5bbbb4e5-2b39-4b9d-b286-88ad9c2e271a">
      <id>27489</id>
      <classname>org.openmrs.ConceptReferenceTerm</classname>
      <dateChanged id="51">2017-04-14 16:30:03</dateChanged>
      <retired>false</retired>
    </org.openmrs.module.metadatasharing.Item>
    <org.openmrs.module.metadatasharing.Item id="52" uuid="21ADDDDDDDDDDDDDDDDDDDDDDDDDDDDDDDDD">
      <id>29</id>
      <classname>org.openmrs.ConceptSource</classname>
      <dateChanged id="53">2015-07-01 17:25:50</dateChanged>
      <retired>false</retired>
    </org.openmrs.module.metadatasharing.Item>
    <org.openmrs.module.metadatasharing.Item id="54" uuid="b2638994-4864-102e-96e9-000c29c2a5d7">
      <id>4167</id>
      <classname>org.openmrs.ConceptMap</classname>
      <dateChanged id="55">2012-06-21 16:49:52</dateChanged>
    </org.openmrs.module.metadatasharing.Item>
    <org.openmrs.module.metadatasharing.Item id="56" uuid="7cf8dcdd-cff0-387c-9c76-cac26e519e08">
      <id>4167</id>
      <classname>org.openmrs.ConceptReferenceTerm</classname>
      <dateChanged id="57">2010-11-23 00:00:00</dateChanged>
      <retired>false</retired>
    </org.openmrs.module.metadatasharing.Item>
    <org.openmrs.module.metadatasharing.Item id="58" uuid="fb9aaaf1-65e2-4c18-b53c-16b575f2f385">
      <id>5</id>
      <classname>org.openmrs.ConceptSource</classname>
      <dateChanged id="59">2015-07-01 17:25:50</dateChanged>
      <retired>false</retired>
    </org.openmrs.module.metadatasharing.Item>
    <org.openmrs.module.metadatasharing.Item id="60" uuid="89d347ac-944a-4b3f-adf5-5f6a49413eb1">
      <id>28055</id>
      <classname>org.openmrs.ConceptMap</classname>
      <dateChanged id="61">2017-04-14 16:30:36</dateChanged>
    </org.openmrs.module.metadatasharing.Item>
    <org.openmrs.module.metadatasharing.Item id="62" uuid="fd0607c6-9bb8-44f4-a16f-9f3728e3df39">
      <id>27488</id>
      <classname>org.openmrs.ConceptReferenceTerm</classname>
      <dateChanged id="63">2017-04-14 16:29:52</dateChanged>
      <retired>false</retired>
    </org.openmrs.module.metadatasharing.Item>
    <org.openmrs.module.metadatasharing.Item id="64" uuid="2ADDDDDDDDDDDDDDDDDDDDDDDDDDDDDDDDDD">
      <id>8</id>
      <classname>org.openmrs.ConceptSource</classname>
      <dateChanged id="65">2015-07-01 17:25:50</dateChanged>
      <retired>false</retired>
    </org.openmrs.module.metadatasharing.Item>
    <org.openmrs.module.metadatasharing.Item id="66" uuid="fe618212-5b68-102e-96e9-000c29c2a5d7">
      <id>11856</id>
      <classname>org.openmrs.ConceptMap</classname>
      <dateChanged id="67">2012-06-21 16:49:52</dateChanged>
    </org.openmrs.module.metadatasharing.Item>
    <org.openmrs.module.metadatasharing.Item id="68" uuid="39b22983-3b6f-386e-9780-8dd38e7860fc">
      <id>11856</id>
      <classname>org.openmrs.ConceptReferenceTerm</classname>
      <dateChanged id="69">2010-12-17 00:00:00</dateChanged>
      <retired>false</retired>
    </org.openmrs.module.metadatasharing.Item>
    <org.openmrs.module.metadatasharing.Item id="70" uuid="ddb6b595-0b85-4a80-9243-efe4ba404eef">
      <id>4</id>
      <classname>org.openmrs.ConceptSource</classname>
      <dateChanged id="71">2015-07-01 17:25:50</dateChanged>
      <retired>false</retired>
    </org.openmrs.module.metadatasharing.Item>
    <org.openmrs.module.metadatasharing.Item id="72" uuid="75a41c50-4943-102e-96e9-000c29c2a5d7">
      <id>9908</id>
      <classname>org.openmrs.ConceptMap</classname>
      <dateChanged id="73">2012-06-21 16:49:52</dateChanged>
    </org.openmrs.module.metadatasharing.Item>
    <org.openmrs.module.metadatasharing.Item id="74" uuid="72d5e5f6-2b65-3bc9-a33e-c975aa7a6500">
      <id>9908</id>
      <classname>org.openmrs.ConceptReferenceTerm</classname>
      <dateChanged id="75">2010-11-24 00:00:00</dateChanged>
      <retired>false</retired>
    </org.openmrs.module.metadatasharing.Item>
    <org.openmrs.module.metadatasharing.Item id="76" uuid="c3f81414-da71-4143-a1ea-1d326864d3c9">
      <id>4975</id>
      <classname>org.openmrs.ConceptSet</classname>
      <dateChanged id="77">2013-11-05 22:50:26</dateChanged>
    </org.openmrs.module.metadatasharing.Item>
    <org.openmrs.module.metadatasharing.Item id="78" uuid="17029ad5-3b82-46a5-94d5-00aa612130bd">
      <id>9350</id>
      <classname>org.openmrs.Concept</classname>
      <dateChanged id="79">2014-01-06 23:31:53</dateChanged>
      <retired>false</retired>
    </org.openmrs.module.metadatasharing.Item>
    <org.openmrs.module.metadatasharing.Item id="80" uuid="8d4a48b6-c2cc-11de-8d13-0010c6dffd0f">
      <id>2</id>
      <classname>org.openmrs.ConceptDatatype</classname>
      <dateChanged id="81">2004-02-02 05:00:00</dateChanged>
      <retired>false</retired>
    </org.openmrs.module.metadatasharing.Item>
    <org.openmrs.module.metadatasharing.Item id="82" uuid="e150df9f-6bf5-45d2-bf38-ddffb195ebb5">
      <id>24982</id>
      <classname>org.openmrs.ConceptName</classname>
      <dateChanged id="83">2013-11-04 20:59:28</dateChanged>
    </org.openmrs.module.metadatasharing.Item>
    <org.openmrs.module.metadatasharing.Item id="84" uuid="82ff6034-08e6-45a4-b904-cddfc15a6dfd">
      <id>25820</id>
      <classname>org.openmrs.ConceptName</classname>
      <dateChanged id="85">2014-01-06 23:31:53</dateChanged>
    </org.openmrs.module.metadatasharing.Item>
    <org.openmrs.module.metadatasharing.Item id="86" uuid="dd6fa75e-ccca-46e8-8ce5-8ce60b8db6bf">
      <id>25821</id>
      <classname>org.openmrs.ConceptName</classname>
      <dateChanged id="87">2014-01-06 23:31:53</dateChanged>
    </org.openmrs.module.metadatasharing.Item>
    <org.openmrs.module.metadatasharing.Item id="88" uuid="5657700d-8778-450a-8935-d6d97f537c4f">
      <id>9044</id>
      <classname>org.openmrs.ConceptAnswer</classname>
      <dateChanged id="89">2013-11-04 21:33:10</dateChanged>
    </org.openmrs.module.metadatasharing.Item>
    <org.openmrs.module.metadatasharing.Item id="90" uuid="733c362a-89d3-4c6a-b918-f4af5725e7c7">
      <id>9352</id>
      <classname>org.openmrs.Concept</classname>
      <dateChanged id="91">2013-11-04 21:20:03</dateChanged>
      <retired>false</retired>
    </org.openmrs.module.metadatasharing.Item>
    <org.openmrs.module.metadatasharing.Item id="92" uuid="8d492774-c2cc-11de-8d13-0010c6dffd0f">
      <id>11</id>
      <classname>org.openmrs.ConceptClass</classname>
      <dateChanged id="93">2015-07-01 17:25:50</dateChanged>
      <retired>false</retired>
    </org.openmrs.module.metadatasharing.Item>
    <org.openmrs.module.metadatasharing.Item id="94" uuid="3b8c8893-30f6-48c3-800e-a821e089ba5a">
      <id>24990</id>
      <classname>org.openmrs.ConceptName</classname>
      <dateChanged id="95">2013-11-04 21:18:59</dateChanged>
    </org.openmrs.module.metadatasharing.Item>
    <org.openmrs.module.metadatasharing.Item id="96" uuid="abf6e090-886d-4ea1-b233-26216f60989d">
      <id>24987</id>
      <classname>org.openmrs.ConceptName</classname>
      <dateChanged id="97">2013-11-04 21:18:59</dateChanged>
    </org.openmrs.module.metadatasharing.Item>
    <org.openmrs.module.metadatasharing.Item id="98" uuid="dc6ed067-da5e-42ff-8652-20fee8ed86fb">
      <id>24988</id>
      <classname>org.openmrs.ConceptName</classname>
      <dateChanged id="99">2013-11-04 21:18:59</dateChanged>
    </org.openmrs.module.metadatasharing.Item>
    <org.openmrs.module.metadatasharing.Item id="100" uuid="1020c1c5-9be9-4849-9695-3b3d04b59f3b">
      <id>24989</id>
      <classname>org.openmrs.ConceptName</classname>
      <dateChanged id="101">2013-11-04 21:18:59</dateChanged>
    </org.openmrs.module.metadatasharing.Item>
    <org.openmrs.module.metadatasharing.Item id="102" uuid="bef73321-7cd2-4d8c-a493-36ab1524e51d">
      <id>20411</id>
      <classname>org.openmrs.ConceptMap</classname>
      <dateChanged id="103">2013-11-04 21:20:02</dateChanged>
    </org.openmrs.module.metadatasharing.Item>
    <org.openmrs.module.metadatasharing.Item id="104" uuid="c432cf53-5123-4bbf-95d0-95ea929bbde7">
      <id>20273</id>
      <classname>org.openmrs.ConceptReferenceTerm</classname>
      <dateChanged id="105">2013-11-04 21:19:43</dateChanged>
      <retired>false</retired>
    </org.openmrs.module.metadatasharing.Item>
    <org.openmrs.module.metadatasharing.Item id="106" uuid="1a79d362-cf56-4455-b3e9-48b10d2b155e">
      <id>20410</id>
      <classname>org.openmrs.ConceptMap</classname>
      <dateChanged id="107">2013-11-04 21:20:02</dateChanged>
    </org.openmrs.module.metadatasharing.Item>
    <org.openmrs.module.metadatasharing.Item id="108" uuid="6e00aefa-a099-4229-a308-f75fffed3f93">
      <id>20272</id>
      <classname>org.openmrs.ConceptReferenceTerm</classname>
      <dateChanged id="109">2013-11-04 21:19:35</dateChanged>
      <retired>false</retired>
    </org.openmrs.module.metadatasharing.Item>
    <org.openmrs.module.metadatasharing.Item id="110" uuid="8505bbd0-4f8a-4af7-aad3-a88d36dfdea6">
      <id>9045</id>
      <classname>org.openmrs.ConceptAnswer</classname>
      <dateChanged id="111">2013-11-04 21:33:10</dateChanged>
    </org.openmrs.module.metadatasharing.Item>
    <org.openmrs.module.metadatasharing.Item id="112" uuid="5d1ef345-3d03-45f7-bea2-aec9ed9ef7af">
      <id>9353</id>
      <classname>org.openmrs.Concept</classname>
      <dateChanged id="113">2013-11-04 21:29:42</dateChanged>
      <retired>false</retired>
    </org.openmrs.module.metadatasharing.Item>
    <org.openmrs.module.metadatasharing.Item id="114" uuid="259a2606-7d9a-4fb6-bad9-f6e1536c2cb5">
      <id>24992</id>
      <classname>org.openmrs.ConceptName</classname>
      <dateChanged id="115">2013-11-04 21:28:52</dateChanged>
    </org.openmrs.module.metadatasharing.Item>
    <org.openmrs.module.metadatasharing.Item id="116" uuid="5add9f99-a482-45ea-9d18-fda592d0f4ad">
      <id>24991</id>
      <classname>org.openmrs.ConceptName</classname>
      <dateChanged id="117">2013-11-04 21:28:52</dateChanged>
    </org.openmrs.module.metadatasharing.Item>
    <org.openmrs.module.metadatasharing.Item id="118" uuid="0203b22b-86a3-4d73-b831-f0a4058a0837">
      <id>24993</id>
      <classname>org.openmrs.ConceptName</classname>
      <dateChanged id="119">2013-11-04 21:28:52</dateChanged>
    </org.openmrs.module.metadatasharing.Item>
    <org.openmrs.module.metadatasharing.Item id="120" uuid="b99191aa-d249-4bb3-b685-cc9084feb694">
      <id>20413</id>
      <classname>org.openmrs.ConceptMap</classname>
      <dateChanged id="121">2013-11-04 21:29:21</dateChanged>
    </org.openmrs.module.metadatasharing.Item>
    <org.openmrs.module.metadatasharing.Item id="122" uuid="f22a8ec4-bb9e-402c-af27-ce9e8cb2b7fe">
      <id>20275</id>
      <classname>org.openmrs.ConceptReferenceTerm</classname>
      <dateChanged id="123">2013-11-04 21:29:09</dateChanged>
      <retired>false</retired>
    </org.openmrs.module.metadatasharing.Item>
    <org.openmrs.module.metadatasharing.Item id="124" uuid="f910400b-24f4-44f6-9fbb-8c9bdbe62670">
      <id>20412</id>
      <classname>org.openmrs.ConceptMap</classname>
      <dateChanged id="125">2013-11-04 21:28:52</dateChanged>
    </org.openmrs.module.metadatasharing.Item>
    <org.openmrs.module.metadatasharing.Item id="126" uuid="4289d696-15b9-4fde-b324-900d74082313">
      <id>20274</id>
      <classname>org.openmrs.ConceptReferenceTerm</classname>
      <dateChanged id="127">2013-11-04 21:28:40</dateChanged>
      <retired>false</retired>
    </org.openmrs.module.metadatasharing.Item>
    <org.openmrs.module.metadatasharing.Item id="128" uuid="f4941050-fbc6-41ad-a64c-1136a15d8793">
      <id>9046</id>
      <classname>org.openmrs.ConceptAnswer</classname>
      <dateChanged id="129">2013-11-04 21:33:10</dateChanged>
    </org.openmrs.module.metadatasharing.Item>
    <org.openmrs.module.metadatasharing.Item id="130" uuid="d1b68fd3-59e5-4e43-b0b1-3c778dcbfced">
      <id>9354</id>
      <classname>org.openmrs.Concept</classname>
      <dateChanged id="131">2014-09-24 16:11:31</dateChanged>
      <retired>false</retired>
    </org.openmrs.module.metadatasharing.Item>
    <org.openmrs.module.metadatasharing.Item id="132" uuid="8620a742-3cf1-487d-a880-3597efd35829">
      <id>24994</id>
      <classname>org.openmrs.ConceptName</classname>
      <dateChanged id="133">2013-11-04 21:32:06</dateChanged>
    </org.openmrs.module.metadatasharing.Item>
    <org.openmrs.module.metadatasharing.Item id="134" uuid="3adea38f-97e5-4dec-9f70-7fb5642b4a28">
      <id>24996</id>
      <classname>org.openmrs.ConceptName</classname>
      <dateChanged id="135">2013-11-04 21:34:40</dateChanged>
    </org.openmrs.module.metadatasharing.Item>
    <org.openmrs.module.metadatasharing.Item id="136" uuid="94fc9a4c-c1aa-405f-93dd-9a1641721009">
      <id>24995</id>
      <classname>org.openmrs.ConceptName</classname>
      <dateChanged id="137">2013-11-04 21:33:47</dateChanged>
    </org.openmrs.module.metadatasharing.Item>
    <org.openmrs.module.metadatasharing.Item id="138" uuid="8d2fabaf-e5d2-443f-a394-30ef86d86cdb">
      <id>20414</id>
      <classname>org.openmrs.ConceptMap</classname>
      <dateChanged id="139">2013-11-04 21:32:06</dateChanged>
    </org.openmrs.module.metadatasharing.Item>
    <org.openmrs.module.metadatasharing.Item id="140" uuid="71a8c120-1460-4b8e-bd23-98478d9cd329">
      <id>20276</id>
      <classname>org.openmrs.ConceptReferenceTerm</classname>
      <dateChanged id="141">2013-11-04 21:31:12</dateChanged>
      <retired>false</retired>
    </org.openmrs.module.metadatasharing.Item>
    <org.openmrs.module.metadatasharing.Item id="142" uuid="2ff096b1-1c8b-4c7c-95df-9464ae409a75">
      <id>22834</id>
      <classname>org.openmrs.ConceptMap</classname>
      <dateChanged id="143">2014-09-24 16:11:30</dateChanged>
    </org.openmrs.module.metadatasharing.Item>
    <org.openmrs.module.metadatasharing.Item id="144" uuid="0d99f123-8dbe-44e8-99a4-451d7778b700">
      <id>22362</id>
      <classname>org.openmrs.ConceptReferenceTerm</classname>
      <dateChanged id="145">2014-09-24 16:11:17</dateChanged>
      <retired>false</retired>
    </org.openmrs.module.metadatasharing.Item>
    <org.openmrs.module.metadatasharing.Item id="146" uuid="e011fba6-0e43-4419-ad26-0cf56ab7627b">
      <id>9047</id>
      <classname>org.openmrs.ConceptAnswer</classname>
      <dateChanged id="147">2013-11-04 21:57:17</dateChanged>
    </org.openmrs.module.metadatasharing.Item>
    <org.openmrs.module.metadatasharing.Item id="148" uuid="3ced9a68-26fe-102b-80cb-0017a47871b2">
      <id>5489</id>
      <classname>org.openmrs.Concept</classname>
      <dateChanged id="149">2016-03-11 16:28:59</dateChanged>
      <retired>false</retired>
    </org.openmrs.module.metadatasharing.Item>
    <org.openmrs.module.metadatasharing.Item id="150" uuid="5d18320d-aefc-4643-9747-2bfbf1468d4e">
      <id>25009</id>
      <classname>org.openmrs.ConceptName</classname>
      <dateChanged id="151">2016-03-11 16:28:59</dateChanged>
    </org.openmrs.module.metadatasharing.Item>
    <org.openmrs.module.metadatasharing.Item id="152" uuid="3e3f5c12-26fe-102b-80cb-0017a47871b2">
      <id>3858</id>
      <classname>org.openmrs.ConceptName</classname>
      <dateChanged id="153">2013-11-04 21:46:10</dateChanged>
    </org.openmrs.module.metadatasharing.Item>
    <org.openmrs.module.metadatasharing.Item id="154" uuid="1edcb4f2-dfe0-42d9-a54c-23823a3d65c5">
      <id>25010</id>
      <classname>org.openmrs.ConceptName</classname>
      <dateChanged id="155">2013-11-04 21:46:10</dateChanged>
    </org.openmrs.module.metadatasharing.Item>
    <org.openmrs.module.metadatasharing.Item id="156" uuid="9f1ffb66-618b-41ad-beff-64d9494eb645">
      <id>31044</id>
      <classname>org.openmrs.ConceptName</classname>
      <dateChanged id="157">2016-03-11 16:28:59</dateChanged>
    </org.openmrs.module.metadatasharing.Item>
    <org.openmrs.module.metadatasharing.Item id="158" uuid="f76546e6-d5db-102d-ad2a-000c29c2a5d7">
      <id>13731</id>
      <classname>org.openmrs.ConceptName</classname>
      <dateChanged id="159">2010-06-29 13:05:30</dateChanged>
    </org.openmrs.module.metadatasharing.Item>
    <org.openmrs.module.metadatasharing.Item id="160" uuid="39f07783-9fd8-4a0d-b560-c5080bdfdfbf">
      <id>25007</id>
      <classname>org.openmrs.ConceptName</classname>
      <dateChanged id="161">2013-11-04 21:46:10</dateChanged>
    </org.openmrs.module.metadatasharing.Item>
    <org.openmrs.module.metadatasharing.Item id="162" uuid="14647432-ddb4-4002-8f91-d9f718225e0a">
      <id>25011</id>
      <classname>org.openmrs.ConceptName</classname>
      <dateChanged id="163">2013-11-04 21:46:10</dateChanged>
    </org.openmrs.module.metadatasharing.Item>
    <org.openmrs.module.metadatasharing.Item id="164" uuid="0f804426-2e59-4393-b1b4-c07b8b2fd6e9">
      <id>25008</id>
      <classname>org.openmrs.ConceptName</classname>
      <dateChanged id="165">2013-11-04 21:41:00</dateChanged>
    </org.openmrs.module.metadatasharing.Item>
    <org.openmrs.module.metadatasharing.Item id="166" uuid="ed17c0e4-07fe-102c-b5fa-0017a47871b2">
      <id>3291</id>
      <classname>org.openmrs.ConceptDescription</classname>
      <dateChanged id="167">2013-11-04 21:46:10</dateChanged>
    </org.openmrs.module.metadatasharing.Item>
    <org.openmrs.module.metadatasharing.Item id="168" uuid="75a945ae-4943-102e-96e9-000c29c2a5d7">
      <id>10258</id>
      <classname>org.openmrs.ConceptMap</classname>
      <dateChanged id="169">2012-06-21 16:49:52</dateChanged>
    </org.openmrs.module.metadatasharing.Item>
    <org.openmrs.module.metadatasharing.Item id="170" uuid="44b0dfd9-9990-37d2-a2ac-5ba2a02bce56">
      <id>10258</id>
      <classname>org.openmrs.ConceptReferenceTerm</classname>
      <dateChanged id="171">2010-11-24 00:00:00</dateChanged>
      <retired>false</retired>
    </org.openmrs.module.metadatasharing.Item>
    <org.openmrs.module.metadatasharing.Item id="172" uuid="b294f97a-4864-102e-96e9-000c29c2a5d7">
      <id>4560</id>
      <classname>org.openmrs.ConceptMap</classname>
      <dateChanged id="173">2012-06-21 16:49:52</dateChanged>
    </org.openmrs.module.metadatasharing.Item>
    <org.openmrs.module.metadatasharing.Item id="174" uuid="bb0f094b-12c5-3278-a88e-0876e605bd32">
      <id>4560</id>
      <classname>org.openmrs.ConceptReferenceTerm</classname>
      <dateChanged id="175">2010-11-23 00:00:00</dateChanged>
      <retired>false</retired>
    </org.openmrs.module.metadatasharing.Item>
    <org.openmrs.module.metadatasharing.Item id="176" uuid="b6066f28-eaa5-4cd9-a3b3-34e6deabdcfb">
      <id>9048</id>
      <classname>org.openmrs.ConceptAnswer</classname>
      <dateChanged id="177">2013-11-04 21:57:17</dateChanged>
    </org.openmrs.module.metadatasharing.Item>
    <org.openmrs.module.metadatasharing.Item id="178" uuid="3ced95b8-26fe-102b-80cb-0017a47871b2">
      <id>5486</id>
      <classname>org.openmrs.Concept</classname>
      <dateChanged id="179">2013-11-04 21:48:52</dateChanged>
      <retired>false</retired>
    </org.openmrs.module.metadatasharing.Item>
    <org.openmrs.module.metadatasharing.Item id="180" uuid="fcdae9bf-ccf2-4cda-83f6-201eac4f521e">
      <id>25016</id>
      <classname>org.openmrs.ConceptName</classname>
      <dateChanged id="181">2013-11-04 21:48:52</dateChanged>
    </org.openmrs.module.metadatasharing.Item>
    <org.openmrs.module.metadatasharing.Item id="182" uuid="34a3657d-a2bb-4595-ac0e-e53ffda04eb3">
      <id>25012</id>
      <classname>org.openmrs.ConceptName</classname>
      <dateChanged id="183">2013-11-04 21:47:36</dateChanged>
    </org.openmrs.module.metadatasharing.Item>
    <org.openmrs.module.metadatasharing.Item id="184" uuid="3e3f57ee-26fe-102b-80cb-0017a47871b2">
      <id>3855</id>
      <classname>org.openmrs.ConceptName</classname>
      <dateChanged id="185">2013-11-04 21:47:36</dateChanged>
    </org.openmrs.module.metadatasharing.Item>
    <org.openmrs.module.metadatasharing.Item id="186" uuid="d656d80f-f7d0-456a-ab2a-c7c2166f5072">
      <id>25013</id>
      <classname>org.openmrs.ConceptName</classname>
      <dateChanged id="187">2013-11-04 21:47:36</dateChanged>
    </org.openmrs.module.metadatasharing.Item>
    <org.openmrs.module.metadatasharing.Item id="188" uuid="b285addd-5234-4ab9-a15b-bf75a5f7f5f3">
      <id>25014</id>
      <classname>org.openmrs.ConceptName</classname>
      <dateChanged id="189">2013-11-04 21:47:54</dateChanged>
    </org.openmrs.module.metadatasharing.Item>
    <org.openmrs.module.metadatasharing.Item id="190" uuid="e6989afa-aa86-44d0-ae50-7974bab17ef5">
      <id>25015</id>
      <classname>org.openmrs.ConceptName</classname>
      <dateChanged id="191">2013-11-04 21:48:52</dateChanged>
    </org.openmrs.module.metadatasharing.Item>
    <org.openmrs.module.metadatasharing.Item id="192" uuid="f7648d0a-d5db-102d-ad2a-000c29c2a5d7">
      <id>13728</id>
      <classname>org.openmrs.ConceptName</classname>
      <dateChanged id="193">2013-11-04 21:48:52</dateChanged>
    </org.openmrs.module.metadatasharing.Item>
    <org.openmrs.module.metadatasharing.Item id="194" uuid="ed17bab8-07fe-102c-b5fa-0017a47871b2">
      <id>3288</id>
      <classname>org.openmrs.ConceptDescription</classname>
      <dateChanged id="195">2013-11-04 21:47:36</dateChanged>
    </org.openmrs.module.metadatasharing.Item>
    <org.openmrs.module.metadatasharing.Item id="196" uuid="b294f4fc-4864-102e-96e9-000c29c2a5d7">
      <id>4557</id>
      <classname>org.openmrs.ConceptMap</classname>
      <dateChanged id="197">2012-06-21 16:49:52</dateChanged>
    </org.openmrs.module.metadatasharing.Item>
    <org.openmrs.module.metadatasharing.Item id="198" uuid="10ba7bb2-3cd8-38e5-a91b-5cef6c4f3110">
      <id>4557</id>
      <classname>org.openmrs.ConceptReferenceTerm</classname>
      <dateChanged id="199">2010-11-23 00:00:00</dateChanged>
      <retired>false</retired>
    </org.openmrs.module.metadatasharing.Item>
    <org.openmrs.module.metadatasharing.Item id="200" uuid="75a94180-4943-102e-96e9-000c29c2a5d7">
      <id>10255</id>
      <classname>org.openmrs.ConceptMap</classname>
      <dateChanged id="201">2012-06-21 16:49:52</dateChanged>
    </org.openmrs.module.metadatasharing.Item>
    <org.openmrs.module.metadatasharing.Item id="202" uuid="6ddffe0c-d062-3910-ba88-e637bf0eeda5">
      <id>10255</id>
      <classname>org.openmrs.ConceptReferenceTerm</classname>
      <dateChanged id="203">2010-11-24 00:00:00</dateChanged>
      <retired>false</retired>
    </org.openmrs.module.metadatasharing.Item>
    <org.openmrs.module.metadatasharing.Item id="204" uuid="81682506-3786-407d-894e-32bf7fd31768">
      <id>9051</id>
      <classname>org.openmrs.ConceptAnswer</classname>
      <dateChanged id="205">2013-11-04 22:23:43</dateChanged>
    </org.openmrs.module.metadatasharing.Item>
    <org.openmrs.module.metadatasharing.Item id="206" uuid="980a5495-0ee2-4050-9eee-ccff53561e13">
      <id>7706</id>
      <classname>org.openmrs.Concept</classname>
      <dateChanged id="207">2013-11-04 22:07:04</dateChanged>
      <retired>false</retired>
    </org.openmrs.module.metadatasharing.Item>
    <org.openmrs.module.metadatasharing.Item id="208" uuid="d2f97e64-1493-4fc6-bd1b-11f07d854825">
      <id>25025</id>
      <classname>org.openmrs.ConceptName</classname>
      <dateChanged id="209">2013-11-04 22:07:04</dateChanged>
    </org.openmrs.module.metadatasharing.Item>
    <org.openmrs.module.metadatasharing.Item id="210" uuid="fd2692ce-6e88-4b25-bbca-fbe3037360c9">
      <id>25024</id>
      <classname>org.openmrs.ConceptName</classname>
      <dateChanged id="211">2013-11-04 22:04:55</dateChanged>
    </org.openmrs.module.metadatasharing.Item>
    <org.openmrs.module.metadatasharing.Item id="212" uuid="462a2651-adad-4123-a900-6a1c0c44b806">
      <id>17257</id>
      <classname>org.openmrs.ConceptName</classname>
      <dateChanged id="213">2012-10-01 19:24:39</dateChanged>
    </org.openmrs.module.metadatasharing.Item>
    <org.openmrs.module.metadatasharing.Item id="214" uuid="78576592-482f-4742-9984-ef9b19602ea1">
      <id>17755</id>
      <classname>org.openmrs.ConceptName</classname>
      <dateChanged id="215">2013-11-04 22:07:04</dateChanged>
    </org.openmrs.module.metadatasharing.Item>
    <org.openmrs.module.metadatasharing.Item id="216" uuid="ef426357-c2ff-461a-ad9a-db147f5dfeb7">
      <id>25026</id>
      <classname>org.openmrs.ConceptName</classname>
      <dateChanged id="217">2013-11-04 22:07:04</dateChanged>
    </org.openmrs.module.metadatasharing.Item>
    <org.openmrs.module.metadatasharing.Item id="218" uuid="74b8ae26-a837-4f08-94eb-e88db97c1d93">
      <id>17756</id>
      <classname>org.openmrs.ConceptName</classname>
      <dateChanged id="219">2013-11-04 22:04:55</dateChanged>
    </org.openmrs.module.metadatasharing.Item>
    <org.openmrs.module.metadatasharing.Item id="220" uuid="c3b9124c-2741-483e-aec3-21f2d8297f43">
      <id>14207</id>
      <classname>org.openmrs.ConceptMap</classname>
      <dateChanged id="221">2012-10-01 19:24:39</dateChanged>
    </org.openmrs.module.metadatasharing.Item>
    <org.openmrs.module.metadatasharing.Item id="222" uuid="4326814d-67e3-4c9a-a47d-a312888ac9cf">
      <id>14314</id>
      <classname>org.openmrs.ConceptReferenceTerm</classname>
      <dateChanged id="223">2012-10-01 19:23:58</dateChanged>
      <retired>false</retired>
    </org.openmrs.module.metadatasharing.Item>
    <org.openmrs.module.metadatasharing.Item id="224" uuid="f7a59583-afc8-45fd-8de5-a0cf86e360d6">
      <id>14208</id>
      <classname>org.openmrs.ConceptMap</classname>
      <dateChanged id="225">2012-10-01 19:25:24</dateChanged>
    </org.openmrs.module.metadatasharing.Item>
    <org.openmrs.module.metadatasharing.Item id="226" uuid="52e224c2-6ad7-4422-80c9-973caf8c148d">
      <id>14315</id>
      <classname>org.openmrs.ConceptReferenceTerm</classname>
      <dateChanged id="227">2012-10-01 19:25:10</dateChanged>
      <retired>false</retired>
    </org.openmrs.module.metadatasharing.Item>
    <org.openmrs.module.metadatasharing.Item id="228" uuid="07201736-afcf-42ec-b320-fea6590d596a">
      <id>9052</id>
      <classname>org.openmrs.ConceptAnswer</classname>
      <dateChanged id="229">2013-11-04 22:23:43</dateChanged>
    </org.openmrs.module.metadatasharing.Item>
    <org.openmrs.module.metadatasharing.Item id="230" uuid="6d71593f-bf43-439c-9f33-d3619576557a">
      <id>9355</id>
      <classname>org.openmrs.Concept</classname>
      <dateChanged id="231">2013-11-04 22:22:57</dateChanged>
      <retired>false</retired>
    </org.openmrs.module.metadatasharing.Item>
    <org.openmrs.module.metadatasharing.Item id="232" uuid="5d6bf4f4-cdfb-4054-916d-4ae21ad8796b">
      <id>25027</id>
      <classname>org.openmrs.ConceptName</classname>
      <dateChanged id="233">2013-11-04 22:20:29</dateChanged>
    </org.openmrs.module.metadatasharing.Item>
    <org.openmrs.module.metadatasharing.Item id="234" uuid="2364ae26-0b69-49bd-a2c8-ede5412b66f7">
      <id>25032</id>
      <classname>org.openmrs.ConceptName</classname>
      <dateChanged id="235">2013-11-04 22:21:13</dateChanged>
    </org.openmrs.module.metadatasharing.Item>
    <org.openmrs.module.metadatasharing.Item id="236" uuid="cd16c3eb-f117-40c2-aa78-ca9c5aaa4b65">
      <id>25030</id>
      <classname>org.openmrs.ConceptName</classname>
      <dateChanged id="237">2013-11-04 22:21:13</dateChanged>
    </org.openmrs.module.metadatasharing.Item>
    <org.openmrs.module.metadatasharing.Item id="238" uuid="002421fb-cc18-4ef3-9102-fa0dea515393">
      <id>25031</id>
      <classname>org.openmrs.ConceptName</classname>
      <dateChanged id="239">2013-11-04 22:20:29</dateChanged>
    </org.openmrs.module.metadatasharing.Item>
    <org.openmrs.module.metadatasharing.Item id="240" uuid="d2c1ca44-268a-421a-8378-079e7f8a9ade">
      <id>25033</id>
      <classname>org.openmrs.ConceptName</classname>
      <dateChanged id="241">2013-11-04 22:22:57</dateChanged>
    </org.openmrs.module.metadatasharing.Item>
    <org.openmrs.module.metadatasharing.Item id="242" uuid="9a664b7d-5014-4635-b01d-01d2bd13a7d8">
      <id>25028</id>
      <classname>org.openmrs.ConceptName</classname>
      <dateChanged id="243">2013-11-04 22:20:29</dateChanged>
    </org.openmrs.module.metadatasharing.Item>
    <org.openmrs.module.metadatasharing.Item id="244" uuid="cbbce6d0-8cf0-4c70-a7c8-2b873607e21b">
      <id>25029</id>
      <classname>org.openmrs.ConceptName</classname>
      <dateChanged id="245">2013-11-04 22:20:29</dateChanged>
    </org.openmrs.module.metadatasharing.Item>
    <org.openmrs.module.metadatasharing.Item id="246" uuid="4e63fa3e-a3b8-46da-8371-29807f5761de">
      <id>20417</id>
      <classname>org.openmrs.ConceptMap</classname>
      <dateChanged id="247">2013-11-04 22:22:26</dateChanged>
    </org.openmrs.module.metadatasharing.Item>
    <org.openmrs.module.metadatasharing.Item id="248" uuid="d7b8e8af-9e21-4c5d-a765-6413d10d5d57">
      <id>20279</id>
      <classname>org.openmrs.ConceptReferenceTerm</classname>
      <dateChanged id="249">2013-11-04 22:20:58</dateChanged>
      <retired>false</retired>
    </org.openmrs.module.metadatasharing.Item>
    <org.openmrs.module.metadatasharing.Item id="250" uuid="85bdd0c7-20e5-497c-a842-87240ea310f6">
      <id>20416</id>
      <classname>org.openmrs.ConceptMap</classname>
      <dateChanged id="251">2013-11-04 22:22:26</dateChanged>
    </org.openmrs.module.metadatasharing.Item>
    <org.openmrs.module.metadatasharing.Item id="252" uuid="c8eb9525-705e-4605-81c6-8779ceefb15d">
      <id>20278</id>
      <classname>org.openmrs.ConceptReferenceTerm</classname>
      <dateChanged id="253">2013-11-04 22:20:47</dateChanged>
      <retired>false</retired>
    </org.openmrs.module.metadatasharing.Item>
    <org.openmrs.module.metadatasharing.Item id="254" uuid="b2f19a8f-3f66-4883-a8b8-713f811f5c05">
      <id>9049</id>
      <classname>org.openmrs.ConceptAnswer</classname>
      <dateChanged id="255">2013-11-04 21:57:17</dateChanged>
    </org.openmrs.module.metadatasharing.Item>
    <org.openmrs.module.metadatasharing.Item id="256" uuid="4e78fc3c-7901-4687-b969-a26fcb13218b">
      <id>6710</id>
      <classname>org.openmrs.Concept</classname>
      <dateChanged id="257">2013-11-04 21:53:56</dateChanged>
      <retired>false</retired>
    </org.openmrs.module.metadatasharing.Item>
    <org.openmrs.module.metadatasharing.Item id="258" uuid="ee7fb3f2-83e4-409e-9302-c8e0d95c69d5">
      <id>9895</id>
      <classname>org.openmrs.ConceptName</classname>
      <dateChanged id="259">2010-03-30 05:58:29</dateChanged>
    </org.openmrs.module.metadatasharing.Item>
    <org.openmrs.module.metadatasharing.Item id="260" uuid="651aecee-5d54-498a-8e5c-f76ff0370f98">
      <id>25017</id>
      <classname>org.openmrs.ConceptName</classname>
      <dateChanged id="261">2013-11-04 21:53:32</dateChanged>
    </org.openmrs.module.metadatasharing.Item>
    <org.openmrs.module.metadatasharing.Item id="262" uuid="a9a357bc-69e6-48b7-86f8-57ee671d9fa9">
      <id>25018</id>
      <classname>org.openmrs.ConceptName</classname>
      <dateChanged id="263">2013-11-04 21:52:10</dateChanged>
    </org.openmrs.module.metadatasharing.Item>
    <org.openmrs.module.metadatasharing.Item id="264" uuid="2e2bf500-6a5b-447e-99f7-3d9dd65c25d5">
      <id>25019</id>
      <classname>org.openmrs.ConceptName</classname>
      <dateChanged id="265">2013-11-04 21:53:32</dateChanged>
    </org.openmrs.module.metadatasharing.Item>
    <org.openmrs.module.metadatasharing.Item id="266" uuid="0a329f59-2c5c-4985-b406-ecdbb00aac95">
      <id>25020</id>
      <classname>org.openmrs.ConceptName</classname>
      <dateChanged id="267">2013-11-04 21:53:32</dateChanged>
    </org.openmrs.module.metadatasharing.Item>
    <org.openmrs.module.metadatasharing.Item id="268" uuid="08a79500-7279-4f46-a25e-01db58447f66">
      <id>13963</id>
      <classname>org.openmrs.ConceptName</classname>
      <dateChanged id="269">2010-07-20 12:18:26</dateChanged>
    </org.openmrs.module.metadatasharing.Item>
    <org.openmrs.module.metadatasharing.Item id="270" uuid="6f076a59-d320-474f-8a8b-2afc57554f17">
      <id>13964</id>
      <classname>org.openmrs.ConceptName</classname>
      <dateChanged id="271">2010-07-20 12:18:26</dateChanged>
    </org.openmrs.module.metadatasharing.Item>
    <org.openmrs.module.metadatasharing.Item id="272" uuid="77dd30f5-b2e2-4567-a65f-7d41ba708fd3">
      <id>9894</id>
      <classname>org.openmrs.ConceptName</classname>
      <dateChanged id="273">2010-03-30 05:58:29</dateChanged>
    </org.openmrs.module.metadatasharing.Item>
    <org.openmrs.module.metadatasharing.Item id="274" uuid="b2b13a68-4864-102e-96e9-000c29c2a5d7">
      <id>5777</id>
      <classname>org.openmrs.ConceptMap</classname>
      <dateChanged id="275">2012-06-21 16:49:52</dateChanged>
    </org.openmrs.module.metadatasharing.Item>
    <org.openmrs.module.metadatasharing.Item id="276" uuid="17cbe80a-0426-32b5-bbd9-e23346982c48">
      <id>5777</id>
      <classname>org.openmrs.ConceptReferenceTerm</classname>
      <dateChanged id="277">2010-11-23 00:00:00</dateChanged>
      <retired>false</retired>
    </org.openmrs.module.metadatasharing.Item>
    <org.openmrs.module.metadatasharing.Item id="278" uuid="75b10e56-4943-102e-96e9-000c29c2a5d7">
      <id>11341</id>
      <classname>org.openmrs.ConceptMap</classname>
      <dateChanged id="279">2012-06-21 16:49:52</dateChanged>
    </org.openmrs.module.metadatasharing.Item>
    <org.openmrs.module.metadatasharing.Item id="280" uuid="73e9bffa-9d44-34c3-a1d9-182a8df0325d">
      <id>11341</id>
      <classname>org.openmrs.ConceptReferenceTerm</classname>
      <dateChanged id="281">2010-11-24 00:00:00</dateChanged>
      <retired>false</retired>
    </org.openmrs.module.metadatasharing.Item>
    <org.openmrs.module.metadatasharing.Item id="282" uuid="8e5cc735-29e4-46ca-bd34-946e9635443d">
      <id>9053</id>
      <classname>org.openmrs.ConceptAnswer</classname>
      <dateChanged id="283">2013-11-04 22:43:30</dateChanged>
    </org.openmrs.module.metadatasharing.Item>
    <org.openmrs.module.metadatasharing.Item id="284" uuid="05733219-fc6d-4843-86d1-d7ed9982f2d7">
      <id>9356</id>
      <classname>org.openmrs.Concept</classname>
      <dateChanged id="285">2013-11-04 22:43:08</dateChanged>
      <retired>false</retired>
    </org.openmrs.module.metadatasharing.Item>
    <org.openmrs.module.metadatasharing.Item id="286" uuid="c887a569-b2be-4b5e-99d4-41c9c635331c">
      <id>25034</id>
      <classname>org.openmrs.ConceptName</classname>
      <dateChanged id="287">2013-11-04 22:39:27</dateChanged>
    </org.openmrs.module.metadatasharing.Item>
    <org.openmrs.module.metadatasharing.Item id="288" uuid="6288e7a9-7a29-42cb-b56f-5b7b4ba04417">
      <id>25036</id>
      <classname>org.openmrs.ConceptName</classname>
      <dateChanged id="289">2013-11-04 22:39:44</dateChanged>
    </org.openmrs.module.metadatasharing.Item>
    <org.openmrs.module.metadatasharing.Item id="290" uuid="f9ae20e8-0923-447c-b588-06f8d673507d">
      <id>25035</id>
      <classname>org.openmrs.ConceptName</classname>
      <dateChanged id="291">2013-11-04 22:39:27</dateChanged>
    </org.openmrs.module.metadatasharing.Item>
    <org.openmrs.module.metadatasharing.Item id="292" uuid="da3bc020-1f94-428f-b59c-41eb5e826cab">
      <id>25038</id>
      <classname>org.openmrs.ConceptName</classname>
      <dateChanged id="293">2013-11-04 22:41:15</dateChanged>
    </org.openmrs.module.metadatasharing.Item>
    <org.openmrs.module.metadatasharing.Item id="294" uuid="cd435876-0cd7-4878-934e-e5b9ed6abd0a">
      <id>25037</id>
      <classname>org.openmrs.ConceptName</classname>
      <dateChanged id="295">2013-11-04 22:41:15</dateChanged>
    </org.openmrs.module.metadatasharing.Item>
    <org.openmrs.module.metadatasharing.Item id="296" uuid="9307ece6-5289-4a8e-9cb7-72f4a3efc787">
      <id>25039</id>
      <classname>org.openmrs.ConceptName</classname>
      <dateChanged id="297">2013-11-04 22:41:15</dateChanged>
    </org.openmrs.module.metadatasharing.Item>
    <org.openmrs.module.metadatasharing.Item id="298" uuid="e3d05d5e-6de4-44c5-8794-f3f7c84902e8">
      <id>20419</id>
      <classname>org.openmrs.ConceptMap</classname>
      <dateChanged id="299">2013-11-04 22:43:08</dateChanged>
    </org.openmrs.module.metadatasharing.Item>
    <org.openmrs.module.metadatasharing.Item id="300" uuid="a2d73d9f-a09e-4c9d-bf77-b4fcfcc9d562">
      <id>20281</id>
      <classname>org.openmrs.ConceptReferenceTerm</classname>
      <dateChanged id="301">2013-11-04 22:42:56</dateChanged>
      <retired>false</retired>
    </org.openmrs.module.metadatasharing.Item>
    <org.openmrs.module.metadatasharing.Item id="302" uuid="8500d9c7-f97c-427d-b0ec-6352a9ed0c21">
      <id>20418</id>
      <classname>org.openmrs.ConceptMap</classname>
      <dateChanged id="303">2013-11-04 22:39:27</dateChanged>
    </org.openmrs.module.metadatasharing.Item>
    <org.openmrs.module.metadatasharing.Item id="304" uuid="8ebd0c38-8c16-4301-94cb-d47aae9704dc">
      <id>20280</id>
      <classname>org.openmrs.ConceptReferenceTerm</classname>
      <dateChanged id="305">2013-11-04 22:39:19</dateChanged>
      <retired>false</retired>
    </org.openmrs.module.metadatasharing.Item>
    <org.openmrs.module.metadatasharing.Item id="306" uuid="37ad7aa4-fad2-407d-a56a-047581c0cd02">
      <id>9054</id>
      <classname>org.openmrs.ConceptAnswer</classname>
      <dateChanged id="307">2013-11-04 23:01:15</dateChanged>
    </org.openmrs.module.metadatasharing.Item>
    <org.openmrs.module.metadatasharing.Item id="308" uuid="10b45c56-f1ef-4fe1-9905-e8c632cdbf84">
      <id>9357</id>
      <classname>org.openmrs.Concept</classname>
      <dateChanged id="309">2013-11-04 23:00:56</dateChanged>
      <retired>false</retired>
    </org.openmrs.module.metadatasharing.Item>
    <org.openmrs.module.metadatasharing.Item id="310" uuid="f6732cf9-968e-4495-b926-bb61a6494fd9">
      <id>25042</id>
      <classname>org.openmrs.ConceptName</classname>
      <dateChanged id="311">2013-11-04 23:00:11</dateChanged>
    </org.openmrs.module.metadatasharing.Item>
    <org.openmrs.module.metadatasharing.Item id="312" uuid="990047b2-7420-4c9c-8129-47b0002c1ce7">
      <id>25043</id>
      <classname>org.openmrs.ConceptName</classname>
      <dateChanged id="313">2013-11-04 23:00:11</dateChanged>
    </org.openmrs.module.metadatasharing.Item>
    <org.openmrs.module.metadatasharing.Item id="314" uuid="3e8c1df1-301d-40c1-aa9b-d1b4a8c1c018">
      <id>25044</id>
      <classname>org.openmrs.ConceptName</classname>
      <dateChanged id="315">2013-11-04 23:00:56</dateChanged>
    </org.openmrs.module.metadatasharing.Item>
    <org.openmrs.module.metadatasharing.Item id="316" uuid="a5190099-9341-4e1f-b02b-1730ba810107">
      <id>20421</id>
      <classname>org.openmrs.ConceptMap</classname>
      <dateChanged id="317">2013-11-04 23:00:56</dateChanged>
    </org.openmrs.module.metadatasharing.Item>
    <org.openmrs.module.metadatasharing.Item id="318" uuid="e3621608-cda3-4678-844f-4455388c0e3b">
      <id>20283</id>
      <classname>org.openmrs.ConceptReferenceTerm</classname>
      <dateChanged id="319">2013-11-04 23:00:47</dateChanged>
      <retired>false</retired>
    </org.openmrs.module.metadatasharing.Item>
    <org.openmrs.module.metadatasharing.Item id="320" uuid="4407b76b-56a8-4ef8-a120-f7d258d0b7c4">
      <id>20420</id>
      <classname>org.openmrs.ConceptMap</classname>
      <dateChanged id="321">2013-11-04 23:00:11</dateChanged>
    </org.openmrs.module.metadatasharing.Item>
    <org.openmrs.module.metadatasharing.Item id="322" uuid="9b8f7b2c-e748-49cd-bbdc-8b028471c78b">
      <id>20282</id>
      <classname>org.openmrs.ConceptReferenceTerm</classname>
      <dateChanged id="323">2013-11-04 23:00:01</dateChanged>
      <retired>false</retired>
    </org.openmrs.module.metadatasharing.Item>
    <org.openmrs.module.metadatasharing.Item id="324" uuid="a588cda3-b3ab-4295-8889-1404a06f2484">
      <id>9055</id>
      <classname>org.openmrs.ConceptAnswer</classname>
      <dateChanged id="325">2013-11-04 23:05:09</dateChanged>
    </org.openmrs.module.metadatasharing.Item>
    <org.openmrs.module.metadatasharing.Item id="326" uuid="9b812de9-1a80-4bc8-9c8a-861516051811">
      <id>9358</id>
      <classname>org.openmrs.Concept</classname>
      <dateChanged id="327">2013-11-04 23:04:55</dateChanged>
      <retired>false</retired>
    </org.openmrs.module.metadatasharing.Item>
    <org.openmrs.module.metadatasharing.Item id="328" uuid="84816e85-f89d-40f0-93ba-989e9c775403">
      <id>25047</id>
      <classname>org.openmrs.ConceptName</classname>
      <dateChanged id="329">2013-11-04 23:04:16</dateChanged>
    </org.openmrs.module.metadatasharing.Item>
    <org.openmrs.module.metadatasharing.Item id="330" uuid="6d6b664a-0d82-4d70-9680-5730e215bba6">
      <id>25045</id>
      <classname>org.openmrs.ConceptName</classname>
      <dateChanged id="331">2013-11-04 23:04:16</dateChanged>
    </org.openmrs.module.metadatasharing.Item>
    <org.openmrs.module.metadatasharing.Item id="332" uuid="27f335e3-2d19-43f2-a4db-6e3918a4db73">
      <id>25046</id>
      <classname>org.openmrs.ConceptName</classname>
      <dateChanged id="333">2013-11-04 23:04:16</dateChanged>
    </org.openmrs.module.metadatasharing.Item>
    <org.openmrs.module.metadatasharing.Item id="334" uuid="ebb2129a-2b58-4d0a-85c2-14f233674706">
      <id>20422</id>
      <classname>org.openmrs.ConceptMap</classname>
      <dateChanged id="335">2013-11-04 23:04:16</dateChanged>
    </org.openmrs.module.metadatasharing.Item>
    <org.openmrs.module.metadatasharing.Item id="336" uuid="1ead3766-ca25-46b2-83cb-246701a6c8e7">
      <id>20284</id>
      <classname>org.openmrs.ConceptReferenceTerm</classname>
      <dateChanged id="337">2013-11-04 23:03:25</dateChanged>
      <retired>false</retired>
    </org.openmrs.module.metadatasharing.Item>
    <org.openmrs.module.metadatasharing.Item id="338" uuid="5b0c65c1-8583-445b-86f9-0106e9a46df5">
      <id>20423</id>
      <classname>org.openmrs.ConceptMap</classname>
      <dateChanged id="339">2013-11-04 23:04:45</dateChanged>
    </org.openmrs.module.metadatasharing.Item>
    <org.openmrs.module.metadatasharing.Item id="340" uuid="22665896-fa63-4255-b6c6-e75d7c5b74ff">
      <id>20285</id>
      <classname>org.openmrs.ConceptReferenceTerm</classname>
      <dateChanged id="341">2013-11-04 23:04:35</dateChanged>
      <retired>false</retired>
    </org.openmrs.module.metadatasharing.Item>
    <org.openmrs.module.metadatasharing.Item id="342" uuid="ad90191f-de8f-47d8-aabb-ec9d9044cc50">
      <id>9056</id>
      <classname>org.openmrs.ConceptAnswer</classname>
      <dateChanged id="343">2013-11-04 23:26:04</dateChanged>
    </org.openmrs.module.metadatasharing.Item>
    <org.openmrs.module.metadatasharing.Item id="344" uuid="0f13b5c9-b87c-42f9-90d1-c0d3c335c6ef">
      <id>9359</id>
      <classname>org.openmrs.Concept</classname>
      <dateChanged id="345">2013-11-04 23:09:42</dateChanged>
      <retired>false</retired>
    </org.openmrs.module.metadatasharing.Item>
    <org.openmrs.module.metadatasharing.Item id="346" uuid="97982385-7bd4-497a-81dd-966619ae3ea0">
      <id>25050</id>
      <classname>org.openmrs.ConceptName</classname>
      <dateChanged id="347">2013-11-04 23:07:09</dateChanged>
    </org.openmrs.module.metadatasharing.Item>
    <org.openmrs.module.metadatasharing.Item id="348" uuid="8ced0ffa-3ef5-49f3-af31-22db06e9fe1b">
      <id>25048</id>
      <classname>org.openmrs.ConceptName</classname>
      <dateChanged id="349">2013-11-04 23:06:16</dateChanged>
    </org.openmrs.module.metadatasharing.Item>
    <org.openmrs.module.metadatasharing.Item id="350" uuid="87907e99-0362-4733-82e1-2769ff4c2fe0">
      <id>25049</id>
      <classname>org.openmrs.ConceptName</classname>
      <dateChanged id="351">2013-11-04 23:06:16</dateChanged>
    </org.openmrs.module.metadatasharing.Item>
    <org.openmrs.module.metadatasharing.Item id="352" uuid="96927662-5185-44b7-a64f-790310bd698f">
      <id>20424</id>
      <classname>org.openmrs.ConceptMap</classname>
      <dateChanged id="353">2013-11-04 23:06:16</dateChanged>
    </org.openmrs.module.metadatasharing.Item>
    <org.openmrs.module.metadatasharing.Item id="354" uuid="9fbdb12b-afc8-47f0-8797-152aae3bdd1d">
      <id>20286</id>
      <classname>org.openmrs.ConceptReferenceTerm</classname>
      <dateChanged id="355">2013-11-04 23:06:08</dateChanged>
      <retired>false</retired>
    </org.openmrs.module.metadatasharing.Item>
    <org.openmrs.module.metadatasharing.Item id="356" uuid="0cb28dbc-bca3-4771-887c-b3b623e50a23">
      <id>20425</id>
      <classname>org.openmrs.ConceptMap</classname>
      <dateChanged id="357">2013-11-04 23:07:09</dateChanged>
    </org.openmrs.module.metadatasharing.Item>
    <org.openmrs.module.metadatasharing.Item id="358" uuid="dcfd37d6-bdb4-454a-a0c5-0359ea34cbc8">
      <id>20287</id>
      <classname>org.openmrs.ConceptReferenceTerm</classname>
      <dateChanged id="359">2013-11-04 23:06:58</dateChanged>
      <retired>false</retired>
    </org.openmrs.module.metadatasharing.Item>
    <org.openmrs.module.metadatasharing.Item id="360" uuid="3ec58f18-0147-4f18-9b64-0827d377bd30">
      <id>9057</id>
      <classname>org.openmrs.ConceptAnswer</classname>
      <dateChanged id="361">2013-11-04 23:26:04</dateChanged>
    </org.openmrs.module.metadatasharing.Item>
    <org.openmrs.module.metadatasharing.Item id="362" uuid="63557e93-f7d9-4842-8451-ebc050611650">
      <id>9360</id>
      <classname>org.openmrs.Concept</classname>
      <dateChanged id="363">2013-11-04 23:16:57</dateChanged>
      <retired>false</retired>
    </org.openmrs.module.metadatasharing.Item>
    <org.openmrs.module.metadatasharing.Item id="364" uuid="a9208f70-d502-4f39-8b99-738ca983d212">
      <id>25055</id>
      <classname>org.openmrs.ConceptName</classname>
      <dateChanged id="365">2013-11-04 23:16:57</dateChanged>
    </org.openmrs.module.metadatasharing.Item>
    <org.openmrs.module.metadatasharing.Item id="366" uuid="72372a60-6f48-4890-bb30-45a0c4d5aa04">
      <id>25056</id>
      <classname>org.openmrs.ConceptName</classname>
      <dateChanged id="367">2013-11-04 23:16:57</dateChanged>
    </org.openmrs.module.metadatasharing.Item>
    <org.openmrs.module.metadatasharing.Item id="368" uuid="94ac4165-cd6b-4c38-a0be-1e5322ec4061">
      <id>25053</id>
      <classname>org.openmrs.ConceptName</classname>
      <dateChanged id="369">2013-11-04 23:16:57</dateChanged>
    </org.openmrs.module.metadatasharing.Item>
    <org.openmrs.module.metadatasharing.Item id="370" uuid="bdd58b6a-bab6-46af-bb1e-4adb92120623">
      <id>25051</id>
      <classname>org.openmrs.ConceptName</classname>
      <dateChanged id="371">2013-11-04 23:10:56</dateChanged>
    </org.openmrs.module.metadatasharing.Item>
    <org.openmrs.module.metadatasharing.Item id="372" uuid="e62cdf8c-7e2c-4e5b-84fb-7bde35f9f299">
      <id>25052</id>
      <classname>org.openmrs.ConceptName</classname>
      <dateChanged id="373">2013-11-04 23:11:55</dateChanged>
    </org.openmrs.module.metadatasharing.Item>
    <org.openmrs.module.metadatasharing.Item id="374" uuid="99d34508-03d4-4649-80aa-1d8cd2600f50">
      <id>20427</id>
      <classname>org.openmrs.ConceptMap</classname>
      <dateChanged id="375">2013-11-04 23:11:55</dateChanged>
    </org.openmrs.module.metadatasharing.Item>
    <org.openmrs.module.metadatasharing.Item id="376" uuid="9f635565-d930-449a-a702-591b11e9f708">
      <id>20289</id>
      <classname>org.openmrs.ConceptReferenceTerm</classname>
      <dateChanged id="377">2013-11-04 23:11:44</dateChanged>
      <retired>false</retired>
    </org.openmrs.module.metadatasharing.Item>
    <org.openmrs.module.metadatasharing.Item id="378" uuid="3a541bfd-c0c4-4106-8c56-c7e7260e0952">
      <id>20426</id>
      <classname>org.openmrs.ConceptMap</classname>
      <dateChanged id="379">2013-11-04 23:10:56</dateChanged>
    </org.openmrs.module.metadatasharing.Item>
    <org.openmrs.module.metadatasharing.Item id="380" uuid="5d0875a6-58cb-4d76-ab76-ea93378bd672">
      <id>20288</id>
      <classname>org.openmrs.ConceptReferenceTerm</classname>
      <dateChanged id="381">2013-11-04 23:10:45</dateChanged>
      <retired>false</retired>
    </org.openmrs.module.metadatasharing.Item>
    <org.openmrs.module.metadatasharing.Item id="382" uuid="0acf4a14-cafb-4661-8c20-4be65bb42e35">
      <id>9050</id>
      <classname>org.openmrs.ConceptAnswer</classname>
      <dateChanged id="383">2013-11-04 21:57:17</dateChanged>
    </org.openmrs.module.metadatasharing.Item>
    <org.openmrs.module.metadatasharing.Item id="384" uuid="3ced003a-26fe-102b-80cb-0017a47871b2">
      <id>5483</id>
      <classname>org.openmrs.Concept</classname>
      <dateChanged id="385">2013-11-04 21:56:59</dateChanged>
      <retired>false</retired>
    </org.openmrs.module.metadatasharing.Item>
    <org.openmrs.module.metadatasharing.Item id="386" uuid="fb00c110-127c-4ccd-b845-a2c604400c75">
      <id>25021</id>
      <classname>org.openmrs.ConceptName</classname>
      <dateChanged id="387">2013-11-04 21:56:59</dateChanged>
    </org.openmrs.module.metadatasharing.Item>
    <org.openmrs.module.metadatasharing.Item id="388" uuid="8127115b-dd19-481a-8631-b5604f86f04d">
      <id>25022</id>
      <classname>org.openmrs.ConceptName</classname>
      <dateChanged id="389">2013-11-04 21:56:59</dateChanged>
    </org.openmrs.module.metadatasharing.Item>
    <org.openmrs.module.metadatasharing.Item id="390" uuid="3e3f4e16-26fe-102b-80cb-0017a47871b2">
      <id>3852</id>
      <classname>org.openmrs.ConceptName</classname>
      <dateChanged id="391">2004-08-12 00:00:00</dateChanged>
    </org.openmrs.module.metadatasharing.Item>
    <org.openmrs.module.metadatasharing.Item id="392" uuid="7995f7ce-640c-460c-a8aa-55c5221efd5b">
      <id>13947</id>
      <classname>org.openmrs.ConceptName</classname>
      <dateChanged id="393">2010-07-20 08:55:55</dateChanged>
    </org.openmrs.module.metadatasharing.Item>
    <org.openmrs.module.metadatasharing.Item id="394" uuid="d9a24f1b-3c94-4832-a1ed-b58935e4a121">
      <id>25023</id>
      <classname>org.openmrs.ConceptName</classname>
      <dateChanged id="395">2013-11-04 21:56:59</dateChanged>
    </org.openmrs.module.metadatasharing.Item>
    <org.openmrs.module.metadatasharing.Item id="396" uuid="f763d81a-d5db-102d-ad2a-000c29c2a5d7">
      <id>13725</id>
      <classname>org.openmrs.ConceptName</classname>
      <dateChanged id="397">2013-11-04 21:56:59</dateChanged>
    </org.openmrs.module.metadatasharing.Item>
    <org.openmrs.module.metadatasharing.Item id="398" uuid="0b4003ec-15f5-102d-96e4-000c29c2a5d7">
      <id>3285</id>
      <classname>org.openmrs.ConceptDescription</classname>
      <dateChanged id="399">2011-01-03 11:24:45</dateChanged>
    </org.openmrs.module.metadatasharing.Item>
    <org.openmrs.module.metadatasharing.Item id="400" uuid="75a93d5c-4943-102e-96e9-000c29c2a5d7">
      <id>10252</id>
      <classname>org.openmrs.ConceptMap</classname>
      <dateChanged id="401">2012-06-21 16:49:52</dateChanged>
    </org.openmrs.module.metadatasharing.Item>
    <org.openmrs.module.metadatasharing.Item id="402" uuid="5e86438c-a393-36b8-9bad-4ca00d3a12f7">
      <id>10252</id>
      <classname>org.openmrs.ConceptReferenceTerm</classname>
      <dateChanged id="403">2010-11-24 00:00:00</dateChanged>
      <retired>false</retired>
    </org.openmrs.module.metadatasharing.Item>
    <org.openmrs.module.metadatasharing.Item id="404" uuid="b294f010-4864-102e-96e9-000c29c2a5d7">
      <id>4554</id>
      <classname>org.openmrs.ConceptMap</classname>
      <dateChanged id="405">2012-06-21 16:49:52</dateChanged>
    </org.openmrs.module.metadatasharing.Item>
    <org.openmrs.module.metadatasharing.Item id="406" uuid="7bcace4b-d2f7-34e3-9d34-518dd99de1c6">
      <id>4554</id>
      <classname>org.openmrs.ConceptReferenceTerm</classname>
      <dateChanged id="407">2010-11-23 00:00:00</dateChanged>
      <retired>false</retired>
    </org.openmrs.module.metadatasharing.Item>
    <org.openmrs.module.metadatasharing.Item id="408" uuid="a19a9d77-b9b6-4b58-ac2a-25da4756ff7c">
      <id>9058</id>
      <classname>org.openmrs.ConceptAnswer</classname>
      <dateChanged id="409">2013-11-04 23:30:16</dateChanged>
    </org.openmrs.module.metadatasharing.Item>
    <org.openmrs.module.metadatasharing.Item id="410" uuid="5d4db9da-ae1e-4863-98de-cd5095c01cc8">
      <id>9361</id>
      <classname>org.openmrs.Concept</classname>
      <dateChanged id="411">2014-09-24 16:06:53</dateChanged>
      <retired>false</retired>
    </org.openmrs.module.metadatasharing.Item>
    <org.openmrs.module.metadatasharing.Item id="412" uuid="d9e66885-c380-4fca-b20b-4a0459bd7b00">
      <id>25058</id>
      <classname>org.openmrs.ConceptName</classname>
      <dateChanged id="413">2013-11-04 23:28:37</dateChanged>
    </org.openmrs.module.metadatasharing.Item>
    <org.openmrs.module.metadatasharing.Item id="414" uuid="792f565c-f4e4-4eda-8f57-d9b9a822cd2a">
      <id>25057</id>
      <classname>org.openmrs.ConceptName</classname>
      <dateChanged id="415">2013-11-04 23:28:37</dateChanged>
    </org.openmrs.module.metadatasharing.Item>
    <org.openmrs.module.metadatasharing.Item id="416" uuid="25675106-b861-4df6-a1fe-9fbb2b2b6681">
      <id>25059</id>
      <classname>org.openmrs.ConceptName</classname>
      <dateChanged id="417">2013-11-04 23:29:05</dateChanged>
    </org.openmrs.module.metadatasharing.Item>
    <org.openmrs.module.metadatasharing.Item id="418" uuid="27a887e5-ed51-4df4-9c9e-34317f5dc3a3">
      <id>22830</id>
      <classname>org.openmrs.ConceptMap</classname>
      <dateChanged id="419">2014-09-24 16:06:52</dateChanged>
    </org.openmrs.module.metadatasharing.Item>
    <org.openmrs.module.metadatasharing.Item id="420" uuid="71bd64c4-2aa2-48b0-9e2a-adc74c38585e">
      <id>20291</id>
      <classname>org.openmrs.ConceptReferenceTerm</classname>
      <dateChanged id="421">2013-11-04 23:29:38</dateChanged>
      <retired>false</retired>
    </org.openmrs.module.metadatasharing.Item>
    <org.openmrs.module.metadatasharing.Item id="422" uuid="55837a7e-1d51-4cf2-84d8-c8ff5454945b">
      <id>20428</id>
      <classname>org.openmrs.ConceptMap</classname>
      <dateChanged id="423">2013-11-04 23:28:37</dateChanged>
    </org.openmrs.module.metadatasharing.Item>
    <org.openmrs.module.metadatasharing.Item id="424" uuid="d08f1690-47c5-47fb-9702-2170177eb933">
      <id>20290</id>
      <classname>org.openmrs.ConceptReferenceTerm</classname>
      <dateChanged id="425">2013-11-04 23:28:18</dateChanged>
      <retired>false</retired>
    </org.openmrs.module.metadatasharing.Item>
    <org.openmrs.module.metadatasharing.Item id="426" uuid="738d4cf5-7149-4039-bae2-8ec17f978b26">
      <id>9080</id>
      <classname>org.openmrs.ConceptAnswer</classname>
      <dateChanged id="427">2013-12-02 21:16:53</dateChanged>
    </org.openmrs.module.metadatasharing.Item>
    <org.openmrs.module.metadatasharing.Item id="428" uuid="ed9359b6-6d5c-4d04-b368-68c8511b3f6a">
      <id>6707</id>
      <classname>org.openmrs.Concept</classname>
      <dateChanged id="429">2013-12-03 15:23:37</dateChanged>
      <retired>false</retired>
    </org.openmrs.module.metadatasharing.Item>
    <org.openmrs.module.metadatasharing.Item id="430" uuid="466891f0-55a0-4456-912a-8e7c0cd3eb7a">
      <id>13955</id>
      <classname>org.openmrs.ConceptName</classname>
      <dateChanged id="431">2010-07-20 12:12:23</dateChanged>
    </org.openmrs.module.metadatasharing.Item>
    <org.openmrs.module.metadatasharing.Item id="432" uuid="5c760ac4-dc0f-46eb-849e-b8280d562b95">
      <id>25239</id>
      <classname>org.openmrs.ConceptName</classname>
      <dateChanged id="433">2013-12-03 15:23:05</dateChanged>
    </org.openmrs.module.metadatasharing.Item>
    <org.openmrs.module.metadatasharing.Item id="434" uuid="511bef5d-7b07-44b8-b629-058e20779426">
      <id>25540</id>
      <classname>org.openmrs.ConceptName</classname>
      <dateChanged id="435">2013-12-03 15:23:05</dateChanged>
    </org.openmrs.module.metadatasharing.Item>
    <org.openmrs.module.metadatasharing.Item id="436" uuid="2f88ab78-ccb9-46b3-a86f-311e0691f906">
      <id>25541</id>
      <classname>org.openmrs.ConceptName</classname>
      <dateChanged id="437">2013-12-03 15:23:05</dateChanged>
    </org.openmrs.module.metadatasharing.Item>
    <org.openmrs.module.metadatasharing.Item id="438" uuid="dddf1d1a-3a6d-4705-80a6-e2921874a2d4">
      <id>13966</id>
      <classname>org.openmrs.ConceptName</classname>
      <dateChanged id="439">2012-06-21 20:09:58</dateChanged>
    </org.openmrs.module.metadatasharing.Item>
    <org.openmrs.module.metadatasharing.Item id="440" uuid="c0359190-6d37-4403-b125-55ac151be1ae">
      <id>9890</id>
      <classname>org.openmrs.ConceptName</classname>
      <dateChanged id="441">2010-03-30 05:49:01</dateChanged>
    </org.openmrs.module.metadatasharing.Item>
    <org.openmrs.module.metadatasharing.Item id="442" uuid="9a6211d9-e5c0-4205-b422-f68ed2f11755">
      <id>13954</id>
      <classname>org.openmrs.ConceptName</classname>
      <dateChanged id="443">2010-07-20 12:12:23</dateChanged>
    </org.openmrs.module.metadatasharing.Item>
    <org.openmrs.module.metadatasharing.Item id="444" uuid="6ccbfddd-951c-48d3-bc9d-03638dd35031">
      <id>25237</id>
      <classname>org.openmrs.ConceptName</classname>
      <dateChanged id="445">2013-12-02 21:14:52</dateChanged>
    </org.openmrs.module.metadatasharing.Item>
    <org.openmrs.module.metadatasharing.Item id="446" uuid="c5973c7b-9ecb-431f-b0fa-d5797021ab95">
      <id>25238</id>
      <classname>org.openmrs.ConceptName</classname>
      <dateChanged id="447">2013-12-02 21:22:27</dateChanged>
    </org.openmrs.module.metadatasharing.Item>
    <org.openmrs.module.metadatasharing.Item id="448" uuid="7ba72d90-ab8a-4284-9a5b-6c51caa1d1ff">
      <id>9889</id>
      <classname>org.openmrs.ConceptName</classname>
      <dateChanged id="449">2013-12-03 15:23:37</dateChanged>
    </org.openmrs.module.metadatasharing.Item>
    <org.openmrs.module.metadatasharing.Item id="450" uuid="2d501289-fe12-4911-a723-cb1485e61555">
      <id>25542</id>
      <classname>org.openmrs.ConceptName</classname>
      <dateChanged id="451">2013-12-03 15:23:37</dateChanged>
    </org.openmrs.module.metadatasharing.Item>
    <org.openmrs.module.metadatasharing.Item id="452" uuid="b2b135cc-4864-102e-96e9-000c29c2a5d7">
      <id>5774</id>
      <classname>org.openmrs.ConceptMap</classname>
      <dateChanged id="453">2012-06-21 16:49:52</dateChanged>
    </org.openmrs.module.metadatasharing.Item>
    <org.openmrs.module.metadatasharing.Item id="454" uuid="65dc6c58-6987-36ea-8c5d-9047b626fd93">
      <id>5774</id>
      <classname>org.openmrs.ConceptReferenceTerm</classname>
      <dateChanged id="455">2010-11-23 00:00:00</dateChanged>
      <retired>false</retired>
    </org.openmrs.module.metadatasharing.Item>
    <org.openmrs.module.metadatasharing.Item id="456" uuid="75b107d0-4943-102e-96e9-000c29c2a5d7">
      <id>11338</id>
      <classname>org.openmrs.ConceptMap</classname>
      <dateChanged id="457">2012-06-21 16:49:52</dateChanged>
    </org.openmrs.module.metadatasharing.Item>
    <org.openmrs.module.metadatasharing.Item id="458" uuid="d46818cd-f3f9-3331-ba7e-8823124d17b6">
      <id>11338</id>
      <classname>org.openmrs.ConceptReferenceTerm</classname>
      <dateChanged id="459">2010-11-24 00:00:00</dateChanged>
      <retired>false</retired>
    </org.openmrs.module.metadatasharing.Item>
    <org.openmrs.module.metadatasharing.Item id="460" uuid="27d03e8a-10e0-4f3f-a61b-f2b59d73d106">
      <id>6419</id>
      <classname>org.openmrs.ConceptDescription</classname>
      <dateChanged id="461">2013-11-04 20:59:28</dateChanged>
    </org.openmrs.module.metadatasharing.Item>
    <org.openmrs.module.metadatasharing.Item id="462" uuid="f986503c-a5f2-4888-9913-53b82fb89142">
      <id>20408</id>
      <classname>org.openmrs.ConceptMap</classname>
      <dateChanged id="463">2013-11-04 21:00:19</dateChanged>
    </org.openmrs.module.metadatasharing.Item>
    <org.openmrs.module.metadatasharing.Item id="464" uuid="dc87e7f1-3be3-4a26-b14c-6e8933887852">
      <id>20270</id>
      <classname>org.openmrs.ConceptReferenceTerm</classname>
      <dateChanged id="465">2013-11-04 20:59:22</dateChanged>
      <retired>false</retired>
    </org.openmrs.module.metadatasharing.Item>
    <org.openmrs.module.metadatasharing.Item id="466" uuid="9a04f63a-f24f-422a-a37c-5c57416e02ed">
      <id>20409</id>
      <classname>org.openmrs.ConceptMap</classname>
      <dateChanged id="467">2013-11-04 21:00:19</dateChanged>
    </org.openmrs.module.metadatasharing.Item>
    <org.openmrs.module.metadatasharing.Item id="468" uuid="86a9dd2c-a4b7-47f3-8226-8f0b961c4c62">
      <id>20271</id>
      <classname>org.openmrs.ConceptReferenceTerm</classname>
      <dateChanged id="469">2013-11-04 20:59:55</dateChanged>
      <retired>false</retired>
    </org.openmrs.module.metadatasharing.Item>
    <org.openmrs.module.metadatasharing.Item id="470" uuid="e61a8db5-9687-47ef-95ef-aee644b01ea0">
      <id>6420</id>
      <classname>org.openmrs.ConceptDescription</classname>
      <dateChanged id="471">2013-11-05 22:50:26</dateChanged>
    </org.openmrs.module.metadatasharing.Item>
    <org.openmrs.module.metadatasharing.Item id="472" uuid="b698ecc6-3af5-45e5-9b4f-dca0bfb6dac6">
      <id>20430</id>
      <classname>org.openmrs.ConceptMap</classname>
      <dateChanged id="473">2013-11-05 22:50:26</dateChanged>
    </org.openmrs.module.metadatasharing.Item>
    <org.openmrs.module.metadatasharing.Item id="474" uuid="13857013-dde3-4eb1-9b3e-5fe56dbc2b7f">
      <id>20292</id>
      <classname>org.openmrs.ConceptReferenceTerm</classname>
      <dateChanged id="475">2013-11-05 22:50:17</dateChanged>
      <retired>false</retired>
    </org.openmrs.module.metadatasharing.Item>
    <org.openmrs.module.metadatasharing.Item id="476" uuid="e9e140a2-b435-4fca-acbb-c5c355d66123">
      <id>20431</id>
      <classname>org.openmrs.ConceptMap</classname>
      <dateChanged id="477">2013-11-05 22:51:11</dateChanged>
    </org.openmrs.module.metadatasharing.Item>
    <org.openmrs.module.metadatasharing.Item id="478" uuid="fdd1fcd8-b854-450f-9523-2c068449d0be">
      <id>20293</id>
      <classname>org.openmrs.ConceptReferenceTerm</classname>
      <dateChanged id="479">2013-11-05 22:50:56</dateChanged>
      <retired>false</retired>
    </org.openmrs.module.metadatasharing.Item>
  </relatedItems>
  <incrementalVersion>false</incrementalVersion>
</package>
