<?xml version="1.0" encoding="UTF-8"?>
<list id="1">
  <org.openmrs.Concept id="2" uuid="2fe2b0ad-5b83-40a9-9b95-762afa663405">
    <conceptId>10573</conceptId>
    <retired>false</retired>
    <datatype id="3" resolves-to="org.openmrs.ConceptDatatype" uuid="8d4a4c94-c2cc-11de-8d13-0010c6dffd0f">
      <name>N/A</name>
      <description>Not associated with a datatype (e.g., term answers, sets)</description>
      <creator/>
      <dateCreated id="4">2004-02-02 05:00:00</dateCreated>
      <retired>false</retired>
      <conceptDatatypeId>4</conceptDatatypeId>
      <hl7Abbreviation>ZZ</hl7Abbreviation>
    </datatype>
    <conceptClass id="5" resolves-to="org.openmrs.ConceptClass" uuid="8d492594-c2cc-11de-8d13-0010c6dffd0f">
      <name>ConvSet</name>
      <description>Term to describe convenience sets</description>
      <creator/>
      <dateCreated id="6">2015-07-01 17:25:50</dateCreated>
      <retired>false</retired>
      <conceptClassId>10</conceptClassId>
    </conceptClass>
    <set>true</set>
    <creator/>
    <dateCreated id="7">2015-11-03 21:15:10</dateCreated>
    <changedBy/>
    <dateChanged id="8">2016-01-22 20:36:26</dateChanged>
    <names class="set" id="9">
      <org.openmrs.ConceptName id="10" uuid="37cba84a-269f-4bb0-9f39-4521485ec793">
        <conceptNameId>30478</conceptNameId>
        <concept reference="2"/>
        <name>Supplement history construct</name>
        <locale id="11">en</locale>
        <creator/>
        <dateCreated id="12">2015-11-03 21:15:10</dateCreated>
        <voided>false</voided>
        <tags class="set" id="13"/>
        <conceptNameType>FULLY_SPECIFIED</conceptNameType>
        <localePreferred>true</localePreferred>
      </org.openmrs.ConceptName>
    </names>
    <answers class="set" id="14"/>
    <conceptSets class="set" id="15">
      <org.openmrs.ConceptSet id="16" uuid="08190baa-c964-4aa3-a089-b86dc39fb5e5">
        <conceptSetId>6333</conceptSetId>
        <concept id="17" resolves-to="org.openmrs.Concept" uuid="aff3787e-70db-4a0a-9444-eaee2f025e3e">
          <conceptId>10572</conceptId>
          <retired>false</retired>
          <datatype id="18" resolves-to="org.openmrs.ConceptDatatype" uuid="8d4a4ab4-c2cc-11de-8d13-0010c6dffd0f">
            <name>Text</name>
            <description>Free text</description>
            <creator/>
            <dateCreated id="19">2004-02-02 00:00:00</dateCreated>
            <retired>false</retired>
            <conceptDatatypeId>3</conceptDatatypeId>
            <hl7Abbreviation>ST</hl7Abbreviation>
          </datatype>
          <conceptClass id="20" resolves-to="org.openmrs.ConceptClass" uuid="8d491e50-c2cc-11de-8d13-0010c6dffd0f">
            <name>Question</name>
            <description>Question (eg, patient history, SF36 items)</description>
            <creator/>
            <dateCreated id="21">2015-07-01 17:25:50</dateCreated>
            <retired>false</retired>
            <conceptClassId>7</conceptClassId>
          </conceptClass>
          <set>false</set>
          <creator/>
          <dateCreated id="22">2015-11-03 21:08:51</dateCreated>
          <changedBy/>
          <dateChanged id="23">2016-01-22 20:37:16</dateChanged>
          <names class="set" id="24">
            <org.openmrs.ConceptName id="25" uuid="3341535c-aebb-4638-8b3d-8d7aa069686b">
              <conceptNameId>30477</conceptNameId>
              <concept reference="17"/>
              <name>Age supplement received</name>
              <locale id="26">en</locale>
              <creator/>
              <dateCreated id="27">2015-11-03 21:08:51</dateCreated>
              <voided>false</voided>
              <tags class="set" id="28"/>
              <conceptNameType>FULLY_SPECIFIED</conceptNameType>
              <localePreferred>true</localePreferred>
            </org.openmrs.ConceptName>
          </names>
          <answers class="set" id="29"/>
          <conceptSets class="set" id="30"/>
          <descriptions class="set" id="31">
            <org.openmrs.ConceptDescription id="32" uuid="389b2dfb-b852-43c8-ac60-e9a0a8ce8892">
              <conceptDescriptionId>6974</conceptDescriptionId>
              <concept reference="17"/>
              <description>The age at which the patient received a given supplement</description>
              <locale id="33">en</locale>
              <creator/>
              <dateCreated id="34">2015-11-03 21:08:51</dateCreated>
            </org.openmrs.ConceptDescription>
          </descriptions>
          <conceptMappings class="set" id="35">
            <org.openmrs.ConceptMap id="36" uuid="a8df1b7a-6f6d-4697-9fae-77a1ae8aaff7">
              <conceptMapType id="37" resolves-to="org.openmrs.ConceptMapType" uuid="35543629-7d8c-11e1-909d-c80aa9edcf4e">
                <name>SAME-AS</name>
                <creator/>
                <dateCreated id="38">2012-06-21 00:00:00</dateCreated>
                <retired>false</retired>
                <conceptMapTypeId>1</conceptMapTypeId>
                <isHidden>false</isHidden>
              </conceptMapType>
              <creator/>
              <dateCreated id="39">2015-11-03 21:08:51</dateCreated>
              <conceptMapId>26067</conceptMapId>
              <concept reference="17"/>
              <conceptReferenceTerm id="40" resolves-to="org.openmrs.ConceptReferenceTerm" uuid="50f02807-1d89-480d-b939-c7ebb86b663e">
                <creator/>
                <dateCreated id="41">2015-11-03 21:08:34</dateCreated>
                <retired>false</retired>
                <conceptReferenceTermId>25413</conceptReferenceTermId>
                <conceptSource id="42" resolves-to="org.openmrs.ConceptSource" uuid="fb9aaaf1-65e2-4c18-b53c-16b575f2f385">
                  <name>PIH</name>
                  <description>Partners In Health concept dictionary using concept ids and preferred English names</description>
                  <creator/>
                  <dateCreated id="43">2015-07-01 17:25:50</dateCreated>
                  <retired>false</retired>
                  <conceptSourceId>5</conceptSourceId>
                </conceptSource>
                <code>AGE SUPPLEMENT RECEIVED</code>
                <conceptReferenceTermMaps id="44"/>
              </conceptReferenceTerm>
            </org.openmrs.ConceptMap>
            <org.openmrs.ConceptMap id="45" uuid="ff5b572d-e63d-4333-a967-c96a6060903f">
              <conceptMapType reference="37"/>
              <creator/>
              <dateCreated id="46">2016-01-22 20:37:16</dateCreated>
              <conceptMapId>26097</conceptMapId>
              <concept reference="17"/>
              <conceptReferenceTerm id="47" resolves-to="org.openmrs.ConceptReferenceTerm" uuid="5b6063f6-ce47-45e9-90eb-580c33266466">
                <creator/>
                <dateCreated id="48">2016-01-22 20:37:00</dateCreated>
                <retired>false</retired>
                <conceptReferenceTermId>25441</conceptReferenceTermId>
                <conceptSource reference="42"/>
                <code>10572</code>
                <conceptReferenceTermMaps id="49"/>
              </conceptReferenceTerm>
            </org.openmrs.ConceptMap>
          </conceptMappings>
        </concept>
        <conceptSet reference="2"/>
        <sortWeight>1.0</sortWeight>
        <creator/>
        <dateCreated id="50">2015-11-03 21:15:10</dateCreated>
      </org.openmrs.ConceptSet>
      <org.openmrs.ConceptSet id="51" uuid="3b3bab57-2326-46dc-b359-2923c3706e4d">
        <conceptSetId>6332</conceptSetId>
        <concept id="52" resolves-to="org.openmrs.Concept" uuid="40258d8e-6ea5-46f4-b8e7-7cb302f1393f">
          <conceptId>10571</conceptId>
          <retired>false</retired>
          <datatype id="53" resolves-to="org.openmrs.ConceptDatatype" uuid="8d4a48b6-c2cc-11de-8d13-0010c6dffd0f">
            <name>Coded</name>
            <description>Value determined by term dictionary lookup (i.e., term identifier)</description>
            <creator/>
            <dateCreated id="54">2004-02-02 00:00:00</dateCreated>
            <retired>false</retired>
            <conceptDatatypeId>2</conceptDatatypeId>
            <hl7Abbreviation>CWE</hl7Abbreviation>
          </datatype>
          <conceptClass reference="20"/>
          <set>false</set>
          <creator/>
          <dateCreated id="55">2015-11-03 21:04:15</dateCreated>
          <changedBy/>
          <dateChanged id="56">2016-01-22 20:32:37</dateChanged>
          <names class="set" id="57">
            <org.openmrs.ConceptName id="58" uuid="678612d1-5ea6-436d-a411-24caed11701b">
              <conceptNameId>30476</conceptNameId>
              <concept reference="52"/>
              <name>Supplement received</name>
              <locale id="59">en</locale>
              <creator/>
              <dateCreated id="60">2015-11-03 21:04:15</dateCreated>
              <voided>false</voided>
              <tags class="set" id="61"/>
              <conceptNameType>FULLY_SPECIFIED</conceptNameType>
              <localePreferred>true</localePreferred>
            </org.openmrs.ConceptName>
          </names>
          <answers class="set" id="62">
            <org.openmrs.ConceptAnswer id="63" uuid="d6964067-79d2-4235-ad97-e3cae61e0b90">
              <conceptAnswerId>9383</conceptAnswerId>
              <concept reference="52"/>
              <answerConcept id="64" resolves-to="org.openmrs.Concept" uuid="ed69b6e2-63c6-416d-b471-f95c9c5e8847">
                <conceptId>4063</conceptId>
                <retired>false</retired>
                <datatype reference="3"/>
                <conceptClass id="65" resolves-to="org.openmrs.ConceptClass" uuid="8d490dfc-c2cc-11de-8d13-0010c6dffd0f">
                  <name>Drug</name>
                  <description>Drug</description>
                  <creator/>
                  <dateCreated id="66">2015-07-01 17:25:50</dateCreated>
                  <retired>false</retired>
                  <conceptClassId>3</conceptClassId>
                </conceptClass>
                <set>false</set>
                <creator/>
                <dateCreated id="67">2009-01-09 11:59:40</dateCreated>
                <changedBy/>
                <dateChanged id="68">2016-01-22 20:33:44</dateChanged>
                <names class="set" id="69">
                  <org.openmrs.ConceptName id="70" uuid="0b9e7619-5b2c-45f5-b3a2-e40a83de2557">
                    <conceptNameId>30554</conceptNameId>
                    <concept reference="64"/>
                    <name>Vitamine A</name>
                    <locale id="71">fr</locale>
                    <creator/>
                    <dateCreated id="72">2016-01-22 20:33:44</dateCreated>
                    <voided>false</voided>
                    <tags class="set" id="73"/>
                    <conceptNameType>FULLY_SPECIFIED</conceptNameType>
                    <localePreferred>true</localePreferred>
                  </org.openmrs.ConceptName>
                  <org.openmrs.ConceptName id="74" uuid="1ece6158-53b0-46ec-b082-f5c23d83b486">
                    <conceptNameId>5423</conceptNameId>
                    <concept reference="64"/>
                    <name>Vitamin A</name>
                    <locale id="75">en</locale>
                    <creator/>
                    <dateCreated id="76">2009-01-09 11:59:40</dateCreated>
                    <voided>false</voided>
                    <tags class="set" id="77"/>
                    <conceptNameType>FULLY_SPECIFIED</conceptNameType>
                    <localePreferred>true</localePreferred>
                  </org.openmrs.ConceptName>
                  <org.openmrs.ConceptName id="78" uuid="f74c959c-d5db-102d-ad2a-000c29c2a5d7">
                    <conceptNameId>13571</conceptNameId>
                    <concept reference="64"/>
                    <name>VITAMINE A</name>
                    <locale id="79">fr</locale>
                    <creator/>
                    <dateCreated id="80">2010-06-29 13:04:50</dateCreated>
                    <voided>true</voided>
                    <voidedBy/>
                    <dateVoided id="81">2016-01-22 20:33:44</dateVoided>
                    <voidReason>Removed from user interface</voidReason>
                    <tags class="set" id="82"/>
                    <localePreferred>true</localePreferred>
                  </org.openmrs.ConceptName>
                </names>
                <answers class="set" id="83"/>
                <conceptSets class="set" id="84"/>
                <descriptions class="set" id="85">
                  <org.openmrs.ConceptDescription id="86" uuid="0b48a452-15f5-102d-96e4-000c29c2a5d7">
                    <conceptDescriptionId>4701</conceptDescriptionId>
                    <concept reference="64"/>
                    <description>Part of the retinyl group, essential for visual perception in the eye.</description>
                    <locale id="87">en</locale>
                    <creator/>
                    <dateCreated id="88">2009-01-09 11:59:40</dateCreated>
                    <changedBy/>
                    <dateChanged id="89">2016-01-22 20:33:44</dateChanged>
                  </org.openmrs.ConceptDescription>
                </descriptions>
                <conceptMappings class="set" id="90">
                  <org.openmrs.ConceptMap id="91" uuid="75a3b47c-4943-102e-96e9-000c29c2a5d7">
                    <conceptMapType reference="37"/>
                    <creator/>
                    <changedBy/>
                    <dateCreated id="92">2010-11-24 12:49:58</dateCreated>
                    <dateChanged id="93">2012-06-21 16:49:52</dateChanged>
                    <conceptMapId>9842</conceptMapId>
                    <concept reference="64"/>
                    <conceptReferenceTerm id="94" resolves-to="org.openmrs.ConceptReferenceTerm" uuid="0e1adb53-f88b-36c2-b24c-bd5e253d6435">
                      <creator/>
                      <dateCreated id="95">2010-11-24 00:00:00</dateCreated>
                      <retired>false</retired>
                      <conceptReferenceTermId>9842</conceptReferenceTermId>
                      <conceptSource reference="42"/>
                      <code>VITAMIN A</code>
                      <conceptReferenceTermMaps id="96"/>
                    </conceptReferenceTerm>
                  </org.openmrs.ConceptMap>
                  <org.openmrs.ConceptMap id="97" uuid="b262e67e-4864-102e-96e9-000c29c2a5d7">
                    <conceptMapType reference="37"/>
                    <creator/>
                    <changedBy/>
                    <dateCreated id="98">2010-11-23 10:15:31</dateCreated>
                    <dateChanged id="99">2012-06-21 16:49:52</dateChanged>
                    <conceptMapId>4065</conceptMapId>
                    <concept reference="64"/>
                    <conceptReferenceTerm id="100" resolves-to="org.openmrs.ConceptReferenceTerm" uuid="dbc136cf-b234-3c55-ba39-8e2da734f470">
                      <creator/>
                      <dateCreated id="101">2010-11-23 00:00:00</dateCreated>
                      <retired>false</retired>
                      <conceptReferenceTermId>4065</conceptReferenceTermId>
                      <conceptSource reference="42"/>
                      <code>4063</code>
                      <conceptReferenceTermMaps id="102"/>
                    </conceptReferenceTerm>
                  </org.openmrs.ConceptMap>
                </conceptMappings>
              </answerConcept>
              <creator/>
              <dateCreated id="103">2015-11-03 21:04:15</dateCreated>
              <sortWeight>1.0</sortWeight>
            </org.openmrs.ConceptAnswer>
            <org.openmrs.ConceptAnswer id="104" uuid="d54971f3-dcc1-424e-a897-72bc7ab806ad">
              <conceptAnswerId>9384</conceptAnswerId>
              <concept reference="52"/>
              <answerConcept id="105" resolves-to="org.openmrs.Concept" uuid="75015399-72f0-4ee4-b45a-7efd9ede2051">
                <conceptId>10568</conceptId>
                <retired>false</retired>
                <datatype reference="3"/>
                <conceptClass reference="65"/>
                <set>false</set>
                <creator/>
                <dateCreated id="106">2015-11-03 20:42:12</dateCreated>
                <changedBy/>
                <dateChanged id="107">2016-01-22 20:33:04</dateChanged>
                <names class="set" id="108">
                  <org.openmrs.ConceptName id="109" uuid="bfb87822-39a5-4c4d-9ea2-a753c0a8a76e">
                    <conceptNameId>30472</conceptNameId>
                    <concept reference="105"/>
                    <name>Zinc</name>
                    <locale id="110">en</locale>
                    <creator/>
                    <dateCreated id="111">2015-11-03 20:42:12</dateCreated>
                    <voided>false</voided>
                    <tags class="set" id="112"/>
                    <conceptNameType>FULLY_SPECIFIED</conceptNameType>
                    <localePreferred>true</localePreferred>
                  </org.openmrs.ConceptName>
                  <org.openmrs.ConceptName id="113" uuid="07e81cee-a154-4272-a2a3-083feebcaba2">
                    <conceptNameId>30553</conceptNameId>
                    <concept reference="105"/>
                    <name>Zinc</name>
                    <locale id="114">fr</locale>
                    <creator/>
                    <dateCreated id="115">2016-01-22 20:33:04</dateCreated>
                    <voided>false</voided>
                    <tags class="set" id="116"/>
                    <conceptNameType>FULLY_SPECIFIED</conceptNameType>
                    <localePreferred>true</localePreferred>
                  </org.openmrs.ConceptName>
                </names>
                <answers class="set" id="117"/>
                <conceptSets class="set" id="118"/>
                <descriptions class="set" id="119">
                  <org.openmrs.ConceptDescription id="120" uuid="e4310dde-46cc-4e4b-ac5d-3da55593edc6">
                    <conceptDescriptionId>6970</conceptDescriptionId>
                    <concept reference="105"/>
                    <description>Zinc supplement</description>
                    <locale id="121">en</locale>
                    <creator/>
                    <dateCreated id="122">2015-11-03 20:42:12</dateCreated>
                  </org.openmrs.ConceptDescription>
                </descriptions>
                <conceptMappings class="set" id="123">
                  <org.openmrs.ConceptMap id="124" uuid="af5e1f44-cd5f-4650-b785-989b68cc98ea">
                    <conceptMapType reference="37"/>
                    <creator/>
                    <dateCreated id="125">2015-11-03 20:48:03</dateCreated>
                    <conceptMapId>26062</conceptMapId>
                    <concept reference="105"/>
                    <conceptReferenceTerm id="126" resolves-to="org.openmrs.ConceptReferenceTerm" uuid="01fed81c-91a1-48ad-97e3-d9c77267b9a3">
                      <creator/>
                      <dateCreated id="127">2015-11-03 20:41:53</dateCreated>
                      <retired>false</retired>
                      <conceptReferenceTermId>25406</conceptReferenceTermId>
                      <conceptSource id="128" resolves-to="org.openmrs.ConceptSource" uuid="21ADDDDDDDDDDDDDDDDDDDDDDDDDDDDDDDDD">
                        <name>CIEL</name>
                        <description>Columbia International eHealth Laboratory concept ID</description>
                        <creator/>
                        <dateCreated id="129">2015-07-01 17:25:50</dateCreated>
                        <retired>false</retired>
                        <conceptSourceId>29</conceptSourceId>
                      </conceptSource>
                      <code>86672</code>
                      <conceptReferenceTermMaps id="130"/>
                    </conceptReferenceTerm>
                  </org.openmrs.ConceptMap>
                  <org.openmrs.ConceptMap id="131" uuid="6abb0078-c0a3-4016-a628-b2eb926f2fa0">
                    <conceptMapType reference="37"/>
                    <creator/>
                    <dateCreated id="132">2015-11-03 20:48:50</dateCreated>
                    <conceptMapId>26063</conceptMapId>
                    <concept reference="105"/>
                    <conceptReferenceTerm id="133" resolves-to="org.openmrs.ConceptReferenceTerm" uuid="e5adbc24-1eb8-44c6-ab61-da373cf51760">
                      <creator/>
                      <dateCreated id="134">2015-11-03 20:48:28</dateCreated>
                      <retired>false</retired>
                      <conceptReferenceTermId>25409</conceptReferenceTermId>
                      <conceptSource reference="42"/>
                      <code>ZINC</code>
                      <conceptReferenceTermMaps id="135"/>
                    </conceptReferenceTerm>
                  </org.openmrs.ConceptMap>
                </conceptMappings>
              </answerConcept>
              <creator/>
              <dateCreated id="136">2015-11-03 21:04:15</dateCreated>
              <sortWeight>5.0</sortWeight>
            </org.openmrs.ConceptAnswer>
            <org.openmrs.ConceptAnswer id="137" uuid="80ce0b5f-ac77-4cb1-a5c2-3a4a57306bdc">
              <conceptAnswerId>9385</conceptAnswerId>
              <concept reference="52"/>
              <answerConcept id="138" resolves-to="org.openmrs.Concept" uuid="3669eb6a-fe41-44e3-8263-10993c92e802">
                <conceptId>10569</conceptId>
                <retired>false</retired>
                <datatype reference="3"/>
                <conceptClass reference="65"/>
                <set>false</set>
                <creator/>
                <dateCreated id="139">2015-11-03 20:45:55</dateCreated>
                <changedBy/>
                <dateChanged id="140">2016-01-22 20:31:04</dateChanged>
                <names class="set" id="141">
                  <org.openmrs.ConceptName id="142" uuid="c3cf1d4f-281f-4530-b152-658c7890a68d">
                    <conceptNameId>30551</conceptNameId>
                    <concept reference="138"/>
                    <name>Iode</name>
                    <locale id="143">fr</locale>
                    <creator/>
                    <dateCreated id="144">2016-01-22 20:31:04</dateCreated>
                    <voided>false</voided>
                    <tags class="set" id="145"/>
                    <conceptNameType>FULLY_SPECIFIED</conceptNameType>
                    <localePreferred>true</localePreferred>
                  </org.openmrs.ConceptName>
                  <org.openmrs.ConceptName id="146" uuid="f3f5f5a9-c9db-4d42-8411-ddfe10cce4ae">
                    <conceptNameId>30473</conceptNameId>
                    <concept reference="138"/>
                    <name>Iodine</name>
                    <locale id="147">en</locale>
                    <creator/>
                    <dateCreated id="148">2015-11-03 20:45:55</dateCreated>
                    <voided>false</voided>
                    <tags class="set" id="149"/>
                    <conceptNameType>FULLY_SPECIFIED</conceptNameType>
                    <localePreferred>true</localePreferred>
                  </org.openmrs.ConceptName>
                </names>
                <answers class="set" id="150"/>
                <conceptSets class="set" id="151"/>
                <descriptions class="set" id="152">
                  <org.openmrs.ConceptDescription id="153" uuid="980c4e00-97cd-4ebf-8519-f7b7e4ee0771">
                    <conceptDescriptionId>6971</conceptDescriptionId>
                    <concept reference="138"/>
                    <description>Iodine</description>
                    <locale id="154">en</locale>
                    <creator/>
                    <dateCreated id="155">2015-11-03 20:45:55</dateCreated>
                  </org.openmrs.ConceptDescription>
                </descriptions>
                <conceptMappings class="set" id="156">
                  <org.openmrs.ConceptMap id="157" uuid="953de8db-9d29-4526-a7fc-b76350ff6c5e">
                    <conceptMapType reference="37"/>
                    <creator/>
                    <dateCreated id="158">2015-11-03 20:45:55</dateCreated>
                    <conceptMapId>26060</conceptMapId>
                    <concept reference="138"/>
                    <conceptReferenceTerm id="159" resolves-to="org.openmrs.ConceptReferenceTerm" uuid="d2b00354-1cb9-4d60-be5f-c11d11f2eb20">
                      <creator/>
                      <dateCreated id="160">2015-11-03 20:44:59</dateCreated>
                      <retired>false</retired>
                      <conceptReferenceTermId>25407</conceptReferenceTermId>
                      <conceptSource reference="128"/>
                      <code>78130</code>
                      <conceptReferenceTermMaps id="161"/>
                    </conceptReferenceTerm>
                  </org.openmrs.ConceptMap>
                  <org.openmrs.ConceptMap id="162" uuid="32e61b25-9fb8-4ff1-baab-620b9d084d77">
                    <conceptMapType reference="37"/>
                    <creator/>
                    <dateCreated id="163">2015-11-03 20:46:46</dateCreated>
                    <conceptMapId>26061</conceptMapId>
                    <concept reference="138"/>
                    <conceptReferenceTerm id="164" resolves-to="org.openmrs.ConceptReferenceTerm" uuid="a2653eaa-5457-4be6-8fef-4d62c5eecc24">
                      <creator/>
                      <dateCreated id="165">2015-11-03 20:46:24</dateCreated>
                      <retired>false</retired>
                      <conceptReferenceTermId>25408</conceptReferenceTermId>
                      <conceptSource reference="42"/>
                      <code>IODINE</code>
                      <conceptReferenceTermMaps id="166"/>
                    </conceptReferenceTerm>
                  </org.openmrs.ConceptMap>
                </conceptMappings>
              </answerConcept>
              <creator/>
              <dateCreated id="167">2015-11-03 21:04:15</dateCreated>
              <sortWeight>3.0</sortWeight>
            </org.openmrs.ConceptAnswer>
            <org.openmrs.ConceptAnswer id="168" uuid="f83a5ef6-45ac-4082-921b-81aa9fb66c72">
              <conceptAnswerId>9386</conceptAnswerId>
              <concept reference="52"/>
              <answerConcept id="169" resolves-to="org.openmrs.Concept" uuid="3ccee960-26fe-102b-80cb-0017a47871b2">
                <conceptId>256</conceptId>
                <retired>false</retired>
                <datatype reference="3"/>
                <conceptClass reference="65"/>
                <set>false</set>
                <creator/>
                <dateCreated id="170">2004-01-01 00:00:00</dateCreated>
                <changedBy/>
                <dateChanged id="171">2016-01-22 20:35:38</dateChanged>
                <names class="set" id="172">
                  <org.openmrs.ConceptName id="173" uuid="f58a5564-d5db-102d-ad2a-000c29c2a5d7">
                    <conceptNameId>10164</conceptNameId>
                    <concept reference="169"/>
                    <name>SULFATE FERREUX</name>
                    <locale id="174">fr</locale>
                    <creator/>
                    <dateCreated id="175">2010-06-29 13:03:14</dateCreated>
                    <voided>true</voided>
                    <voidedBy/>
                    <dateVoided id="176">2016-01-22 20:35:38</dateVoided>
                    <voidReason>Removed from user interface</voidReason>
                    <tags class="set" id="177"/>
                    <localePreferred>true</localePreferred>
                  </org.openmrs.ConceptName>
                  <org.openmrs.ConceptName id="178" uuid="31e471ce-718d-4781-8b7f-a65f10e60ed1">
                    <conceptNameId>30471</conceptNameId>
                    <concept reference="169"/>
                    <name>Iron Supplement</name>
                    <locale id="179">en</locale>
                    <creator/>
                    <dateCreated id="180">2015-11-03 20:38:12</dateCreated>
                    <voided>false</voided>
                    <tags class="set" id="181"/>
                    <localePreferred>false</localePreferred>
                  </org.openmrs.ConceptName>
                  <org.openmrs.ConceptName id="182" uuid="3e0c4926-26fe-102b-80cb-0017a47871b2">
                    <conceptNameId>268</conceptNameId>
                    <concept reference="169"/>
                    <name>Ferrous sulfate</name>
                    <locale id="183">en</locale>
                    <creator/>
                    <dateCreated id="184">2004-01-01 00:00:00</dateCreated>
                    <voided>false</voided>
                    <tags class="set" id="185"/>
                    <conceptNameType>FULLY_SPECIFIED</conceptNameType>
                    <localePreferred>true</localePreferred>
                  </org.openmrs.ConceptName>
                  <org.openmrs.ConceptName id="186" uuid="9aae2946-a7e9-4c33-ab4d-9b030f7e1a32">
                    <conceptNameId>30555</conceptNameId>
                    <concept reference="169"/>
                    <name>Sulfate ferreux</name>
                    <locale id="187">fr</locale>
                    <creator/>
                    <dateCreated id="188">2016-01-22 20:35:38</dateCreated>
                    <voided>false</voided>
                    <tags class="set" id="189"/>
                    <conceptNameType>FULLY_SPECIFIED</conceptNameType>
                    <localePreferred>true</localePreferred>
                  </org.openmrs.ConceptName>
                  <org.openmrs.ConceptName id="190" uuid="93f703a0-07d4-102c-b5fa-0017a47871b2">
                    <conceptNameId>6904</conceptNameId>
                    <concept reference="169"/>
                    <name>Ferrous sulphate</name>
                    <locale id="191">en</locale>
                    <creator/>
                    <dateCreated id="192">2005-02-16 15:28:48</dateCreated>
                    <voided>false</voided>
                    <tags class="set" id="193"/>
                    <localePreferred>false</localePreferred>
                  </org.openmrs.ConceptName>
                  <org.openmrs.ConceptName id="194" uuid="93f70850-07d4-102c-b5fa-0017a47871b2">
                    <conceptNameId>6905</conceptNameId>
                    <concept reference="169"/>
                    <name>Ferrum B syrup</name>
                    <locale id="195">en</locale>
                    <creator/>
                    <dateCreated id="196">2004-10-20 00:00:00</dateCreated>
                    <voided>false</voided>
                    <tags class="set" id="197"/>
                    <localePreferred>false</localePreferred>
                  </org.openmrs.ConceptName>
                </names>
                <answers class="set" id="198"/>
                <conceptSets class="set" id="199"/>
                <descriptions class="set" id="200">
                  <org.openmrs.ConceptDescription id="201" uuid="ecd9a49e-07fe-102c-b5fa-0017a47871b2">
                    <conceptDescriptionId>264</conceptDescriptionId>
                    <concept reference="169"/>
                    <description>An astringent iron salt obtained usually in pale green crystalline form FeSO4-7H2O and used in medicine chiefly for treating iron-deficiency anemia.</description>
                    <locale id="202">en</locale>
                    <creator/>
                    <dateCreated id="203">2004-01-01 00:00:00</dateCreated>
                  </org.openmrs.ConceptDescription>
                </descriptions>
                <conceptMappings class="set" id="204">
                  <org.openmrs.ConceptMap id="205" uuid="b1dd41f4-4864-102e-96e9-000c29c2a5d7">
                    <conceptMapType reference="37"/>
                    <creator/>
                    <changedBy/>
                    <dateCreated id="206">2010-11-23 10:15:31</dateCreated>
                    <dateChanged id="207">2012-06-21 16:49:52</dateChanged>
                    <conceptMapId>258</conceptMapId>
                    <concept reference="169"/>
                    <conceptReferenceTerm id="208" resolves-to="org.openmrs.ConceptReferenceTerm" uuid="736f7bb8-b9f2-3d99-8d2a-795e1c83b261">
                      <creator/>
                      <dateCreated id="209">2010-11-23 00:00:00</dateCreated>
                      <retired>false</retired>
                      <conceptReferenceTermId>258</conceptReferenceTermId>
                      <conceptSource reference="42"/>
                      <code>256</code>
                      <conceptReferenceTermMaps id="210"/>
                    </conceptReferenceTerm>
                  </org.openmrs.ConceptMap>
                  <org.openmrs.ConceptMap id="211" uuid="748ee0c1-4943-102e-96e9-000c29c2a5d7">
                    <conceptMapType reference="37"/>
                    <creator/>
                    <changedBy/>
                    <dateCreated id="212">2010-11-24 12:49:58</dateCreated>
                    <dateChanged id="213">2012-06-21 16:49:52</dateChanged>
                    <conceptMapId>6223</conceptMapId>
                    <concept reference="169"/>
                    <conceptReferenceTerm id="214" resolves-to="org.openmrs.ConceptReferenceTerm" uuid="4aadf8d3-6a31-3d21-9c4e-f0d3dede8331">
                      <creator/>
                      <dateCreated id="215">2010-11-24 00:00:00</dateCreated>
                      <retired>false</retired>
                      <conceptReferenceTermId>6223</conceptReferenceTermId>
                      <conceptSource reference="42"/>
                      <code>FERROUS SULFATE</code>
                      <conceptReferenceTermMaps id="216"/>
                    </conceptReferenceTerm>
                  </org.openmrs.ConceptMap>
                </conceptMappings>
              </answerConcept>
              <creator/>
              <dateCreated id="217">2015-11-03 21:04:15</dateCreated>
              <sortWeight>2.0</sortWeight>
            </org.openmrs.ConceptAnswer>
            <org.openmrs.ConceptAnswer id="218" uuid="5e99ae2f-87e7-4a52-ba89-f43e24b7ec4b">
              <conceptAnswerId>9387</conceptAnswerId>
              <concept reference="52"/>
              <answerConcept id="219" resolves-to="org.openmrs.Concept" uuid="d171e697-bead-4ca9-b5e0-906b8fa769ea">
                <conceptId>10570</conceptId>
                <retired>false</retired>
                <datatype reference="53"/>
                <conceptClass id="220" resolves-to="org.openmrs.ConceptClass" uuid="8d490bf4-c2cc-11de-8d13-0010c6dffd0f">
                  <name>Procedure</name>
                  <description>Describes a clinical procedure</description>
                  <creator/>
                  <dateCreated id="221">2015-07-01 17:25:50</dateCreated>
                  <retired>false</retired>
                  <conceptClassId>2</conceptClassId>
                </conceptClass>
                <set>false</set>
                <creator/>
                <dateCreated id="222">2015-11-03 20:55:40</dateCreated>
                <changedBy/>
                <dateChanged id="223">2016-01-22 20:32:15</dateChanged>
                <names class="set" id="224">
                  <org.openmrs.ConceptName id="225" uuid="491ec33b-6de7-415c-a315-76209b38df5c">
                    <conceptNameId>30474</conceptNameId>
                    <concept reference="219"/>
                    <name>Antihelminth drug prophylaxis</name>
                    <locale id="226">en</locale>
                    <creator/>
                    <dateCreated id="227">2015-11-03 20:55:40</dateCreated>
                    <voided>false</voided>
                    <tags class="set" id="228"/>
                    <localePreferred>false</localePreferred>
                  </org.openmrs.ConceptName>
                  <org.openmrs.ConceptName id="229" uuid="4f640021-c6af-48d4-ad1a-676f1343d137">
                    <conceptNameId>30475</conceptNameId>
                    <concept reference="219"/>
                    <name>Deworming</name>
                    <locale id="230">en</locale>
                    <creator/>
                    <dateCreated id="231">2015-11-03 20:55:40</dateCreated>
                    <voided>false</voided>
                    <tags class="set" id="232"/>
                    <conceptNameType>FULLY_SPECIFIED</conceptNameType>
                    <localePreferred>true</localePreferred>
                  </org.openmrs.ConceptName>
                  <org.openmrs.ConceptName id="233" uuid="930f8a26-76ac-4f4d-8acc-c15adb05e1d4">
                    <conceptNameId>30552</conceptNameId>
                    <concept reference="219"/>
                    <name>Déparasitage</name>
                    <locale id="234">fr</locale>
                    <creator/>
                    <dateCreated id="235">2016-01-22 20:32:15</dateCreated>
                    <voided>false</voided>
                    <tags class="set" id="236"/>
                    <conceptNameType>FULLY_SPECIFIED</conceptNameType>
                    <localePreferred>true</localePreferred>
                  </org.openmrs.ConceptName>
                </names>
                <answers class="set" id="237">
                  <org.openmrs.ConceptAnswer id="238" uuid="52be4065-0c9e-4a4b-9e07-d425771c6d92">
                    <conceptAnswerId>9380</conceptAnswerId>
                    <concept reference="219"/>
                    <answerConcept id="239" resolves-to="org.openmrs.Concept" uuid="3cd6fac4-26fe-102b-80cb-0017a47871b2">
                      <conceptId>1067</conceptId>
                      <retired>false</retired>
                      <datatype reference="3"/>
                      <conceptClass id="240" resolves-to="org.openmrs.ConceptClass" uuid="8d492774-c2cc-11de-8d13-0010c6dffd0f">
                        <name>Misc</name>
                        <description>Terms which don&apos;t fit other categories</description>
                        <creator/>
                        <dateCreated id="241">2015-07-01 17:25:50</dateCreated>
                        <retired>false</retired>
                        <conceptClassId>11</conceptClassId>
                      </conceptClass>
                      <set>false</set>
                      <creator/>
                      <dateCreated id="242">2015-04-22 14:28:45</dateCreated>
                      <changedBy/>
                      <dateChanged id="243">2015-05-21 19:56:36</dateChanged>
                      <names class="set" id="244">
                        <org.openmrs.ConceptName id="245" uuid="108336BBBBBBBBBBBBBBBBBBBBBBBBBBBBBB">
                          <conceptNameId>29705</conceptNameId>
                          <concept reference="239"/>
                          <name>Desconocida</name>
                          <locale id="246">es</locale>
                          <creator/>
                          <dateCreated id="247">2012-03-04 23:59:44</dateCreated>
                          <voided>false</voided>
                          <tags class="set" id="248"/>
                          <localePreferred>false</localePreferred>
                        </org.openmrs.ConceptName>
                        <org.openmrs.ConceptName id="249" uuid="127334BBBBBBBBBBBBBBBBBBBBBBBBBBBBBB">
                          <conceptNameId>29707</conceptNameId>
                          <concept reference="239"/>
                          <name>জানিনা</name>
                          <locale id="250">bn</locale>
                          <creator/>
                          <dateCreated id="251">2015-04-24 21:19:36</dateCreated>
                          <voided>false</voided>
                          <tags class="set" id="252"/>
                          <conceptNameType>FULLY_SPECIFIED</conceptNameType>
                          <localePreferred>true</localePreferred>
                        </org.openmrs.ConceptName>
                        <org.openmrs.ConceptName id="253" uuid="0b8bdd6c-15f5-102d-96e4-000c29c2a5d7">
                          <conceptNameId>8176</conceptNameId>
                          <concept reference="239"/>
                          <name>DON&apos;T KNOW</name>
                          <locale id="254">en</locale>
                          <creator/>
                          <dateCreated id="255">2015-04-22 14:28:45</dateCreated>
                          <voided>false</voided>
                          <tags class="set" id="256"/>
                          <localePreferred>false</localePreferred>
                        </org.openmrs.ConceptName>
                        <org.openmrs.ConceptName id="257" uuid="106309BBBBBBBBBBBBBBBBBBBBBBBBBBBBBB">
                          <conceptNameId>29703</conceptNameId>
                          <concept reference="239"/>
                          <name>Ntabizi</name>
                          <locale id="258">rw</locale>
                          <creator/>
                          <dateCreated id="259">2010-06-21 23:12:14</dateCreated>
                          <voided>false</voided>
                          <tags class="set" id="260"/>
                          <conceptNameType>FULLY_SPECIFIED</conceptNameType>
                          <localePreferred>true</localePreferred>
                        </org.openmrs.ConceptName>
                        <org.openmrs.ConceptName id="261" uuid="108335BBBBBBBBBBBBBBBBBBBBBBBBBBBBBB">
                          <conceptNameId>29704</conceptNameId>
                          <concept reference="239"/>
                          <name>Desconocido</name>
                          <locale id="262">es</locale>
                          <creator/>
                          <dateCreated id="263">2012-03-04 23:59:44</dateCreated>
                          <voided>false</voided>
                          <tags class="set" id="264"/>
                          <conceptNameType>FULLY_SPECIFIED</conceptNameType>
                          <localePreferred>true</localePreferred>
                        </org.openmrs.ConceptName>
                        <org.openmrs.ConceptName id="265" uuid="0b8bde66-15f5-102d-96e4-000c29c2a5d7">
                          <conceptNameId>8177</conceptNameId>
                          <concept reference="239"/>
                          <name>DO NOT KNOW</name>
                          <locale id="266">en</locale>
                          <creator/>
                          <dateCreated id="267">2015-04-22 14:28:45</dateCreated>
                          <voided>false</voided>
                          <tags class="set" id="268"/>
                          <localePreferred>false</localePreferred>
                        </org.openmrs.ConceptName>
                        <org.openmrs.ConceptName id="269" uuid="110114BBBBBBBBBBBBBBBBBBBBBBBBBBBBBB">
                          <conceptNameId>29706</conceptNameId>
                          <concept reference="239"/>
                          <name>HAIJULIKANI</name>
                          <locale id="270">sw</locale>
                          <creator/>
                          <dateCreated id="271">2012-08-10 23:19:26</dateCreated>
                          <voided>false</voided>
                          <tags class="set" id="272"/>
                          <conceptNameType>FULLY_SPECIFIED</conceptNameType>
                          <localePreferred>true</localePreferred>
                        </org.openmrs.ConceptName>
                        <org.openmrs.ConceptName id="273" uuid="1141BBBBBBBBBBBBBBBBBBBBBBBBBBBBBBBB">
                          <conceptNameId>29702</conceptNameId>
                          <concept reference="239"/>
                          <name>Ne sait pas</name>
                          <locale id="274">fr</locale>
                          <creator/>
                          <dateCreated id="275">2008-05-19 21:19:37</dateCreated>
                          <voided>false</voided>
                          <tags class="set" id="276"/>
                          <conceptNameType>FULLY_SPECIFIED</conceptNameType>
                          <localePreferred>false</localePreferred>
                        </org.openmrs.ConceptName>
                        <org.openmrs.ConceptName id="277" uuid="3e1518f8-26fe-102b-80cb-0017a47871b2">
                          <conceptNameId>8175</conceptNameId>
                          <concept reference="239"/>
                          <name>Unknown</name>
                          <locale id="278">en</locale>
                          <creator/>
                          <dateCreated id="279">2015-04-22 14:28:45</dateCreated>
                          <voided>false</voided>
                          <tags class="set" id="280"/>
                          <conceptNameType>FULLY_SPECIFIED</conceptNameType>
                          <localePreferred>true</localePreferred>
                        </org.openmrs.ConceptName>
                        <org.openmrs.ConceptName id="281" uuid="0b8bdf56-15f5-102d-96e4-000c29c2a5d7">
                          <conceptNameId>8178</conceptNameId>
                          <concept reference="239"/>
                          <name>Inconnu</name>
                          <locale id="282">fr</locale>
                          <creator/>
                          <dateCreated id="283">2015-04-22 14:28:45</dateCreated>
                          <voided>false</voided>
                          <tags class="set" id="284"/>
                          <localePreferred>true</localePreferred>
                        </org.openmrs.ConceptName>
                        <org.openmrs.ConceptName id="285" uuid="111191BBBBBBBBBBBBBBBBBBBBBBBBBBBBBB">
                          <conceptNameId>29701</conceptNameId>
                          <concept reference="239"/>
                          <name>Не известно</name>
                          <locale id="286">ru</locale>
                          <creator/>
                          <dateCreated id="287">2013-01-27 06:36:57</dateCreated>
                          <voided>false</voided>
                          <tags class="set" id="288"/>
                          <conceptNameType>FULLY_SPECIFIED</conceptNameType>
                          <localePreferred>true</localePreferred>
                        </org.openmrs.ConceptName>
                        <org.openmrs.ConceptName id="289" uuid="f5cb3a66-d5db-102d-ad2a-000c29c2a5d7">
                          <conceptNameId>10585</conceptNameId>
                          <concept reference="239"/>
                          <name>INCONNU</name>
                          <locale id="290">fr</locale>
                          <creator/>
                          <dateCreated id="291">2010-06-29 13:03:16</dateCreated>
                          <voided>true</voided>
                          <voidedBy/>
                          <dateVoided id="292">2015-04-22 14:28:45</dateVoided>
                          <voidReason>metadata deploy</voidReason>
                          <tags class="set" id="293"/>
                          <localePreferred>false</localePreferred>
                        </org.openmrs.ConceptName>
                      </names>
                      <answers class="set" id="294"/>
                      <conceptSets class="set" id="295"/>
                      <descriptions class="set" id="296">
                        <org.openmrs.ConceptDescription id="297" uuid="ece43b8e-07fe-102c-b5fa-0017a47871b2">
                          <conceptDescriptionId>1078</conceptDescriptionId>
                          <concept reference="239"/>
                          <description>Generic answer to a question.</description>
                          <locale id="298">en</locale>
                          <creator/>
                          <dateCreated id="299">2015-04-22 14:28:45</dateCreated>
                          <changedBy/>
                          <dateChanged id="300">2015-04-22 14:28:46</dateChanged>
                        </org.openmrs.ConceptDescription>
                        <org.openmrs.ConceptDescription id="301" uuid="1070FFFFFFFFFFFFFFFFFFFFFFFFFFFFFFFF">
                          <conceptDescriptionId>6866</conceptDescriptionId>
                          <concept reference="239"/>
                          <description>Generic answer to a question.</description>
                          <locale id="302">en</locale>
                          <creator/>
                          <dateCreated id="303">2005-01-06 05:00:00</dateCreated>
                          <dateChanged id="304">2015-04-24 21:19:36</dateChanged>
                        </org.openmrs.ConceptDescription>
                        <org.openmrs.ConceptDescription id="305" uuid="5a0076f0-1fc0-4c91-8d92-0541eab81216">
                          <conceptDescriptionId>4747</conceptDescriptionId>
                          <concept reference="239"/>
                          <description>réponse générique à la question</description>
                          <locale id="306">fr</locale>
                          <creator/>
                          <dateCreated id="307">2015-04-22 14:28:45</dateCreated>
                          <changedBy/>
                          <dateChanged id="308">2015-04-22 14:28:46</dateChanged>
                        </org.openmrs.ConceptDescription>
                      </descriptions>
                      <conceptMappings class="set" id="309">
                        <org.openmrs.ConceptMap id="310" uuid="48d452b4-2448-4b4a-ab17-5993cd2aa765">
                          <conceptMapType reference="37"/>
                          <creator/>
                          <changedBy/>
                          <dateCreated id="311">2015-04-22 14:28:45</dateCreated>
                          <dateChanged id="312">2015-04-22 14:28:46</dateChanged>
                          <conceptMapId>18126</conceptMapId>
                          <concept reference="239"/>
                          <conceptReferenceTerm id="313" resolves-to="org.openmrs.ConceptReferenceTerm" uuid="4b376e4b-e34d-47f8-9c73-a7240ec97927">
                            <creator/>
                            <dateCreated id="314">2013-05-14 22:18:07</dateCreated>
                            <retired>false</retired>
                            <conceptReferenceTermId>18085</conceptReferenceTermId>
                            <conceptSource reference="42"/>
                            <code>unknown</code>
                            <conceptReferenceTermMaps id="315"/>
                          </conceptReferenceTerm>
                        </org.openmrs.ConceptMap>
                        <org.openmrs.ConceptMap id="316" uuid="133842ABBBBBBBBBBBBBBBBBBBBBBBBBBBBB">
                          <conceptMapType reference="37"/>
                          <creator/>
                          <dateCreated id="317">2010-10-01 23:14:01</dateCreated>
                          <conceptMapId>25514</conceptMapId>
                          <concept reference="239"/>
                          <conceptReferenceTerm id="318" resolves-to="org.openmrs.ConceptReferenceTerm" uuid="2d7618d4-61c6-3389-bd89-5d1c0025cca8">
                            <creator/>
                            <dateCreated id="319">2010-10-01 04:00:00</dateCreated>
                            <retired>false</retired>
                            <conceptReferenceTermId>24856</conceptReferenceTermId>
                            <conceptSource id="320" resolves-to="org.openmrs.ConceptSource" uuid="1ADDDDDDDDDDDDDDDDDDDDDDDDDDDDDDDDDD">
                              <name>SNOMED CT</name>
                              <description>SNOMED Preferred mapping</description>
                              <creator/>
                              <dateCreated id="321">2015-07-01 17:25:50</dateCreated>
                              <retired>false</retired>
                              <conceptSourceId>6</conceptSourceId>
                              <hl7Code>SCT</hl7Code>
                            </conceptSource>
                            <code>261665006</code>
                            <conceptReferenceTermMaps id="322"/>
                          </conceptReferenceTerm>
                        </org.openmrs.ConceptMap>
                        <org.openmrs.ConceptMap id="323" uuid="b20d1438-4864-102e-96e9-000c29c2a5d7">
                          <conceptMapType reference="37"/>
                          <creator/>
                          <changedBy/>
                          <dateCreated id="324">2015-04-22 14:28:45</dateCreated>
                          <dateChanged id="325">2015-04-22 14:28:46</dateChanged>
                          <conceptMapId>1069</conceptMapId>
                          <concept reference="239"/>
                          <conceptReferenceTerm id="326" resolves-to="org.openmrs.ConceptReferenceTerm" uuid="161a8ca4-26c9-3702-86ae-19762e7b7a86">
                            <creator/>
                            <dateCreated id="327">2010-11-23 00:00:00</dateCreated>
                            <retired>false</retired>
                            <conceptReferenceTermId>1069</conceptReferenceTermId>
                            <conceptSource reference="42"/>
                            <code>1067</code>
                            <conceptReferenceTermMaps id="328"/>
                          </conceptReferenceTerm>
                        </org.openmrs.ConceptMap>
                        <org.openmrs.ConceptMap id="329" uuid="aef53e25-42b3-4e15-b072-773408c42fcf">
                          <conceptMapType reference="37"/>
                          <creator/>
                          <changedBy/>
                          <dateCreated id="330">2015-04-22 14:28:45</dateCreated>
                          <dateChanged id="331">2015-04-22 14:28:46</dateChanged>
                          <conceptMapId>20053</conceptMapId>
                          <concept reference="239"/>
                          <conceptReferenceTerm id="332" resolves-to="org.openmrs.ConceptReferenceTerm" uuid="a8eafffd-4944-46e7-bd9c-cfab794e30a9">
                            <creator/>
                            <dateCreated id="333">2013-09-26 19:38:23</dateCreated>
                            <retired>false</retired>
                            <conceptReferenceTermId>19926</conceptReferenceTermId>
                            <conceptSource id="334" resolves-to="org.openmrs.ConceptSource" uuid="edd52713-8887-47b7-ba9e-6e1148824ca4">
                              <name>org.openmrs.module.emrapi</name>
                              <description>Source used to tag concepts used in the emr-api module</description>
                              <creator/>
                              <dateCreated id="335">2015-07-01 17:25:50</dateCreated>
                              <retired>false</retired>
                              <conceptSourceId>31</conceptSourceId>
                            </conceptSource>
                            <code>Unknown Cause of Death</code>
                            <conceptReferenceTermMaps id="336"/>
                          </conceptReferenceTerm>
                        </org.openmrs.ConceptMap>
                        <org.openmrs.ConceptMap id="337" uuid="fe4792ee-5b68-102e-96e9-000c29c2a5d7">
                          <conceptMapType reference="37"/>
                          <creator/>
                          <changedBy/>
                          <dateCreated id="338">2015-04-22 14:28:45</dateCreated>
                          <dateChanged id="339">2015-04-22 14:28:46</dateChanged>
                          <conceptMapId>11733</conceptMapId>
                          <concept reference="239"/>
                          <conceptReferenceTerm id="340" resolves-to="org.openmrs.ConceptReferenceTerm" uuid="7ea67a83-68e9-3f41-b394-280da1a6d50e">
                            <creator/>
                            <dateCreated id="341">2010-12-17 00:00:00</dateCreated>
                            <retired>false</retired>
                            <conceptReferenceTermId>11733</conceptReferenceTermId>
                            <conceptSource id="342" resolves-to="org.openmrs.ConceptSource" uuid="ddb6b595-0b85-4a80-9243-efe4ba404eef">
                              <name>org.openmrs.module.mdrtb</name>
                              <description>Concepts used with the MDR-TB module</description>
                              <creator/>
                              <dateCreated id="343">2015-07-01 17:25:50</dateCreated>
                              <retired>false</retired>
                              <conceptSourceId>4</conceptSourceId>
                            </conceptSource>
                            <code>UNKNOWN</code>
                            <conceptReferenceTermMaps id="344"/>
                          </conceptReferenceTerm>
                        </org.openmrs.ConceptMap>
                      </conceptMappings>
                    </answerConcept>
                    <creator/>
                    <dateCreated id="345">2015-11-03 20:55:40</dateCreated>
                    <sortWeight>3.0</sortWeight>
                  </org.openmrs.ConceptAnswer>
                  <org.openmrs.ConceptAnswer id="346" uuid="4e30407f-4e57-4181-8315-228e5e661adb">
                    <conceptAnswerId>9381</conceptAnswerId>
                    <concept reference="219"/>
                    <answerConcept id="347" resolves-to="org.openmrs.Concept" uuid="3cd6f600-26fe-102b-80cb-0017a47871b2">
                      <conceptId>1065</conceptId>
                      <retired>false</retired>
                      <datatype reference="3"/>
                      <conceptClass reference="240"/>
                      <set>false</set>
                      <creator/>
                      <dateCreated id="348">2015-04-22 14:28:44</dateCreated>
                      <changedBy/>
                      <dateChanged id="349">2015-05-21 19:56:36</dateChanged>
                      <names class="set" id="350">
                        <org.openmrs.ConceptName id="351" uuid="126315BBBBBBBBBBBBBBBBBBBBBBBBBBBBBB">
                          <conceptNameId>29691</conceptNameId>
                          <concept reference="347"/>
                          <name>Verdadero</name>
                          <locale id="352">es</locale>
                          <creator/>
                          <dateCreated id="353">2014-10-07 22:39:17</dateCreated>
                          <voided>false</voided>
                          <tags class="set" id="354"/>
                          <localePreferred>false</localePreferred>
                        </org.openmrs.ConceptName>
                        <org.openmrs.ConceptName id="355" uuid="126316BBBBBBBBBBBBBBBBBBBBBBBBBBBBBB">
                          <conceptNameId>29696</conceptNameId>
                          <concept reference="347"/>
                          <name>Sì</name>
                          <locale id="356">it</locale>
                          <creator/>
                          <dateCreated id="357">2014-10-07 22:39:17</dateCreated>
                          <voided>false</voided>
                          <tags class="set" id="358"/>
                          <conceptNameType>FULLY_SPECIFIED</conceptNameType>
                          <localePreferred>true</localePreferred>
                        </org.openmrs.ConceptName>
                        <org.openmrs.ConceptName id="359" uuid="126318BBBBBBBBBBBBBBBBBBBBBBBBBBBBBB">
                          <conceptNameId>29689</conceptNameId>
                          <concept reference="347"/>
                          <name>Sim</name>
                          <locale id="360">pt</locale>
                          <creator/>
                          <dateCreated id="361">2014-10-07 22:39:17</dateCreated>
                          <voided>false</voided>
                          <tags class="set" id="362"/>
                          <conceptNameType>FULLY_SPECIFIED</conceptNameType>
                          <localePreferred>true</localePreferred>
                        </org.openmrs.ConceptName>
                        <org.openmrs.ConceptName id="363" uuid="541f1720-0abe-49dd-b4f6-7de87ce05917">
                          <conceptNameId>17941</conceptNameId>
                          <concept reference="347"/>
                          <name>Wi</name>
                          <locale id="364">ht</locale>
                          <creator/>
                          <dateCreated id="365">2015-04-22 14:28:44</dateCreated>
                          <voided>false</voided>
                          <tags class="set" id="366"/>
                          <conceptNameType>FULLY_SPECIFIED</conceptNameType>
                          <localePreferred>true</localePreferred>
                        </org.openmrs.ConceptName>
                        <org.openmrs.ConceptName id="367" uuid="111198BBBBBBBBBBBBBBBBBBBBBBBBBBBBBB">
                          <conceptNameId>29697</conceptNameId>
                          <concept reference="347"/>
                          <name>Да</name>
                          <locale id="368">ru</locale>
                          <creator/>
                          <dateCreated id="369">2013-01-27 06:41:22</dateCreated>
                          <voided>false</voided>
                          <tags class="set" id="370"/>
                          <conceptNameType>FULLY_SPECIFIED</conceptNameType>
                          <localePreferred>true</localePreferred>
                        </org.openmrs.ConceptName>
                        <org.openmrs.ConceptName id="371" uuid="106307BBBBBBBBBBBBBBBBBBBBBBBBBBBBBB">
                          <conceptNameId>29693</conceptNameId>
                          <concept reference="347"/>
                          <name>Yego</name>
                          <locale id="372">rw</locale>
                          <creator/>
                          <dateCreated id="373">2010-06-21 23:11:26</dateCreated>
                          <voided>false</voided>
                          <tags class="set" id="374"/>
                          <conceptNameType>FULLY_SPECIFIED</conceptNameType>
                          <localePreferred>true</localePreferred>
                        </org.openmrs.ConceptName>
                        <org.openmrs.ConceptName id="375" uuid="126319BBBBBBBBBBBBBBBBBBBBBBBBBBBBBB">
                          <conceptNameId>29694</conceptNameId>
                          <concept reference="347"/>
                          <name>Verdadeiro</name>
                          <locale id="376">pt</locale>
                          <creator/>
                          <dateCreated id="377">2014-10-07 22:39:17</dateCreated>
                          <voided>false</voided>
                          <tags class="set" id="378"/>
                          <localePreferred>false</localePreferred>
                        </org.openmrs.ConceptName>
                        <org.openmrs.ConceptName id="379" uuid="106919BBBBBBBBBBBBBBBBBBBBBBBBBBBBBB">
                          <conceptNameId>29690</conceptNameId>
                          <concept reference="347"/>
                          <name>እወ</name>
                          <locale id="380">ti</locale>
                          <creator/>
                          <dateCreated id="381">2010-10-24 20:04:37</dateCreated>
                          <voided>false</voided>
                          <tags class="set" id="382"/>
                          <conceptNameType>FULLY_SPECIFIED</conceptNameType>
                          <localePreferred>true</localePreferred>
                        </org.openmrs.ConceptName>
                        <org.openmrs.ConceptName id="383" uuid="3e15161e-26fe-102b-80cb-0017a47871b2">
                          <conceptNameId>1102</conceptNameId>
                          <concept reference="347"/>
                          <name>Yes</name>
                          <locale id="384">en</locale>
                          <creator/>
                          <dateCreated id="385">2015-04-22 14:28:44</dateCreated>
                          <voided>false</voided>
                          <tags class="set" id="386"/>
                          <conceptNameType>FULLY_SPECIFIED</conceptNameType>
                          <localePreferred>true</localePreferred>
                        </org.openmrs.ConceptName>
                        <org.openmrs.ConceptName id="387" uuid="126314BBBBBBBBBBBBBBBBBBBBBBBBBBBBBB">
                          <conceptNameId>29695</conceptNameId>
                          <concept reference="347"/>
                          <name>Vrai</name>
                          <locale id="388">fr</locale>
                          <creator/>
                          <dateCreated id="389">2014-10-07 22:39:17</dateCreated>
                          <voided>false</voided>
                          <tags class="set" id="390"/>
                          <localePreferred>false</localePreferred>
                        </org.openmrs.ConceptName>
                        <org.openmrs.ConceptName id="391" uuid="108333BBBBBBBBBBBBBBBBBBBBBBBBBBBBBB">
                          <conceptNameId>29700</conceptNameId>
                          <concept reference="347"/>
                          <name>Sí</name>
                          <locale id="392">es</locale>
                          <creator/>
                          <dateCreated id="393">2012-03-04 23:58:29</dateCreated>
                          <voided>false</voided>
                          <tags class="set" id="394"/>
                          <conceptNameType>FULLY_SPECIFIED</conceptNameType>
                          <localePreferred>true</localePreferred>
                        </org.openmrs.ConceptName>
                        <org.openmrs.ConceptName id="395" uuid="127332BBBBBBBBBBBBBBBBBBBBBBBBBBBBBB">
                          <conceptNameId>29699</conceptNameId>
                          <concept reference="347"/>
                          <name>হ্যাঁ</name>
                          <locale id="396">bn</locale>
                          <creator/>
                          <dateCreated id="397">2015-04-24 21:17:40</dateCreated>
                          <voided>false</voided>
                          <tags class="set" id="398"/>
                          <conceptNameType>FULLY_SPECIFIED</conceptNameType>
                          <localePreferred>true</localePreferred>
                        </org.openmrs.ConceptName>
                        <org.openmrs.ConceptName id="399" uuid="0b931af0-15f5-102d-96e4-000c29c2a5d7">
                          <conceptNameId>9147</conceptNameId>
                          <concept reference="347"/>
                          <name>Oui</name>
                          <locale id="400">fr</locale>
                          <creator/>
                          <dateCreated id="401">2015-04-22 14:28:44</dateCreated>
                          <voided>false</voided>
                          <tags class="set" id="402"/>
                          <conceptNameType>FULLY_SPECIFIED</conceptNameType>
                          <localePreferred>true</localePreferred>
                        </org.openmrs.ConceptName>
                        <org.openmrs.ConceptName id="403" uuid="126313BBBBBBBBBBBBBBBBBBBBBBBBBBBBBB">
                          <conceptNameId>29692</conceptNameId>
                          <concept reference="347"/>
                          <name>True</name>
                          <locale id="404">en</locale>
                          <creator/>
                          <dateCreated id="405">2014-10-07 22:36:00</dateCreated>
                          <voided>false</voided>
                          <tags class="set" id="406"/>
                          <localePreferred>false</localePreferred>
                        </org.openmrs.ConceptName>
                        <org.openmrs.ConceptName id="407" uuid="126317BBBBBBBBBBBBBBBBBBBBBBBBBBBBBB">
                          <conceptNameId>29698</conceptNameId>
                          <concept reference="347"/>
                          <name>Vero</name>
                          <locale id="408">it</locale>
                          <creator/>
                          <dateCreated id="409">2014-10-07 22:39:17</dateCreated>
                          <voided>false</voided>
                          <tags class="set" id="410"/>
                          <localePreferred>false</localePreferred>
                        </org.openmrs.ConceptName>
                      </names>
                      <answers class="set" id="411"/>
                      <conceptSets class="set" id="412"/>
                      <descriptions class="set" id="413">
                        <org.openmrs.ConceptDescription id="414" uuid="1068FFFFFFFFFFFFFFFFFFFFFFFFFFFFFFFF">
                          <conceptDescriptionId>6865</conceptDescriptionId>
                          <concept reference="347"/>
                          <description>Generic answer to a question.</description>
                          <locale id="415">en</locale>
                          <creator/>
                          <dateCreated id="416">2005-01-06 05:00:00</dateCreated>
                          <dateChanged id="417">2015-04-24 21:17:40</dateChanged>
                        </org.openmrs.ConceptDescription>
                        <org.openmrs.ConceptDescription id="418" uuid="ece437ba-07fe-102c-b5fa-0017a47871b2">
                          <conceptDescriptionId>1076</conceptDescriptionId>
                          <concept reference="347"/>
                          <description>Generic answer to a question.</description>
                          <locale id="419">en</locale>
                          <creator/>
                          <dateCreated id="420">2015-04-22 14:28:44</dateCreated>
                          <changedBy/>
                          <dateChanged id="421">2015-04-22 14:28:44</dateChanged>
                        </org.openmrs.ConceptDescription>
                      </descriptions>
                      <conceptMappings class="set" id="422">
                        <org.openmrs.ConceptMap id="423" uuid="7568887a-4943-102e-96e9-000c29c2a5d7">
                          <conceptMapType reference="37"/>
                          <creator/>
                          <changedBy/>
                          <dateCreated id="424">2015-04-22 14:28:44</dateCreated>
                          <dateChanged id="425">2015-04-22 14:28:44</dateChanged>
                          <conceptMapId>6958</conceptMapId>
                          <concept reference="347"/>
                          <conceptReferenceTerm id="426" resolves-to="org.openmrs.ConceptReferenceTerm" uuid="43c590f7-f85f-376f-9083-d189b74ed37c">
                            <creator/>
                            <dateCreated id="427">2010-11-24 00:00:00</dateCreated>
                            <retired>false</retired>
                            <conceptReferenceTermId>6958</conceptReferenceTermId>
                            <conceptSource reference="42"/>
                            <code>YES</code>
                            <conceptReferenceTermMaps id="428"/>
                          </conceptReferenceTerm>
                        </org.openmrs.ConceptMap>
                        <org.openmrs.ConceptMap id="429" uuid="133840ABBBBBBBBBBBBBBBBBBBBBBBBBBBBB">
                          <conceptMapType reference="37"/>
                          <creator/>
                          <dateCreated id="430">2010-10-01 23:11:47</dateCreated>
                          <conceptMapId>25513</conceptMapId>
                          <concept reference="347"/>
                          <conceptReferenceTerm id="431" resolves-to="org.openmrs.ConceptReferenceTerm" uuid="d2d5f591-c1b5-308e-bbbb-2fb6dee0d2b2">
                            <creator/>
                            <dateCreated id="432">2010-10-01 04:00:00</dateCreated>
                            <retired>false</retired>
                            <conceptReferenceTermId>24855</conceptReferenceTermId>
                            <conceptSource reference="320"/>
                            <code>373066001</code>
                            <conceptReferenceTermMaps id="433"/>
                          </conceptReferenceTerm>
                        </org.openmrs.ConceptMap>
                        <org.openmrs.ConceptMap id="434" uuid="b20d114a-4864-102e-96e9-000c29c2a5d7">
                          <conceptMapType reference="37"/>
                          <creator/>
                          <changedBy/>
                          <dateCreated id="435">2015-04-22 14:28:44</dateCreated>
                          <dateChanged id="436">2015-04-22 14:28:44</dateChanged>
                          <conceptMapId>1067</conceptMapId>
                          <concept reference="347"/>
                          <conceptReferenceTerm id="437" resolves-to="org.openmrs.ConceptReferenceTerm" uuid="bbb5c16f-f127-32a4-97d5-7d7bed12bfd4">
                            <creator/>
                            <dateCreated id="438">2010-11-23 00:00:00</dateCreated>
                            <retired>false</retired>
                            <conceptReferenceTermId>1067</conceptReferenceTermId>
                            <conceptSource reference="42"/>
                            <code>1065</code>
                            <conceptReferenceTermMaps id="439"/>
                          </conceptReferenceTerm>
                        </org.openmrs.ConceptMap>
                      </conceptMappings>
                    </answerConcept>
                    <creator/>
                    <dateCreated id="440">2015-11-03 20:55:40</dateCreated>
                    <sortWeight>2.0</sortWeight>
                  </org.openmrs.ConceptAnswer>
                  <org.openmrs.ConceptAnswer id="441" uuid="ba34f5f0-c78c-4977-ada9-c617b9a3b99d">
                    <conceptAnswerId>9382</conceptAnswerId>
                    <concept reference="219"/>
                    <answerConcept id="442" resolves-to="org.openmrs.Concept" uuid="3cd6f86c-26fe-102b-80cb-0017a47871b2">
                      <conceptId>1066</conceptId>
                      <retired>false</retired>
                      <datatype reference="3"/>
                      <conceptClass reference="240"/>
                      <set>false</set>
                      <creator/>
                      <dateCreated id="443">2015-04-22 14:28:45</dateCreated>
                      <changedBy/>
                      <dateChanged id="444">2015-05-21 19:56:36</dateChanged>
                      <names class="set" id="445">
                        <org.openmrs.ConceptName id="446" uuid="126358BBBBBBBBBBBBBBBBBBBBBBBBBBBBBB">
                          <conceptNameId>29718</conceptNameId>
                          <concept reference="442"/>
                          <name>Falso</name>
                          <locale id="447">es</locale>
                          <creator/>
                          <dateCreated id="448">2014-10-11 19:48:46</dateCreated>
                          <voided>false</voided>
                          <tags class="set" id="449"/>
                          <localePreferred>false</localePreferred>
                        </org.openmrs.ConceptName>
                        <org.openmrs.ConceptName id="450" uuid="126362BBBBBBBBBBBBBBBBBBBBBBBBBBBBBB">
                          <conceptNameId>29716</conceptNameId>
                          <concept reference="442"/>
                          <name>Falso</name>
                          <locale id="451">pt</locale>
                          <creator/>
                          <dateCreated id="452">2014-10-11 19:48:46</dateCreated>
                          <voided>false</voided>
                          <tags class="set" id="453"/>
                          <localePreferred>false</localePreferred>
                        </org.openmrs.ConceptName>
                        <org.openmrs.ConceptName id="454" uuid="3e151786-26fe-102b-80cb-0017a47871b2">
                          <conceptNameId>8310</conceptNameId>
                          <concept reference="442"/>
                          <name>No</name>
                          <locale id="455">en</locale>
                          <creator/>
                          <dateCreated id="456">2015-04-22 14:28:45</dateCreated>
                          <voided>false</voided>
                          <tags class="set" id="457"/>
                          <conceptNameType>FULLY_SPECIFIED</conceptNameType>
                          <localePreferred>true</localePreferred>
                        </org.openmrs.ConceptName>
                        <org.openmrs.ConceptName id="458" uuid="126357BBBBBBBBBBBBBBBBBBBBBBBBBBBBBB">
                          <conceptNameId>29709</conceptNameId>
                          <concept reference="442"/>
                          <name>Faux</name>
                          <locale id="459">fr</locale>
                          <creator/>
                          <dateCreated id="460">2014-10-11 19:48:46</dateCreated>
                          <voided>false</voided>
                          <tags class="set" id="461"/>
                          <localePreferred>false</localePreferred>
                        </org.openmrs.ConceptName>
                        <org.openmrs.ConceptName id="462" uuid="111196BBBBBBBBBBBBBBBBBBBBBBBBBBBBBB">
                          <conceptNameId>29717</conceptNameId>
                          <concept reference="442"/>
                          <name>Нет</name>
                          <locale id="463">ru</locale>
                          <creator/>
                          <dateCreated id="464">2013-01-27 06:40:38</dateCreated>
                          <voided>false</voided>
                          <tags class="set" id="465"/>
                          <conceptNameType>FULLY_SPECIFIED</conceptNameType>
                          <localePreferred>true</localePreferred>
                        </org.openmrs.ConceptName>
                        <org.openmrs.ConceptName id="466" uuid="126361BBBBBBBBBBBBBBBBBBBBBBBBBBBBBB">
                          <conceptNameId>29708</conceptNameId>
                          <concept reference="442"/>
                          <name>Não</name>
                          <locale id="467">pt</locale>
                          <creator/>
                          <dateCreated id="468">2014-10-11 19:48:46</dateCreated>
                          <voided>false</voided>
                          <tags class="set" id="469"/>
                          <conceptNameType>FULLY_SPECIFIED</conceptNameType>
                          <localePreferred>true</localePreferred>
                        </org.openmrs.ConceptName>
                        <org.openmrs.ConceptName id="470" uuid="126360BBBBBBBBBBBBBBBBBBBBBBBBBBBBBB">
                          <conceptNameId>29715</conceptNameId>
                          <concept reference="442"/>
                          <name>Falso</name>
                          <locale id="471">it</locale>
                          <creator/>
                          <dateCreated id="472">2014-10-11 19:48:46</dateCreated>
                          <voided>false</voided>
                          <tags class="set" id="473"/>
                          <localePreferred>false</localePreferred>
                        </org.openmrs.ConceptName>
                        <org.openmrs.ConceptName id="474" uuid="126356BBBBBBBBBBBBBBBBBBBBBBBBBBBBBB">
                          <conceptNameId>29719</conceptNameId>
                          <concept reference="442"/>
                          <name>False</name>
                          <locale id="475">en</locale>
                          <creator/>
                          <dateCreated id="476">2014-10-11 19:48:46</dateCreated>
                          <voided>false</voided>
                          <tags class="set" id="477"/>
                          <localePreferred>false</localePreferred>
                        </org.openmrs.ConceptName>
                        <org.openmrs.ConceptName id="478" uuid="126359BBBBBBBBBBBBBBBBBBBBBBBBBBBBBB">
                          <conceptNameId>29710</conceptNameId>
                          <concept reference="442"/>
                          <name>No</name>
                          <locale id="479">it</locale>
                          <creator/>
                          <dateCreated id="480">2014-10-11 19:48:46</dateCreated>
                          <voided>false</voided>
                          <tags class="set" id="481"/>
                          <conceptNameType>FULLY_SPECIFIED</conceptNameType>
                          <localePreferred>true</localePreferred>
                        </org.openmrs.ConceptName>
                        <org.openmrs.ConceptName id="482" uuid="127333BBBBBBBBBBBBBBBBBBBBBBBBBBBBBB">
                          <conceptNameId>29714</conceptNameId>
                          <concept reference="442"/>
                          <name>না</name>
                          <locale id="483">bn</locale>
                          <creator/>
                          <dateCreated id="484">2015-04-24 21:18:07</dateCreated>
                          <voided>false</voided>
                          <tags class="set" id="485"/>
                          <conceptNameType>FULLY_SPECIFIED</conceptNameType>
                          <localePreferred>true</localePreferred>
                        </org.openmrs.ConceptName>
                        <org.openmrs.ConceptName id="486" uuid="106308BBBBBBBBBBBBBBBBBBBBBBBBBBBBBB">
                          <conceptNameId>29713</conceptNameId>
                          <concept reference="442"/>
                          <name>Muzima</name>
                          <locale id="487">rw</locale>
                          <creator/>
                          <dateCreated id="488">2010-06-21 23:11:53</dateCreated>
                          <voided>false</voided>
                          <tags class="set" id="489"/>
                          <conceptNameType>FULLY_SPECIFIED</conceptNameType>
                          <localePreferred>true</localePreferred>
                        </org.openmrs.ConceptName>
                        <org.openmrs.ConceptName id="490" uuid="106917BBBBBBBBBBBBBBBBBBBBBBBBBBBBBB">
                          <conceptNameId>29711</conceptNameId>
                          <concept reference="442"/>
                          <name>ኣይትጥቀምን</name>
                          <locale id="491">ti</locale>
                          <creator/>
                          <dateCreated id="492">2010-10-24 20:04:03</dateCreated>
                          <voided>false</voided>
                          <tags class="set" id="493"/>
                          <conceptNameType>FULLY_SPECIFIED</conceptNameType>
                          <localePreferred>true</localePreferred>
                        </org.openmrs.ConceptName>
                        <org.openmrs.ConceptName id="494" uuid="5bcc9a17-0a17-4075-84d4-f09882cfaa18">
                          <conceptNameId>17939</conceptNameId>
                          <concept reference="442"/>
                          <name>Non</name>
                          <locale id="495">ht</locale>
                          <creator/>
                          <dateCreated id="496">2015-04-22 14:28:45</dateCreated>
                          <voided>false</voided>
                          <tags class="set" id="497"/>
                          <conceptNameType>FULLY_SPECIFIED</conceptNameType>
                          <localePreferred>true</localePreferred>
                        </org.openmrs.ConceptName>
                        <org.openmrs.ConceptName id="498" uuid="743d14ca-dd31-4ed7-8bfb-b2e4c98a2609">
                          <conceptNameId>17940</conceptNameId>
                          <concept reference="442"/>
                          <name>Non</name>
                          <locale id="499">fr</locale>
                          <creator/>
                          <dateCreated id="500">2015-04-22 14:28:45</dateCreated>
                          <voided>false</voided>
                          <tags class="set" id="501"/>
                          <conceptNameType>FULLY_SPECIFIED</conceptNameType>
                          <localePreferred>true</localePreferred>
                        </org.openmrs.ConceptName>
                        <org.openmrs.ConceptName id="502" uuid="108334BBBBBBBBBBBBBBBBBBBBBBBBBBBBBB">
                          <conceptNameId>29712</conceptNameId>
                          <concept reference="442"/>
                          <name>No</name>
                          <locale id="503">es</locale>
                          <creator/>
                          <dateCreated id="504">2012-03-04 23:58:47</dateCreated>
                          <voided>false</voided>
                          <tags class="set" id="505"/>
                          <conceptNameType>FULLY_SPECIFIED</conceptNameType>
                          <localePreferred>true</localePreferred>
                        </org.openmrs.ConceptName>
                      </names>
                      <answers class="set" id="506"/>
                      <conceptSets class="set" id="507"/>
                      <descriptions class="set" id="508">
                        <org.openmrs.ConceptDescription id="509" uuid="d07abafd-ea95-4edd-9c84-ee85592fc91f">
                          <conceptDescriptionId>1077</conceptDescriptionId>
                          <concept reference="442"/>
                          <description>Generic answer to question.</description>
                          <locale id="510">en</locale>
                          <creator/>
                          <dateCreated id="511">2015-04-22 14:28:45</dateCreated>
                          <changedBy/>
                          <dateChanged id="512">2015-04-22 14:28:45</dateChanged>
                        </org.openmrs.ConceptDescription>
                        <org.openmrs.ConceptDescription id="513" uuid="1069FFFFFFFFFFFFFFFFFFFFFFFFFFFFFFFF">
                          <conceptDescriptionId>6867</conceptDescriptionId>
                          <concept reference="442"/>
                          <description>Generic answer to a question.</description>
                          <locale id="514">en</locale>
                          <creator/>
                          <dateCreated id="515">2005-01-06 05:00:00</dateCreated>
                          <dateChanged id="516">2015-04-24 21:18:07</dateChanged>
                        </org.openmrs.ConceptDescription>
                      </descriptions>
                      <conceptMappings class="set" id="517">
                        <org.openmrs.ConceptMap id="518" uuid="b20d12bc-4864-102e-96e9-000c29c2a5d7">
                          <conceptMapType reference="37"/>
                          <creator/>
                          <changedBy/>
                          <dateCreated id="519">2015-04-22 14:28:45</dateCreated>
                          <dateChanged id="520">2015-04-22 14:28:45</dateChanged>
                          <conceptMapId>1068</conceptMapId>
                          <concept reference="442"/>
                          <conceptReferenceTerm id="521" resolves-to="org.openmrs.ConceptReferenceTerm" uuid="733a28fa-d244-3248-b654-09ffb442e6f2">
                            <creator/>
                            <dateCreated id="522">2010-11-23 00:00:00</dateCreated>
                            <retired>false</retired>
                            <conceptReferenceTermId>1068</conceptReferenceTermId>
                            <conceptSource reference="42"/>
                            <code>1066</code>
                            <conceptReferenceTermMaps id="523"/>
                          </conceptReferenceTerm>
                        </org.openmrs.ConceptMap>
                        <org.openmrs.ConceptMap id="524" uuid="aefacf53-8e8e-4ed0-9d32-cbd1d14c6639">
                          <conceptMapType reference="37"/>
                          <creator/>
                          <changedBy/>
                          <dateCreated id="525">2015-04-22 14:28:45</dateCreated>
                          <dateChanged id="526">2015-04-22 14:28:45</dateChanged>
                          <conceptMapId>12989</conceptMapId>
                          <concept reference="442"/>
                          <conceptReferenceTerm id="527" resolves-to="org.openmrs.ConceptReferenceTerm" uuid="bfdf9e0c-a208-31e8-9df4-45eccc2ea9e7">
                            <creator/>
                            <dateCreated id="528">2011-07-22 00:00:00</dateCreated>
                            <retired>false</retired>
                            <conceptReferenceTermId>12989</conceptReferenceTermId>
                            <conceptSource reference="42"/>
                            <code>NO</code>
                            <conceptReferenceTermMaps id="529"/>
                          </conceptReferenceTerm>
                        </org.openmrs.ConceptMap>
                        <org.openmrs.ConceptMap id="530" uuid="133841ABBBBBBBBBBBBBBBBBBBBBBBBBBBBB">
                          <conceptMapType reference="37"/>
                          <creator/>
                          <dateCreated id="531">2010-10-01 23:13:10</dateCreated>
                          <conceptMapId>25515</conceptMapId>
                          <concept reference="442"/>
                          <conceptReferenceTerm id="532" resolves-to="org.openmrs.ConceptReferenceTerm" uuid="beaa27cb-dacc-3334-b7c4-9f230f2dd231">
                            <creator/>
                            <dateCreated id="533">2010-10-01 04:00:00</dateCreated>
                            <retired>false</retired>
                            <conceptReferenceTermId>24857</conceptReferenceTermId>
                            <conceptSource reference="320"/>
                            <code>373067005</code>
                            <conceptReferenceTermMaps id="534"/>
                          </conceptReferenceTerm>
                        </org.openmrs.ConceptMap>
                      </conceptMappings>
                    </answerConcept>
                    <creator/>
                    <dateCreated id="535">2015-11-03 20:55:40</dateCreated>
                    <sortWeight>1.0</sortWeight>
                  </org.openmrs.ConceptAnswer>
                </answers>
                <conceptSets class="set" id="536"/>
                <descriptions class="set" id="537">
                  <org.openmrs.ConceptDescription id="538" uuid="fefc4772-0916-4917-8492-ee793ee29470">
                    <conceptDescriptionId>6972</conceptDescriptionId>
                    <concept reference="219"/>
                    <description>Deworming</description>
                    <locale id="539">en</locale>
                    <creator/>
                    <dateCreated id="540">2015-11-03 20:55:40</dateCreated>
                  </org.openmrs.ConceptDescription>
                </descriptions>
                <conceptMappings class="set" id="541">
                  <org.openmrs.ConceptMap id="542" uuid="0937a2ad-3f3c-415b-877e-f0684dbc7a7e">
                    <conceptMapType reference="37"/>
                    <creator/>
                    <dateCreated id="543">2015-11-03 20:58:21</dateCreated>
                    <conceptMapId>26065</conceptMapId>
                    <concept reference="219"/>
                    <conceptReferenceTerm id="544" resolves-to="org.openmrs.ConceptReferenceTerm" uuid="d1c42d50-6d5e-4d12-b229-379a64bdc7d6">
                      <creator/>
                      <dateCreated id="545">2015-11-03 20:56:50</dateCreated>
                      <retired>false</retired>
                      <conceptReferenceTermId>25411</conceptReferenceTermId>
                      <conceptSource reference="42"/>
                      <code>DEWORMING</code>
                      <conceptReferenceTermMaps id="546"/>
                    </conceptReferenceTerm>
                  </org.openmrs.ConceptMap>
                  <org.openmrs.ConceptMap id="547" uuid="3618ba8a-a4e1-4336-b6de-c111f2979e3e">
                    <conceptMapType reference="37"/>
                    <creator/>
                    <dateCreated id="548">2015-11-03 20:55:41</dateCreated>
                    <conceptMapId>26064</conceptMapId>
                    <concept reference="219"/>
                    <conceptReferenceTerm id="549" resolves-to="org.openmrs.ConceptReferenceTerm" uuid="e84eef93-ab20-4e32-b488-207db81796ae">
                      <creator/>
                      <dateCreated id="550">2015-11-03 20:55:07</dateCreated>
                      <retired>false</retired>
                      <conceptReferenceTermId>25410</conceptReferenceTermId>
                      <conceptSource reference="128"/>
                      <code>159922</code>
                      <conceptReferenceTermMaps id="551"/>
                    </conceptReferenceTerm>
                  </org.openmrs.ConceptMap>
                </conceptMappings>
              </answerConcept>
              <creator/>
              <dateCreated id="552">2015-11-03 21:04:15</dateCreated>
              <sortWeight>4.0</sortWeight>
            </org.openmrs.ConceptAnswer>
          </answers>
          <conceptSets class="set" id="553"/>
          <descriptions class="set" id="554">
            <org.openmrs.ConceptDescription id="555" uuid="40882309-42e0-449f-a991-7c53f21e7873">
              <conceptDescriptionId>6973</conceptDescriptionId>
              <concept reference="52"/>
              <description>Supplement received by patient</description>
              <locale id="556">en</locale>
              <creator/>
              <dateCreated id="557">2015-11-03 21:04:15</dateCreated>
            </org.openmrs.ConceptDescription>
          </descriptions>
          <conceptMappings class="set" id="558">
            <org.openmrs.ConceptMap id="559" uuid="1e49c20c-ab30-4a9d-a1d0-c4e1b1967475">
              <conceptMapType reference="37"/>
              <creator/>
              <dateCreated id="560">2015-11-03 21:05:48</dateCreated>
              <conceptMapId>26066</conceptMapId>
              <concept reference="52"/>
              <conceptReferenceTerm id="561" resolves-to="org.openmrs.ConceptReferenceTerm" uuid="28636bc8-5ff1-4a86-ac9b-2f11db07943a">
                <creator/>
                <dateCreated id="562">2015-11-03 21:05:28</dateCreated>
                <retired>false</retired>
                <conceptReferenceTermId>25412</conceptReferenceTermId>
                <conceptSource reference="42"/>
                <code>SUPPLEMENT RECEIVED</code>
                <conceptReferenceTermMaps id="563"/>
              </conceptReferenceTerm>
            </org.openmrs.ConceptMap>
          </conceptMappings>
        </concept>
        <conceptSet reference="2"/>
        <sortWeight>0.0</sortWeight>
        <creator/>
        <dateCreated id="564">2015-11-03 21:15:10</dateCreated>
      </org.openmrs.ConceptSet>
    </conceptSets>
    <descriptions class="set" id="565">
      <org.openmrs.ConceptDescription id="566" uuid="12efbcba-d884-483b-82c3-5ab6214be5ec">
        <conceptDescriptionId>6975</conceptDescriptionId>
        <concept reference="2"/>
        <description>Represents different supplement a pediatric patient receives.</description>
        <locale id="567">en</locale>
        <creator/>
        <dateCreated id="568">2015-11-03 21:15:10</dateCreated>
      </org.openmrs.ConceptDescription>
    </descriptions>
    <conceptMappings class="set" id="569">
      <org.openmrs.ConceptMap id="570" uuid="012600fb-177c-4966-a7eb-a105383d7175">
        <conceptMapType reference="37"/>
        <creator/>
        <dateCreated id="571">2015-11-03 21:15:10</dateCreated>
        <conceptMapId>26068</conceptMapId>
        <concept reference="2"/>
        <conceptReferenceTerm id="572" resolves-to="org.openmrs.ConceptReferenceTerm" uuid="ab15c2bb-5bca-47bd-bc86-fc7d557f5989">
          <creator/>
          <dateCreated id="573">2015-11-03 21:14:43</dateCreated>
          <retired>false</retired>
          <conceptReferenceTermId>25414</conceptReferenceTermId>
          <conceptSource reference="42"/>
          <code>SUPPLEMENT HISTORY CONSTRUCT</code>
          <conceptReferenceTermMaps id="574"/>
        </conceptReferenceTerm>
      </org.openmrs.ConceptMap>
    </conceptMappings>
  </org.openmrs.Concept>
</list>
