<?xml version="1.0" encoding="UTF-8"?>
<package id="1" uuid="f460bfe0-7ef0-458a-9cff-76db85549c87">
  <dateCreated id="2">2016-02-27 02:29:12</dateCreated>
  <name>PIH Mental Health</name>
  <description>The Mental Health assessment note for Haiti (Zanmi Lasante).</description>
  <openmrsVersion>1.9.11 SNAPSHOT Build 90645d</openmrsVersion>
  <version>3</version>
  <groupUuid>e0486227-d69b-4ecc-b2e1-40db04fe3365</groupUuid>
  <modules id="3">
    <entry>
      <string>uilibrary</string>
      <string>2.0.4</string>
    </entry>
    <entry>
      <string>reportingcompatibility</string>
      <string>1.5.8</string>
    </entry>
    <entry>
      <string>groovy</string>
      <string>2.2.4</string>
    </entry>
    <entry>
      <string>validation</string>
      <string>1.0.1</string>
    </entry>
    <entry>
      <string>uiframework</string>
      <string>3.5</string>
    </entry>
    <entry>
      <string>metadatadeploy</string>
      <string>1.5-SNAPSHOT</string>
    </entry>
    <entry>
      <string>htmlformentry</string>
      <string>3.0-SNAPSHOT</string>
    </entry>
    <entry>
      <string>metadatamapping</string>
      <string>1.0.2</string>
    </entry>
    <entry>
      <string>logic</string>
      <string>0.5.2</string>
    </entry>
    <entry>
      <string>providermanagement</string>
      <string>2.4</string>
    </entry>
    <entry>
      <string>htmlformentry19ext</string>
      <string>1.7</string>
    </entry>
    <entry>
      <string>metadatasharing</string>
      <string>1.1.10</string>
    </entry>
    <entry>
      <string>serialization.xstream</string>
      <string>0.2.7</string>
    </entry>
  </modules>
  <items class="linked-hash-set" id="4">
    <org.openmrs.module.metadatasharing.Item id="5" uuid="281b101f-fefb-4682-9dc4-872f6a75d33b">
      <id>10592</id>
      <classname>org.openmrs.Concept</classname>
      <dateChanged id="6">2016-02-08 18:20:04</dateChanged>
      <retired>false</retired>
    </org.openmrs.module.metadatasharing.Item>
    <org.openmrs.module.metadatasharing.Item id="7" uuid="0dc5a9c6-eaef-4021-9e56-a26f45fc6316">
      <id>10594</id>
      <classname>org.openmrs.Concept</classname>
      <dateChanged id="8">2016-02-12 23:44:46</dateChanged>
      <retired>false</retired>
    </org.openmrs.module.metadatasharing.Item>
  </items>
  <relatedItems class="linked-hash-set" id="9">
    <org.openmrs.module.metadatasharing.Item id="10" uuid="8d4a4c94-c2cc-11de-8d13-0010c6dffd0f">
      <id>4</id>
      <classname>org.openmrs.ConceptDatatype</classname>
      <dateChanged id="11">2004-02-02 05:00:00</dateChanged>
      <retired>false</retired>
    </org.openmrs.module.metadatasharing.Item>
    <org.openmrs.module.metadatasharing.Item id="12" uuid="8d492594-c2cc-11de-8d13-0010c6dffd0f">
      <id>10</id>
      <classname>org.openmrs.ConceptClass</classname>
      <dateChanged id="13">2015-07-01 17:25:50</dateChanged>
      <retired>false</retired>
    </org.openmrs.module.metadatasharing.Item>
    <org.openmrs.module.metadatasharing.Item id="14" uuid="12695f93-6fa2-4145-a4ce-f63a9eaed158">
      <id>30620</id>
      <classname>org.openmrs.ConceptName</classname>
      <dateChanged id="15">2016-02-08 18:12:47</dateChanged>
    </org.openmrs.module.metadatasharing.Item>
    <org.openmrs.module.metadatasharing.Item id="16" uuid="1c7803b4-5aa9-43ea-9e7f-b3b3fb148301">
      <id>30621</id>
      <classname>org.openmrs.ConceptName</classname>
      <dateChanged id="17">2016-02-08 18:12:47</dateChanged>
    </org.openmrs.module.metadatasharing.Item>
    <org.openmrs.module.metadatasharing.Item id="18" uuid="138cdc17-0f46-4557-a7c7-afedfc44303c">
      <id>6375</id>
      <classname>org.openmrs.ConceptSet</classname>
      <dateChanged id="19">2016-02-08 18:12:47</dateChanged>
    </org.openmrs.module.metadatasharing.Item>
    <org.openmrs.module.metadatasharing.Item id="20" uuid="163221AAAAAAAAAAAAAAAAAAAAAAAAAAAAAA">
      <id>10588</id>
      <classname>org.openmrs.Concept</classname>
      <dateChanged id="21">2016-02-08 18:20:00</dateChanged>
      <retired>false</retired>
    </org.openmrs.module.metadatasharing.Item>
    <org.openmrs.module.metadatasharing.Item id="22" uuid="135423BBBBBBBBBBBBBBBBBBBBBBBBBBBBBB">
      <id>30593</id>
      <classname>org.openmrs.ConceptName</classname>
      <dateChanged id="23">2016-01-25 08:44:47</dateChanged>
    </org.openmrs.module.metadatasharing.Item>
    <org.openmrs.module.metadatasharing.Item id="24" uuid="135425BBBBBBBBBBBBBBBBBBBBBBBBBBBBBB">
      <id>30594</id>
      <classname>org.openmrs.ConceptName</classname>
      <dateChanged id="25">2016-01-25 08:44:47</dateChanged>
    </org.openmrs.module.metadatasharing.Item>
    <org.openmrs.module.metadatasharing.Item id="26" uuid="135421BBBBBBBBBBBBBBBBBBBBBBBBBBBBBB">
      <id>30596</id>
      <classname>org.openmrs.ConceptName</classname>
      <dateChanged id="27">2016-01-25 08:43:09</dateChanged>
    </org.openmrs.module.metadatasharing.Item>
    <org.openmrs.module.metadatasharing.Item id="28" uuid="135422BBBBBBBBBBBBBBBBBBBBBBBBBBBBBB">
      <id>30595</id>
      <classname>org.openmrs.ConceptName</classname>
      <dateChanged id="29">2016-01-25 08:44:47</dateChanged>
    </org.openmrs.module.metadatasharing.Item>
    <org.openmrs.module.metadatasharing.Item id="30" uuid="135424BBBBBBBBBBBBBBBBBBBBBBBBBBBBBB">
      <id>30597</id>
      <classname>org.openmrs.ConceptName</classname>
      <dateChanged id="31">2016-01-25 08:44:47</dateChanged>
    </org.openmrs.module.metadatasharing.Item>
    <org.openmrs.module.metadatasharing.Item id="32" uuid="2016AEEEEEEEEEEEEEEEEEEEEEEEEEEEEEEE">
      <id>6372</id>
      <classname>org.openmrs.ConceptSet</classname>
      <dateChanged id="33">2016-01-25 08:51:55</dateChanged>
    </org.openmrs.module.metadatasharing.Item>
    <org.openmrs.module.metadatasharing.Item id="34" uuid="163222AAAAAAAAAAAAAAAAAAAAAAAAAAAAAA">
      <id>10586</id>
      <classname>org.openmrs.ConceptNumeric</classname>
      <dateChanged id="35">2016-02-12 20:42:14</dateChanged>
      <retired>false</retired>
    </org.openmrs.module.metadatasharing.Item>
    <org.openmrs.module.metadatasharing.Item id="36" uuid="8d4a4488-c2cc-11de-8d13-0010c6dffd0f">
      <id>1</id>
      <classname>org.openmrs.ConceptDatatype</classname>
      <dateChanged id="37">2004-02-02 00:00:00</dateChanged>
      <retired>false</retired>
    </org.openmrs.module.metadatasharing.Item>
    <org.openmrs.module.metadatasharing.Item id="38" uuid="8d491a9a-c2cc-11de-8d13-0010c6dffd0f">
      <id>5</id>
      <classname>org.openmrs.ConceptClass</classname>
      <dateChanged id="39">2015-07-01 17:25:50</dateChanged>
      <retired>false</retired>
    </org.openmrs.module.metadatasharing.Item>
    <org.openmrs.module.metadatasharing.Item id="40" uuid="135427BBBBBBBBBBBBBBBBBBBBBBBBBBBBBB">
      <id>30589</id>
      <classname>org.openmrs.ConceptName</classname>
      <dateChanged id="41">2016-01-25 08:48:22</dateChanged>
    </org.openmrs.module.metadatasharing.Item>
    <org.openmrs.module.metadatasharing.Item id="42" uuid="135426BBBBBBBBBBBBBBBBBBBBBBBBBBBBBB">
      <id>30590</id>
      <classname>org.openmrs.ConceptName</classname>
      <dateChanged id="43">2016-01-25 08:48:22</dateChanged>
    </org.openmrs.module.metadatasharing.Item>
    <org.openmrs.module.metadatasharing.Item id="44" uuid="17642FFFFFFFFFFFFFFFFFFFFFFFFFFFFFFF">
      <id>6986</id>
      <classname>org.openmrs.ConceptDescription</classname>
      <dateChanged id="45">2016-01-25 08:50:34</dateChanged>
    </org.openmrs.module.metadatasharing.Item>
    <org.openmrs.module.metadatasharing.Item id="46" uuid="279404ABBBBBBBBBBBBBBBBBBBBBBBBBBBBB">
      <id>26102</id>
      <classname>org.openmrs.ConceptMap</classname>
      <dateChanged id="47">2016-01-25 08:48:33</dateChanged>
    </org.openmrs.module.metadatasharing.Item>
    <org.openmrs.module.metadatasharing.Item id="48" uuid="35543629-7d8c-11e1-909d-c80aa9edcf4e">
      <id>1</id>
      <classname>org.openmrs.ConceptMapType</classname>
      <dateChanged id="49">2012-06-21 00:00:00</dateChanged>
      <retired>false</retired>
    </org.openmrs.module.metadatasharing.Item>
    <org.openmrs.module.metadatasharing.Item id="50" uuid="e4b84dd5-4c36-3810-bd5a-603c4280ffc1">
      <id>25446</id>
      <classname>org.openmrs.ConceptReferenceTerm</classname>
      <dateChanged id="51">2016-01-25 05:00:00</dateChanged>
      <retired>false</retired>
    </org.openmrs.module.metadatasharing.Item>
    <org.openmrs.module.metadatasharing.Item id="52" uuid="21ADDDDDDDDDDDDDDDDDDDDDDDDDDDDDDDDD">
      <id>29</id>
      <classname>org.openmrs.ConceptSource</classname>
      <dateChanged id="53">2015-07-01 17:25:50</dateChanged>
      <retired>false</retired>
    </org.openmrs.module.metadatasharing.Item>
    <org.openmrs.module.metadatasharing.Item id="54" uuid="b4325791-4ac0-4e60-b579-5d9b3585a37a">
      <id>26125</id>
      <classname>org.openmrs.ConceptMap</classname>
      <dateChanged id="55">2016-02-12 20:42:14</dateChanged>
    </org.openmrs.module.metadatasharing.Item>
    <org.openmrs.module.metadatasharing.Item id="56" uuid="b0580996-a20c-489e-8ef4-6bf50b036d70">
      <id>25462</id>
      <classname>org.openmrs.ConceptReferenceTerm</classname>
      <dateChanged id="57">2016-02-12 20:41:48</dateChanged>
      <retired>false</retired>
    </org.openmrs.module.metadatasharing.Item>
    <org.openmrs.module.metadatasharing.Item id="58" uuid="fb9aaaf1-65e2-4c18-b53c-16b575f2f385">
      <id>5</id>
      <classname>org.openmrs.ConceptSource</classname>
      <dateChanged id="59">2015-07-01 17:25:50</dateChanged>
      <retired>false</retired>
    </org.openmrs.module.metadatasharing.Item>
    <org.openmrs.module.metadatasharing.Item id="60" uuid="279403ABBBBBBBBBBBBBBBBBBBBBBBBBBBBB">
      <id>26103</id>
      <classname>org.openmrs.ConceptMap</classname>
      <dateChanged id="61">2016-01-25 08:48:22</dateChanged>
    </org.openmrs.module.metadatasharing.Item>
    <org.openmrs.module.metadatasharing.Item id="62" uuid="43ac5109-7d8c-11e1-909d-c80aa9edcf4e">
      <id>2</id>
      <classname>org.openmrs.ConceptMapType</classname>
      <dateChanged id="63">2012-06-21 00:00:00</dateChanged>
      <retired>false</retired>
    </org.openmrs.module.metadatasharing.Item>
    <org.openmrs.module.metadatasharing.Item id="64" uuid="f20ffed5-61c2-3b15-a28e-61ce74344377">
      <id>25444</id>
      <classname>org.openmrs.ConceptReferenceTerm</classname>
      <dateChanged id="65">2016-01-25 05:00:00</dateChanged>
      <retired>false</retired>
    </org.openmrs.module.metadatasharing.Item>
    <org.openmrs.module.metadatasharing.Item id="66" uuid="2ADDDDDDDDDDDDDDDDDDDDDDDDDDDDDDDDDD">
      <id>8</id>
      <classname>org.openmrs.ConceptSource</classname>
      <dateChanged id="67">2015-07-01 17:25:50</dateChanged>
      <retired>false</retired>
    </org.openmrs.module.metadatasharing.Item>
    <org.openmrs.module.metadatasharing.Item id="68" uuid="2017AEEEEEEEEEEEEEEEEEEEEEEEEEEEEEEE">
      <id>6373</id>
      <classname>org.openmrs.ConceptSet</classname>
      <dateChanged id="69">2016-01-25 08:51:55</dateChanged>
    </org.openmrs.module.metadatasharing.Item>
    <org.openmrs.module.metadatasharing.Item id="70" uuid="163223AAAAAAAAAAAAAAAAAAAAAAAAAAAAAA">
      <id>10587</id>
      <classname>org.openmrs.ConceptNumeric</classname>
      <dateChanged id="71">2016-02-12 20:46:49</dateChanged>
      <retired>false</retired>
    </org.openmrs.module.metadatasharing.Item>
    <org.openmrs.module.metadatasharing.Item id="72" uuid="135429BBBBBBBBBBBBBBBBBBBBBBBBBBBBBB">
      <id>30591</id>
      <classname>org.openmrs.ConceptName</classname>
      <dateChanged id="73">2016-01-25 08:50:08</dateChanged>
    </org.openmrs.module.metadatasharing.Item>
    <org.openmrs.module.metadatasharing.Item id="74" uuid="135428BBBBBBBBBBBBBBBBBBBBBBBBBBBBBB">
      <id>30592</id>
      <classname>org.openmrs.ConceptName</classname>
      <dateChanged id="75">2016-01-25 08:49:50</dateChanged>
    </org.openmrs.module.metadatasharing.Item>
    <org.openmrs.module.metadatasharing.Item id="76" uuid="17643FFFFFFFFFFFFFFFFFFFFFFFFFFFFFFF">
      <id>6987</id>
      <classname>org.openmrs.ConceptDescription</classname>
      <dateChanged id="77">2016-01-25 08:50:20</dateChanged>
    </org.openmrs.module.metadatasharing.Item>
    <org.openmrs.module.metadatasharing.Item id="78" uuid="d5b6dc20-988e-4ccf-aa1d-d43cedd83e1a">
      <id>26126</id>
      <classname>org.openmrs.ConceptMap</classname>
      <dateChanged id="79">2016-02-12 20:46:49</dateChanged>
    </org.openmrs.module.metadatasharing.Item>
    <org.openmrs.module.metadatasharing.Item id="80" uuid="a383bb74-6028-4970-8d55-40a3c5e06fac">
      <id>25463</id>
      <classname>org.openmrs.ConceptReferenceTerm</classname>
      <dateChanged id="81">2016-02-12 20:44:55</dateChanged>
      <retired>false</retired>
    </org.openmrs.module.metadatasharing.Item>
    <org.openmrs.module.metadatasharing.Item id="82" uuid="279406ABBBBBBBBBBBBBBBBBBBBBBBBBBBBB">
      <id>26104</id>
      <classname>org.openmrs.ConceptMap</classname>
      <dateChanged id="83">2016-01-25 08:50:20</dateChanged>
    </org.openmrs.module.metadatasharing.Item>
    <org.openmrs.module.metadatasharing.Item id="84" uuid="3a327e97-493d-36a6-814d-73b6acf3fea0">
      <id>25447</id>
      <classname>org.openmrs.ConceptReferenceTerm</classname>
      <dateChanged id="85">2016-01-25 05:00:00</dateChanged>
      <retired>false</retired>
    </org.openmrs.module.metadatasharing.Item>
    <org.openmrs.module.metadatasharing.Item id="86" uuid="279405ABBBBBBBBBBBBBBBBBBBBBBBBBBBBB">
      <id>26105</id>
      <classname>org.openmrs.ConceptMap</classname>
      <dateChanged id="87">2016-01-25 08:49:50</dateChanged>
    </org.openmrs.module.metadatasharing.Item>
    <org.openmrs.module.metadatasharing.Item id="88" uuid="2018AEEEEEEEEEEEEEEEEEEEEEEEEEEEEEEE">
      <id>6371</id>
      <classname>org.openmrs.ConceptSet</classname>
      <dateChanged id="89">2016-01-25 08:51:55</dateChanged>
    </org.openmrs.module.metadatasharing.Item>
    <org.openmrs.module.metadatasharing.Item id="90" uuid="163224AAAAAAAAAAAAAAAAAAAAAAAAAAAAAA">
      <id>10585</id>
      <classname>org.openmrs.ConceptNumeric</classname>
      <dateChanged id="91">2016-02-08 18:19:59</dateChanged>
      <retired>false</retired>
    </org.openmrs.module.metadatasharing.Item>
    <org.openmrs.module.metadatasharing.Item id="92" uuid="135431BBBBBBBBBBBBBBBBBBBBBBBBBBBBBB">
      <id>30587</id>
      <classname>org.openmrs.ConceptName</classname>
      <dateChanged id="93">2016-01-25 08:51:22</dateChanged>
    </org.openmrs.module.metadatasharing.Item>
    <org.openmrs.module.metadatasharing.Item id="94" uuid="135430BBBBBBBBBBBBBBBBBBBBBBBBBBBBBB">
      <id>30588</id>
      <classname>org.openmrs.ConceptName</classname>
      <dateChanged id="95">2016-01-25 08:51:22</dateChanged>
    </org.openmrs.module.metadatasharing.Item>
    <org.openmrs.module.metadatasharing.Item id="96" uuid="17644FFFFFFFFFFFFFFFFFFFFFFFFFFFFFFF">
      <id>6985</id>
      <classname>org.openmrs.ConceptDescription</classname>
      <dateChanged id="97">2016-01-25 08:51:31</dateChanged>
    </org.openmrs.module.metadatasharing.Item>
    <org.openmrs.module.metadatasharing.Item id="98" uuid="279407ABBBBBBBBBBBBBBBBBBBBBBBBBBBBB">
      <id>26100</id>
      <classname>org.openmrs.ConceptMap</classname>
      <dateChanged id="99">2016-01-25 08:51:22</dateChanged>
    </org.openmrs.module.metadatasharing.Item>
    <org.openmrs.module.metadatasharing.Item id="100" uuid="279408ABBBBBBBBBBBBBBBBBBBBBBBBBBBBB">
      <id>26101</id>
      <classname>org.openmrs.ConceptMap</classname>
      <dateChanged id="101">2016-01-25 08:51:31</dateChanged>
    </org.openmrs.module.metadatasharing.Item>
    <org.openmrs.module.metadatasharing.Item id="102" uuid="de62df7a-684c-32e5-a0ac-01f76f506f2a">
      <id>25445</id>
      <classname>org.openmrs.ConceptReferenceTerm</classname>
      <dateChanged id="103">2016-01-25 05:00:00</dateChanged>
      <retired>false</retired>
    </org.openmrs.module.metadatasharing.Item>
    <org.openmrs.module.metadatasharing.Item id="104" uuid="17641FFFFFFFFFFFFFFFFFFFFFFFFFFFFFFF">
      <id>6988</id>
      <classname>org.openmrs.ConceptDescription</classname>
      <dateChanged id="105">2016-01-25 08:51:55</dateChanged>
    </org.openmrs.module.metadatasharing.Item>
    <org.openmrs.module.metadatasharing.Item id="106" uuid="279402ABBBBBBBBBBBBBBBBBBBBBBBBBBBBB">
      <id>26106</id>
      <classname>org.openmrs.ConceptMap</classname>
      <dateChanged id="107">2016-01-25 08:44:47</dateChanged>
    </org.openmrs.module.metadatasharing.Item>
    <org.openmrs.module.metadatasharing.Item id="108" uuid="b6cb3256-e1fe-3095-a062-95236d9be464">
      <id>25448</id>
      <classname>org.openmrs.ConceptReferenceTerm</classname>
      <dateChanged id="109">2016-01-25 05:00:00</dateChanged>
      <retired>false</retired>
    </org.openmrs.module.metadatasharing.Item>
    <org.openmrs.module.metadatasharing.Item id="110" uuid="279401ABBBBBBBBBBBBBBBBBBBBBBBBBBBBB">
      <id>26107</id>
      <classname>org.openmrs.ConceptMap</classname>
      <dateChanged id="111">2016-01-25 08:43:09</dateChanged>
    </org.openmrs.module.metadatasharing.Item>
    <org.openmrs.module.metadatasharing.Item id="112" uuid="e7898eab-91ea-32ac-a88f-7714c9a4e009">
      <id>25449</id>
      <classname>org.openmrs.ConceptReferenceTerm</classname>
      <dateChanged id="113">2012-05-24 04:00:00</dateChanged>
      <retired>false</retired>
    </org.openmrs.module.metadatasharing.Item>
    <org.openmrs.module.metadatasharing.Item id="114" uuid="dadf2446-0983-449c-afb9-671b5cb325e8">
      <id>6377</id>
      <classname>org.openmrs.ConceptSet</classname>
      <dateChanged id="115">2016-02-08 18:12:47</dateChanged>
    </org.openmrs.module.metadatasharing.Item>
    <org.openmrs.module.metadatasharing.Item id="116" uuid="5f8cd290-6f40-4493-bbfd-888a55bda8fa">
      <id>6380</id>
      <classname>org.openmrs.ConceptSet</classname>
      <dateChanged id="117">2016-02-08 18:12:47</dateChanged>
    </org.openmrs.module.metadatasharing.Item>
    <org.openmrs.module.metadatasharing.Item id="118" uuid="5fb1911e-f001-4429-9ce6-b063f5b2f6a9">
      <id>6378</id>
      <classname>org.openmrs.ConceptSet</classname>
      <dateChanged id="119">2016-02-08 18:12:47</dateChanged>
    </org.openmrs.module.metadatasharing.Item>
    <org.openmrs.module.metadatasharing.Item id="120" uuid="b1b31d01-1b2d-4945-a8bf-ba9ba59b3f97">
      <id>6374</id>
      <classname>org.openmrs.ConceptSet</classname>
      <dateChanged id="121">2016-02-08 18:12:47</dateChanged>
    </org.openmrs.module.metadatasharing.Item>
    <org.openmrs.module.metadatasharing.Item id="122" uuid="163225AAAAAAAAAAAAAAAAAAAAAAAAAAAAAA">
      <id>10584</id>
      <classname>org.openmrs.ConceptNumeric</classname>
      <dateChanged id="123">2016-02-08 18:19:59</dateChanged>
      <retired>false</retired>
    </org.openmrs.module.metadatasharing.Item>
    <org.openmrs.module.metadatasharing.Item id="124" uuid="135433BBBBBBBBBBBBBBBBBBBBBBBBBBBBBB">
      <id>30583</id>
      <classname>org.openmrs.ConceptName</classname>
      <dateChanged id="125">2016-01-25 08:55:07</dateChanged>
    </org.openmrs.module.metadatasharing.Item>
    <org.openmrs.module.metadatasharing.Item id="126" uuid="135435BBBBBBBBBBBBBBBBBBBBBBBBBBBBBB">
      <id>30584</id>
      <classname>org.openmrs.ConceptName</classname>
      <dateChanged id="127">2016-01-25 08:55:07</dateChanged>
    </org.openmrs.module.metadatasharing.Item>
    <org.openmrs.module.metadatasharing.Item id="128" uuid="135432BBBBBBBBBBBBBBBBBBBBBBBBBBBBBB">
      <id>30585</id>
      <classname>org.openmrs.ConceptName</classname>
      <dateChanged id="129">2016-01-25 08:55:07</dateChanged>
    </org.openmrs.module.metadatasharing.Item>
    <org.openmrs.module.metadatasharing.Item id="130" uuid="135434BBBBBBBBBBBBBBBBBBBBBBBBBBBBBB">
      <id>30586</id>
      <classname>org.openmrs.ConceptName</classname>
      <dateChanged id="131">2016-01-25 08:55:07</dateChanged>
    </org.openmrs.module.metadatasharing.Item>
    <org.openmrs.module.metadatasharing.Item id="132" uuid="17645FFFFFFFFFFFFFFFFFFFFFFFFFFFFFFF">
      <id>6984</id>
      <classname>org.openmrs.ConceptDescription</classname>
      <dateChanged id="133">2016-01-25 08:55:47</dateChanged>
    </org.openmrs.module.metadatasharing.Item>
    <org.openmrs.module.metadatasharing.Item id="134" uuid="279409ABBBBBBBBBBBBBBBBBBBBBBBBBBBBB">
      <id>26098</id>
      <classname>org.openmrs.ConceptMap</classname>
      <dateChanged id="135">2016-01-25 08:55:39</dateChanged>
    </org.openmrs.module.metadatasharing.Item>
    <org.openmrs.module.metadatasharing.Item id="136" uuid="16acde86-dfef-3ae6-ae1a-0496125e564c">
      <id>25442</id>
      <classname>org.openmrs.ConceptReferenceTerm</classname>
      <dateChanged id="137">2016-01-25 05:00:00</dateChanged>
      <retired>false</retired>
    </org.openmrs.module.metadatasharing.Item>
    <org.openmrs.module.metadatasharing.Item id="138" uuid="279410ABBBBBBBBBBBBBBBBBBBBBBBBBBBBB">
      <id>26099</id>
      <classname>org.openmrs.ConceptMap</classname>
      <dateChanged id="139">2016-01-25 08:55:47</dateChanged>
    </org.openmrs.module.metadatasharing.Item>
    <org.openmrs.module.metadatasharing.Item id="140" uuid="cc0abc1d-89d2-3cb7-b494-b59a849ccacd">
      <id>25443</id>
      <classname>org.openmrs.ConceptReferenceTerm</classname>
      <dateChanged id="141">2016-01-25 05:00:00</dateChanged>
      <retired>false</retired>
    </org.openmrs.module.metadatasharing.Item>
    <org.openmrs.module.metadatasharing.Item id="142" uuid="aac9f40b-7345-49b4-a6bc-99157909ee65">
      <id>6376</id>
      <classname>org.openmrs.ConceptSet</classname>
      <dateChanged id="143">2016-02-08 18:12:47</dateChanged>
    </org.openmrs.module.metadatasharing.Item>
    <org.openmrs.module.metadatasharing.Item id="144" uuid="163226AAAAAAAAAAAAAAAAAAAAAAAAAAAAAA">
      <id>10589</id>
      <classname>org.openmrs.ConceptNumeric</classname>
      <dateChanged id="145">2016-02-08 18:20:00</dateChanged>
      <retired>false</retired>
    </org.openmrs.module.metadatasharing.Item>
    <org.openmrs.module.metadatasharing.Item id="146" uuid="135437BBBBBBBBBBBBBBBBBBBBBBBBBBBBBB">
      <id>30598</id>
      <classname>org.openmrs.ConceptName</classname>
      <dateChanged id="147">2016-01-25 08:58:30</dateChanged>
    </org.openmrs.module.metadatasharing.Item>
    <org.openmrs.module.metadatasharing.Item id="148" uuid="135436BBBBBBBBBBBBBBBBBBBBBBBBBBBBBB">
      <id>30600</id>
      <classname>org.openmrs.ConceptName</classname>
      <dateChanged id="149">2016-01-25 08:58:30</dateChanged>
    </org.openmrs.module.metadatasharing.Item>
    <org.openmrs.module.metadatasharing.Item id="150" uuid="135438BBBBBBBBBBBBBBBBBBBBBBBBBBBBBB">
      <id>30599</id>
      <classname>org.openmrs.ConceptName</classname>
      <dateChanged id="151">2016-01-25 08:58:30</dateChanged>
    </org.openmrs.module.metadatasharing.Item>
    <org.openmrs.module.metadatasharing.Item id="152" uuid="135439BBBBBBBBBBBBBBBBBBBBBBBBBBBBBB">
      <id>30601</id>
      <classname>org.openmrs.ConceptName</classname>
      <dateChanged id="153">2016-01-25 08:58:30</dateChanged>
    </org.openmrs.module.metadatasharing.Item>
    <org.openmrs.module.metadatasharing.Item id="154" uuid="17646FFFFFFFFFFFFFFFFFFFFFFFFFFFFFFF">
      <id>6989</id>
      <classname>org.openmrs.ConceptDescription</classname>
      <dateChanged id="155">2016-01-25 08:58:39</dateChanged>
    </org.openmrs.module.metadatasharing.Item>
    <org.openmrs.module.metadatasharing.Item id="156" uuid="279411ABBBBBBBBBBBBBBBBBBBBBBBBBBBBB">
      <id>26108</id>
      <classname>org.openmrs.ConceptMap</classname>
      <dateChanged id="157">2016-01-25 08:58:30</dateChanged>
    </org.openmrs.module.metadatasharing.Item>
    <org.openmrs.module.metadatasharing.Item id="158" uuid="e6aa757f-dd8a-3031-8456-4351502bb9e4">
      <id>25450</id>
      <classname>org.openmrs.ConceptReferenceTerm</classname>
      <dateChanged id="159">2016-01-25 05:00:00</dateChanged>
      <retired>false</retired>
    </org.openmrs.module.metadatasharing.Item>
    <org.openmrs.module.metadatasharing.Item id="160" uuid="279412ABBBBBBBBBBBBBBBBBBBBBBBBBBBBB">
      <id>26109</id>
      <classname>org.openmrs.ConceptMap</classname>
      <dateChanged id="161">2016-01-25 08:58:39</dateChanged>
    </org.openmrs.module.metadatasharing.Item>
    <org.openmrs.module.metadatasharing.Item id="162" uuid="1002c652-6c44-3af4-a404-d913b3995c54">
      <id>25451</id>
      <classname>org.openmrs.ConceptReferenceTerm</classname>
      <dateChanged id="163">2016-01-25 05:00:00</dateChanged>
      <retired>false</retired>
    </org.openmrs.module.metadatasharing.Item>
    <org.openmrs.module.metadatasharing.Item id="164" uuid="00438aec-d469-471b-9f4a-044ce7769287">
      <id>6381</id>
      <classname>org.openmrs.ConceptSet</classname>
      <dateChanged id="165">2016-02-08 18:12:47</dateChanged>
    </org.openmrs.module.metadatasharing.Item>
    <org.openmrs.module.metadatasharing.Item id="166" uuid="163227AAAAAAAAAAAAAAAAAAAAAAAAAAAAAA">
      <id>10591</id>
      <classname>org.openmrs.Concept</classname>
      <dateChanged id="167">2016-02-08 18:20:03</dateChanged>
      <retired>false</retired>
    </org.openmrs.module.metadatasharing.Item>
    <org.openmrs.module.metadatasharing.Item id="168" uuid="8d4a48b6-c2cc-11de-8d13-0010c6dffd0f">
      <id>2</id>
      <classname>org.openmrs.ConceptDatatype</classname>
      <dateChanged id="169">2004-02-02 00:00:00</dateChanged>
      <retired>false</retired>
    </org.openmrs.module.metadatasharing.Item>
    <org.openmrs.module.metadatasharing.Item id="170" uuid="135446BBBBBBBBBBBBBBBBBBBBBBBBBBBBBB">
      <id>30617</id>
      <classname>org.openmrs.ConceptName</classname>
      <dateChanged id="171">2016-01-26 23:59:31</dateChanged>
    </org.openmrs.module.metadatasharing.Item>
    <org.openmrs.module.metadatasharing.Item id="172" uuid="135448BBBBBBBBBBBBBBBBBBBBBBBBBBBBBB">
      <id>30616</id>
      <classname>org.openmrs.ConceptName</classname>
      <dateChanged id="173">2016-01-26 23:59:31</dateChanged>
    </org.openmrs.module.metadatasharing.Item>
    <org.openmrs.module.metadatasharing.Item id="174" uuid="135449BBBBBBBBBBBBBBBBBBBBBBBBBBBBBB">
      <id>30618</id>
      <classname>org.openmrs.ConceptName</classname>
      <dateChanged id="175">2016-01-26 23:59:31</dateChanged>
    </org.openmrs.module.metadatasharing.Item>
    <org.openmrs.module.metadatasharing.Item id="176" uuid="135447BBBBBBBBBBBBBBBBBBBBBBBBBBBBBB">
      <id>30619</id>
      <classname>org.openmrs.ConceptName</classname>
      <dateChanged id="177">2016-01-26 23:59:31</dateChanged>
    </org.openmrs.module.metadatasharing.Item>
    <org.openmrs.module.metadatasharing.Item id="178" uuid="5572CCCCCCCCCCCCCCCCCCCCCCCCCCCCCCCC">
      <id>9390</id>
      <classname>org.openmrs.ConceptAnswer</classname>
      <dateChanged id="179">2016-01-26 23:59:31</dateChanged>
    </org.openmrs.module.metadatasharing.Item>
    <org.openmrs.module.metadatasharing.Item id="180" uuid="3cd28732-26fe-102b-80cb-0017a47871b2">
      <id>664</id>
      <classname>org.openmrs.Concept</classname>
      <dateChanged id="181">2016-02-08 18:20:04</dateChanged>
      <retired>false</retired>
    </org.openmrs.module.metadatasharing.Item>
    <org.openmrs.module.metadatasharing.Item id="182" uuid="8d492774-c2cc-11de-8d13-0010c6dffd0f">
      <id>11</id>
      <classname>org.openmrs.ConceptClass</classname>
      <dateChanged id="183">2015-07-01 17:25:50</dateChanged>
      <retired>false</retired>
    </org.openmrs.module.metadatasharing.Item>
    <org.openmrs.module.metadatasharing.Item id="184" uuid="956e89a6-07d4-102c-b5fa-0017a47871b2">
      <id>7281</id>
      <classname>org.openmrs.ConceptName</classname>
      <dateChanged id="185">2004-10-20 00:00:00</dateChanged>
    </org.openmrs.module.metadatasharing.Item>
    <org.openmrs.module.metadatasharing.Item id="186" uuid="f5991072-d5db-102d-ad2a-000c29c2a5d7">
      <id>10296</id>
      <classname>org.openmrs.ConceptName</classname>
      <dateChanged id="187">2012-06-21 17:02:25</dateChanged>
    </org.openmrs.module.metadatasharing.Item>
    <org.openmrs.module.metadatasharing.Item id="188" uuid="956e817c-07d4-102c-b5fa-0017a47871b2">
      <id>6333</id>
      <classname>org.openmrs.ConceptName</classname>
      <dateChanged id="189">2004-12-02 00:00:00</dateChanged>
    </org.openmrs.module.metadatasharing.Item>
    <org.openmrs.module.metadatasharing.Item id="190" uuid="108331BBBBBBBBBBBBBBBBBBBBBBBBBBBBBB">
      <id>30615</id>
      <classname>org.openmrs.ConceptName</classname>
      <dateChanged id="191">2012-03-04 23:57:43</dateChanged>
    </org.openmrs.module.metadatasharing.Item>
    <org.openmrs.module.metadatasharing.Item id="192" uuid="0b8ecfa4-15f5-102d-96e4-000c29c2a5d7">
      <id>8438</id>
      <classname>org.openmrs.ConceptName</classname>
      <dateChanged id="193">2015-07-29 22:11:05</dateChanged>
    </org.openmrs.module.metadatasharing.Item>
    <org.openmrs.module.metadatasharing.Item id="194" uuid="108332BBBBBBBBBBBBBBBBBBBBBBBBBBBBBB">
      <id>30623</id>
      <classname>org.openmrs.ConceptName</classname>
      <dateChanged id="195">2012-03-04 23:57:43</dateChanged>
    </org.openmrs.module.metadatasharing.Item>
    <org.openmrs.module.metadatasharing.Item id="196" uuid="0b5abf52-15f5-102d-96e4-000c29c2a5d7">
      <id>678</id>
      <classname>org.openmrs.ConceptName</classname>
      <dateChanged id="197">2004-01-01 00:00:00</dateChanged>
    </org.openmrs.module.metadatasharing.Item>
    <org.openmrs.module.metadatasharing.Item id="198" uuid="110112BBBBBBBBBBBBBBBBBBBBBBBBBBBBBB">
      <id>30613</id>
      <classname>org.openmrs.ConceptName</classname>
      <dateChanged id="199">2012-08-10 23:14:26</dateChanged>
    </org.openmrs.module.metadatasharing.Item>
    <org.openmrs.module.metadatasharing.Item id="200" uuid="108329BBBBBBBBBBBBBBBBBBBBBBBBBBBBBB">
      <id>30614</id>
      <classname>org.openmrs.ConceptName</classname>
      <dateChanged id="201">2012-03-04 23:57:43</dateChanged>
    </org.openmrs.module.metadatasharing.Item>
    <org.openmrs.module.metadatasharing.Item id="202" uuid="1e975eac-0844-4ff7-965b-4602b842a9a8">
      <id>8439</id>
      <classname>org.openmrs.ConceptName</classname>
      <dateChanged id="203">2009-02-10 14:39:58</dateChanged>
    </org.openmrs.module.metadatasharing.Item>
    <org.openmrs.module.metadatasharing.Item id="204" uuid="693ec090-63d8-450b-8b6a-449f58b0066b">
      <id>20</id>
      <classname>org.openmrs.ConceptNameTag</classname>
      <dateChanged id="205">2009-02-05 13:45:25</dateChanged>
    </org.openmrs.module.metadatasharing.Item>
    <org.openmrs.module.metadatasharing.Item id="206" uuid="44a324a8-a771-4357-916e-1463d77b52c9">
      <id>30246</id>
      <classname>org.openmrs.ConceptName</classname>
      <dateChanged id="207">2015-07-29 22:11:05</dateChanged>
    </org.openmrs.module.metadatasharing.Item>
    <org.openmrs.module.metadatasharing.Item id="208" uuid="108330BBBBBBBBBBBBBBBBBBBBBBBBBBBBBB">
      <id>30612</id>
      <classname>org.openmrs.ConceptName</classname>
      <dateChanged id="209">2012-03-04 23:57:43</dateChanged>
    </org.openmrs.module.metadatasharing.Item>
    <org.openmrs.module.metadatasharing.Item id="210" uuid="0b7b31ba-15f5-102d-96e4-000c29c2a5d7">
      <id>5448</id>
      <classname>org.openmrs.ConceptName</classname>
      <dateChanged id="211">2004-01-01 00:00:00</dateChanged>
    </org.openmrs.module.metadatasharing.Item>
    <org.openmrs.module.metadatasharing.Item id="212" uuid="956e8582-07d4-102c-b5fa-0017a47871b2">
      <id>6328</id>
      <classname>org.openmrs.ConceptName</classname>
      <dateChanged id="213">2004-12-02 00:00:00</dateChanged>
    </org.openmrs.module.metadatasharing.Item>
    <org.openmrs.module.metadatasharing.Item id="214" uuid="ed1fe21a-07fe-102c-b5fa-0017a47871b2">
      <id>671</id>
      <classname>org.openmrs.ConceptDescription</classname>
      <dateChanged id="215">2011-09-12 21:55:58</dateChanged>
    </org.openmrs.module.metadatasharing.Item>
    <org.openmrs.module.metadatasharing.Item id="216" uuid="664FFFFFFFFFFFFFFFFFFFFFFFFFFFFFFFFF">
      <id>6992</id>
      <classname>org.openmrs.ConceptDescription</classname>
      <dateChanged id="217">2012-08-10 23:14:26</dateChanged>
    </org.openmrs.module.metadatasharing.Item>
    <org.openmrs.module.metadatasharing.Item id="218" uuid="134375ABBBBBBBBBBBBBBBBBBBBBBBBBBBBB">
      <id>26118</id>
      <classname>org.openmrs.ConceptMap</classname>
      <dateChanged id="219">2010-10-24 17:09:59</dateChanged>
    </org.openmrs.module.metadatasharing.Item>
    <org.openmrs.module.metadatasharing.Item id="220" uuid="60a6399e-3b1b-35f7-ba68-6ee53827d969">
      <id>13193</id>
      <classname>org.openmrs.ConceptReferenceTerm</classname>
      <dateChanged id="221">2010-10-24 00:00:00</dateChanged>
      <retired>false</retired>
    </org.openmrs.module.metadatasharing.Item>
    <org.openmrs.module.metadatasharing.Item id="222" uuid="13ADDDDDDDDDDDDDDDDDDDDDDDDDDDDDDDDD">
      <id>10</id>
      <classname>org.openmrs.ConceptSource</classname>
      <dateChanged id="223">2015-07-01 17:25:50</dateChanged>
      <retired>false</retired>
    </org.openmrs.module.metadatasharing.Item>
    <org.openmrs.module.metadatasharing.Item id="224" uuid="134376ABBBBBBBBBBBBBBBBBBBBBBBBBBBBB">
      <id>26119</id>
      <classname>org.openmrs.ConceptMap</classname>
      <dateChanged id="225">2010-10-24 17:09:59</dateChanged>
    </org.openmrs.module.metadatasharing.Item>
    <org.openmrs.module.metadatasharing.Item id="226" uuid="468974d1-05ed-3ff2-9db9-7f5b3a8d35fa">
      <id>13196</id>
      <classname>org.openmrs.ConceptReferenceTerm</classname>
      <dateChanged id="227">2010-10-24 00:00:00</dateChanged>
      <retired>false</retired>
    </org.openmrs.module.metadatasharing.Item>
    <org.openmrs.module.metadatasharing.Item id="228" uuid="fe46dbc4-5b68-102e-96e9-000c29c2a5d7">
      <id>11724</id>
      <classname>org.openmrs.ConceptMap</classname>
      <dateChanged id="229">2012-06-21 16:49:52</dateChanged>
    </org.openmrs.module.metadatasharing.Item>
    <org.openmrs.module.metadatasharing.Item id="230" uuid="0e2a38d2-5754-3f76-8ac1-0fbbe4f616d3">
      <id>11724</id>
      <classname>org.openmrs.ConceptReferenceTerm</classname>
      <dateChanged id="231">2010-12-17 00:00:00</dateChanged>
      <retired>false</retired>
    </org.openmrs.module.metadatasharing.Item>
    <org.openmrs.module.metadatasharing.Item id="232" uuid="ddb6b595-0b85-4a80-9243-efe4ba404eef">
      <id>4</id>
      <classname>org.openmrs.ConceptSource</classname>
      <dateChanged id="233">2015-07-01 17:25:50</dateChanged>
      <retired>false</retired>
    </org.openmrs.module.metadatasharing.Item>
    <org.openmrs.module.metadatasharing.Item id="234" uuid="133725ABBBBBBBBBBBBBBBBBBBBBBBBBBBBB">
      <id>13195</id>
      <classname>org.openmrs.ConceptMap</classname>
      <dateChanged id="235">2012-06-21 16:49:52</dateChanged>
    </org.openmrs.module.metadatasharing.Item>
    <org.openmrs.module.metadatasharing.Item id="236" uuid="2521d33d-9a07-3c19-8fa8-3f9daac9dab9">
      <id>13195</id>
      <classname>org.openmrs.ConceptReferenceTerm</classname>
      <dateChanged id="237">2010-09-30 00:00:00</dateChanged>
      <retired>false</retired>
    </org.openmrs.module.metadatasharing.Item>
    <org.openmrs.module.metadatasharing.Item id="238" uuid="1ADDDDDDDDDDDDDDDDDDDDDDDDDDDDDDDDDD">
      <id>6</id>
      <classname>org.openmrs.ConceptSource</classname>
      <dateChanged id="239">2015-07-01 17:25:50</dateChanged>
      <retired>false</retired>
    </org.openmrs.module.metadatasharing.Item>
    <org.openmrs.module.metadatasharing.Item id="240" uuid="143587ABBBBBBBBBBBBBBBBBBBBBBBBBBBBB">
      <id>13192</id>
      <classname>org.openmrs.ConceptMap</classname>
      <dateChanged id="241">2012-06-21 16:49:52</dateChanged>
    </org.openmrs.module.metadatasharing.Item>
    <org.openmrs.module.metadatasharing.Item id="242" uuid="2676fd8d-8614-36de-8cc0-0864af2eb7e2">
      <id>13192</id>
      <classname>org.openmrs.ConceptReferenceTerm</classname>
      <dateChanged id="243">2011-05-17 00:00:00</dateChanged>
      <retired>false</retired>
    </org.openmrs.module.metadatasharing.Item>
    <org.openmrs.module.metadatasharing.Item id="244" uuid="75106924-4943-102e-96e9-000c29c2a5d7">
      <id>6595</id>
      <classname>org.openmrs.ConceptMap</classname>
      <dateChanged id="245">2012-06-21 16:49:52</dateChanged>
    </org.openmrs.module.metadatasharing.Item>
    <org.openmrs.module.metadatasharing.Item id="246" uuid="85d6acb1-980d-32fc-a552-5d5bf1b8135b">
      <id>6595</id>
      <classname>org.openmrs.ConceptReferenceTerm</classname>
      <dateChanged id="247">2010-11-24 00:00:00</dateChanged>
      <retired>false</retired>
    </org.openmrs.module.metadatasharing.Item>
    <org.openmrs.module.metadatasharing.Item id="248" uuid="5573CCCCCCCCCCCCCCCCCCCCCCCCCCCCCCCC">
      <id>9389</id>
      <classname>org.openmrs.ConceptAnswer</classname>
      <dateChanged id="249">2016-01-26 23:59:31</dateChanged>
    </org.openmrs.module.metadatasharing.Item>
    <org.openmrs.module.metadatasharing.Item id="250" uuid="3cd3a7a2-26fe-102b-80cb-0017a47871b2">
      <id>703</id>
      <classname>org.openmrs.Concept</classname>
      <dateChanged id="251">2016-02-08 18:20:04</dateChanged>
      <retired>false</retired>
    </org.openmrs.module.metadatasharing.Item>
    <org.openmrs.module.metadatasharing.Item id="252" uuid="108313BBBBBBBBBBBBBBBBBBBBBBBBBBBBBB">
      <id>30609</id>
      <classname>org.openmrs.ConceptName</classname>
      <dateChanged id="253">2012-03-02 22:04:50</dateChanged>
    </org.openmrs.module.metadatasharing.Item>
    <org.openmrs.module.metadatasharing.Item id="254" uuid="0b8f3a98-15f5-102d-96e4-000c29c2a5d7">
      <id>8525</id>
      <classname>org.openmrs.ConceptName</classname>
      <dateChanged id="255">2009-02-10 14:39:58</dateChanged>
    </org.openmrs.module.metadatasharing.Item>
    <org.openmrs.module.metadatasharing.Item id="256" uuid="106895BBBBBBBBBBBBBBBBBBBBBBBBBBBBBB">
      <id>30606</id>
      <classname>org.openmrs.ConceptName</classname>
      <dateChanged id="257">2010-10-24 19:52:07</dateChanged>
    </org.openmrs.module.metadatasharing.Item>
    <org.openmrs.module.metadatasharing.Item id="258" uuid="3e111b54-26fe-102b-80cb-0017a47871b2">
      <id>718</id>
      <classname>org.openmrs.ConceptName</classname>
      <dateChanged id="259">2004-01-01 00:00:00</dateChanged>
    </org.openmrs.module.metadatasharing.Item>
    <org.openmrs.module.metadatasharing.Item id="260" uuid="93eaad9e-07d4-102c-b5fa-0017a47871b2">
      <id>6327</id>
      <classname>org.openmrs.ConceptName</classname>
      <dateChanged id="261">2004-12-02 00:00:00</dateChanged>
    </org.openmrs.module.metadatasharing.Item>
    <org.openmrs.module.metadatasharing.Item id="262" uuid="108312BBBBBBBBBBBBBBBBBBBBBBBBBBBBBB">
      <id>30608</id>
      <classname>org.openmrs.ConceptName</classname>
      <dateChanged id="263">2012-03-02 22:04:50</dateChanged>
    </org.openmrs.module.metadatasharing.Item>
    <org.openmrs.module.metadatasharing.Item id="264" uuid="7dc5ec0a-0d37-4da4-bd87-2b01dc0765c8">
      <id>30243</id>
      <classname>org.openmrs.ConceptName</classname>
      <dateChanged id="265">2015-07-29 22:05:40</dateChanged>
    </org.openmrs.module.metadatasharing.Item>
    <org.openmrs.module.metadatasharing.Item id="266" uuid="110111BBBBBBBBBBBBBBBBBBBBBBBBBBBBBB">
      <id>30611</id>
      <classname>org.openmrs.ConceptName</classname>
      <dateChanged id="267">2012-08-10 23:13:43</dateChanged>
    </org.openmrs.module.metadatasharing.Item>
    <org.openmrs.module.metadatasharing.Item id="268" uuid="95638efc-07d4-102c-b5fa-0017a47871b2">
      <id>7458</id>
      <classname>org.openmrs.ConceptName</classname>
      <dateChanged id="269">2004-10-20 00:00:00</dateChanged>
    </org.openmrs.module.metadatasharing.Item>
    <org.openmrs.module.metadatasharing.Item id="270" uuid="f59b0fe4-d5db-102d-ad2a-000c29c2a5d7">
      <id>10312</id>
      <classname>org.openmrs.ConceptName</classname>
      <dateChanged id="271">2012-06-21 17:04:12</dateChanged>
    </org.openmrs.module.metadatasharing.Item>
    <org.openmrs.module.metadatasharing.Item id="272" uuid="0b8f3930-15f5-102d-96e4-000c29c2a5d7">
      <id>8524</id>
      <classname>org.openmrs.ConceptName</classname>
      <dateChanged id="273">2015-07-29 22:05:40</dateChanged>
    </org.openmrs.module.metadatasharing.Item>
    <org.openmrs.module.metadatasharing.Item id="274" uuid="108314BBBBBBBBBBBBBBBBBBBBBBBBBBBBBB">
      <id>30607</id>
      <classname>org.openmrs.ConceptName</classname>
      <dateChanged id="275">2012-03-02 22:04:50</dateChanged>
    </org.openmrs.module.metadatasharing.Item>
    <org.openmrs.module.metadatasharing.Item id="276" uuid="108315BBBBBBBBBBBBBBBBBBBBBBBBBBBBBB">
      <id>30610</id>
      <classname>org.openmrs.ConceptName</classname>
      <dateChanged id="277">2012-03-02 22:04:50</dateChanged>
    </org.openmrs.module.metadatasharing.Item>
    <org.openmrs.module.metadatasharing.Item id="278" uuid="93eab85c-07d4-102c-b5fa-0017a47871b2">
      <id>6329</id>
      <classname>org.openmrs.ConceptName</classname>
      <dateChanged id="279">2004-12-02 00:00:00</dateChanged>
    </org.openmrs.module.metadatasharing.Item>
    <org.openmrs.module.metadatasharing.Item id="280" uuid="108316BBBBBBBBBBBBBBBBBBBBBBBBBBBBBB">
      <id>30622</id>
      <classname>org.openmrs.ConceptName</classname>
      <dateChanged id="281">2012-03-02 22:04:50</dateChanged>
    </org.openmrs.module.metadatasharing.Item>
    <org.openmrs.module.metadatasharing.Item id="282" uuid="ecdfcb12-07fe-102c-b5fa-0017a47871b2">
      <id>710</id>
      <classname>org.openmrs.ConceptDescription</classname>
      <dateChanged id="283">2011-09-12 21:55:58</dateChanged>
    </org.openmrs.module.metadatasharing.Item>
    <org.openmrs.module.metadatasharing.Item id="284" uuid="703FFFFFFFFFFFFFFFFFFFFFFFFFFFFFFFFF">
      <id>6991</id>
      <classname>org.openmrs.ConceptDescription</classname>
      <dateChanged id="285">2012-08-10 23:13:43</dateChanged>
    </org.openmrs.module.metadatasharing.Item>
    <org.openmrs.module.metadatasharing.Item id="286" uuid="171151ABBBBBBBBBBBBBBBBBBBBBBBBBBBBB">
      <id>26115</id>
      <classname>org.openmrs.ConceptMap</classname>
      <dateChanged id="287">2013-07-03 22:53:08</dateChanged>
    </org.openmrs.module.metadatasharing.Item>
    <org.openmrs.module.metadatasharing.Item id="288" uuid="afb6a56c-8146-337f-b552-05b713a2a17e">
      <id>13198</id>
      <classname>org.openmrs.ConceptReferenceTerm</classname>
      <dateChanged id="289">2014-06-13 19:17:37</dateChanged>
      <retired>false</retired>
    </org.openmrs.module.metadatasharing.Item>
    <org.openmrs.module.metadatasharing.Item id="290" uuid="134410ABBBBBBBBBBBBBBBBBBBBBBBBBBBBB">
      <id>26116</id>
      <classname>org.openmrs.ConceptMap</classname>
      <dateChanged id="291">2010-10-24 17:09:59</dateChanged>
    </org.openmrs.module.metadatasharing.Item>
    <org.openmrs.module.metadatasharing.Item id="292" uuid="b44821a5-8cbf-3ce7-a253-e02b3103d7b4">
      <id>13200</id>
      <classname>org.openmrs.ConceptReferenceTerm</classname>
      <dateChanged id="293">2010-10-24 00:00:00</dateChanged>
      <retired>false</retired>
    </org.openmrs.module.metadatasharing.Item>
    <org.openmrs.module.metadatasharing.Item id="294" uuid="133196ABBBBBBBBBBBBBBBBBBBBBBBBBBBBB">
      <id>13199</id>
      <classname>org.openmrs.ConceptMap</classname>
      <dateChanged id="295">2012-06-21 16:49:52</dateChanged>
    </org.openmrs.module.metadatasharing.Item>
    <org.openmrs.module.metadatasharing.Item id="296" uuid="ca183449-7a70-339f-81dd-d4b72cd9d068">
      <id>13199</id>
      <classname>org.openmrs.ConceptReferenceTerm</classname>
      <dateChanged id="297">2010-09-20 00:00:00</dateChanged>
      <retired>false</retired>
    </org.openmrs.module.metadatasharing.Item>
    <org.openmrs.module.metadatasharing.Item id="298" uuid="134409ABBBBBBBBBBBBBBBBBBBBBBBBBBBBB">
      <id>26117</id>
      <classname>org.openmrs.ConceptMap</classname>
      <dateChanged id="299">2010-10-24 17:09:59</dateChanged>
    </org.openmrs.module.metadatasharing.Item>
    <org.openmrs.module.metadatasharing.Item id="300" uuid="f7ea97d1-9888-3da7-8dfd-68950adb3ffe">
      <id>13201</id>
      <classname>org.openmrs.ConceptReferenceTerm</classname>
      <dateChanged id="301">2010-10-24 00:00:00</dateChanged>
      <retired>false</retired>
    </org.openmrs.module.metadatasharing.Item>
    <org.openmrs.module.metadatasharing.Item id="302" uuid="7510c216-4943-102e-96e9-000c29c2a5d7">
      <id>6634</id>
      <classname>org.openmrs.ConceptMap</classname>
      <dateChanged id="303">2012-06-21 16:49:52</dateChanged>
    </org.openmrs.module.metadatasharing.Item>
    <org.openmrs.module.metadatasharing.Item id="304" uuid="fd3ec7d5-c4d8-369d-8289-6fe3a1f3af0c">
      <id>6634</id>
      <classname>org.openmrs.ConceptReferenceTerm</classname>
      <dateChanged id="305">2010-11-24 00:00:00</dateChanged>
      <retired>false</retired>
    </org.openmrs.module.metadatasharing.Item>
    <org.openmrs.module.metadatasharing.Item id="306" uuid="fe46ee5c-5b68-102e-96e9-000c29c2a5d7">
      <id>11725</id>
      <classname>org.openmrs.ConceptMap</classname>
      <dateChanged id="307">2012-06-21 16:49:52</dateChanged>
    </org.openmrs.module.metadatasharing.Item>
    <org.openmrs.module.metadatasharing.Item id="308" uuid="2ed6ffbd-5f7f-3d39-8942-ab68a0618882">
      <id>11725</id>
      <classname>org.openmrs.ConceptReferenceTerm</classname>
      <dateChanged id="309">2010-12-17 00:00:00</dateChanged>
      <retired>false</retired>
    </org.openmrs.module.metadatasharing.Item>
    <org.openmrs.module.metadatasharing.Item id="310" uuid="133595ABBBBBBBBBBBBBBBBBBBBBBBBBBBBB">
      <id>13197</id>
      <classname>org.openmrs.ConceptMap</classname>
      <dateChanged id="311">2012-06-21 16:49:52</dateChanged>
    </org.openmrs.module.metadatasharing.Item>
    <org.openmrs.module.metadatasharing.Item id="312" uuid="1163db8c-017c-35a8-bcde-00fe8c42fb3c">
      <id>13197</id>
      <classname>org.openmrs.ConceptReferenceTerm</classname>
      <dateChanged id="313">2010-09-20 00:00:00</dateChanged>
      <retired>false</retired>
    </org.openmrs.module.metadatasharing.Item>
    <org.openmrs.module.metadatasharing.Item id="314" uuid="17647FFFFFFFFFFFFFFFFFFFFFFFFFFFFFFF">
      <id>6990</id>
      <classname>org.openmrs.ConceptDescription</classname>
      <dateChanged id="315">2016-01-26 23:59:43</dateChanged>
    </org.openmrs.module.metadatasharing.Item>
    <org.openmrs.module.metadatasharing.Item id="316" uuid="279415ABBBBBBBBBBBBBBBBBBBBBBBBBBBBB">
      <id>26112</id>
      <classname>org.openmrs.ConceptMap</classname>
      <dateChanged id="317">2016-01-26 23:59:43</dateChanged>
    </org.openmrs.module.metadatasharing.Item>
    <org.openmrs.module.metadatasharing.Item id="318" uuid="7e5ec947-8ab3-36bc-8f1f-81ebd79913df">
      <id>25454</id>
      <classname>org.openmrs.ConceptReferenceTerm</classname>
      <dateChanged id="319">2016-01-26 05:00:00</dateChanged>
      <retired>false</retired>
    </org.openmrs.module.metadatasharing.Item>
    <org.openmrs.module.metadatasharing.Item id="320" uuid="279414ABBBBBBBBBBBBBBBBBBBBBBBBBBBBB">
      <id>26113</id>
      <classname>org.openmrs.ConceptMap</classname>
      <dateChanged id="321">2016-01-26 23:59:31</dateChanged>
    </org.openmrs.module.metadatasharing.Item>
    <org.openmrs.module.metadatasharing.Item id="322" uuid="0c3ae2c6-84fe-3ae8-86e4-1413eb56f49d">
      <id>25455</id>
      <classname>org.openmrs.ConceptReferenceTerm</classname>
      <dateChanged id="323">2016-01-26 05:00:00</dateChanged>
      <retired>false</retired>
    </org.openmrs.module.metadatasharing.Item>
    <org.openmrs.module.metadatasharing.Item id="324" uuid="279413ABBBBBBBBBBBBBBBBBBBBBBBBBBBBB">
      <id>26114</id>
      <classname>org.openmrs.ConceptMap</classname>
      <dateChanged id="325">2016-01-26 23:59:31</dateChanged>
    </org.openmrs.module.metadatasharing.Item>
    <org.openmrs.module.metadatasharing.Item id="326" uuid="69d003ab-46cb-332f-b028-37a430ed18c1">
      <id>25456</id>
      <classname>org.openmrs.ConceptReferenceTerm</classname>
      <dateChanged id="327">2015-02-27 05:00:00</dateChanged>
      <retired>false</retired>
    </org.openmrs.module.metadatasharing.Item>
    <org.openmrs.module.metadatasharing.Item id="328" uuid="5ded3f50-c6a5-498f-95c1-fd407eb9bd03">
      <id>6379</id>
      <classname>org.openmrs.ConceptSet</classname>
      <dateChanged id="329">2016-02-08 18:12:47</dateChanged>
    </org.openmrs.module.metadatasharing.Item>
    <org.openmrs.module.metadatasharing.Item id="330" uuid="163228AAAAAAAAAAAAAAAAAAAAAAAAAAAAAA">
      <id>10590</id>
      <classname>org.openmrs.ConceptNumeric</classname>
      <dateChanged id="331">2016-02-08 18:20:00</dateChanged>
      <retired>false</retired>
    </org.openmrs.module.metadatasharing.Item>
    <org.openmrs.module.metadatasharing.Item id="332" uuid="135451BBBBBBBBBBBBBBBBBBBBBBBBBBBBBB">
      <id>30602</id>
      <classname>org.openmrs.ConceptName</classname>
      <dateChanged id="333">2016-01-27 03:34:48</dateChanged>
    </org.openmrs.module.metadatasharing.Item>
    <org.openmrs.module.metadatasharing.Item id="334" uuid="135453BBBBBBBBBBBBBBBBBBBBBBBBBBBBBB">
      <id>30603</id>
      <classname>org.openmrs.ConceptName</classname>
      <dateChanged id="335">2016-01-27 03:34:48</dateChanged>
    </org.openmrs.module.metadatasharing.Item>
    <org.openmrs.module.metadatasharing.Item id="336" uuid="135452BBBBBBBBBBBBBBBBBBBBBBBBBBBBBB">
      <id>30604</id>
      <classname>org.openmrs.ConceptName</classname>
      <dateChanged id="337">2016-01-27 03:34:48</dateChanged>
    </org.openmrs.module.metadatasharing.Item>
    <org.openmrs.module.metadatasharing.Item id="338" uuid="135450BBBBBBBBBBBBBBBBBBBBBBBBBBBBBB">
      <id>30605</id>
      <classname>org.openmrs.ConceptName</classname>
      <dateChanged id="339">2016-01-27 03:34:48</dateChanged>
    </org.openmrs.module.metadatasharing.Item>
    <org.openmrs.module.metadatasharing.Item id="340" uuid="279417ABBBBBBBBBBBBBBBBBBBBBBBBBBBBB">
      <id>26110</id>
      <classname>org.openmrs.ConceptMap</classname>
      <dateChanged id="341">2016-01-27 03:34:56</dateChanged>
    </org.openmrs.module.metadatasharing.Item>
    <org.openmrs.module.metadatasharing.Item id="342" uuid="d4c6dc9a-09f7-3eae-b3b7-f49336a46875">
      <id>25452</id>
      <classname>org.openmrs.ConceptReferenceTerm</classname>
      <dateChanged id="343">2016-01-26 05:00:00</dateChanged>
      <retired>false</retired>
    </org.openmrs.module.metadatasharing.Item>
    <org.openmrs.module.metadatasharing.Item id="344" uuid="279416ABBBBBBBBBBBBBBBBBBBBBBBBBBBBB">
      <id>26111</id>
      <classname>org.openmrs.ConceptMap</classname>
      <dateChanged id="345">2016-01-27 03:34:48</dateChanged>
    </org.openmrs.module.metadatasharing.Item>
    <org.openmrs.module.metadatasharing.Item id="346" uuid="bfdd426b-2f30-3fdb-b8bf-3529ff182a46">
      <id>25453</id>
      <classname>org.openmrs.ConceptReferenceTerm</classname>
      <dateChanged id="347">2016-01-26 05:00:00</dateChanged>
      <retired>false</retired>
    </org.openmrs.module.metadatasharing.Item>
    <org.openmrs.module.metadatasharing.Item id="348" uuid="8d4918b0-c2cc-11de-8d13-0010c6dffd0f">
      <id>4</id>
      <classname>org.openmrs.ConceptClass</classname>
      <dateChanged id="349">2015-07-01 17:25:50</dateChanged>
      <retired>false</retired>
    </org.openmrs.module.metadatasharing.Item>
    <org.openmrs.module.metadatasharing.Item id="350" uuid="7943df7e-4148-40c0-881c-f725b6519f2b">
      <id>30634</id>
      <classname>org.openmrs.ConceptName</classname>
      <dateChanged id="351">2016-02-12 23:44:15</dateChanged>
    </org.openmrs.module.metadatasharing.Item>
    <org.openmrs.module.metadatasharing.Item id="352" uuid="9fbc561c-557b-4023-a6ce-e07949002cac">
      <id>6994</id>
      <classname>org.openmrs.ConceptDescription</classname>
      <dateChanged id="353">2016-02-12 23:44:15</dateChanged>
    </org.openmrs.module.metadatasharing.Item>
    <org.openmrs.module.metadatasharing.Item id="354" uuid="187fff4b-099b-4555-8dd5-3e93b8523ee8">
      <id>26128</id>
      <classname>org.openmrs.ConceptMap</classname>
      <dateChanged id="355">2016-02-12 23:44:46</dateChanged>
    </org.openmrs.module.metadatasharing.Item>
    <org.openmrs.module.metadatasharing.Item id="356" uuid="5354e3d1-f20d-4138-85d9-e181db65e1d0">
      <id>25466</id>
      <classname>org.openmrs.ConceptReferenceTerm</classname>
      <dateChanged id="357">2016-02-12 23:44:33</dateChanged>
      <retired>false</retired>
    </org.openmrs.module.metadatasharing.Item>
    <org.openmrs.module.metadatasharing.Item id="358" uuid="f9ff8f5c-3d32-47f8-8f86-438e6b4ccb9a">
      <id>26127</id>
      <classname>org.openmrs.ConceptMap</classname>
      <dateChanged id="359">2016-02-12 23:44:15</dateChanged>
    </org.openmrs.module.metadatasharing.Item>
    <org.openmrs.module.metadatasharing.Item id="360" uuid="e3862fd6-257c-4d07-94ee-ab01d87c63ad">
      <id>25465</id>
      <classname>org.openmrs.ConceptReferenceTerm</classname>
      <dateChanged id="361">2016-02-12 23:43:53</dateChanged>
      <retired>false</retired>
    </org.openmrs.module.metadatasharing.Item>
  </relatedItems>
  <incrementalVersion>false</incrementalVersion>
</package>
