<?xml version="1.0" encoding="UTF-8"?>
<list id="1">
  <org.openmrs.Concept id="2" uuid="281b101f-fefb-4682-9dc4-872f6a75d33b">
    <conceptId>10592</conceptId>
    <retired>false</retired>
    <datatype id="3" resolves-to="org.openmrs.ConceptDatatype" uuid="8d4a4c94-c2cc-11de-8d13-0010c6dffd0f">
      <name>N/A</name>
      <description>Not associated with a datatype (e.g., term answers, sets)</description>
      <creator/>
      <dateCreated id="4">2004-02-02 05:00:00</dateCreated>
      <retired>false</retired>
      <conceptDatatypeId>4</conceptDatatypeId>
      <hl7Abbreviation>ZZ</hl7Abbreviation>
    </datatype>
    <conceptClass id="5" resolves-to="org.openmrs.ConceptClass" uuid="8d492594-c2cc-11de-8d13-0010c6dffd0f">
      <name>ConvSet</name>
      <description>Term to describe convenience sets</description>
      <creator/>
      <dateCreated id="6">2015-07-01 17:25:50</dateCreated>
      <retired>false</retired>
      <conceptClassId>10</conceptClassId>
    </conceptClass>
    <set>true</set>
    <creator/>
    <dateCreated id="7">2016-02-08 18:12:47</dateCreated>
    <changedBy/>
    <dateChanged id="8">2016-02-08 18:20:04</dateChanged>
    <names class="set" id="9">
      <org.openmrs.ConceptName id="10" uuid="12695f93-6fa2-4145-a4ce-f63a9eaed158">
        <conceptNameId>30620</conceptNameId>
        <concept reference="2"/>
        <name>ZL Mental health scores</name>
        <locale id="11">en</locale>
        <creator/>
        <dateCreated id="12">2016-02-08 18:12:47</dateCreated>
        <voided>false</voided>
        <tags class="set" id="13"/>
        <localePreferred>true</localePreferred>
      </org.openmrs.ConceptName>
      <org.openmrs.ConceptName id="14" uuid="1c7803b4-5aa9-43ea-9e7f-b3b3fb148301">
        <conceptNameId>30621</conceptNameId>
        <concept reference="2"/>
        <name>Zanmi Lasante Mental Health score set</name>
        <locale id="15">en</locale>
        <creator/>
        <dateCreated id="16">2016-02-08 18:12:47</dateCreated>
        <voided>false</voided>
        <tags class="set" id="17"/>
        <conceptNameType>FULLY_SPECIFIED</conceptNameType>
        <localePreferred>false</localePreferred>
      </org.openmrs.ConceptName>
    </names>
    <answers class="set" id="18"/>
    <conceptSets class="set" id="19">
      <org.openmrs.ConceptSet id="20" uuid="b1b31d01-1b2d-4945-a8bf-ba9ba59b3f97">
        <conceptSetId>6374</conceptSetId>
        <concept id="21" resolves-to="org.openmrs.ConceptNumeric" uuid="163225AAAAAAAAAAAAAAAAAAAAAAAAAAAAAA">
          <conceptId>10584</conceptId>
          <retired>false</retired>
          <datatype id="22" resolves-to="org.openmrs.ConceptDatatype" uuid="8d4a4488-c2cc-11de-8d13-0010c6dffd0f">
            <name>Numeric</name>
            <description>Numeric value, including integer or float (e.g., creatinine, weight)</description>
            <creator/>
            <dateCreated id="23">2004-02-02 00:00:00</dateCreated>
            <retired>false</retired>
            <conceptDatatypeId>1</conceptDatatypeId>
            <hl7Abbreviation>NM</hl7Abbreviation>
          </datatype>
          <conceptClass id="24" resolves-to="org.openmrs.ConceptClass" uuid="8d491a9a-c2cc-11de-8d13-0010c6dffd0f">
            <name>Finding</name>
            <description>Practitioner observation/finding</description>
            <creator/>
            <dateCreated id="25">2015-07-01 17:25:50</dateCreated>
            <retired>false</retired>
            <conceptClassId>5</conceptClassId>
          </conceptClass>
          <set>false</set>
          <creator/>
          <dateCreated id="26">2016-01-25 08:55:07</dateCreated>
          <changedBy/>
          <dateChanged id="27">2016-02-08 18:19:59</dateChanged>
          <names class="set" id="28">
            <org.openmrs.ConceptName id="29" uuid="135433BBBBBBBBBBBBBBBBBBBBBBBBBBBBBB">
              <conceptNameId>30583</conceptNameId>
              <concept reference="21"/>
              <name>Zanmi La Sante Envantè Sou Sentòm Depresyon</name>
              <locale id="30">ht</locale>
              <creator/>
              <dateCreated id="31">2016-01-25 08:55:07</dateCreated>
              <voided>false</voided>
              <tags class="set" id="32"/>
              <conceptNameType>FULLY_SPECIFIED</conceptNameType>
              <localePreferred>true</localePreferred>
            </org.openmrs.ConceptName>
            <org.openmrs.ConceptName id="33" uuid="135435BBBBBBBBBBBBBBBBBBBBBBBBBBBBBB">
              <conceptNameId>30584</conceptNameId>
              <concept reference="21"/>
              <name>ZLDSI</name>
              <locale id="34">fr</locale>
              <creator/>
              <dateCreated id="35">2016-01-25 08:55:07</dateCreated>
              <voided>false</voided>
              <tags class="set" id="36"/>
              <conceptNameType>FULLY_SPECIFIED</conceptNameType>
              <localePreferred>true</localePreferred>
            </org.openmrs.ConceptName>
            <org.openmrs.ConceptName id="37" uuid="135432BBBBBBBBBBBBBBBBBBBBBBBBBBBBBB">
              <conceptNameId>30585</conceptNameId>
              <concept reference="21"/>
              <name>ZLDSI score</name>
              <locale id="38">en</locale>
              <creator/>
              <dateCreated id="39">2016-01-25 08:55:07</dateCreated>
              <voided>false</voided>
              <tags class="set" id="40"/>
              <conceptNameType>SHORT</conceptNameType>
              <localePreferred>false</localePreferred>
            </org.openmrs.ConceptName>
            <org.openmrs.ConceptName id="41" uuid="135434BBBBBBBBBBBBBBBBBBBBBBBBBBBBBB">
              <conceptNameId>30586</conceptNameId>
              <concept reference="21"/>
              <name>Zamni Lasante Depression Symptom Inventory Score</name>
              <locale id="42">en</locale>
              <creator/>
              <dateCreated id="43">2016-01-25 08:55:07</dateCreated>
              <voided>false</voided>
              <tags class="set" id="44"/>
              <conceptNameType>FULLY_SPECIFIED</conceptNameType>
              <localePreferred>true</localePreferred>
            </org.openmrs.ConceptName>
          </names>
          <answers class="set" id="45"/>
          <conceptSets class="set" id="46"/>
          <descriptions class="set" id="47">
            <org.openmrs.ConceptDescription id="48" uuid="17645FFFFFFFFFFFFFFFFFFFFFFFFFFFFFFF">
              <conceptDescriptionId>6984</conceptDescriptionId>
              <concept reference="21"/>
              <description>Clinical screening tool specific to depression. It can be used in a way similar to the PHQ-9 score. This tool use calibrated to capture depression specifically in the Haitian context.</description>
              <locale id="49">en</locale>
              <creator/>
              <dateCreated id="50">2016-01-25 08:55:07</dateCreated>
              <dateChanged id="51">2016-01-25 08:55:47</dateChanged>
            </org.openmrs.ConceptDescription>
          </descriptions>
          <conceptMappings class="set" id="52">
            <org.openmrs.ConceptMap id="53" uuid="279409ABBBBBBBBBBBBBBBBBBBBBBBBBBBBB">
              <conceptMapType id="54" resolves-to="org.openmrs.ConceptMapType" uuid="43ac5109-7d8c-11e1-909d-c80aa9edcf4e">
                <name>NARROWER-THAN</name>
                <creator/>
                <dateCreated id="55">2012-06-21 00:00:00</dateCreated>
                <retired>false</retired>
                <conceptMapTypeId>2</conceptMapTypeId>
                <isHidden>false</isHidden>
              </conceptMapType>
              <creator/>
              <dateCreated id="56">2016-01-25 08:55:39</dateCreated>
              <conceptMapId>26098</conceptMapId>
              <concept reference="21"/>
              <conceptReferenceTerm id="57" resolves-to="org.openmrs.ConceptReferenceTerm" uuid="16acde86-dfef-3ae6-ae1a-0496125e564c">
                <creator/>
                <dateCreated id="58">2016-01-25 05:00:00</dateCreated>
                <retired>false</retired>
                <conceptReferenceTermId>25442</conceptReferenceTermId>
                <conceptSource id="59" resolves-to="org.openmrs.ConceptSource" uuid="2ADDDDDDDDDDDDDDDDDDDDDDDDDDDDDDDDDD">
                  <name>SNOMED NP</name>
                  <description>Non-preferred SNOMED CT mappings</description>
                  <creator/>
                  <dateCreated id="60">2015-07-01 17:25:50</dateCreated>
                  <retired>false</retired>
                  <conceptSourceId>8</conceptSourceId>
                </conceptSource>
                <code>416767005</code>
                <conceptReferenceTermMaps id="61"/>
              </conceptReferenceTerm>
            </org.openmrs.ConceptMap>
            <org.openmrs.ConceptMap id="62" uuid="279410ABBBBBBBBBBBBBBBBBBBBBBBBBBBBB">
              <conceptMapType id="63" resolves-to="org.openmrs.ConceptMapType" uuid="35543629-7d8c-11e1-909d-c80aa9edcf4e">
                <name>SAME-AS</name>
                <creator/>
                <dateCreated id="64">2012-06-21 00:00:00</dateCreated>
                <retired>false</retired>
                <conceptMapTypeId>1</conceptMapTypeId>
                <isHidden>false</isHidden>
              </conceptMapType>
              <creator/>
              <dateCreated id="65">2016-01-25 08:55:47</dateCreated>
              <conceptMapId>26099</conceptMapId>
              <concept reference="21"/>
              <conceptReferenceTerm id="66" resolves-to="org.openmrs.ConceptReferenceTerm" uuid="cc0abc1d-89d2-3cb7-b494-b59a849ccacd">
                <creator/>
                <dateCreated id="67">2016-01-25 05:00:00</dateCreated>
                <retired>false</retired>
                <conceptReferenceTermId>25443</conceptReferenceTermId>
                <conceptSource id="68" resolves-to="org.openmrs.ConceptSource" uuid="21ADDDDDDDDDDDDDDDDDDDDDDDDDDDDDDDDD">
                  <name>CIEL</name>
                  <description>Columbia International eHealth Laboratory concept ID</description>
                  <creator/>
                  <dateCreated id="69">2015-07-01 17:25:50</dateCreated>
                  <retired>false</retired>
                  <conceptSourceId>29</conceptSourceId>
                </conceptSource>
                <code>163225</code>
                <conceptReferenceTermMaps id="70"/>
              </conceptReferenceTerm>
            </org.openmrs.ConceptMap>
          </conceptMappings>
          <hiAbsolute>39.0</hiAbsolute>
          <lowAbsolute>0.0</lowAbsolute>
          <precise>false</precise>
        </concept>
        <conceptSet reference="2"/>
        <sortWeight>4.0</sortWeight>
        <creator/>
        <dateCreated id="71">2016-02-08 18:12:47</dateCreated>
      </org.openmrs.ConceptSet>
      <org.openmrs.ConceptSet id="72" uuid="138cdc17-0f46-4557-a7c7-afedfc44303c">
        <conceptSetId>6375</conceptSetId>
        <concept id="73" resolves-to="org.openmrs.Concept" uuid="163221AAAAAAAAAAAAAAAAAAAAAAAAAAAAAA">
          <conceptId>10588</conceptId>
          <retired>false</retired>
          <datatype reference="3"/>
          <conceptClass reference="5"/>
          <set>true</set>
          <creator/>
          <dateCreated id="74">2016-01-25 08:43:09</dateCreated>
          <changedBy/>
          <dateChanged id="75">2016-02-08 18:20:00</dateChanged>
          <names class="set" id="76">
            <org.openmrs.ConceptName id="77" uuid="135423BBBBBBBBBBBBBBBBBBBBBBBBBBBBBB">
              <conceptNameId>30593</conceptNameId>
              <concept reference="73"/>
              <name>CGI</name>
              <locale id="78">fr</locale>
              <creator/>
              <dateCreated id="79">2016-01-25 08:44:47</dateCreated>
              <voided>false</voided>
              <tags class="set" id="80"/>
              <conceptNameType>FULLY_SPECIFIED</conceptNameType>
              <localePreferred>true</localePreferred>
            </org.openmrs.ConceptName>
            <org.openmrs.ConceptName id="81" uuid="135425BBBBBBBBBBBBBBBBBBBBBBBBBBBBBB">
              <conceptNameId>30594</conceptNameId>
              <concept reference="73"/>
              <name>CGI</name>
              <locale id="82">ht</locale>
              <creator/>
              <dateCreated id="83">2016-01-25 08:44:47</dateCreated>
              <voided>false</voided>
              <tags class="set" id="84"/>
              <localePreferred>false</localePreferred>
            </org.openmrs.ConceptName>
            <org.openmrs.ConceptName id="85" uuid="135422BBBBBBBBBBBBBBBBBBBBBBBBBBBBBB">
              <conceptNameId>30595</conceptNameId>
              <concept reference="73"/>
              <name>CGI Scale</name>
              <locale id="86">en</locale>
              <creator/>
              <dateCreated id="87">2016-01-25 08:44:47</dateCreated>
              <voided>false</voided>
              <tags class="set" id="88"/>
              <conceptNameType>SHORT</conceptNameType>
              <localePreferred>false</localePreferred>
            </org.openmrs.ConceptName>
            <org.openmrs.ConceptName id="89" uuid="135421BBBBBBBBBBBBBBBBBBBBBBBBBBBBBB">
              <conceptNameId>30596</conceptNameId>
              <concept reference="73"/>
              <name>Clinical Global Impressions Scale</name>
              <locale id="90">en</locale>
              <creator/>
              <dateCreated id="91">2016-01-25 08:43:09</dateCreated>
              <voided>false</voided>
              <tags class="set" id="92"/>
              <conceptNameType>FULLY_SPECIFIED</conceptNameType>
              <localePreferred>true</localePreferred>
            </org.openmrs.ConceptName>
            <org.openmrs.ConceptName id="93" uuid="135424BBBBBBBBBBBBBBBBBBBBBBBBBBBBBB">
              <conceptNameId>30597</conceptNameId>
              <concept reference="73"/>
              <name>Echèl Enpresyon Global Klinik</name>
              <locale id="94">ht</locale>
              <creator/>
              <dateCreated id="95">2016-01-25 08:44:47</dateCreated>
              <voided>false</voided>
              <tags class="set" id="96"/>
              <conceptNameType>FULLY_SPECIFIED</conceptNameType>
              <localePreferred>true</localePreferred>
            </org.openmrs.ConceptName>
          </names>
          <answers class="set" id="97"/>
          <conceptSets class="set" id="98">
            <org.openmrs.ConceptSet id="99" uuid="2018AEEEEEEEEEEEEEEEEEEEEEEEEEEEEEEE">
              <conceptSetId>6371</conceptSetId>
              <concept id="100" resolves-to="org.openmrs.ConceptNumeric" uuid="163224AAAAAAAAAAAAAAAAAAAAAAAAAAAAAA">
                <conceptId>10585</conceptId>
                <retired>false</retired>
                <datatype reference="22"/>
                <conceptClass reference="24"/>
                <set>false</set>
                <creator/>
                <dateCreated id="101">2016-01-25 08:51:22</dateCreated>
                <changedBy/>
                <dateChanged id="102">2016-02-08 18:19:59</dateChanged>
                <names class="set" id="103">
                  <org.openmrs.ConceptName id="104" uuid="135431BBBBBBBBBBBBBBBBBBBBBBBBBBBBBB">
                    <conceptNameId>30587</conceptNameId>
                    <concept reference="100"/>
                    <name>CGI-E Score</name>
                    <locale id="105">en</locale>
                    <creator/>
                    <dateCreated id="106">2016-01-25 08:51:22</dateCreated>
                    <voided>false</voided>
                    <tags class="set" id="107"/>
                    <localePreferred>false</localePreferred>
                  </org.openmrs.ConceptName>
                  <org.openmrs.ConceptName id="108" uuid="135430BBBBBBBBBBBBBBBBBBBBBBBBBBBBBB">
                    <conceptNameId>30588</conceptNameId>
                    <concept reference="100"/>
                    <name>Clinical Global Impressions Efficacy Score</name>
                    <locale id="109">en</locale>
                    <creator/>
                    <dateCreated id="110">2016-01-25 08:51:22</dateCreated>
                    <voided>false</voided>
                    <tags class="set" id="111"/>
                    <conceptNameType>FULLY_SPECIFIED</conceptNameType>
                    <localePreferred>true</localePreferred>
                  </org.openmrs.ConceptName>
                </names>
                <answers class="set" id="112"/>
                <conceptSets class="set" id="113"/>
                <descriptions class="set" id="114">
                  <org.openmrs.ConceptDescription id="115" uuid="17644FFFFFFFFFFFFFFFFFFFFFFFFFFFFFFF">
                    <conceptDescriptionId>6985</conceptDescriptionId>
                    <concept reference="100"/>
                    <description>The Clinical Global Impression efficacy rating scale measures efficacy of patient treatment with mental disorders.</description>
                    <locale id="116">en</locale>
                    <creator/>
                    <dateCreated id="117">2016-01-25 08:51:22</dateCreated>
                    <dateChanged id="118">2016-01-25 08:51:31</dateChanged>
                  </org.openmrs.ConceptDescription>
                </descriptions>
                <conceptMappings class="set" id="119">
                  <org.openmrs.ConceptMap id="120" uuid="279407ABBBBBBBBBBBBBBBBBBBBBBBBBBBBB">
                    <conceptMapType reference="54"/>
                    <creator/>
                    <dateCreated id="121">2016-01-25 08:51:22</dateCreated>
                    <conceptMapId>26100</conceptMapId>
                    <concept reference="100"/>
                    <conceptReferenceTerm id="122" resolves-to="org.openmrs.ConceptReferenceTerm" uuid="f20ffed5-61c2-3b15-a28e-61ce74344377">
                      <creator/>
                      <dateCreated id="123">2016-01-25 05:00:00</dateCreated>
                      <retired>false</retired>
                      <conceptReferenceTermId>25444</conceptReferenceTermId>
                      <conceptSource reference="59"/>
                      <code>450326007</code>
                      <conceptReferenceTermMaps id="124"/>
                    </conceptReferenceTerm>
                  </org.openmrs.ConceptMap>
                  <org.openmrs.ConceptMap id="125" uuid="279408ABBBBBBBBBBBBBBBBBBBBBBBBBBBBB">
                    <conceptMapType reference="63"/>
                    <creator/>
                    <dateCreated id="126">2016-01-25 08:51:31</dateCreated>
                    <conceptMapId>26101</conceptMapId>
                    <concept reference="100"/>
                    <conceptReferenceTerm id="127" resolves-to="org.openmrs.ConceptReferenceTerm" uuid="de62df7a-684c-32e5-a0ac-01f76f506f2a">
                      <creator/>
                      <dateCreated id="128">2016-01-25 05:00:00</dateCreated>
                      <retired>false</retired>
                      <conceptReferenceTermId>25445</conceptReferenceTermId>
                      <conceptSource reference="68"/>
                      <code>163224</code>
                      <conceptReferenceTermMaps id="129"/>
                    </conceptReferenceTerm>
                  </org.openmrs.ConceptMap>
                </conceptMappings>
                <hiAbsolute>7.0</hiAbsolute>
                <lowAbsolute>0.0</lowAbsolute>
                <precise>false</precise>
              </concept>
              <conceptSet reference="73"/>
              <sortWeight>2.0</sortWeight>
              <creator/>
              <dateCreated id="130">2016-01-25 08:51:55</dateCreated>
            </org.openmrs.ConceptSet>
            <org.openmrs.ConceptSet id="131" uuid="2016AEEEEEEEEEEEEEEEEEEEEEEEEEEEEEEE">
              <conceptSetId>6372</conceptSetId>
              <concept id="132" resolves-to="org.openmrs.ConceptNumeric" uuid="163222AAAAAAAAAAAAAAAAAAAAAAAAAAAAAA">
                <conceptId>10586</conceptId>
                <retired>false</retired>
                <datatype reference="22"/>
                <conceptClass reference="24"/>
                <set>false</set>
                <creator/>
                <dateCreated id="133">2016-01-25 08:48:22</dateCreated>
                <changedBy/>
                <dateChanged id="134">2016-02-12 20:42:14</dateChanged>
                <names class="set" id="135">
                  <org.openmrs.ConceptName id="136" uuid="135427BBBBBBBBBBBBBBBBBBBBBBBBBBBBBB">
                    <conceptNameId>30589</conceptNameId>
                    <concept reference="132"/>
                    <name>Clinical Global Impressions Severity Score</name>
                    <locale id="137">en</locale>
                    <creator/>
                    <dateCreated id="138">2016-01-25 08:48:22</dateCreated>
                    <voided>false</voided>
                    <tags class="set" id="139"/>
                    <conceptNameType>FULLY_SPECIFIED</conceptNameType>
                    <localePreferred>true</localePreferred>
                  </org.openmrs.ConceptName>
                  <org.openmrs.ConceptName id="140" uuid="135426BBBBBBBBBBBBBBBBBBBBBBBBBBBBBB">
                    <conceptNameId>30590</conceptNameId>
                    <concept reference="132"/>
                    <name>CGI-S Score</name>
                    <locale id="141">en</locale>
                    <creator/>
                    <dateCreated id="142">2016-01-25 08:48:22</dateCreated>
                    <voided>false</voided>
                    <tags class="set" id="143"/>
                    <conceptNameType>SHORT</conceptNameType>
                    <localePreferred>false</localePreferred>
                  </org.openmrs.ConceptName>
                </names>
                <answers class="set" id="144"/>
                <conceptSets class="set" id="145"/>
                <descriptions class="set" id="146">
                  <org.openmrs.ConceptDescription id="147" uuid="17642FFFFFFFFFFFFFFFFFFFFFFFFFFFFFFF">
                    <conceptDescriptionId>6986</conceptDescriptionId>
                    <concept reference="132"/>
                    <description>The Clinical Global Impression severity rating scale measures of symptom severity in treatment studies of patients with mental disorders.</description>
                    <locale id="148">en</locale>
                    <creator/>
                    <dateCreated id="149">2016-01-25 08:48:22</dateCreated>
                    <dateChanged id="150">2016-01-25 08:50:34</dateChanged>
                  </org.openmrs.ConceptDescription>
                </descriptions>
                <conceptMappings class="set" id="151">
                  <org.openmrs.ConceptMap id="152" uuid="279404ABBBBBBBBBBBBBBBBBBBBBBBBBBBBB">
                    <conceptMapType reference="63"/>
                    <creator/>
                    <dateCreated id="153">2016-01-25 08:48:33</dateCreated>
                    <conceptMapId>26102</conceptMapId>
                    <concept reference="132"/>
                    <conceptReferenceTerm id="154" resolves-to="org.openmrs.ConceptReferenceTerm" uuid="e4b84dd5-4c36-3810-bd5a-603c4280ffc1">
                      <creator/>
                      <dateCreated id="155">2016-01-25 05:00:00</dateCreated>
                      <retired>false</retired>
                      <conceptReferenceTermId>25446</conceptReferenceTermId>
                      <conceptSource reference="68"/>
                      <code>163222</code>
                      <conceptReferenceTermMaps id="156"/>
                    </conceptReferenceTerm>
                  </org.openmrs.ConceptMap>
                  <org.openmrs.ConceptMap id="157" uuid="b4325791-4ac0-4e60-b579-5d9b3585a37a">
                    <conceptMapType reference="63"/>
                    <creator/>
                    <dateCreated id="158">2016-02-12 20:42:14</dateCreated>
                    <conceptMapId>26125</conceptMapId>
                    <concept reference="132"/>
                    <conceptReferenceTerm id="159" resolves-to="org.openmrs.ConceptReferenceTerm" uuid="b0580996-a20c-489e-8ef4-6bf50b036d70">
                      <creator/>
                      <dateCreated id="160">2016-02-12 20:41:48</dateCreated>
                      <retired>false</retired>
                      <conceptReferenceTermId>25462</conceptReferenceTermId>
                      <conceptSource id="161" resolves-to="org.openmrs.ConceptSource" uuid="fb9aaaf1-65e2-4c18-b53c-16b575f2f385">
                        <name>PIH</name>
                        <description>Partners In Health concept dictionary using concept ids and preferred English names</description>
                        <creator/>
                        <dateCreated id="162">2015-07-01 17:25:50</dateCreated>
                        <retired>false</retired>
                        <conceptSourceId>5</conceptSourceId>
                      </conceptSource>
                      <code>Mental Health CGI-S</code>
                      <conceptReferenceTermMaps id="163"/>
                    </conceptReferenceTerm>
                  </org.openmrs.ConceptMap>
                  <org.openmrs.ConceptMap id="164" uuid="279403ABBBBBBBBBBBBBBBBBBBBBBBBBBBBB">
                    <conceptMapType reference="54"/>
                    <creator/>
                    <dateCreated id="165">2016-01-25 08:48:22</dateCreated>
                    <conceptMapId>26103</conceptMapId>
                    <concept reference="132"/>
                    <conceptReferenceTerm reference="122"/>
                  </org.openmrs.ConceptMap>
                </conceptMappings>
                <hiAbsolute>7.0</hiAbsolute>
                <lowAbsolute>0.0</lowAbsolute>
                <precise>false</precise>
              </concept>
              <conceptSet reference="73"/>
              <sortWeight>0.0</sortWeight>
              <creator/>
              <dateCreated id="166">2016-01-25 08:51:55</dateCreated>
            </org.openmrs.ConceptSet>
            <org.openmrs.ConceptSet id="167" uuid="2017AEEEEEEEEEEEEEEEEEEEEEEEEEEEEEEE">
              <conceptSetId>6373</conceptSetId>
              <concept id="168" resolves-to="org.openmrs.ConceptNumeric" uuid="163223AAAAAAAAAAAAAAAAAAAAAAAAAAAAAA">
                <conceptId>10587</conceptId>
                <retired>false</retired>
                <datatype reference="22"/>
                <conceptClass reference="24"/>
                <set>false</set>
                <creator/>
                <dateCreated id="169">2016-01-25 08:49:50</dateCreated>
                <changedBy/>
                <dateChanged id="170">2016-02-12 20:46:49</dateChanged>
                <names class="set" id="171">
                  <org.openmrs.ConceptName id="172" uuid="135429BBBBBBBBBBBBBBBBBBBBBBBBBBBBBB">
                    <conceptNameId>30591</conceptNameId>
                    <concept reference="168"/>
                    <name>CGI-I Score</name>
                    <locale id="173">en</locale>
                    <creator/>
                    <dateCreated id="174">2016-01-25 08:50:08</dateCreated>
                    <voided>false</voided>
                    <tags class="set" id="175"/>
                    <localePreferred>false</localePreferred>
                  </org.openmrs.ConceptName>
                  <org.openmrs.ConceptName id="176" uuid="135428BBBBBBBBBBBBBBBBBBBBBBBBBBBBBB">
                    <conceptNameId>30592</conceptNameId>
                    <concept reference="168"/>
                    <name>Clinical Global Impressions Improvement Score</name>
                    <locale id="177">en</locale>
                    <creator/>
                    <dateCreated id="178">2016-01-25 08:49:50</dateCreated>
                    <voided>false</voided>
                    <tags class="set" id="179"/>
                    <conceptNameType>FULLY_SPECIFIED</conceptNameType>
                    <localePreferred>true</localePreferred>
                  </org.openmrs.ConceptName>
                </names>
                <answers class="set" id="180"/>
                <conceptSets class="set" id="181"/>
                <descriptions class="set" id="182">
                  <org.openmrs.ConceptDescription id="183" uuid="17643FFFFFFFFFFFFFFFFFFFFFFFFFFFFFFF">
                    <conceptDescriptionId>6987</conceptDescriptionId>
                    <concept reference="168"/>
                    <description>The Clinical Global Impression impressions rating scale measures of impressions in treatment studies of patients with mental disorders.</description>
                    <locale id="184">en</locale>
                    <creator/>
                    <dateCreated id="185">2016-01-25 08:49:50</dateCreated>
                    <dateChanged id="186">2016-01-25 08:50:20</dateChanged>
                  </org.openmrs.ConceptDescription>
                </descriptions>
                <conceptMappings class="set" id="187">
                  <org.openmrs.ConceptMap id="188" uuid="d5b6dc20-988e-4ccf-aa1d-d43cedd83e1a">
                    <conceptMapType reference="63"/>
                    <creator/>
                    <dateCreated id="189">2016-02-12 20:46:49</dateCreated>
                    <conceptMapId>26126</conceptMapId>
                    <concept reference="168"/>
                    <conceptReferenceTerm id="190" resolves-to="org.openmrs.ConceptReferenceTerm" uuid="a383bb74-6028-4970-8d55-40a3c5e06fac">
                      <creator/>
                      <dateCreated id="191">2016-02-12 20:44:55</dateCreated>
                      <retired>false</retired>
                      <conceptReferenceTermId>25463</conceptReferenceTermId>
                      <conceptSource reference="161"/>
                      <code>Mental Health CGI-I</code>
                      <conceptReferenceTermMaps id="192"/>
                    </conceptReferenceTerm>
                  </org.openmrs.ConceptMap>
                  <org.openmrs.ConceptMap id="193" uuid="279406ABBBBBBBBBBBBBBBBBBBBBBBBBBBBB">
                    <conceptMapType reference="63"/>
                    <creator/>
                    <dateCreated id="194">2016-01-25 08:50:20</dateCreated>
                    <conceptMapId>26104</conceptMapId>
                    <concept reference="168"/>
                    <conceptReferenceTerm id="195" resolves-to="org.openmrs.ConceptReferenceTerm" uuid="3a327e97-493d-36a6-814d-73b6acf3fea0">
                      <creator/>
                      <dateCreated id="196">2016-01-25 05:00:00</dateCreated>
                      <retired>false</retired>
                      <conceptReferenceTermId>25447</conceptReferenceTermId>
                      <conceptSource reference="68"/>
                      <code>163223</code>
                      <conceptReferenceTermMaps id="197"/>
                    </conceptReferenceTerm>
                  </org.openmrs.ConceptMap>
                  <org.openmrs.ConceptMap id="198" uuid="279405ABBBBBBBBBBBBBBBBBBBBBBBBBBBBB">
                    <conceptMapType reference="54"/>
                    <creator/>
                    <dateCreated id="199">2016-01-25 08:49:50</dateCreated>
                    <conceptMapId>26105</conceptMapId>
                    <concept reference="168"/>
                    <conceptReferenceTerm reference="122"/>
                  </org.openmrs.ConceptMap>
                </conceptMappings>
                <hiAbsolute>7.0</hiAbsolute>
                <lowAbsolute>0.0</lowAbsolute>
                <precise>false</precise>
              </concept>
              <conceptSet reference="73"/>
              <sortWeight>1.0</sortWeight>
              <creator/>
              <dateCreated id="200">2016-01-25 08:51:55</dateCreated>
            </org.openmrs.ConceptSet>
          </conceptSets>
          <descriptions class="set" id="201">
            <org.openmrs.ConceptDescription id="202" uuid="17641FFFFFFFFFFFFFFFFFFFFFFFFFFFFFFF">
              <conceptDescriptionId>6988</conceptDescriptionId>
              <concept reference="73"/>
              <description>The Clinical Global Impression rating scales are commonly used measures of symptom severity, treatment response and the efficacy of treatments in treatment studies of patients with mental disorders.  3 scores- Severity, Improvement, Side effects.  NOT summed, but all should be tracked over time.</description>
              <locale id="203">en</locale>
              <creator/>
              <dateCreated id="204">2016-01-25 08:44:47</dateCreated>
              <dateChanged id="205">2016-01-25 08:51:55</dateChanged>
            </org.openmrs.ConceptDescription>
          </descriptions>
          <conceptMappings class="set" id="206">
            <org.openmrs.ConceptMap id="207" uuid="279402ABBBBBBBBBBBBBBBBBBBBBBBBBBBBB">
              <conceptMapType reference="63"/>
              <creator/>
              <dateCreated id="208">2016-01-25 08:44:47</dateCreated>
              <conceptMapId>26106</conceptMapId>
              <concept reference="73"/>
              <conceptReferenceTerm id="209" resolves-to="org.openmrs.ConceptReferenceTerm" uuid="b6cb3256-e1fe-3095-a062-95236d9be464">
                <creator/>
                <dateCreated id="210">2016-01-25 05:00:00</dateCreated>
                <retired>false</retired>
                <conceptReferenceTermId>25448</conceptReferenceTermId>
                <conceptSource reference="68"/>
                <code>163221</code>
                <conceptReferenceTermMaps id="211"/>
              </conceptReferenceTerm>
            </org.openmrs.ConceptMap>
            <org.openmrs.ConceptMap id="212" uuid="279401ABBBBBBBBBBBBBBBBBBBBBBBBBBBBB">
              <conceptMapType reference="54"/>
              <creator/>
              <dateCreated id="213">2016-01-25 08:43:09</dateCreated>
              <conceptMapId>26107</conceptMapId>
              <concept reference="73"/>
              <conceptReferenceTerm id="214" resolves-to="org.openmrs.ConceptReferenceTerm" uuid="e7898eab-91ea-32ac-a88f-7714c9a4e009">
                <creator/>
                <dateCreated id="215">2012-05-24 04:00:00</dateCreated>
                <retired>false</retired>
                <conceptReferenceTermId>25449</conceptReferenceTermId>
                <conceptSource reference="59"/>
                <code>273249006</code>
                <conceptReferenceTermMaps id="216"/>
              </conceptReferenceTerm>
            </org.openmrs.ConceptMap>
          </conceptMappings>
        </concept>
        <conceptSet reference="2"/>
        <sortWeight>0.0</sortWeight>
        <creator/>
        <dateCreated id="217">2016-02-08 18:12:47</dateCreated>
      </org.openmrs.ConceptSet>
      <org.openmrs.ConceptSet id="218" uuid="aac9f40b-7345-49b4-a6bc-99157909ee65">
        <conceptSetId>6376</conceptSetId>
        <concept id="219" resolves-to="org.openmrs.ConceptNumeric" uuid="163226AAAAAAAAAAAAAAAAAAAAAAAAAAAAAA">
          <conceptId>10589</conceptId>
          <retired>false</retired>
          <datatype reference="22"/>
          <conceptClass reference="24"/>
          <set>false</set>
          <creator/>
          <dateCreated id="220">2016-01-25 08:58:30</dateCreated>
          <changedBy/>
          <dateChanged id="221">2016-02-08 18:20:00</dateChanged>
          <names class="set" id="222">
            <org.openmrs.ConceptName id="223" uuid="135437BBBBBBBBBBBBBBBBBBBBBBBBBBBBBB">
              <conceptNameId>30598</conceptNameId>
              <concept reference="219"/>
              <name>WHODAS</name>
              <locale id="224">ht</locale>
              <creator/>
              <dateCreated id="225">2016-01-25 08:58:30</dateCreated>
              <voided>false</voided>
              <tags class="set" id="226"/>
              <conceptNameType>FULLY_SPECIFIED</conceptNameType>
              <localePreferred>true</localePreferred>
            </org.openmrs.ConceptName>
            <org.openmrs.ConceptName id="227" uuid="135438BBBBBBBBBBBBBBBBBBBBBBBBBBBBBB">
              <conceptNameId>30599</conceptNameId>
              <concept reference="219"/>
              <name>WHODAS</name>
              <locale id="228">fr</locale>
              <creator/>
              <dateCreated id="229">2016-01-25 08:58:30</dateCreated>
              <voided>false</voided>
              <tags class="set" id="230"/>
              <conceptNameType>FULLY_SPECIFIED</conceptNameType>
              <localePreferred>true</localePreferred>
            </org.openmrs.ConceptName>
            <org.openmrs.ConceptName id="231" uuid="135436BBBBBBBBBBBBBBBBBBBBBBBBBBBBBB">
              <conceptNameId>30600</conceptNameId>
              <concept reference="219"/>
              <name>WHODAS score</name>
              <locale id="232">en</locale>
              <creator/>
              <dateCreated id="233">2016-01-25 08:58:30</dateCreated>
              <voided>false</voided>
              <tags class="set" id="234"/>
              <localePreferred>false</localePreferred>
            </org.openmrs.ConceptName>
            <org.openmrs.ConceptName id="235" uuid="135439BBBBBBBBBBBBBBBBBBBBBBBBBBBBBB">
              <conceptNameId>30601</conceptNameId>
              <concept reference="219"/>
              <name>World Health Organization Disability Assessment Schedule 2.0 Score</name>
              <locale id="236">en</locale>
              <creator/>
              <dateCreated id="237">2016-01-25 08:58:30</dateCreated>
              <voided>false</voided>
              <tags class="set" id="238"/>
              <conceptNameType>FULLY_SPECIFIED</conceptNameType>
              <localePreferred>true</localePreferred>
            </org.openmrs.ConceptName>
          </names>
          <answers class="set" id="239"/>
          <conceptSets class="set" id="240"/>
          <descriptions class="set" id="241">
            <org.openmrs.ConceptDescription id="242" uuid="17646FFFFFFFFFFFFFFFFFFFFFFFFFFFFFFF">
              <conceptDescriptionId>6989</conceptDescriptionId>
              <concept reference="219"/>
              <description>WHODAS 2.0 is a generic assessment instrument for health and disability assessment.  It is used across all diseases, including mental, neurological and addictive disorders.</description>
              <locale id="243">en</locale>
              <creator/>
              <dateCreated id="244">2016-01-25 08:58:30</dateCreated>
              <dateChanged id="245">2016-01-25 08:58:39</dateChanged>
            </org.openmrs.ConceptDescription>
          </descriptions>
          <conceptMappings class="set" id="246">
            <org.openmrs.ConceptMap id="247" uuid="279411ABBBBBBBBBBBBBBBBBBBBBBBBBBBBB">
              <conceptMapType reference="54"/>
              <creator/>
              <dateCreated id="248">2016-01-25 08:58:30</dateCreated>
              <conceptMapId>26108</conceptMapId>
              <concept reference="219"/>
              <conceptReferenceTerm id="249" resolves-to="org.openmrs.ConceptReferenceTerm" uuid="e6aa757f-dd8a-3031-8456-4351502bb9e4">
                <creator/>
                <dateCreated id="250">2016-01-25 05:00:00</dateCreated>
                <retired>false</retired>
                <conceptReferenceTermId>25450</conceptReferenceTermId>
                <conceptSource reference="59"/>
                <code>268391007</code>
                <conceptReferenceTermMaps id="251"/>
              </conceptReferenceTerm>
            </org.openmrs.ConceptMap>
            <org.openmrs.ConceptMap id="252" uuid="279412ABBBBBBBBBBBBBBBBBBBBBBBBBBBBB">
              <conceptMapType reference="63"/>
              <creator/>
              <dateCreated id="253">2016-01-25 08:58:39</dateCreated>
              <conceptMapId>26109</conceptMapId>
              <concept reference="219"/>
              <conceptReferenceTerm id="254" resolves-to="org.openmrs.ConceptReferenceTerm" uuid="1002c652-6c44-3af4-a404-d913b3995c54">
                <creator/>
                <dateCreated id="255">2016-01-25 05:00:00</dateCreated>
                <retired>false</retired>
                <conceptReferenceTermId>25451</conceptReferenceTermId>
                <conceptSource reference="68"/>
                <code>163226</code>
                <conceptReferenceTermMaps id="256"/>
              </conceptReferenceTerm>
            </org.openmrs.ConceptMap>
          </conceptMappings>
          <precise>false</precise>
        </concept>
        <conceptSet reference="2"/>
        <sortWeight>5.0</sortWeight>
        <creator/>
        <dateCreated id="257">2016-02-08 18:12:47</dateCreated>
      </org.openmrs.ConceptSet>
      <org.openmrs.ConceptSet id="258" uuid="dadf2446-0983-449c-afb9-671b5cb325e8">
        <conceptSetId>6377</conceptSetId>
        <concept reference="132"/>
        <conceptSet reference="2"/>
        <sortWeight>1.0</sortWeight>
        <creator/>
        <dateCreated id="259">2016-02-08 18:12:47</dateCreated>
      </org.openmrs.ConceptSet>
      <org.openmrs.ConceptSet id="260" uuid="5ded3f50-c6a5-498f-95c1-fd407eb9bd03">
        <conceptSetId>6379</conceptSetId>
        <concept id="261" resolves-to="org.openmrs.ConceptNumeric" uuid="163228AAAAAAAAAAAAAAAAAAAAAAAAAAAAAA">
          <conceptId>10590</conceptId>
          <retired>false</retired>
          <datatype reference="22"/>
          <conceptClass reference="24"/>
          <set>false</set>
          <creator/>
          <dateCreated id="262">2016-01-27 03:34:48</dateCreated>
          <changedBy/>
          <dateChanged id="263">2016-02-08 18:20:00</dateChanged>
          <names class="set" id="264">
            <org.openmrs.ConceptName id="265" uuid="135451BBBBBBBBBBBBBBBBBBBBBBBBBBBBBB">
              <conceptNameId>30602</conceptNameId>
              <concept reference="261"/>
              <name>CES-D</name>
              <locale id="266">fr</locale>
              <creator/>
              <dateCreated id="267">2016-01-27 03:34:48</dateCreated>
              <voided>false</voided>
              <tags class="set" id="268"/>
              <conceptNameType>FULLY_SPECIFIED</conceptNameType>
              <localePreferred>true</localePreferred>
            </org.openmrs.ConceptName>
            <org.openmrs.ConceptName id="269" uuid="135453BBBBBBBBBBBBBBBBBBBBBBBBBBBBBB">
              <conceptNameId>30603</conceptNameId>
              <concept reference="261"/>
              <name>Center for Epidemiologic Studies Depression Scale score</name>
              <locale id="270">en</locale>
              <creator/>
              <dateCreated id="271">2016-01-27 03:34:48</dateCreated>
              <voided>false</voided>
              <tags class="set" id="272"/>
              <conceptNameType>FULLY_SPECIFIED</conceptNameType>
              <localePreferred>true</localePreferred>
            </org.openmrs.ConceptName>
            <org.openmrs.ConceptName id="273" uuid="135452BBBBBBBBBBBBBBBBBBBBBBBBBBBBBB">
              <conceptNameId>30604</conceptNameId>
              <concept reference="261"/>
              <name>CES-D</name>
              <locale id="274">ht</locale>
              <creator/>
              <dateCreated id="275">2016-01-27 03:34:48</dateCreated>
              <voided>false</voided>
              <tags class="set" id="276"/>
              <conceptNameType>FULLY_SPECIFIED</conceptNameType>
              <localePreferred>true</localePreferred>
            </org.openmrs.ConceptName>
            <org.openmrs.ConceptName id="277" uuid="135450BBBBBBBBBBBBBBBBBBBBBBBBBBBBBB">
              <conceptNameId>30605</conceptNameId>
              <concept reference="261"/>
              <name>CES-D score</name>
              <locale id="278">en</locale>
              <creator/>
              <dateCreated id="279">2016-01-27 03:34:48</dateCreated>
              <voided>false</voided>
              <tags class="set" id="280"/>
              <localePreferred>false</localePreferred>
            </org.openmrs.ConceptName>
          </names>
          <answers class="set" id="281"/>
          <conceptSets class="set" id="282"/>
          <descriptions class="set" id="283"/>
          <conceptMappings class="set" id="284">
            <org.openmrs.ConceptMap id="285" uuid="279417ABBBBBBBBBBBBBBBBBBBBBBBBBBBBB">
              <conceptMapType reference="63"/>
              <creator/>
              <dateCreated id="286">2016-01-27 03:34:56</dateCreated>
              <conceptMapId>26110</conceptMapId>
              <concept reference="261"/>
              <conceptReferenceTerm id="287" resolves-to="org.openmrs.ConceptReferenceTerm" uuid="d4c6dc9a-09f7-3eae-b3b7-f49336a46875">
                <creator/>
                <dateCreated id="288">2016-01-26 05:00:00</dateCreated>
                <retired>false</retired>
                <conceptReferenceTermId>25452</conceptReferenceTermId>
                <conceptSource reference="68"/>
                <code>163228</code>
                <conceptReferenceTermMaps id="289"/>
              </conceptReferenceTerm>
            </org.openmrs.ConceptMap>
            <org.openmrs.ConceptMap id="290" uuid="279416ABBBBBBBBBBBBBBBBBBBBBBBBBBBBB">
              <conceptMapType reference="54"/>
              <creator/>
              <dateCreated id="291">2016-01-27 03:34:48</dateCreated>
              <conceptMapId>26111</conceptMapId>
              <concept reference="261"/>
              <conceptReferenceTerm id="292" resolves-to="org.openmrs.ConceptReferenceTerm" uuid="bfdd426b-2f30-3fdb-b8bf-3529ff182a46">
                <creator/>
                <dateCreated id="293">2016-01-26 05:00:00</dateCreated>
                <retired>false</retired>
                <conceptReferenceTermId>25453</conceptReferenceTermId>
                <conceptSource reference="59"/>
                <code>363870007</code>
                <conceptReferenceTermMaps id="294"/>
              </conceptReferenceTerm>
            </org.openmrs.ConceptMap>
          </conceptMappings>
          <hiAbsolute>80.0</hiAbsolute>
          <lowAbsolute>1.0</lowAbsolute>
          <precise>false</precise>
        </concept>
        <conceptSet reference="2"/>
        <sortWeight>7.0</sortWeight>
        <creator/>
        <dateCreated id="295">2016-02-08 18:12:47</dateCreated>
      </org.openmrs.ConceptSet>
      <org.openmrs.ConceptSet id="296" uuid="5fb1911e-f001-4429-9ce6-b063f5b2f6a9">
        <conceptSetId>6378</conceptSetId>
        <concept reference="100"/>
        <conceptSet reference="2"/>
        <sortWeight>3.0</sortWeight>
        <creator/>
        <dateCreated id="297">2016-02-08 18:12:47</dateCreated>
      </org.openmrs.ConceptSet>
      <org.openmrs.ConceptSet id="298" uuid="00438aec-d469-471b-9f4a-044ce7769287">
        <conceptSetId>6381</conceptSetId>
        <concept id="299" resolves-to="org.openmrs.Concept" uuid="163227AAAAAAAAAAAAAAAAAAAAAAAAAAAAAA">
          <conceptId>10591</conceptId>
          <retired>false</retired>
          <datatype id="300" resolves-to="org.openmrs.ConceptDatatype" uuid="8d4a48b6-c2cc-11de-8d13-0010c6dffd0f">
            <name>Coded</name>
            <description>Value determined by term dictionary lookup (i.e., term identifier)</description>
            <creator/>
            <dateCreated id="301">2004-02-02 00:00:00</dateCreated>
            <retired>false</retired>
            <conceptDatatypeId>2</conceptDatatypeId>
            <hl7Abbreviation>CWE</hl7Abbreviation>
          </datatype>
          <conceptClass reference="24"/>
          <set>false</set>
          <creator/>
          <dateCreated id="302">2016-01-26 23:59:31</dateCreated>
          <changedBy/>
          <dateChanged id="303">2016-02-08 18:20:03</dateChanged>
          <names class="set" id="304">
            <org.openmrs.ConceptName id="305" uuid="135448BBBBBBBBBBBBBBBBBBBBBBBBBBBBBB">
              <conceptNameId>30616</conceptNameId>
              <concept reference="299"/>
              <name>Abnormal Involuntary Movement Scale score</name>
              <locale id="306">en</locale>
              <creator/>
              <dateCreated id="307">2016-01-26 23:59:31</dateCreated>
              <voided>false</voided>
              <tags class="set" id="308"/>
              <conceptNameType>FULLY_SPECIFIED</conceptNameType>
              <localePreferred>true</localePreferred>
            </org.openmrs.ConceptName>
            <org.openmrs.ConceptName id="309" uuid="135446BBBBBBBBBBBBBBBBBBBBBBBBBBBBBB">
              <conceptNameId>30617</conceptNameId>
              <concept reference="299"/>
              <name>Echèl Mouvman Anòmal Envolontè</name>
              <locale id="310">ht</locale>
              <creator/>
              <dateCreated id="311">2016-01-26 23:59:31</dateCreated>
              <voided>false</voided>
              <tags class="set" id="312"/>
              <conceptNameType>FULLY_SPECIFIED</conceptNameType>
              <localePreferred>true</localePreferred>
            </org.openmrs.ConceptName>
            <org.openmrs.ConceptName id="313" uuid="135449BBBBBBBBBBBBBBBBBBBBBBBBBBBBBB">
              <conceptNameId>30618</conceptNameId>
              <concept reference="299"/>
              <name>AIMS score</name>
              <locale id="314">en</locale>
              <creator/>
              <dateCreated id="315">2016-01-26 23:59:31</dateCreated>
              <voided>false</voided>
              <tags class="set" id="316"/>
              <conceptNameType>SHORT</conceptNameType>
              <localePreferred>false</localePreferred>
            </org.openmrs.ConceptName>
            <org.openmrs.ConceptName id="317" uuid="135447BBBBBBBBBBBBBBBBBBBBBBBBBBBBBB">
              <conceptNameId>30619</conceptNameId>
              <concept reference="299"/>
              <name>AIMS score</name>
              <locale id="318">fr</locale>
              <creator/>
              <dateCreated id="319">2016-01-26 23:59:31</dateCreated>
              <voided>false</voided>
              <tags class="set" id="320"/>
              <conceptNameType>FULLY_SPECIFIED</conceptNameType>
              <localePreferred>true</localePreferred>
            </org.openmrs.ConceptName>
          </names>
          <answers class="set" id="321">
            <org.openmrs.ConceptAnswer id="322" uuid="5573CCCCCCCCCCCCCCCCCCCCCCCCCCCCCCCC">
              <conceptAnswerId>9389</conceptAnswerId>
              <concept reference="299"/>
              <answerConcept id="323" resolves-to="org.openmrs.Concept" uuid="3cd3a7a2-26fe-102b-80cb-0017a47871b2">
                <conceptId>703</conceptId>
                <retired>false</retired>
                <datatype reference="3"/>
                <conceptClass id="324" resolves-to="org.openmrs.ConceptClass" uuid="8d492774-c2cc-11de-8d13-0010c6dffd0f">
                  <name>Misc</name>
                  <description>Terms which don&apos;t fit other categories</description>
                  <creator/>
                  <dateCreated id="325">2015-07-01 17:25:50</dateCreated>
                  <retired>false</retired>
                  <conceptClassId>11</conceptClassId>
                </conceptClass>
                <set>false</set>
                <creator/>
                <dateCreated id="326">2004-01-01 00:00:00</dateCreated>
                <changedBy/>
                <dateChanged id="327">2016-02-08 18:20:04</dateChanged>
                <names class="set" id="328">
                  <org.openmrs.ConceptName id="329" uuid="108313BBBBBBBBBBBBBBBBBBBBBBBBBBBBBB">
                    <conceptNameId>30609</conceptNameId>
                    <concept reference="323"/>
                    <name>Positiva</name>
                    <locale id="330">es</locale>
                    <creator/>
                    <dateCreated id="331">2012-03-02 22:04:50</dateCreated>
                    <voided>false</voided>
                    <tags class="set" id="332"/>
                    <localePreferred>false</localePreferred>
                  </org.openmrs.ConceptName>
                  <org.openmrs.ConceptName id="333" uuid="0b8f3a98-15f5-102d-96e4-000c29c2a5d7">
                    <conceptNameId>8525</conceptNameId>
                    <concept reference="323"/>
                    <name>+</name>
                    <locale id="334">fr</locale>
                    <creator/>
                    <dateCreated id="335">2009-02-10 14:39:58</dateCreated>
                    <voided>false</voided>
                    <tags class="set" id="336">
                      <org.openmrs.ConceptNameTag id="337" uuid="693ec090-63d8-450b-8b6a-449f58b0066b">
                        <conceptNameTagId>20</conceptNameTagId>
                        <tag>short_fr</tag>
                        <description>short_fr</description>
                        <creator/>
                        <dateCreated id="338">2009-02-05 13:45:25</dateCreated>
                        <voided>false</voided>
                      </org.openmrs.ConceptNameTag>
                    </tags>
                    <localePreferred>false</localePreferred>
                  </org.openmrs.ConceptName>
                  <org.openmrs.ConceptName id="339" uuid="106895BBBBBBBBBBBBBBBBBBBBBBBBBBBBBB">
                    <conceptNameId>30606</conceptNameId>
                    <concept reference="323"/>
                    <name>ኣወንታዊ ውፅኢት መርመራ ወይ ፖዘቲቭ</name>
                    <locale id="340">ti</locale>
                    <creator/>
                    <dateCreated id="341">2010-10-24 19:52:07</dateCreated>
                    <voided>false</voided>
                    <tags class="set" id="342"/>
                    <conceptNameType>FULLY_SPECIFIED</conceptNameType>
                    <localePreferred>true</localePreferred>
                  </org.openmrs.ConceptName>
                  <org.openmrs.ConceptName id="343" uuid="93eaad9e-07d4-102c-b5fa-0017a47871b2">
                    <conceptNameId>6327</conceptNameId>
                    <concept reference="323"/>
                    <name>(+)</name>
                    <locale id="344">en</locale>
                    <creator/>
                    <dateCreated id="345">2004-12-02 00:00:00</dateCreated>
                    <voided>false</voided>
                    <tags class="set" id="346"/>
                    <localePreferred>false</localePreferred>
                  </org.openmrs.ConceptName>
                  <org.openmrs.ConceptName id="347" uuid="3e111b54-26fe-102b-80cb-0017a47871b2">
                    <conceptNameId>718</conceptNameId>
                    <concept reference="323"/>
                    <name>Positive</name>
                    <locale id="348">en</locale>
                    <creator/>
                    <dateCreated id="349">2004-01-01 00:00:00</dateCreated>
                    <voided>false</voided>
                    <tags class="set" id="350"/>
                    <conceptNameType>FULLY_SPECIFIED</conceptNameType>
                    <localePreferred>true</localePreferred>
                  </org.openmrs.ConceptName>
                  <org.openmrs.ConceptName id="351" uuid="108312BBBBBBBBBBBBBBBBBBBBBBBBBBBBBB">
                    <conceptNameId>30608</conceptNameId>
                    <concept reference="323"/>
                    <name>Positivo</name>
                    <locale id="352">es</locale>
                    <creator/>
                    <dateCreated id="353">2012-03-02 22:04:50</dateCreated>
                    <voided>false</voided>
                    <tags class="set" id="354"/>
                    <conceptNameType>FULLY_SPECIFIED</conceptNameType>
                    <localePreferred>true</localePreferred>
                  </org.openmrs.ConceptName>
                  <org.openmrs.ConceptName id="355" uuid="7dc5ec0a-0d37-4da4-bd87-2b01dc0765c8">
                    <conceptNameId>30243</conceptNameId>
                    <concept reference="323"/>
                    <name>Positif</name>
                    <locale id="356">fr</locale>
                    <creator/>
                    <dateCreated id="357">2015-07-29 22:05:40</dateCreated>
                    <voided>false</voided>
                    <tags class="set" id="358"/>
                    <conceptNameType>FULLY_SPECIFIED</conceptNameType>
                    <localePreferred>true</localePreferred>
                  </org.openmrs.ConceptName>
                  <org.openmrs.ConceptName id="359" uuid="110111BBBBBBBBBBBBBBBBBBBBBBBBBBBBBB">
                    <conceptNameId>30611</conceptNameId>
                    <concept reference="323"/>
                    <name>Chanya</name>
                    <locale id="360">sw</locale>
                    <creator/>
                    <dateCreated id="361">2012-08-10 23:13:43</dateCreated>
                    <voided>false</voided>
                    <tags class="set" id="362"/>
                    <conceptNameType>FULLY_SPECIFIED</conceptNameType>
                    <localePreferred>true</localePreferred>
                  </org.openmrs.ConceptName>
                  <org.openmrs.ConceptName id="363" uuid="95638efc-07d4-102c-b5fa-0017a47871b2">
                    <conceptNameId>7458</conceptNameId>
                    <concept reference="323"/>
                    <name>POS</name>
                    <locale id="364">en</locale>
                    <creator/>
                    <dateCreated id="365">2004-10-20 00:00:00</dateCreated>
                    <voided>false</voided>
                    <tags class="set" id="366"/>
                    <localePreferred>false</localePreferred>
                  </org.openmrs.ConceptName>
                  <org.openmrs.ConceptName id="367" uuid="f59b0fe4-d5db-102d-ad2a-000c29c2a5d7">
                    <conceptNameId>10312</conceptNameId>
                    <concept reference="323"/>
                    <name>POSITIF</name>
                    <locale id="368">fr</locale>
                    <creator/>
                    <dateCreated id="369">2010-06-29 13:03:15</dateCreated>
                    <voided>true</voided>
                    <voidedBy/>
                    <dateVoided id="370">2012-06-21 17:04:12</dateVoided>
                    <voidReason>Removed from user interface</voidReason>
                    <tags class="set" id="371"/>
                    <localePreferred>false</localePreferred>
                  </org.openmrs.ConceptName>
                  <org.openmrs.ConceptName id="372" uuid="108315BBBBBBBBBBBBBBBBBBBBBBBBBBBBBB">
                    <conceptNameId>30610</conceptNameId>
                    <concept reference="323"/>
                    <name>+</name>
                    <locale id="373">es</locale>
                    <creator/>
                    <dateCreated id="374">2012-03-02 22:04:50</dateCreated>
                    <voided>false</voided>
                    <tags class="set" id="375"/>
                    <localePreferred>false</localePreferred>
                  </org.openmrs.ConceptName>
                  <org.openmrs.ConceptName id="376" uuid="108314BBBBBBBBBBBBBBBBBBBBBBBBBBBBBB">
                    <conceptNameId>30607</conceptNameId>
                    <concept reference="323"/>
                    <name>POS</name>
                    <locale id="377">es</locale>
                    <creator/>
                    <dateCreated id="378">2012-03-02 22:04:50</dateCreated>
                    <voided>false</voided>
                    <tags class="set" id="379"/>
                    <localePreferred>false</localePreferred>
                  </org.openmrs.ConceptName>
                  <org.openmrs.ConceptName id="380" uuid="0b8f3930-15f5-102d-96e4-000c29c2a5d7">
                    <conceptNameId>8524</conceptNameId>
                    <concept reference="323"/>
                    <name>POSITIF</name>
                    <locale id="381">fr</locale>
                    <creator/>
                    <dateCreated id="382">2009-02-10 14:39:58</dateCreated>
                    <voided>true</voided>
                    <voidedBy/>
                    <dateVoided id="383">2015-07-29 22:05:40</dateVoided>
                    <voidReason>Removed from user interface</voidReason>
                    <tags class="set" id="384"/>
                    <localePreferred>true</localePreferred>
                  </org.openmrs.ConceptName>
                  <org.openmrs.ConceptName id="385" uuid="93eab85c-07d4-102c-b5fa-0017a47871b2">
                    <conceptNameId>6329</conceptNameId>
                    <concept reference="323"/>
                    <name>+</name>
                    <locale id="386">en</locale>
                    <creator/>
                    <dateCreated id="387">2004-12-02 00:00:00</dateCreated>
                    <voided>false</voided>
                    <tags class="set" id="388"/>
                    <localePreferred>false</localePreferred>
                  </org.openmrs.ConceptName>
                  <org.openmrs.ConceptName id="389" uuid="108316BBBBBBBBBBBBBBBBBBBBBBBBBBBBBB">
                    <conceptNameId>30622</conceptNameId>
                    <concept reference="323"/>
                    <name>(+)</name>
                    <locale id="390">es</locale>
                    <creator/>
                    <dateCreated id="391">2012-03-02 22:04:50</dateCreated>
                    <voided>false</voided>
                    <tags class="set" id="392"/>
                    <localePreferred>false</localePreferred>
                  </org.openmrs.ConceptName>
                </names>
                <answers class="set" id="393"/>
                <conceptSets class="set" id="394"/>
                <descriptions class="set" id="395">
                  <org.openmrs.ConceptDescription id="396" uuid="ecdfcb12-07fe-102c-b5fa-0017a47871b2">
                    <conceptDescriptionId>710</conceptDescriptionId>
                    <concept reference="323"/>
                    <description>General finding of a positive result.</description>
                    <locale id="397">en</locale>
                    <creator/>
                    <dateCreated id="398">2004-01-01 00:00:00</dateCreated>
                    <changedBy/>
                    <dateChanged id="399">2011-09-12 21:55:58</dateChanged>
                  </org.openmrs.ConceptDescription>
                  <org.openmrs.ConceptDescription id="400" uuid="703FFFFFFFFFFFFFFFFFFFFFFFFFFFFFFFFF">
                    <conceptDescriptionId>6991</conceptDescriptionId>
                    <concept reference="323"/>
                    <description>General finding of a positive result.</description>
                    <locale id="401">en</locale>
                    <creator/>
                    <dateCreated id="402">2004-01-01 05:00:00</dateCreated>
                    <dateChanged id="403">2012-08-10 23:13:43</dateChanged>
                  </org.openmrs.ConceptDescription>
                </descriptions>
                <conceptMappings class="set" id="404">
                  <org.openmrs.ConceptMap id="405" uuid="171151ABBBBBBBBBBBBBBBBBBBBBBBBBBBBB">
                    <conceptMapType reference="63"/>
                    <creator/>
                    <dateCreated id="406">2013-07-03 22:53:08</dateCreated>
                    <conceptMapId>26115</conceptMapId>
                    <concept reference="323"/>
                    <conceptReferenceTerm id="407" resolves-to="org.openmrs.ConceptReferenceTerm" uuid="afb6a56c-8146-337f-b552-05b713a2a17e">
                      <creator/>
                      <dateCreated id="408">2011-09-12 00:00:00</dateCreated>
                      <changedBy/>
                      <dateChanged id="409">2014-06-13 19:17:37</dateChanged>
                      <retired>false</retired>
                      <conceptReferenceTermId>13198</conceptReferenceTermId>
                      <conceptSource reference="68"/>
                      <code>703</code>
                      <conceptReferenceTermMaps id="410"/>
                    </conceptReferenceTerm>
                  </org.openmrs.ConceptMap>
                  <org.openmrs.ConceptMap id="411" uuid="134410ABBBBBBBBBBBBBBBBBBBBBBBBBBBBB">
                    <conceptMapType reference="63"/>
                    <creator/>
                    <dateCreated id="412">2010-10-24 17:09:59</dateCreated>
                    <conceptMapId>26116</conceptMapId>
                    <concept reference="323"/>
                    <conceptReferenceTerm id="413" resolves-to="org.openmrs.ConceptReferenceTerm" uuid="b44821a5-8cbf-3ce7-a253-e02b3103d7b4">
                      <description>From Excel</description>
                      <creator/>
                      <dateCreated id="414">2010-10-24 00:00:00</dateCreated>
                      <retired>false</retired>
                      <conceptReferenceTermId>13200</conceptReferenceTermId>
                      <conceptSource id="415" resolves-to="org.openmrs.ConceptSource" uuid="13ADDDDDDDDDDDDDDDDDDDDDDDDDDDDDDDDD">
                        <name>AMPATH</name>
                        <description>AMPATH concept dictionary</description>
                        <creator/>
                        <dateCreated id="416">2015-07-01 17:25:50</dateCreated>
                        <retired>false</retired>
                        <conceptSourceId>10</conceptSourceId>
                      </conceptSource>
                      <code>704</code>
                      <conceptReferenceTermMaps id="417"/>
                    </conceptReferenceTerm>
                  </org.openmrs.ConceptMap>
                  <org.openmrs.ConceptMap id="418" uuid="133196ABBBBBBBBBBBBBBBBBBBBBBBBBBBBB">
                    <conceptMapType reference="63"/>
                    <creator/>
                    <changedBy/>
                    <dateCreated id="419">2010-09-20 17:27:10</dateCreated>
                    <dateChanged id="420">2012-06-21 16:49:52</dateChanged>
                    <conceptMapId>13199</conceptMapId>
                    <concept reference="323"/>
                    <conceptReferenceTerm id="421" resolves-to="org.openmrs.ConceptReferenceTerm" uuid="ca183449-7a70-339f-81dd-d4b72cd9d068">
                      <creator/>
                      <dateCreated id="422">2010-09-20 00:00:00</dateCreated>
                      <retired>false</retired>
                      <conceptReferenceTermId>13199</conceptReferenceTermId>
                      <conceptSource reference="161"/>
                      <code>703</code>
                      <conceptReferenceTermMaps id="423"/>
                    </conceptReferenceTerm>
                  </org.openmrs.ConceptMap>
                  <org.openmrs.ConceptMap id="424" uuid="7510c216-4943-102e-96e9-000c29c2a5d7">
                    <conceptMapType reference="63"/>
                    <creator/>
                    <changedBy/>
                    <dateCreated id="425">2010-11-24 12:49:58</dateCreated>
                    <dateChanged id="426">2012-06-21 16:49:52</dateChanged>
                    <conceptMapId>6634</conceptMapId>
                    <concept reference="323"/>
                    <conceptReferenceTerm id="427" resolves-to="org.openmrs.ConceptReferenceTerm" uuid="fd3ec7d5-c4d8-369d-8289-6fe3a1f3af0c">
                      <creator/>
                      <dateCreated id="428">2010-11-24 00:00:00</dateCreated>
                      <retired>false</retired>
                      <conceptReferenceTermId>6634</conceptReferenceTermId>
                      <conceptSource reference="161"/>
                      <code>POSITIVE</code>
                      <conceptReferenceTermMaps id="429"/>
                    </conceptReferenceTerm>
                  </org.openmrs.ConceptMap>
                  <org.openmrs.ConceptMap id="430" uuid="134409ABBBBBBBBBBBBBBBBBBBBBBBBBBBBB">
                    <conceptMapType reference="63"/>
                    <creator/>
                    <dateCreated id="431">2010-10-24 17:09:59</dateCreated>
                    <conceptMapId>26117</conceptMapId>
                    <concept reference="323"/>
                    <conceptReferenceTerm id="432" resolves-to="org.openmrs.ConceptReferenceTerm" uuid="f7ea97d1-9888-3da7-8dfd-68950adb3ffe">
                      <description>From Excel</description>
                      <creator/>
                      <dateCreated id="433">2010-10-24 00:00:00</dateCreated>
                      <retired>false</retired>
                      <conceptReferenceTermId>13201</conceptReferenceTermId>
                      <conceptSource reference="415"/>
                      <code>703</code>
                      <conceptReferenceTermMaps id="434"/>
                    </conceptReferenceTerm>
                  </org.openmrs.ConceptMap>
                  <org.openmrs.ConceptMap id="435" uuid="fe46ee5c-5b68-102e-96e9-000c29c2a5d7">
                    <conceptMapType reference="63"/>
                    <creator/>
                    <changedBy/>
                    <dateCreated id="436">2010-12-17 00:00:00</dateCreated>
                    <dateChanged id="437">2012-06-21 16:49:52</dateChanged>
                    <conceptMapId>11725</conceptMapId>
                    <concept reference="323"/>
                    <conceptReferenceTerm id="438" resolves-to="org.openmrs.ConceptReferenceTerm" uuid="2ed6ffbd-5f7f-3d39-8942-ab68a0618882">
                      <creator/>
                      <dateCreated id="439">2010-12-17 00:00:00</dateCreated>
                      <retired>false</retired>
                      <conceptReferenceTermId>11725</conceptReferenceTermId>
                      <conceptSource id="440" resolves-to="org.openmrs.ConceptSource" uuid="ddb6b595-0b85-4a80-9243-efe4ba404eef">
                        <name>org.openmrs.module.mdrtb</name>
                        <description>Concepts used with the MDR-TB module</description>
                        <creator/>
                        <dateCreated id="441">2015-07-01 17:25:50</dateCreated>
                        <retired>false</retired>
                        <conceptSourceId>4</conceptSourceId>
                      </conceptSource>
                      <code>POSITIVE</code>
                      <conceptReferenceTermMaps id="442"/>
                    </conceptReferenceTerm>
                  </org.openmrs.ConceptMap>
                  <org.openmrs.ConceptMap id="443" uuid="133595ABBBBBBBBBBBBBBBBBBBBBBBBBBBBB">
                    <conceptMapType reference="63"/>
                    <creator/>
                    <changedBy/>
                    <dateCreated id="444">2010-09-20 21:35:38</dateCreated>
                    <dateChanged id="445">2012-06-21 16:49:52</dateChanged>
                    <conceptMapId>13197</conceptMapId>
                    <concept reference="323"/>
                    <conceptReferenceTerm id="446" resolves-to="org.openmrs.ConceptReferenceTerm" uuid="1163db8c-017c-35a8-bcde-00fe8c42fb3c">
                      <creator/>
                      <dateCreated id="447">2010-09-20 00:00:00</dateCreated>
                      <retired>false</retired>
                      <conceptReferenceTermId>13197</conceptReferenceTermId>
                      <conceptSource id="448" resolves-to="org.openmrs.ConceptSource" uuid="1ADDDDDDDDDDDDDDDDDDDDDDDDDDDDDDDDDD">
                        <name>SNOMED CT</name>
                        <description>SNOMED Preferred mapping</description>
                        <creator/>
                        <dateCreated id="449">2015-07-01 17:25:50</dateCreated>
                        <retired>false</retired>
                        <conceptSourceId>6</conceptSourceId>
                        <hl7Code>SCT</hl7Code>
                      </conceptSource>
                      <code>10828004</code>
                      <conceptReferenceTermMaps id="450"/>
                    </conceptReferenceTerm>
                  </org.openmrs.ConceptMap>
                </conceptMappings>
              </answerConcept>
              <creator/>
              <dateCreated id="451">2016-01-26 23:59:31</dateCreated>
              <sortWeight>5573.0</sortWeight>
            </org.openmrs.ConceptAnswer>
            <org.openmrs.ConceptAnswer id="452" uuid="5572CCCCCCCCCCCCCCCCCCCCCCCCCCCCCCCC">
              <conceptAnswerId>9390</conceptAnswerId>
              <concept reference="299"/>
              <answerConcept id="453" resolves-to="org.openmrs.Concept" uuid="3cd28732-26fe-102b-80cb-0017a47871b2">
                <conceptId>664</conceptId>
                <retired>false</retired>
                <datatype reference="3"/>
                <conceptClass reference="324"/>
                <set>false</set>
                <creator/>
                <dateCreated id="454">2004-01-01 00:00:00</dateCreated>
                <changedBy/>
                <dateChanged id="455">2016-02-08 18:20:04</dateChanged>
                <names class="set" id="456">
                  <org.openmrs.ConceptName id="457" uuid="956e89a6-07d4-102c-b5fa-0017a47871b2">
                    <conceptNameId>7281</conceptNameId>
                    <concept reference="453"/>
                    <name>NEG</name>
                    <locale id="458">en</locale>
                    <creator/>
                    <dateCreated id="459">2004-10-20 00:00:00</dateCreated>
                    <voided>false</voided>
                    <tags class="set" id="460"/>
                    <localePreferred>false</localePreferred>
                  </org.openmrs.ConceptName>
                  <org.openmrs.ConceptName id="461" uuid="f5991072-d5db-102d-ad2a-000c29c2a5d7">
                    <conceptNameId>10296</conceptNameId>
                    <concept reference="453"/>
                    <name>NÉGATIF</name>
                    <locale id="462">fr</locale>
                    <creator/>
                    <dateCreated id="463">2010-06-29 13:03:15</dateCreated>
                    <voided>true</voided>
                    <voidedBy/>
                    <dateVoided id="464">2012-06-21 17:02:25</dateVoided>
                    <voidReason>Removed from user interface</voidReason>
                    <tags class="set" id="465"/>
                    <localePreferred>false</localePreferred>
                  </org.openmrs.ConceptName>
                  <org.openmrs.ConceptName id="466" uuid="956e817c-07d4-102c-b5fa-0017a47871b2">
                    <conceptNameId>6333</conceptNameId>
                    <concept reference="453"/>
                    <name>-</name>
                    <locale id="467">en</locale>
                    <creator/>
                    <dateCreated id="468">2004-12-02 00:00:00</dateCreated>
                    <voided>false</voided>
                    <tags class="set" id="469"/>
                    <localePreferred>false</localePreferred>
                  </org.openmrs.ConceptName>
                  <org.openmrs.ConceptName id="470" uuid="108331BBBBBBBBBBBBBBBBBBBBBBBBBBBBBB">
                    <conceptNameId>30615</conceptNameId>
                    <concept reference="453"/>
                    <name>NEG</name>
                    <locale id="471">es</locale>
                    <creator/>
                    <dateCreated id="472">2012-03-04 23:57:43</dateCreated>
                    <voided>false</voided>
                    <tags class="set" id="473"/>
                    <localePreferred>false</localePreferred>
                  </org.openmrs.ConceptName>
                  <org.openmrs.ConceptName id="474" uuid="0b8ecfa4-15f5-102d-96e4-000c29c2a5d7">
                    <conceptNameId>8438</conceptNameId>
                    <concept reference="453"/>
                    <name>NÉGATIF</name>
                    <locale id="475">fr</locale>
                    <creator/>
                    <dateCreated id="476">2009-02-10 14:39:58</dateCreated>
                    <voided>true</voided>
                    <voidedBy/>
                    <dateVoided id="477">2015-07-29 22:11:05</dateVoided>
                    <voidReason>Removed from user interface</voidReason>
                    <tags class="set" id="478"/>
                    <localePreferred>true</localePreferred>
                  </org.openmrs.ConceptName>
                  <org.openmrs.ConceptName id="479" uuid="110112BBBBBBBBBBBBBBBBBBBBBBBBBBBBBB">
                    <conceptNameId>30613</conceptNameId>
                    <concept reference="453"/>
                    <name>Hasi</name>
                    <locale id="480">sw</locale>
                    <creator/>
                    <dateCreated id="481">2012-08-10 23:14:26</dateCreated>
                    <voided>false</voided>
                    <tags class="set" id="482"/>
                    <conceptNameType>FULLY_SPECIFIED</conceptNameType>
                    <localePreferred>true</localePreferred>
                  </org.openmrs.ConceptName>
                  <org.openmrs.ConceptName id="483" uuid="0b5abf52-15f5-102d-96e4-000c29c2a5d7">
                    <conceptNameId>678</conceptNameId>
                    <concept reference="453"/>
                    <name>Negative</name>
                    <locale id="484">en</locale>
                    <creator/>
                    <dateCreated id="485">2004-01-01 00:00:00</dateCreated>
                    <voided>false</voided>
                    <tags class="set" id="486"/>
                    <conceptNameType>FULLY_SPECIFIED</conceptNameType>
                    <localePreferred>true</localePreferred>
                  </org.openmrs.ConceptName>
                  <org.openmrs.ConceptName id="487" uuid="108332BBBBBBBBBBBBBBBBBBBBBBBBBBBBBB">
                    <conceptNameId>30623</conceptNameId>
                    <concept reference="453"/>
                    <name>(-)</name>
                    <locale id="488">es</locale>
                    <creator/>
                    <dateCreated id="489">2012-03-04 23:57:43</dateCreated>
                    <voided>false</voided>
                    <tags class="set" id="490"/>
                    <localePreferred>false</localePreferred>
                  </org.openmrs.ConceptName>
                  <org.openmrs.ConceptName id="491" uuid="108329BBBBBBBBBBBBBBBBBBBBBBBBBBBBBB">
                    <conceptNameId>30614</conceptNameId>
                    <concept reference="453"/>
                    <name>Negativo</name>
                    <locale id="492">es</locale>
                    <creator/>
                    <dateCreated id="493">2012-03-04 23:57:43</dateCreated>
                    <voided>false</voided>
                    <tags class="set" id="494"/>
                    <conceptNameType>FULLY_SPECIFIED</conceptNameType>
                    <localePreferred>true</localePreferred>
                  </org.openmrs.ConceptName>
                  <org.openmrs.ConceptName id="495" uuid="1e975eac-0844-4ff7-965b-4602b842a9a8">
                    <conceptNameId>8439</conceptNameId>
                    <concept reference="453"/>
                    <name>-</name>
                    <locale id="496">fr</locale>
                    <creator/>
                    <dateCreated id="497">2009-02-10 14:39:58</dateCreated>
                    <voided>false</voided>
                    <tags class="set" id="498">
                      <org.openmrs.ConceptNameTag reference="337"/>
                    </tags>
                    <localePreferred>false</localePreferred>
                  </org.openmrs.ConceptName>
                  <org.openmrs.ConceptName id="499" uuid="44a324a8-a771-4357-916e-1463d77b52c9">
                    <conceptNameId>30246</conceptNameId>
                    <concept reference="453"/>
                    <name>Négatif</name>
                    <locale id="500">fr</locale>
                    <creator/>
                    <dateCreated id="501">2015-07-29 22:11:05</dateCreated>
                    <voided>false</voided>
                    <tags class="set" id="502"/>
                    <conceptNameType>FULLY_SPECIFIED</conceptNameType>
                    <localePreferred>true</localePreferred>
                  </org.openmrs.ConceptName>
                  <org.openmrs.ConceptName id="503" uuid="108330BBBBBBBBBBBBBBBBBBBBBBBBBBBBBB">
                    <conceptNameId>30612</conceptNameId>
                    <concept reference="453"/>
                    <name>Negativa</name>
                    <locale id="504">es</locale>
                    <creator/>
                    <dateCreated id="505">2012-03-04 23:57:43</dateCreated>
                    <voided>false</voided>
                    <tags class="set" id="506"/>
                    <localePreferred>false</localePreferred>
                  </org.openmrs.ConceptName>
                  <org.openmrs.ConceptName id="507" uuid="0b7b31ba-15f5-102d-96e4-000c29c2a5d7">
                    <conceptNameId>5448</conceptNameId>
                    <concept reference="453"/>
                    <name>-</name>
                    <locale id="508">en</locale>
                    <creator/>
                    <dateCreated id="509">2004-01-01 00:00:00</dateCreated>
                    <voided>false</voided>
                    <tags class="set" id="510"/>
                    <conceptNameType>SHORT</conceptNameType>
                    <localePreferred>false</localePreferred>
                  </org.openmrs.ConceptName>
                  <org.openmrs.ConceptName id="511" uuid="956e8582-07d4-102c-b5fa-0017a47871b2">
                    <conceptNameId>6328</conceptNameId>
                    <concept reference="453"/>
                    <name>(-)</name>
                    <locale id="512">en</locale>
                    <creator/>
                    <dateCreated id="513">2004-12-02 00:00:00</dateCreated>
                    <voided>false</voided>
                    <tags class="set" id="514"/>
                    <localePreferred>false</localePreferred>
                  </org.openmrs.ConceptName>
                </names>
                <answers class="set" id="515"/>
                <conceptSets class="set" id="516"/>
                <descriptions class="set" id="517">
                  <org.openmrs.ConceptDescription id="518" uuid="ed1fe21a-07fe-102c-b5fa-0017a47871b2">
                    <conceptDescriptionId>671</conceptDescriptionId>
                    <concept reference="453"/>
                    <description>Response to a finding or test result.</description>
                    <locale id="519">en</locale>
                    <creator/>
                    <dateCreated id="520">2004-01-01 00:00:00</dateCreated>
                    <changedBy/>
                    <dateChanged id="521">2011-09-12 21:55:58</dateChanged>
                  </org.openmrs.ConceptDescription>
                  <org.openmrs.ConceptDescription id="522" uuid="664FFFFFFFFFFFFFFFFFFFFFFFFFFFFFFFFF">
                    <conceptDescriptionId>6992</conceptDescriptionId>
                    <concept reference="453"/>
                    <description>Response to a finding or test result.</description>
                    <locale id="523">en</locale>
                    <creator/>
                    <dateCreated id="524">2004-01-01 05:00:00</dateCreated>
                    <dateChanged id="525">2012-08-10 23:14:26</dateChanged>
                  </org.openmrs.ConceptDescription>
                </descriptions>
                <conceptMappings class="set" id="526">
                  <org.openmrs.ConceptMap id="527" uuid="134375ABBBBBBBBBBBBBBBBBBBBBBBBBBBBB">
                    <conceptMapType reference="63"/>
                    <creator/>
                    <dateCreated id="528">2010-10-24 17:09:59</dateCreated>
                    <conceptMapId>26118</conceptMapId>
                    <concept reference="453"/>
                    <conceptReferenceTerm id="529" resolves-to="org.openmrs.ConceptReferenceTerm" uuid="60a6399e-3b1b-35f7-ba68-6ee53827d969">
                      <description>From Excel</description>
                      <creator/>
                      <dateCreated id="530">2010-10-24 00:00:00</dateCreated>
                      <retired>false</retired>
                      <conceptReferenceTermId>13193</conceptReferenceTermId>
                      <conceptSource reference="415"/>
                      <code>664</code>
                      <conceptReferenceTermMaps id="531"/>
                    </conceptReferenceTerm>
                  </org.openmrs.ConceptMap>
                  <org.openmrs.ConceptMap id="532" uuid="fe46dbc4-5b68-102e-96e9-000c29c2a5d7">
                    <conceptMapType reference="63"/>
                    <creator/>
                    <changedBy/>
                    <dateCreated id="533">2010-12-17 00:00:00</dateCreated>
                    <dateChanged id="534">2012-06-21 16:49:52</dateChanged>
                    <conceptMapId>11724</conceptMapId>
                    <concept reference="453"/>
                    <conceptReferenceTerm id="535" resolves-to="org.openmrs.ConceptReferenceTerm" uuid="0e2a38d2-5754-3f76-8ac1-0fbbe4f616d3">
                      <creator/>
                      <dateCreated id="536">2010-12-17 00:00:00</dateCreated>
                      <retired>false</retired>
                      <conceptReferenceTermId>11724</conceptReferenceTermId>
                      <conceptSource reference="440"/>
                      <code>NEGATIVE</code>
                      <conceptReferenceTermMaps id="537"/>
                    </conceptReferenceTerm>
                  </org.openmrs.ConceptMap>
                  <org.openmrs.ConceptMap id="538" uuid="134376ABBBBBBBBBBBBBBBBBBBBBBBBBBBBB">
                    <conceptMapType reference="63"/>
                    <creator/>
                    <dateCreated id="539">2010-10-24 17:09:59</dateCreated>
                    <conceptMapId>26119</conceptMapId>
                    <concept reference="453"/>
                    <conceptReferenceTerm id="540" resolves-to="org.openmrs.ConceptReferenceTerm" uuid="468974d1-05ed-3ff2-9db9-7f5b3a8d35fa">
                      <description>From Excel</description>
                      <creator/>
                      <dateCreated id="541">2010-10-24 00:00:00</dateCreated>
                      <retired>false</retired>
                      <conceptReferenceTermId>13196</conceptReferenceTermId>
                      <conceptSource reference="415"/>
                      <code>665</code>
                      <conceptReferenceTermMaps id="542"/>
                    </conceptReferenceTerm>
                  </org.openmrs.ConceptMap>
                  <org.openmrs.ConceptMap id="543" uuid="75106924-4943-102e-96e9-000c29c2a5d7">
                    <conceptMapType reference="63"/>
                    <creator/>
                    <changedBy/>
                    <dateCreated id="544">2010-11-24 12:49:58</dateCreated>
                    <dateChanged id="545">2012-06-21 16:49:52</dateChanged>
                    <conceptMapId>6595</conceptMapId>
                    <concept reference="453"/>
                    <conceptReferenceTerm id="546" resolves-to="org.openmrs.ConceptReferenceTerm" uuid="85d6acb1-980d-32fc-a552-5d5bf1b8135b">
                      <creator/>
                      <dateCreated id="547">2010-11-24 00:00:00</dateCreated>
                      <retired>false</retired>
                      <conceptReferenceTermId>6595</conceptReferenceTermId>
                      <conceptSource reference="161"/>
                      <code>NEGATIVE</code>
                      <conceptReferenceTermMaps id="548"/>
                    </conceptReferenceTerm>
                  </org.openmrs.ConceptMap>
                  <org.openmrs.ConceptMap id="549" uuid="143587ABBBBBBBBBBBBBBBBBBBBBBBBBBBBB">
                    <conceptMapType reference="63"/>
                    <creator/>
                    <changedBy/>
                    <dateCreated id="550">2011-05-17 16:43:33</dateCreated>
                    <dateChanged id="551">2012-06-21 16:49:52</dateChanged>
                    <conceptMapId>13192</conceptMapId>
                    <concept reference="453"/>
                    <conceptReferenceTerm id="552" resolves-to="org.openmrs.ConceptReferenceTerm" uuid="2676fd8d-8614-36de-8cc0-0864af2eb7e2">
                      <creator/>
                      <dateCreated id="553">2011-05-17 00:00:00</dateCreated>
                      <retired>false</retired>
                      <conceptReferenceTermId>13192</conceptReferenceTermId>
                      <conceptSource reference="161"/>
                      <code>664</code>
                      <conceptReferenceTermMaps id="554"/>
                    </conceptReferenceTerm>
                  </org.openmrs.ConceptMap>
                  <org.openmrs.ConceptMap id="555" uuid="133725ABBBBBBBBBBBBBBBBBBBBBBBBBBBBB">
                    <conceptMapType reference="63"/>
                    <creator/>
                    <changedBy/>
                    <dateCreated id="556">2010-09-30 14:37:19</dateCreated>
                    <dateChanged id="557">2012-06-21 16:49:52</dateChanged>
                    <conceptMapId>13195</conceptMapId>
                    <concept reference="453"/>
                    <conceptReferenceTerm id="558" resolves-to="org.openmrs.ConceptReferenceTerm" uuid="2521d33d-9a07-3c19-8fa8-3f9daac9dab9">
                      <creator/>
                      <dateCreated id="559">2010-09-30 00:00:00</dateCreated>
                      <retired>false</retired>
                      <conceptReferenceTermId>13195</conceptReferenceTermId>
                      <conceptSource reference="448"/>
                      <code>260385009</code>
                      <conceptReferenceTermMaps id="560"/>
                    </conceptReferenceTerm>
                  </org.openmrs.ConceptMap>
                </conceptMappings>
              </answerConcept>
              <creator/>
              <dateCreated id="561">2016-01-26 23:59:31</dateCreated>
              <sortWeight>5572.0</sortWeight>
            </org.openmrs.ConceptAnswer>
          </answers>
          <conceptSets class="set" id="562"/>
          <descriptions class="set" id="563">
            <org.openmrs.ConceptDescription id="564" uuid="17647FFFFFFFFFFFFFFFFFFFFFFFFFFFFFFF">
              <conceptDescriptionId>6990</conceptDescriptionId>
              <concept reference="299"/>
              <description>The AIMS Score is used to monitor persons taking antispychotic medications and provides a method for on-going surveillance.</description>
              <locale id="565">en</locale>
              <creator/>
              <dateCreated id="566">2016-01-26 23:59:31</dateCreated>
              <dateChanged id="567">2016-01-26 23:59:43</dateChanged>
            </org.openmrs.ConceptDescription>
          </descriptions>
          <conceptMappings class="set" id="568">
            <org.openmrs.ConceptMap id="569" uuid="279415ABBBBBBBBBBBBBBBBBBBBBBBBBBBBB">
              <conceptMapType reference="63"/>
              <creator/>
              <dateCreated id="570">2016-01-26 23:59:43</dateCreated>
              <conceptMapId>26112</conceptMapId>
              <concept reference="299"/>
              <conceptReferenceTerm id="571" resolves-to="org.openmrs.ConceptReferenceTerm" uuid="7e5ec947-8ab3-36bc-8f1f-81ebd79913df">
                <creator/>
                <dateCreated id="572">2016-01-26 05:00:00</dateCreated>
                <retired>false</retired>
                <conceptReferenceTermId>25454</conceptReferenceTermId>
                <conceptSource reference="68"/>
                <code>163227</code>
                <conceptReferenceTermMaps id="573"/>
              </conceptReferenceTerm>
            </org.openmrs.ConceptMap>
            <org.openmrs.ConceptMap id="574" uuid="279414ABBBBBBBBBBBBBBBBBBBBBBBBBBBBB">
              <conceptMapType reference="54"/>
              <creator/>
              <dateCreated id="575">2016-01-26 23:59:31</dateCreated>
              <conceptMapId>26113</conceptMapId>
              <concept reference="299"/>
              <conceptReferenceTerm id="576" resolves-to="org.openmrs.ConceptReferenceTerm" uuid="0c3ae2c6-84fe-3ae8-86e4-1413eb56f49d">
                <creator/>
                <dateCreated id="577">2016-01-26 05:00:00</dateCreated>
                <retired>false</retired>
                <conceptReferenceTermId>25455</conceptReferenceTermId>
                <conceptSource reference="59"/>
                <code>273256000</code>
                <conceptReferenceTermMaps id="578"/>
              </conceptReferenceTerm>
            </org.openmrs.ConceptMap>
            <org.openmrs.ConceptMap id="579" uuid="279413ABBBBBBBBBBBBBBBBBBBBBBBBBBBBB">
              <conceptMapType reference="54"/>
              <creator/>
              <dateCreated id="580">2016-01-26 23:59:31</dateCreated>
              <conceptMapId>26114</conceptMapId>
              <concept reference="299"/>
              <conceptReferenceTerm id="581" resolves-to="org.openmrs.ConceptReferenceTerm" uuid="69d003ab-46cb-332f-b028-37a430ed18c1">
                <creator/>
                <dateCreated id="582">2015-02-27 05:00:00</dateCreated>
                <retired>false</retired>
                <conceptReferenceTermId>25456</conceptReferenceTermId>
                <conceptSource reference="59"/>
                <code>363788007</code>
                <conceptReferenceTermMaps id="583"/>
              </conceptReferenceTerm>
            </org.openmrs.ConceptMap>
          </conceptMappings>
        </concept>
        <conceptSet reference="2"/>
        <sortWeight>6.0</sortWeight>
        <creator/>
        <dateCreated id="584">2016-02-08 18:12:47</dateCreated>
      </org.openmrs.ConceptSet>
      <org.openmrs.ConceptSet id="585" uuid="5f8cd290-6f40-4493-bbfd-888a55bda8fa">
        <conceptSetId>6380</conceptSetId>
        <concept reference="168"/>
        <conceptSet reference="2"/>
        <sortWeight>2.0</sortWeight>
        <creator/>
        <dateCreated id="586">2016-02-08 18:12:47</dateCreated>
      </org.openmrs.ConceptSet>
    </conceptSets>
    <descriptions class="set" id="587"/>
    <conceptMappings class="set" id="588"/>
  </org.openmrs.Concept>
  <org.openmrs.Concept id="589" uuid="0dc5a9c6-eaef-4021-9e56-a26f45fc6316">
    <conceptId>10594</conceptId>
    <retired>false</retired>
    <datatype reference="300"/>
    <conceptClass id="590" resolves-to="org.openmrs.ConceptClass" uuid="8d4918b0-c2cc-11de-8d13-0010c6dffd0f">
      <name>Diagnosis</name>
      <description>Conclusion drawn through findings</description>
      <creator/>
      <dateCreated id="591">2015-07-01 17:25:50</dateCreated>
      <retired>false</retired>
      <conceptClassId>4</conceptClassId>
    </conceptClass>
    <set>false</set>
    <creator/>
    <dateCreated id="592">2016-02-12 23:44:15</dateCreated>
    <changedBy/>
    <dateChanged id="593">2016-02-12 23:44:46</dateChanged>
    <names class="set" id="594">
      <org.openmrs.ConceptName id="595" uuid="7943df7e-4148-40c0-881c-f725b6519f2b">
        <conceptNameId>30634</conceptNameId>
        <concept reference="589"/>
        <name>Mental health diagnosis</name>
        <locale id="596">en</locale>
        <creator/>
        <dateCreated id="597">2016-02-12 23:44:15</dateCreated>
        <voided>false</voided>
        <tags class="set" id="598"/>
        <conceptNameType>FULLY_SPECIFIED</conceptNameType>
        <localePreferred>true</localePreferred>
      </org.openmrs.ConceptName>
    </names>
    <answers class="set" id="599"/>
    <conceptSets class="set" id="600"/>
    <descriptions class="set" id="601">
      <org.openmrs.ConceptDescription id="602" uuid="9fbc561c-557b-4023-a6ce-e07949002cac">
        <conceptDescriptionId>6994</conceptDescriptionId>
        <concept reference="589"/>
        <description>Mental health diagnosis</description>
        <locale id="603">en</locale>
        <creator/>
        <dateCreated id="604">2016-02-12 23:44:15</dateCreated>
      </org.openmrs.ConceptDescription>
    </descriptions>
    <conceptMappings class="set" id="605">
      <org.openmrs.ConceptMap id="606" uuid="187fff4b-099b-4555-8dd5-3e93b8523ee8">
        <conceptMapType reference="63"/>
        <creator/>
        <dateCreated id="607">2016-02-12 23:44:46</dateCreated>
        <conceptMapId>26128</conceptMapId>
        <concept reference="589"/>
        <conceptReferenceTerm id="608" resolves-to="org.openmrs.ConceptReferenceTerm" uuid="5354e3d1-f20d-4138-85d9-e181db65e1d0">
          <creator/>
          <dateCreated id="609">2016-02-12 23:44:33</dateCreated>
          <retired>false</retired>
          <conceptReferenceTermId>25466</conceptReferenceTermId>
          <conceptSource reference="161"/>
          <code>10594</code>
          <conceptReferenceTermMaps id="610"/>
        </conceptReferenceTerm>
      </org.openmrs.ConceptMap>
      <org.openmrs.ConceptMap id="611" uuid="f9ff8f5c-3d32-47f8-8f86-438e6b4ccb9a">
        <conceptMapType reference="63"/>
        <creator/>
        <dateCreated id="612">2016-02-12 23:44:15</dateCreated>
        <conceptMapId>26127</conceptMapId>
        <concept reference="589"/>
        <conceptReferenceTerm id="613" resolves-to="org.openmrs.ConceptReferenceTerm" uuid="e3862fd6-257c-4d07-94ee-ab01d87c63ad">
          <creator/>
          <dateCreated id="614">2016-02-12 23:43:53</dateCreated>
          <retired>false</retired>
          <conceptReferenceTermId>25465</conceptReferenceTermId>
          <conceptSource reference="161"/>
          <code>Mental health diagnosis</code>
          <conceptReferenceTermMaps id="615"/>
        </conceptReferenceTerm>
      </org.openmrs.ConceptMap>
    </conceptMappings>
  </org.openmrs.Concept>
</list>
