<?xml version="1.0" encoding="UTF-8"?>
<package id="1" uuid="7d8460da-32f2-4a67-9515-103dae107222">
  <dateCreated id="2">2017-04-17 14:20:44</dateCreated>
  <name>PIH_Pediatric_Feeding</name>
  <description>Set of concepts used in PIH Primary Care Pediatric Feeding Form</description>
  <openmrsVersion>1.10.4  Build 76cba1</openmrsVersion>
  <version>5</version>
  <groupUuid>92625824-de8e-4c7a-a141-55e9cb43b205</groupUuid>
  <modules id="3">
    <entry>
      <string>uilibrary</string>
      <string>1.5</string>
    </entry>
    <entry>
      <string>providermanagement</string>
      <string>2.5.1-SNAPSHOT</string>
    </entry>
    <entry>
      <string>uiframework</string>
      <string>3.10.1-SNAPSHOT</string>
    </entry>
    <entry>
      <string>webservices.rest</string>
      <string>2.18.0.206531</string>
    </entry>
    <entry>
      <string>idgen</string>
      <string>4.4.0</string>
    </entry>
    <entry>
      <string>htmlformentry</string>
      <string>3.3.2</string>
    </entry>
    <entry>
      <string>metadatamapping</string>
      <string>1.3.2-SNAPSHOT</string>
    </entry>
    <entry>
      <string>metadatasharing</string>
      <string>1.2.2</string>
    </entry>
    <entry>
      <string>serialization.xstream</string>
      <string>0.2.12</string>
    </entry>
  </modules>
  <items class="linked-hash-set" id="4">
    <org.openmrs.module.metadatasharing.Item id="5" uuid="f97e0c5b-889a-4249-b22a-3a247bf19a74">
      <id>10563</id>
      <classname>org.openmrs.Concept</classname>
      <dateChanged id="6">2016-09-01 17:28:08</dateChanged>
      <retired>false</retired>
    </org.openmrs.module.metadatasharing.Item>
    <org.openmrs.module.metadatasharing.Item id="7" uuid="7f32715f-b2cd-4058-9663-1ba7a0bd2d42">
      <id>10567</id>
      <classname>org.openmrs.Concept</classname>
      <dateChanged id="8">2015-11-02 22:34:52</dateChanged>
      <retired>false</retired>
    </org.openmrs.module.metadatasharing.Item>
  </items>
  <relatedItems class="linked-hash-set" id="9">
    <org.openmrs.module.metadatasharing.Item id="10" uuid="8d4a4c94-c2cc-11de-8d13-0010c6dffd0f">
      <id>4</id>
      <classname>org.openmrs.ConceptDatatype</classname>
      <dateChanged id="11">2004-02-02 05:00:00</dateChanged>
      <retired>false</retired>
    </org.openmrs.module.metadatasharing.Item>
    <org.openmrs.module.metadatasharing.Item id="12" uuid="8d492594-c2cc-11de-8d13-0010c6dffd0f">
      <id>10</id>
      <classname>org.openmrs.ConceptClass</classname>
      <dateChanged id="13">2015-07-01 17:25:50</dateChanged>
      <retired>false</retired>
    </org.openmrs.module.metadatasharing.Item>
    <org.openmrs.module.metadatasharing.Item id="14" uuid="6a3fd147-fa02-4dc1-8a21-6d4db68a3717">
      <id>30466</id>
      <classname>org.openmrs.ConceptName</classname>
      <dateChanged id="15">2015-10-30 19:51:27</dateChanged>
    </org.openmrs.module.metadatasharing.Item>
    <org.openmrs.module.metadatasharing.Item id="16" uuid="d6b6577e-b041-466f-9377-018c2f02003b">
      <id>31390</id>
      <classname>org.openmrs.ConceptName</classname>
      <dateChanged id="17">2016-09-01 17:28:08</dateChanged>
    </org.openmrs.module.metadatasharing.Item>
    <org.openmrs.module.metadatasharing.Item id="18" uuid="cc5c030a-3ad5-48c1-bbae-9badc6ae7b8d">
      <id>6324</id>
      <classname>org.openmrs.ConceptSet</classname>
      <dateChanged id="19">2015-10-30 19:51:27</dateChanged>
    </org.openmrs.module.metadatasharing.Item>
    <org.openmrs.module.metadatasharing.Item id="20" uuid="3cedd4ec-26fe-102b-80cb-0017a47871b2">
      <id>5526</id>
      <classname>org.openmrs.Concept</classname>
      <dateChanged id="21">2017-04-14 17:07:38</dateChanged>
      <retired>false</retired>
    </org.openmrs.module.metadatasharing.Item>
    <org.openmrs.module.metadatasharing.Item id="22" uuid="8d4a48b6-c2cc-11de-8d13-0010c6dffd0f">
      <id>2</id>
      <classname>org.openmrs.ConceptDatatype</classname>
      <dateChanged id="23">2004-02-02 05:00:00</dateChanged>
      <retired>false</retired>
    </org.openmrs.module.metadatasharing.Item>
    <org.openmrs.module.metadatasharing.Item id="24" uuid="8d491a9a-c2cc-11de-8d13-0010c6dffd0f">
      <id>5</id>
      <classname>org.openmrs.ConceptClass</classname>
      <dateChanged id="25">2015-07-01 17:25:50</dateChanged>
      <retired>false</retired>
    </org.openmrs.module.metadatasharing.Item>
    <org.openmrs.module.metadatasharing.Item id="26" uuid="84a5dca8-7fa4-4ead-94c6-b3a4ae7722e9">
      <id>31384</id>
      <classname>org.openmrs.ConceptName</classname>
      <dateChanged id="27">2016-09-01 17:22:32</dateChanged>
    </org.openmrs.module.metadatasharing.Item>
    <org.openmrs.module.metadatasharing.Item id="28" uuid="f7664460-d5db-102d-ad2a-000c29c2a5d7">
      <id>13735</id>
      <classname>org.openmrs.ConceptName</classname>
      <dateChanged id="29">2016-09-01 17:22:32</dateChanged>
    </org.openmrs.module.metadatasharing.Item>
    <org.openmrs.module.metadatasharing.Item id="30" uuid="7a1c4355-bf36-4456-8d45-7a9fe49913c2">
      <id>33153</id>
      <classname>org.openmrs.ConceptName</classname>
      <dateChanged id="31">2017-04-14 17:06:47</dateChanged>
    </org.openmrs.module.metadatasharing.Item>
    <org.openmrs.module.metadatasharing.Item id="32" uuid="bba43649-c6a0-49f6-8774-ae723c5e940b">
      <id>31385</id>
      <classname>org.openmrs.ConceptName</classname>
      <dateChanged id="33">2016-09-01 17:22:32</dateChanged>
    </org.openmrs.module.metadatasharing.Item>
    <org.openmrs.module.metadatasharing.Item id="34" uuid="3e3fc990-26fe-102b-80cb-0017a47871b2">
      <id>3895</id>
      <classname>org.openmrs.ConceptName</classname>
      <dateChanged id="35">2004-08-12 00:00:00</dateChanged>
    </org.openmrs.module.metadatasharing.Item>
    <org.openmrs.module.metadatasharing.Item id="36" uuid="ed181350-07fe-102c-b5fa-0017a47871b2">
      <id>3328</id>
      <classname>org.openmrs.ConceptDescription</classname>
      <dateChanged id="37">2004-08-12 00:00:00</dateChanged>
    </org.openmrs.module.metadatasharing.Item>
    <org.openmrs.module.metadatasharing.Item id="38" uuid="b295bf54-4864-102e-96e9-000c29c2a5d7">
      <id>4597</id>
      <classname>org.openmrs.ConceptMap</classname>
      <dateChanged id="39">2012-06-21 16:49:52</dateChanged>
    </org.openmrs.module.metadatasharing.Item>
    <org.openmrs.module.metadatasharing.Item id="40" uuid="35543629-7d8c-11e1-909d-c80aa9edcf4e">
      <id>1</id>
      <classname>org.openmrs.ConceptMapType</classname>
      <dateChanged id="41">2012-06-21 00:00:00</dateChanged>
      <retired>false</retired>
    </org.openmrs.module.metadatasharing.Item>
    <org.openmrs.module.metadatasharing.Item id="42" uuid="93049780-b3d4-3b67-ace9-0dd7a1b2cff6">
      <id>4597</id>
      <classname>org.openmrs.ConceptReferenceTerm</classname>
      <dateChanged id="43">2010-11-23 00:00:00</dateChanged>
      <retired>false</retired>
    </org.openmrs.module.metadatasharing.Item>
    <org.openmrs.module.metadatasharing.Item id="44" uuid="fb9aaaf1-65e2-4c18-b53c-16b575f2f385">
      <id>5</id>
      <classname>org.openmrs.ConceptSource</classname>
      <dateChanged id="45">2015-07-01 17:25:50</dateChanged>
      <retired>false</retired>
    </org.openmrs.module.metadatasharing.Item>
    <org.openmrs.module.metadatasharing.Item id="46" uuid="0771c5cd-9d63-4a6d-a6ef-91bfd2ea99b1">
      <id>28063</id>
      <classname>org.openmrs.ConceptMap</classname>
      <dateChanged id="47">2017-04-14 17:06:47</dateChanged>
    </org.openmrs.module.metadatasharing.Item>
    <org.openmrs.module.metadatasharing.Item id="48" uuid="511b321f-6ff5-4e55-a083-70bc52f90344">
      <id>27497</id>
      <classname>org.openmrs.ConceptReferenceTerm</classname>
      <dateChanged id="49">2017-04-14 17:06:09</dateChanged>
      <retired>false</retired>
    </org.openmrs.module.metadatasharing.Item>
    <org.openmrs.module.metadatasharing.Item id="50" uuid="21ADDDDDDDDDDDDDDDDDDDDDDDDDDDDDDDDD">
      <id>29</id>
      <classname>org.openmrs.ConceptSource</classname>
      <dateChanged id="51">2015-07-01 17:25:50</dateChanged>
      <retired>false</retired>
    </org.openmrs.module.metadatasharing.Item>
    <org.openmrs.module.metadatasharing.Item id="52" uuid="75a98032-4943-102e-96e9-000c29c2a5d7">
      <id>10294</id>
      <classname>org.openmrs.ConceptMap</classname>
      <dateChanged id="53">2012-06-21 16:49:52</dateChanged>
    </org.openmrs.module.metadatasharing.Item>
    <org.openmrs.module.metadatasharing.Item id="54" uuid="87444a48-7ff1-3d68-98a5-5e9620956477">
      <id>10294</id>
      <classname>org.openmrs.ConceptReferenceTerm</classname>
      <dateChanged id="55">2010-11-24 00:00:00</dateChanged>
      <retired>false</retired>
    </org.openmrs.module.metadatasharing.Item>
    <org.openmrs.module.metadatasharing.Item id="56" uuid="2e1ac29c-7b72-4305-843b-3c3fd416718c">
      <id>6325</id>
      <classname>org.openmrs.ConceptSet</classname>
      <dateChanged id="57">2015-10-30 19:51:27</dateChanged>
    </org.openmrs.module.metadatasharing.Item>
    <org.openmrs.module.metadatasharing.Item id="58" uuid="3ceb2c7e-26fe-102b-80cb-0017a47871b2">
      <id>5254</id>
      <classname>org.openmrs.Concept</classname>
      <dateChanged id="59">2017-04-14 16:36:32</dateChanged>
      <retired>false</retired>
    </org.openmrs.module.metadatasharing.Item>
    <org.openmrs.module.metadatasharing.Item id="60" uuid="8d490dfc-c2cc-11de-8d13-0010c6dffd0f">
      <id>3</id>
      <classname>org.openmrs.ConceptClass</classname>
      <dateChanged id="61">2015-07-01 17:25:50</dateChanged>
      <retired>false</retired>
    </org.openmrs.module.metadatasharing.Item>
    <org.openmrs.module.metadatasharing.Item id="62" uuid="3e3cf080-26fe-102b-80cb-0017a47871b2">
      <id>3621</id>
      <classname>org.openmrs.ConceptName</classname>
      <dateChanged id="63">2004-08-12 00:00:00</dateChanged>
    </org.openmrs.module.metadatasharing.Item>
    <org.openmrs.module.metadatasharing.Item id="64" uuid="f759fc82-d5db-102d-ad2a-000c29c2a5d7">
      <id>13678</id>
      <classname>org.openmrs.ConceptName</classname>
      <dateChanged id="65">2016-09-01 17:24:20</dateChanged>
    </org.openmrs.module.metadatasharing.Item>
    <org.openmrs.module.metadatasharing.Item id="66" uuid="551398a7-e222-40c1-b4f4-753510cd0a59">
      <id>33142</id>
      <classname>org.openmrs.ConceptName</classname>
      <dateChanged id="67">2017-04-14 16:36:32</dateChanged>
    </org.openmrs.module.metadatasharing.Item>
    <org.openmrs.module.metadatasharing.Item id="68" uuid="f95053fa-fccc-4786-bbe1-afc6c7166784">
      <id>33143</id>
      <classname>org.openmrs.ConceptName</classname>
      <dateChanged id="69">2017-04-14 16:36:32</dateChanged>
    </org.openmrs.module.metadatasharing.Item>
    <org.openmrs.module.metadatasharing.Item id="70" uuid="e5f2c34d-f225-4c1a-b0ec-86eb89a236a4">
      <id>31386</id>
      <classname>org.openmrs.ConceptName</classname>
      <dateChanged id="71">2016-09-01 17:24:20</dateChanged>
    </org.openmrs.module.metadatasharing.Item>
    <org.openmrs.module.metadatasharing.Item id="72" uuid="8275929e-4505-4abd-a0c1-6091278ffdea">
      <id>31387</id>
      <classname>org.openmrs.ConceptName</classname>
      <dateChanged id="73">2016-09-01 17:24:20</dateChanged>
    </org.openmrs.module.metadatasharing.Item>
    <org.openmrs.module.metadatasharing.Item id="74" uuid="ed14b9f8-07fe-102c-b5fa-0017a47871b2">
      <id>3056</id>
      <classname>org.openmrs.ConceptDescription</classname>
      <dateChanged id="75">2004-08-12 00:00:00</dateChanged>
    </org.openmrs.module.metadatasharing.Item>
    <org.openmrs.module.metadatasharing.Item id="76" uuid="75a7ec72-4943-102e-96e9-000c29c2a5d7">
      <id>10032</id>
      <classname>org.openmrs.ConceptMap</classname>
      <dateChanged id="77">2012-06-21 16:49:52</dateChanged>
    </org.openmrs.module.metadatasharing.Item>
    <org.openmrs.module.metadatasharing.Item id="78" uuid="f9487836-047d-3a26-a4e9-c8b6f78c422d">
      <id>10032</id>
      <classname>org.openmrs.ConceptReferenceTerm</classname>
      <dateChanged id="79">2010-11-24 00:00:00</dateChanged>
      <retired>false</retired>
    </org.openmrs.module.metadatasharing.Item>
    <org.openmrs.module.metadatasharing.Item id="80" uuid="dec3db59-bdd7-4c9a-9257-4d3f3e8d4d7c">
      <id>28056</id>
      <classname>org.openmrs.ConceptMap</classname>
      <dateChanged id="81">2017-04-14 16:36:32</dateChanged>
    </org.openmrs.module.metadatasharing.Item>
    <org.openmrs.module.metadatasharing.Item id="82" uuid="8108a401-0450-4569-9e09-f91e13384b96">
      <id>27491</id>
      <classname>org.openmrs.ConceptReferenceTerm</classname>
      <dateChanged id="83">2017-04-14 16:35:40</dateChanged>
      <retired>false</retired>
    </org.openmrs.module.metadatasharing.Item>
    <org.openmrs.module.metadatasharing.Item id="84" uuid="b79578fa-c693-4a60-99f0-8d50d1b88bf3">
      <id>28057</id>
      <classname>org.openmrs.ConceptMap</classname>
      <dateChanged id="85">2017-04-14 16:36:32</dateChanged>
    </org.openmrs.module.metadatasharing.Item>
    <org.openmrs.module.metadatasharing.Item id="86" uuid="07991daf-b5b1-45c9-9114-cfed0dbf10b8">
      <id>27490</id>
      <classname>org.openmrs.ConceptReferenceTerm</classname>
      <dateChanged id="87">2017-04-14 16:35:32</dateChanged>
      <retired>false</retired>
    </org.openmrs.module.metadatasharing.Item>
    <org.openmrs.module.metadatasharing.Item id="88" uuid="1ADDDDDDDDDDDDDDDDDDDDDDDDDDDDDDDDDD">
      <id>6</id>
      <classname>org.openmrs.ConceptSource</classname>
      <dateChanged id="89">2015-07-01 17:25:50</dateChanged>
      <retired>false</retired>
    </org.openmrs.module.metadatasharing.Item>
    <org.openmrs.module.metadatasharing.Item id="90" uuid="b2938f86-4864-102e-96e9-000c29c2a5d7">
      <id>4325</id>
      <classname>org.openmrs.ConceptMap</classname>
      <dateChanged id="91">2012-06-21 16:49:52</dateChanged>
    </org.openmrs.module.metadatasharing.Item>
    <org.openmrs.module.metadatasharing.Item id="92" uuid="5e3e22d0-1f62-3d71-bb62-ea5d3f2df6c3">
      <id>4325</id>
      <classname>org.openmrs.ConceptReferenceTerm</classname>
      <dateChanged id="93">2010-11-23 00:00:00</dateChanged>
      <retired>false</retired>
    </org.openmrs.module.metadatasharing.Item>
    <org.openmrs.module.metadatasharing.Item id="94" uuid="9560db49-a96a-4704-8b92-ffc112060829">
      <id>6326</id>
      <classname>org.openmrs.ConceptSet</classname>
      <dateChanged id="95">2015-10-30 19:51:27</dateChanged>
    </org.openmrs.module.metadatasharing.Item>
    <org.openmrs.module.metadatasharing.Item id="96" uuid="3cf2ddc0-26fe-102b-80cb-0017a47871b2">
      <id>6046</id>
      <classname>org.openmrs.Concept</classname>
      <dateChanged id="97">2017-03-09 03:01:37</dateChanged>
      <retired>false</retired>
    </org.openmrs.module.metadatasharing.Item>
    <org.openmrs.module.metadatasharing.Item id="98" uuid="3e4519a4-26fe-102b-80cb-0017a47871b2">
      <id>4425</id>
      <classname>org.openmrs.ConceptName</classname>
      <dateChanged id="99">2004-08-12 00:00:00</dateChanged>
    </org.openmrs.module.metadatasharing.Item>
    <org.openmrs.module.metadatasharing.Item id="100" uuid="029fbaeb-43df-4694-a0ef-61ce9b6bc1f4">
      <id>31388</id>
      <classname>org.openmrs.ConceptName</classname>
      <dateChanged id="101">2016-09-01 17:26:35</dateChanged>
    </org.openmrs.module.metadatasharing.Item>
    <org.openmrs.module.metadatasharing.Item id="102" uuid="f77a3d62-d5db-102d-ad2a-000c29c2a5d7">
      <id>13859</id>
      <classname>org.openmrs.ConceptName</classname>
      <dateChanged id="103">2016-09-01 17:26:35</dateChanged>
    </org.openmrs.module.metadatasharing.Item>
    <org.openmrs.module.metadatasharing.Item id="104" uuid="fbfbb826-5329-4301-bc0c-b9d37eccd037">
      <id>31389</id>
      <classname>org.openmrs.ConceptName</classname>
      <dateChanged id="105">2016-09-01 17:26:35</dateChanged>
    </org.openmrs.module.metadatasharing.Item>
    <org.openmrs.module.metadatasharing.Item id="106" uuid="ed1e3b22-07fe-102c-b5fa-0017a47871b2">
      <id>3847</id>
      <classname>org.openmrs.ConceptDescription</classname>
      <dateChanged id="107">2010-12-06 15:10:24</dateChanged>
    </org.openmrs.module.metadatasharing.Item>
    <org.openmrs.module.metadatasharing.Item id="108" uuid="d48a9233-6cfc-4c2b-bf61-d6dae984b895">
      <id>11584</id>
      <classname>org.openmrs.ConceptMap</classname>
      <dateChanged id="109">2012-06-21 16:49:52</dateChanged>
    </org.openmrs.module.metadatasharing.Item>
    <org.openmrs.module.metadatasharing.Item id="110" uuid="66708454-41a4-38cb-ac54-36efbe95d66d">
      <id>11584</id>
      <classname>org.openmrs.ConceptReferenceTerm</classname>
      <dateChanged id="111">2010-12-06 00:00:00</dateChanged>
      <retired>false</retired>
    </org.openmrs.module.metadatasharing.Item>
    <org.openmrs.module.metadatasharing.Item id="112" uuid="b29cd168-4864-102e-96e9-000c29c2a5d7">
      <id>5117</id>
      <classname>org.openmrs.ConceptMap</classname>
      <dateChanged id="113">2012-06-21 16:49:52</dateChanged>
    </org.openmrs.module.metadatasharing.Item>
    <org.openmrs.module.metadatasharing.Item id="114" uuid="1f8fb18d-11ef-3954-86b0-89381a31df0b">
      <id>5117</id>
      <classname>org.openmrs.ConceptReferenceTerm</classname>
      <dateChanged id="115">2010-11-23 00:00:00</dateChanged>
      <retired>false</retired>
    </org.openmrs.module.metadatasharing.Item>
    <org.openmrs.module.metadatasharing.Item id="116" uuid="35382900-733a-4d7c-a907-91afbd57ee4e">
      <id>27168</id>
      <classname>org.openmrs.ConceptMap</classname>
      <dateChanged id="117">2017-03-09 03:01:37</dateChanged>
    </org.openmrs.module.metadatasharing.Item>
    <org.openmrs.module.metadatasharing.Item id="118" uuid="ae6c228d-8a2c-47d7-b971-0a335602f33c">
      <id>26318</id>
      <classname>org.openmrs.ConceptReferenceTerm</classname>
      <dateChanged id="119">2017-03-09 03:01:19</dateChanged>
      <retired>false</retired>
    </org.openmrs.module.metadatasharing.Item>
    <org.openmrs.module.metadatasharing.Item id="120" uuid="c67d635b-9fbb-4ed9-81a4-5fbcdde4b582">
      <id>6327</id>
      <classname>org.openmrs.ConceptSet</classname>
      <dateChanged id="121">2015-10-30 19:51:27</dateChanged>
    </org.openmrs.module.metadatasharing.Item>
    <org.openmrs.module.metadatasharing.Item id="122" uuid="3cd78b10-26fe-102b-80cb-0017a47871b2">
      <id>1152</id>
      <classname>org.openmrs.Concept</classname>
      <dateChanged id="123">2016-09-01 17:20:10</dateChanged>
      <retired>false</retired>
    </org.openmrs.module.metadatasharing.Item>
    <org.openmrs.module.metadatasharing.Item id="124" uuid="22b1b659-269c-4c95-9001-733c6e0d9001">
      <id>14152</id>
      <classname>org.openmrs.ConceptName</classname>
      <dateChanged id="125">2010-11-07 13:13:07</dateChanged>
    </org.openmrs.module.metadatasharing.Item>
    <org.openmrs.module.metadatasharing.Item id="126" uuid="f972539f-0f60-4d5b-9ac2-3bcdffb285cd">
      <id>31382</id>
      <classname>org.openmrs.ConceptName</classname>
      <dateChanged id="127">2016-09-01 17:20:10</dateChanged>
    </org.openmrs.module.metadatasharing.Item>
    <org.openmrs.module.metadatasharing.Item id="128" uuid="3e15e6d4-26fe-102b-80cb-0017a47871b2">
      <id>1190</id>
      <classname>org.openmrs.ConceptName</classname>
      <dateChanged id="129">2005-02-07 00:00:00</dateChanged>
    </org.openmrs.module.metadatasharing.Item>
    <org.openmrs.module.metadatasharing.Item id="130" uuid="f5dd05f2-d5db-102d-ad2a-000c29c2a5d7">
      <id>10669</id>
      <classname>org.openmrs.ConceptName</classname>
      <dateChanged id="131">2016-09-01 17:20:10</dateChanged>
    </org.openmrs.module.metadatasharing.Item>
    <org.openmrs.module.metadatasharing.Item id="132" uuid="aa7aec99-9bcd-4215-adf2-ae45ce0cf5aa">
      <id>31383</id>
      <classname>org.openmrs.ConceptName</classname>
      <dateChanged id="133">2016-09-01 17:20:10</dateChanged>
    </org.openmrs.module.metadatasharing.Item>
    <org.openmrs.module.metadatasharing.Item id="134" uuid="ece4f8e4-07fe-102c-b5fa-0017a47871b2">
      <id>1164</id>
      <classname>org.openmrs.ConceptDescription</classname>
      <dateChanged id="135">2010-11-07 13:13:07</dateChanged>
    </org.openmrs.module.metadatasharing.Item>
    <org.openmrs.module.metadatasharing.Item id="136" uuid="7568e6e4-4943-102e-96e9-000c29c2a5d7">
      <id>7013</id>
      <classname>org.openmrs.ConceptMap</classname>
      <dateChanged id="137">2012-06-21 16:49:52</dateChanged>
    </org.openmrs.module.metadatasharing.Item>
    <org.openmrs.module.metadatasharing.Item id="138" uuid="c9f5fc02-7ab0-3bfa-8bd8-459d5bfcc051">
      <id>7013</id>
      <classname>org.openmrs.ConceptReferenceTerm</classname>
      <dateChanged id="139">2010-11-24 00:00:00</dateChanged>
      <retired>false</retired>
    </org.openmrs.module.metadatasharing.Item>
    <org.openmrs.module.metadatasharing.Item id="140" uuid="b20efcee-4864-102e-96e9-000c29c2a5d7">
      <id>1154</id>
      <classname>org.openmrs.ConceptMap</classname>
      <dateChanged id="141">2012-06-21 16:49:52</dateChanged>
    </org.openmrs.module.metadatasharing.Item>
    <org.openmrs.module.metadatasharing.Item id="142" uuid="b9eda55a-b592-3ffd-9c06-c04662356e75">
      <id>1154</id>
      <classname>org.openmrs.ConceptReferenceTerm</classname>
      <dateChanged id="143">2010-11-23 00:00:00</dateChanged>
      <retired>false</retired>
    </org.openmrs.module.metadatasharing.Item>
    <org.openmrs.module.metadatasharing.Item id="144" uuid="839c7d4f-8f10-4e43-b50e-dfc497663bb3">
      <id>6965</id>
      <classname>org.openmrs.ConceptDescription</classname>
      <dateChanged id="145">2015-10-30 19:51:27</dateChanged>
    </org.openmrs.module.metadatasharing.Item>
    <org.openmrs.module.metadatasharing.Item id="146" uuid="5721dd61-67ab-4712-ba66-768001f5fb78">
      <id>26844</id>
      <classname>org.openmrs.ConceptMap</classname>
      <dateChanged id="147">2016-09-01 17:28:08</dateChanged>
    </org.openmrs.module.metadatasharing.Item>
    <org.openmrs.module.metadatasharing.Item id="148" uuid="142d1943-dfa4-42cd-9025-543b5d1b7b16">
      <id>26025</id>
      <classname>org.openmrs.ConceptReferenceTerm</classname>
      <dateChanged id="149">2016-09-01 17:27:16</dateChanged>
      <retired>false</retired>
    </org.openmrs.module.metadatasharing.Item>
    <org.openmrs.module.metadatasharing.Item id="150" uuid="630a4195-5ae4-4266-b8bb-19d7f620ad88">
      <id>26845</id>
      <classname>org.openmrs.ConceptMap</classname>
      <dateChanged id="151">2016-09-01 17:28:08</dateChanged>
    </org.openmrs.module.metadatasharing.Item>
    <org.openmrs.module.metadatasharing.Item id="152" uuid="4b424f09-0759-446c-a9a3-008be3b81b26">
      <id>26026</id>
      <classname>org.openmrs.ConceptReferenceTerm</classname>
      <dateChanged id="153">2016-09-01 17:27:42</dateChanged>
      <retired>false</retired>
    </org.openmrs.module.metadatasharing.Item>
    <org.openmrs.module.metadatasharing.Item id="154" uuid="70a82a73-9452-49cf-a6e8-36950295c757">
      <id>30470</id>
      <classname>org.openmrs.ConceptName</classname>
      <dateChanged id="155">2015-11-02 22:34:13</dateChanged>
    </org.openmrs.module.metadatasharing.Item>
    <org.openmrs.module.metadatasharing.Item id="156" uuid="b81acf5b-0f51-49b1-807f-a622938b8e32">
      <id>6329</id>
      <classname>org.openmrs.ConceptSet</classname>
      <dateChanged id="157">2015-11-02 22:34:13</dateChanged>
    </org.openmrs.module.metadatasharing.Item>
    <org.openmrs.module.metadatasharing.Item id="158" uuid="5b98dcbe-0efc-4cc2-9544-c1da596e7039">
      <id>10564</id>
      <classname>org.openmrs.Concept</classname>
      <dateChanged id="159">2015-11-02 22:20:33</dateChanged>
      <retired>false</retired>
    </org.openmrs.module.metadatasharing.Item>
    <org.openmrs.module.metadatasharing.Item id="160" uuid="8d491e50-c2cc-11de-8d13-0010c6dffd0f">
      <id>7</id>
      <classname>org.openmrs.ConceptClass</classname>
      <dateChanged id="161">2015-07-01 17:25:50</dateChanged>
      <retired>false</retired>
    </org.openmrs.module.metadatasharing.Item>
    <org.openmrs.module.metadatasharing.Item id="162" uuid="b5b35576-2c0c-4953-94c9-4daa474eeaa4">
      <id>30467</id>
      <classname>org.openmrs.ConceptName</classname>
      <dateChanged id="163">2015-11-02 22:16:39</dateChanged>
    </org.openmrs.module.metadatasharing.Item>
    <org.openmrs.module.metadatasharing.Item id="164" uuid="0ca99fee-e03f-46ff-8afe-2ce3bbb9150b">
      <id>9373</id>
      <classname>org.openmrs.ConceptAnswer</classname>
      <dateChanged id="165">2015-11-02 22:16:39</dateChanged>
    </org.openmrs.module.metadatasharing.Item>
    <org.openmrs.module.metadatasharing.Item id="166" uuid="c12a7636-71f7-45bd-a6ac-13a1d095c614">
      <id>9372</id>
      <classname>org.openmrs.ConceptAnswer</classname>
      <dateChanged id="167">2015-11-02 22:16:39</dateChanged>
    </org.openmrs.module.metadatasharing.Item>
    <org.openmrs.module.metadatasharing.Item id="168" uuid="59bc179b-23a3-4143-97ee-e2433393c46b">
      <id>9375</id>
      <classname>org.openmrs.ConceptAnswer</classname>
      <dateChanged id="169">2015-11-02 22:16:39</dateChanged>
    </org.openmrs.module.metadatasharing.Item>
    <org.openmrs.module.metadatasharing.Item id="170" uuid="93a06a33-4f0e-4a79-a631-ee9a6a0f3241">
      <id>9374</id>
      <classname>org.openmrs.ConceptAnswer</classname>
      <dateChanged id="171">2015-11-02 22:16:39</dateChanged>
    </org.openmrs.module.metadatasharing.Item>
    <org.openmrs.module.metadatasharing.Item id="172" uuid="1306340a-ab15-4256-a4da-0eb343b00eed">
      <id>6966</id>
      <classname>org.openmrs.ConceptDescription</classname>
      <dateChanged id="173">2015-11-02 22:16:39</dateChanged>
    </org.openmrs.module.metadatasharing.Item>
    <org.openmrs.module.metadatasharing.Item id="174" uuid="ba39e2bd-558f-443b-a188-ce3af22c8184">
      <id>26052</id>
      <classname>org.openmrs.ConceptMap</classname>
      <dateChanged id="175">2015-11-02 22:18:52</dateChanged>
    </org.openmrs.module.metadatasharing.Item>
    <org.openmrs.module.metadatasharing.Item id="176" uuid="eb87e690-67c5-4627-8125-249f06baba79">
      <id>25397</id>
      <classname>org.openmrs.ConceptReferenceTerm</classname>
      <dateChanged id="177">2015-11-02 22:17:39</dateChanged>
      <retired>false</retired>
    </org.openmrs.module.metadatasharing.Item>
    <org.openmrs.module.metadatasharing.Item id="178" uuid="45cdb321-b13d-4aa4-a9b1-f7b829823b7d">
      <id>26053</id>
      <classname>org.openmrs.ConceptMap</classname>
      <dateChanged id="179">2015-11-02 22:20:33</dateChanged>
    </org.openmrs.module.metadatasharing.Item>
    <org.openmrs.module.metadatasharing.Item id="180" uuid="a2a40541-0301-43d7-91f6-5ac4cb6553d1">
      <id>25398</id>
      <classname>org.openmrs.ConceptReferenceTerm</classname>
      <dateChanged id="181">2015-11-02 22:19:16</dateChanged>
      <retired>false</retired>
    </org.openmrs.module.metadatasharing.Item>
    <org.openmrs.module.metadatasharing.Item id="182" uuid="90a8282d-ed48-4bc0-962d-7e177d782e62">
      <id>6330</id>
      <classname>org.openmrs.ConceptSet</classname>
      <dateChanged id="183">2015-11-02 22:34:13</dateChanged>
    </org.openmrs.module.metadatasharing.Item>
    <org.openmrs.module.metadatasharing.Item id="184" uuid="2f4b8b9c-0214-4f54-9446-fa306b3ddff0">
      <id>10565</id>
      <classname>org.openmrs.Concept</classname>
      <dateChanged id="185">2015-11-02 22:26:33</dateChanged>
      <retired>false</retired>
    </org.openmrs.module.metadatasharing.Item>
    <org.openmrs.module.metadatasharing.Item id="186" uuid="685ec9ea-b2ad-4b2a-bb71-cc44acea257a">
      <id>30468</id>
      <classname>org.openmrs.ConceptName</classname>
      <dateChanged id="187">2015-11-02 22:25:42</dateChanged>
    </org.openmrs.module.metadatasharing.Item>
    <org.openmrs.module.metadatasharing.Item id="188" uuid="e65af896-42c0-48ba-96ee-a54952b65087">
      <id>9378</id>
      <classname>org.openmrs.ConceptAnswer</classname>
      <dateChanged id="189">2015-11-02 22:25:42</dateChanged>
    </org.openmrs.module.metadatasharing.Item>
    <org.openmrs.module.metadatasharing.Item id="190" uuid="28e10eba-84fe-4ab6-992b-a3f3458d598d">
      <id>9376</id>
      <classname>org.openmrs.ConceptAnswer</classname>
      <dateChanged id="191">2015-11-02 22:25:42</dateChanged>
    </org.openmrs.module.metadatasharing.Item>
    <org.openmrs.module.metadatasharing.Item id="192" uuid="67777989-6708-47cc-9c7d-127570961757">
      <id>9379</id>
      <classname>org.openmrs.ConceptAnswer</classname>
      <dateChanged id="193">2015-11-02 22:25:42</dateChanged>
    </org.openmrs.module.metadatasharing.Item>
    <org.openmrs.module.metadatasharing.Item id="194" uuid="8bf307c4-db05-4967-a049-78940983deed">
      <id>9377</id>
      <classname>org.openmrs.ConceptAnswer</classname>
      <dateChanged id="195">2015-11-02 22:25:42</dateChanged>
    </org.openmrs.module.metadatasharing.Item>
    <org.openmrs.module.metadatasharing.Item id="196" uuid="f7ea51e8-2181-4ae6-a707-81c0f3ac37b0">
      <id>6967</id>
      <classname>org.openmrs.ConceptDescription</classname>
      <dateChanged id="197">2015-11-02 22:25:42</dateChanged>
    </org.openmrs.module.metadatasharing.Item>
    <org.openmrs.module.metadatasharing.Item id="198" uuid="7828a168-480f-4f60-a371-202e498f3f83">
      <id>26054</id>
      <classname>org.openmrs.ConceptMap</classname>
      <dateChanged id="199">2015-11-02 22:25:42</dateChanged>
    </org.openmrs.module.metadatasharing.Item>
    <org.openmrs.module.metadatasharing.Item id="200" uuid="03cd7326-14d9-4abb-b32e-5c96a505294e">
      <id>25399</id>
      <classname>org.openmrs.ConceptReferenceTerm</classname>
      <dateChanged id="201">2015-11-02 22:25:06</dateChanged>
      <retired>false</retired>
    </org.openmrs.module.metadatasharing.Item>
    <org.openmrs.module.metadatasharing.Item id="202" uuid="469f45c9-6404-44ab-93d7-9e3b83d8ac27">
      <id>26055</id>
      <classname>org.openmrs.ConceptMap</classname>
      <dateChanged id="203">2015-11-02 22:26:33</dateChanged>
    </org.openmrs.module.metadatasharing.Item>
    <org.openmrs.module.metadatasharing.Item id="204" uuid="08fa84da-611a-4d70-a277-a267e49e20ab">
      <id>25400</id>
      <classname>org.openmrs.ConceptReferenceTerm</classname>
      <dateChanged id="205">2015-11-02 22:26:05</dateChanged>
      <retired>false</retired>
    </org.openmrs.module.metadatasharing.Item>
    <org.openmrs.module.metadatasharing.Item id="206" uuid="037dbfa0-ef95-48b0-83f4-56ae64ffd7f2">
      <id>6331</id>
      <classname>org.openmrs.ConceptSet</classname>
      <dateChanged id="207">2015-11-02 22:34:14</dateChanged>
    </org.openmrs.module.metadatasharing.Item>
    <org.openmrs.module.metadatasharing.Item id="208" uuid="5e87b8c1-3498-4595-bb77-cc59c4fdc1c6">
      <id>10566</id>
      <classname>org.openmrs.Concept</classname>
      <dateChanged id="209">2015-11-02 22:29:44</dateChanged>
      <retired>false</retired>
    </org.openmrs.module.metadatasharing.Item>
    <org.openmrs.module.metadatasharing.Item id="210" uuid="8d4a4ab4-c2cc-11de-8d13-0010c6dffd0f">
      <id>3</id>
      <classname>org.openmrs.ConceptDatatype</classname>
      <dateChanged id="211">2004-02-02 00:00:00</dateChanged>
      <retired>false</retired>
    </org.openmrs.module.metadatasharing.Item>
    <org.openmrs.module.metadatasharing.Item id="212" uuid="0d75a1b0-d6f6-43fe-b37c-fa985273a81e">
      <id>30469</id>
      <classname>org.openmrs.ConceptName</classname>
      <dateChanged id="213">2015-11-02 22:28:46</dateChanged>
    </org.openmrs.module.metadatasharing.Item>
    <org.openmrs.module.metadatasharing.Item id="214" uuid="26ac7ebd-4c0e-40b2-9c22-53ff1c269d5b">
      <id>6968</id>
      <classname>org.openmrs.ConceptDescription</classname>
      <dateChanged id="215">2015-11-02 22:28:46</dateChanged>
    </org.openmrs.module.metadatasharing.Item>
    <org.openmrs.module.metadatasharing.Item id="216" uuid="54e9f08a-c631-4fa5-bd59-54404f3b590c">
      <id>26057</id>
      <classname>org.openmrs.ConceptMap</classname>
      <dateChanged id="217">2015-11-02 22:29:44</dateChanged>
    </org.openmrs.module.metadatasharing.Item>
    <org.openmrs.module.metadatasharing.Item id="218" uuid="254f1ecc-802f-49c4-bfdf-b0537ac20950">
      <id>25402</id>
      <classname>org.openmrs.ConceptReferenceTerm</classname>
      <dateChanged id="219">2015-11-02 22:29:23</dateChanged>
      <retired>false</retired>
    </org.openmrs.module.metadatasharing.Item>
    <org.openmrs.module.metadatasharing.Item id="220" uuid="7ef0b0b3-c7e8-4b92-b9d0-8d5c04bedf51">
      <id>26056</id>
      <classname>org.openmrs.ConceptMap</classname>
      <dateChanged id="221">2015-11-02 22:28:46</dateChanged>
    </org.openmrs.module.metadatasharing.Item>
    <org.openmrs.module.metadatasharing.Item id="222" uuid="89fa75df-eda0-4049-bca3-7c48c3e9e28a">
      <id>25401</id>
      <classname>org.openmrs.ConceptReferenceTerm</classname>
      <dateChanged id="223">2015-11-02 22:28:25</dateChanged>
      <retired>false</retired>
    </org.openmrs.module.metadatasharing.Item>
    <org.openmrs.module.metadatasharing.Item id="224" uuid="fd013671-d1af-4611-a435-873b1b2993f5">
      <id>6969</id>
      <classname>org.openmrs.ConceptDescription</classname>
      <dateChanged id="225">2015-11-02 22:34:13</dateChanged>
    </org.openmrs.module.metadatasharing.Item>
    <org.openmrs.module.metadatasharing.Item id="226" uuid="78e18408-0085-4203-a695-526d488893a9">
      <id>26058</id>
      <classname>org.openmrs.ConceptMap</classname>
      <dateChanged id="227">2015-11-02 22:34:14</dateChanged>
    </org.openmrs.module.metadatasharing.Item>
    <org.openmrs.module.metadatasharing.Item id="228" uuid="933f44a2-6a4d-4001-84b1-b2f6b09181f8">
      <id>25403</id>
      <classname>org.openmrs.ConceptReferenceTerm</classname>
      <dateChanged id="229">2015-11-02 22:33:58</dateChanged>
      <retired>false</retired>
    </org.openmrs.module.metadatasharing.Item>
    <org.openmrs.module.metadatasharing.Item id="230" uuid="48c1dedd-43e3-461b-9fe2-75330530fdb2">
      <id>26059</id>
      <classname>org.openmrs.ConceptMap</classname>
      <dateChanged id="231">2015-11-02 22:34:52</dateChanged>
    </org.openmrs.module.metadatasharing.Item>
    <org.openmrs.module.metadatasharing.Item id="232" uuid="f2bccbaf-1c8f-45d5-9dd9-3c0bad7adedd">
      <id>25404</id>
      <classname>org.openmrs.ConceptReferenceTerm</classname>
      <dateChanged id="233">2015-11-02 22:34:29</dateChanged>
      <retired>false</retired>
    </org.openmrs.module.metadatasharing.Item>
  </relatedItems>
  <incrementalVersion>false</incrementalVersion>
</package>
