<?xml version="1.0" encoding="UTF-8"?>
<list id="1">
  <org.openmrs.module.providermanagement.ProviderRole id="2" uuid="28d3a004-40ea-4ea3-9446-b3e325305a79">
    <name>Paraclinical</name>
    <creator/>
    <dateCreated id="3">2015-04-07 18:07:36</dateCreated>
    <retired>false</retired>
    <providerRoleId>20</providerRoleId>
    <relationshipTypes id="4"/>
    <superviseeProviderRoles id="5"/>
    <providerAttributeTypes id="6"/>
  </org.openmrs.module.providermanagement.ProviderRole>
  <org.openmrs.module.providermanagement.ProviderRole id="7" uuid="d6c2343b-a02c-4664-b433-a1a212729291">
    <name>Social Worker</name>
    <creator/>
    <dateCreated id="8">2015-04-07 18:14:00</dateCreated>
    <changedBy/>
    <dateChanged id="9">2015-04-07 18:14:00</dateChanged>
    <retired>false</retired>
    <providerRoleId>18</providerRoleId>
    <relationshipTypes id="10"/>
    <superviseeProviderRoles id="11"/>
    <providerAttributeTypes id="12"/>
  </org.openmrs.module.providermanagement.ProviderRole>
  <org.openmrs.module.providermanagement.ProviderRole id="13" uuid="942fea08-1423-4b65-8458-fbcb076cb6c2">
    <name>VCT Counselor</name>
    <creator/>
    <dateCreated id="14">2018-10-24 14:20:19</dateCreated>
    <changedBy/>
    <dateChanged id="15">2018-10-24 14:20:19</dateChanged>
    <retired>false</retired>
    <providerRoleId>28</providerRoleId>
    <relationshipTypes id="16"/>
    <superviseeProviderRoles id="17"/>
    <providerAttributeTypes id="18"/>
  </org.openmrs.module.providermanagement.ProviderRole>
  <org.openmrs.module.providermanagement.ProviderRole id="19" uuid="8fd1552e-6cb9-4719-b198-23a2c512a073">
    <name>Pharmacist</name>
    <creator/>
    <dateCreated id="20">2013-02-14 23:09:07</dateCreated>
    <retired>false</retired>
    <providerRoleId>13</providerRoleId>
    <relationshipTypes id="21"/>
    <superviseeProviderRoles id="22"/>
    <providerAttributeTypes id="23"/>
  </org.openmrs.module.providermanagement.ProviderRole>
  <org.openmrs.module.providermanagement.ProviderRole id="24" uuid="39c28f78-6637-4c21-9bf4-db3e2398054f">
    <name>Anaesthetist</name>
    <creator/>
    <dateCreated id="25">2013-02-14 23:09:00</dateCreated>
    <retired>false</retired>
    <providerRoleId>12</providerRoleId>
    <relationshipTypes id="26"/>
    <superviseeProviderRoles id="27"/>
    <providerAttributeTypes id="28"/>
  </org.openmrs.module.providermanagement.ProviderRole>
  <org.openmrs.module.providermanagement.ProviderRole id="29" uuid="b22929dc-d40a-4f10-9a9b-1eb2ba319775">
    <name>Administrator</name>
    <creator/>
    <dateCreated id="30">2015-04-07 18:09:29</dateCreated>
    <retired>false</retired>
    <providerRoleId>26</providerRoleId>
    <relationshipTypes id="31"/>
    <superviseeProviderRoles id="32"/>
    <providerAttributeTypes id="33"/>
  </org.openmrs.module.providermanagement.ProviderRole>
  <org.openmrs.module.providermanagement.ProviderRole id="34" uuid="1474c25d-4fae-46d4-9fce-c77cb17b6610">
    <name>Nursing Auxiliary</name>
    <creator/>
    <dateCreated id="35">2013-02-14 23:08:42</dateCreated>
    <retired>false</retired>
    <providerRoleId>10</providerRoleId>
    <relationshipTypes id="36"/>
    <superviseeProviderRoles id="37"/>
    <providerAttributeTypes id="38"/>
  </org.openmrs.module.providermanagement.ProviderRole>
  <org.openmrs.module.providermanagement.ProviderRole id="39" uuid="72a49488-2f7b-4cdc-a361-1f90cbb3d6bc">
    <name>Advance Practice Nurse</name>
    <creator/>
    <dateCreated id="40">2015-04-07 18:07:47</dateCreated>
    <retired>false</retired>
    <providerRoleId>21</providerRoleId>
    <relationshipTypes id="41"/>
    <superviseeProviderRoles id="42"/>
    <providerAttributeTypes id="43"/>
  </org.openmrs.module.providermanagement.ProviderRole>
  <org.openmrs.module.providermanagement.ProviderRole id="44" uuid="7ec19cca-f563-4cee-940f-effec16b3b80">
    <name>Pharmacy Aide</name>
    <creator/>
    <dateCreated id="45">2015-04-07 18:08:20</dateCreated>
    <retired>false</retired>
    <providerRoleId>23</providerRoleId>
    <relationshipTypes id="46"/>
    <superviseeProviderRoles id="47"/>
    <providerAttributeTypes id="48"/>
  </org.openmrs.module.providermanagement.ProviderRole>
  <org.openmrs.module.providermanagement.ProviderRole id="49" uuid="3182ee51-b895-4804-a342-5f261e995222">
    <name>Surgeon</name>
    <creator/>
    <dateCreated id="50">2013-02-14 23:08:53</dateCreated>
    <retired>false</retired>
    <providerRoleId>11</providerRoleId>
    <relationshipTypes id="51"/>
    <superviseeProviderRoles id="52"/>
    <providerAttributeTypes id="53"/>
  </org.openmrs.module.providermanagement.ProviderRole>
  <org.openmrs.module.providermanagement.ProviderRole id="54" uuid="61eed524-4547-4228-a3ac-631fe1628a5e">
    <name>General Admin</name>
    <creator/>
    <dateCreated id="55">2013-02-14 23:09:51</dateCreated>
    <retired>false</retired>
    <providerRoleId>17</providerRoleId>
    <relationshipTypes id="56"/>
    <superviseeProviderRoles id="57"/>
    <providerAttributeTypes id="58"/>
  </org.openmrs.module.providermanagement.ProviderRole>
  <org.openmrs.module.providermanagement.ProviderRole id="59" uuid="d85089d4-ee5b-4c2e-8f55-568038266db7">
    <name>Physical Therapist</name>
    <creator/>
    <dateCreated id="60">2015-04-07 18:09:45</dateCreated>
    <retired>false</retired>
    <providerRoleId>27</providerRoleId>
    <relationshipTypes id="61"/>
    <superviseeProviderRoles id="62"/>
    <providerAttributeTypes id="63"/>
  </org.openmrs.module.providermanagement.ProviderRole>
  <org.openmrs.module.providermanagement.ProviderRole id="64" uuid="96b15916-2d56-4f7b-9072-18c2a23d8ea2">
    <name>Lab Technician</name>
    <creator/>
    <dateCreated id="65">2013-02-14 23:09:34</dateCreated>
    <changedBy/>
    <dateChanged id="66">2013-02-14 23:09:34</dateChanged>
    <retired>false</retired>
    <providerRoleId>15</providerRoleId>
    <relationshipTypes id="67"/>
    <superviseeProviderRoles id="68"/>
    <providerAttributeTypes id="69"/>
  </org.openmrs.module.providermanagement.ProviderRole>
  <org.openmrs.module.providermanagement.ProviderRole id="70" uuid="556ceee6-d899-43d4-a98b-7973ebc85b75">
    <name>Physician</name>
    <creator/>
    <dateCreated id="71">2015-04-07 18:08:48</dateCreated>
    <changedBy/>
    <dateChanged id="72">2015-04-07 18:08:48</dateChanged>
    <retired>false</retired>
    <providerRoleId>8</providerRoleId>
    <relationshipTypes id="73"/>
    <superviseeProviderRoles id="74"/>
    <providerAttributeTypes id="75"/>
  </org.openmrs.module.providermanagement.ProviderRole>
  <org.openmrs.module.providermanagement.ProviderRole id="76" uuid="f2c00ccb-bc65-431d-a688-174146463cb7">
    <name>Assistant Social</name>
    <creator/>
    <dateCreated id="77">2015-04-07 18:09:10</dateCreated>
    <retired>false</retired>
    <providerRoleId>25</providerRoleId>
    <relationshipTypes id="78"/>
    <superviseeProviderRoles id="79"/>
    <providerAttributeTypes id="80"/>
  </org.openmrs.module.providermanagement.ProviderRole>
  <org.openmrs.module.providermanagement.ProviderRole id="81" uuid="62fbeae3-4e6f-4c35-8705-f3de10ab5b87">
    <name>Psychologist</name>
    <creator/>
    <dateCreated id="82">2013-05-31 15:03:51</dateCreated>
    <retired>false</retired>
    <providerRoleId>19</providerRoleId>
    <relationshipTypes id="83"/>
    <superviseeProviderRoles id="84"/>
    <providerAttributeTypes id="85"/>
  </org.openmrs.module.providermanagement.ProviderRole>
  <org.openmrs.module.providermanagement.ProviderRole id="86" uuid="acda2647-8ff0-4599-8cf8-2500250cbc75">
    <name>Archivist/Clerk</name>
    <creator/>
    <dateCreated id="87">2013-02-14 23:09:43</dateCreated>
    <retired>false</retired>
    <providerRoleId>16</providerRoleId>
    <relationshipTypes id="88"/>
    <superviseeProviderRoles id="89"/>
    <providerAttributeTypes id="90"/>
  </org.openmrs.module.providermanagement.ProviderRole>
  <org.openmrs.module.providermanagement.ProviderRole id="91" uuid="58fa14e6-e336-4e03-8811-22117027f25a">
    <name>Medical Student</name>
    <creator/>
    <dateCreated id="92">2015-04-07 18:08:02</dateCreated>
    <retired>false</retired>
    <providerRoleId>22</providerRoleId>
    <relationshipTypes id="93"/>
    <superviseeProviderRoles id="94"/>
    <providerAttributeTypes id="95"/>
  </org.openmrs.module.providermanagement.ProviderRole>
  <org.openmrs.module.providermanagement.ProviderRole id="96" uuid="7207ba62-027f-4f9b-be67-a9f7a8a3abcc">
    <name>Nurse (RN)</name>
    <creator/>
    <dateCreated id="97">2013-02-14 23:08:34</dateCreated>
    <retired>false</retired>
    <providerRoleId>9</providerRoleId>
    <relationshipTypes id="98"/>
    <superviseeProviderRoles id="99"/>
    <providerAttributeTypes id="100"/>
  </org.openmrs.module.providermanagement.ProviderRole>
  <org.openmrs.module.providermanagement.ProviderRole id="101" uuid="e92792de-006a-4dea-b078-cf3776638b0c">
    <name>Resident</name>
    <creator/>
    <dateCreated id="102">2015-04-07 18:08:36</dateCreated>
    <retired>false</retired>
    <providerRoleId>24</providerRoleId>
    <relationshipTypes id="103"/>
    <superviseeProviderRoles id="104"/>
    <providerAttributeTypes id="105"/>
  </org.openmrs.module.providermanagement.ProviderRole>
  <org.openmrs.module.providermanagement.ProviderRole id="106" uuid="248bc67b-4da1-4c50-b556-b8584c1c8d65">
    <name>Radiology Technician</name>
    <creator/>
    <dateCreated id="107">2013-02-14 23:09:14</dateCreated>
    <retired>false</retired>
    <providerRoleId>14</providerRoleId>
    <relationshipTypes id="108"/>
    <superviseeProviderRoles id="109"/>
    <providerAttributeTypes id="110"/>
  </org.openmrs.module.providermanagement.ProviderRole>
</list>
