<?xml version="1.0" encoding="UTF-8"?>
<package id="1" uuid="25361833-26c0-496d-9b30-b6794a13adcf">
  <dateCreated id="2">2016-06-02 16:45:38</dateCreated>
  <name>HUM Emergency Triage</name>
  <description>A set of concepts used for Emergency (ED) triage, but not including some concepts already in the Mirebalais concept packages (ie. vitals).</description>
  <openmrsVersion>1.9.11 SNAPSHOT Build 90645d</openmrsVersion>
  <version>1</version>
  <groupUuid>05fa9aa6-017d-410b-90f9-decf407fdf65</groupUuid>
  <modules id="3">
    <entry>
      <string>uilibrary</string>
      <string>2.0.4</string>
    </entry>
    <entry>
      <string>reportingcompatibility</string>
      <string>1.5.8</string>
    </entry>
    <entry>
      <string>groovy</string>
      <string>2.2.4</string>
    </entry>
    <entry>
      <string>validation</string>
      <string>1.0.1</string>
    </entry>
    <entry>
      <string>uiframework</string>
      <string>3.5</string>
    </entry>
    <entry>
      <string>metadatadeploy</string>
      <string>1.5-SNAPSHOT</string>
    </entry>
    <entry>
      <string>htmlformentry</string>
      <string>3.0-SNAPSHOT</string>
    </entry>
    <entry>
      <string>metadatamapping</string>
      <string>1.0.2</string>
    </entry>
    <entry>
      <string>logic</string>
      <string>0.5.2</string>
    </entry>
    <entry>
      <string>providermanagement</string>
      <string>2.4</string>
    </entry>
    <entry>
      <string>htmlformentry19ext</string>
      <string>1.7</string>
    </entry>
    <entry>
      <string>metadatasharing</string>
      <string>1.1.10</string>
    </entry>
    <entry>
      <string>serialization.xstream</string>
      <string>0.2.7</string>
    </entry>
  </modules>
  <items class="linked-hash-set" id="4">
    <org.openmrs.module.metadatasharing.Item id="5" uuid="123fa843-a734-40c9-910c-4fe7527427ef">
      <id>10669</id>
      <classname>org.openmrs.Concept</classname>
      <dateChanged id="6">2016-06-02 16:42:11</dateChanged>
      <retired>false</retired>
    </org.openmrs.module.metadatasharing.Item>
  </items>
  <relatedItems class="linked-hash-set" id="7">
    <org.openmrs.module.metadatasharing.Item id="8" uuid="8d4a4c94-c2cc-11de-8d13-0010c6dffd0f">
      <id>4</id>
      <classname>org.openmrs.ConceptDatatype</classname>
      <dateChanged id="9">2004-02-02 05:00:00</dateChanged>
      <retired>false</retired>
    </org.openmrs.module.metadatasharing.Item>
    <org.openmrs.module.metadatasharing.Item id="10" uuid="8d492594-c2cc-11de-8d13-0010c6dffd0f">
      <id>10</id>
      <classname>org.openmrs.ConceptClass</classname>
      <dateChanged id="11">2015-07-01 17:25:50</dateChanged>
      <retired>false</retired>
    </org.openmrs.module.metadatasharing.Item>
    <org.openmrs.module.metadatasharing.Item id="12" uuid="7d12d5f8-70a9-4144-a478-888e0046f1cb">
      <id>31150</id>
      <classname>org.openmrs.ConceptName</classname>
      <dateChanged id="13">2016-06-02 16:26:05</dateChanged>
    </org.openmrs.module.metadatasharing.Item>
    <org.openmrs.module.metadatasharing.Item id="14" uuid="af37f21d-cfa3-47b4-8cb7-512e300af3e0">
      <id>6731</id>
      <classname>org.openmrs.ConceptSet</classname>
      <dateChanged id="15">2016-06-02 16:26:05</dateChanged>
    </org.openmrs.module.metadatasharing.Item>
    <org.openmrs.module.metadatasharing.Item id="16" uuid="f81631c8-f658-4472-a7eb-c618b05e6149">
      <id>10668</id>
      <classname>org.openmrs.Concept</classname>
      <dateChanged id="17">2016-06-02 15:16:50</dateChanged>
      <retired>false</retired>
    </org.openmrs.module.metadatasharing.Item>
    <org.openmrs.module.metadatasharing.Item id="18" uuid="8d4a48b6-c2cc-11de-8d13-0010c6dffd0f">
      <id>2</id>
      <classname>org.openmrs.ConceptDatatype</classname>
      <dateChanged id="19">2004-02-02 00:00:00</dateChanged>
      <retired>false</retired>
    </org.openmrs.module.metadatasharing.Item>
    <org.openmrs.module.metadatasharing.Item id="20" uuid="8d491a9a-c2cc-11de-8d13-0010c6dffd0f">
      <id>5</id>
      <classname>org.openmrs.ConceptClass</classname>
      <dateChanged id="21">2015-07-01 17:25:50</dateChanged>
      <retired>false</retired>
    </org.openmrs.module.metadatasharing.Item>
    <org.openmrs.module.metadatasharing.Item id="22" uuid="d5764e74-dbbb-45e8-97ec-107d16f31184">
      <id>31146</id>
      <classname>org.openmrs.ConceptName</classname>
      <dateChanged id="23">2016-06-02 15:13:20</dateChanged>
    </org.openmrs.module.metadatasharing.Item>
    <org.openmrs.module.metadatasharing.Item id="24" uuid="b55791c1-dd4d-4029-ab38-15815e36d662">
      <id>9425</id>
      <classname>org.openmrs.ConceptAnswer</classname>
      <dateChanged id="25">2016-06-02 15:13:20</dateChanged>
    </org.openmrs.module.metadatasharing.Item>
    <org.openmrs.module.metadatasharing.Item id="26" uuid="762ecf40-3065-47aa-93c3-15372d98d393">
      <id>8886</id>
      <classname>org.openmrs.Concept</classname>
      <dateChanged id="27">2013-06-18 20:00:14</dateChanged>
      <retired>false</retired>
    </org.openmrs.module.metadatasharing.Item>
    <org.openmrs.module.metadatasharing.Item id="28" uuid="8d492774-c2cc-11de-8d13-0010c6dffd0f">
      <id>11</id>
      <classname>org.openmrs.ConceptClass</classname>
      <dateChanged id="29">2015-07-01 17:25:50</dateChanged>
      <retired>false</retired>
    </org.openmrs.module.metadatasharing.Item>
    <org.openmrs.module.metadatasharing.Item id="30" uuid="0430833c-675d-437b-a579-ad8169edf03a">
      <id>22561</id>
      <classname>org.openmrs.ConceptName</classname>
      <dateChanged id="31">2013-06-18 20:00:14</dateChanged>
    </org.openmrs.module.metadatasharing.Item>
    <org.openmrs.module.metadatasharing.Item id="32" uuid="06a3b82b-8c7c-4881-b5b5-6b4d41c9c938">
      <id>22558</id>
      <classname>org.openmrs.ConceptName</classname>
      <dateChanged id="33">2013-06-18 19:59:18</dateChanged>
    </org.openmrs.module.metadatasharing.Item>
    <org.openmrs.module.metadatasharing.Item id="34" uuid="bf2f7663-4190-42d4-b948-808de3900405">
      <id>22559</id>
      <classname>org.openmrs.ConceptName</classname>
      <dateChanged id="35">2013-06-18 19:59:18</dateChanged>
    </org.openmrs.module.metadatasharing.Item>
    <org.openmrs.module.metadatasharing.Item id="36" uuid="4e6e6705-0976-4d5e-a098-3314a823bab9">
      <id>22560</id>
      <classname>org.openmrs.ConceptName</classname>
      <dateChanged id="37">2013-06-18 20:00:14</dateChanged>
    </org.openmrs.module.metadatasharing.Item>
    <org.openmrs.module.metadatasharing.Item id="38" uuid="2faee0b5-16a5-4676-b85c-5f0de6fb9005">
      <id>6327</id>
      <classname>org.openmrs.ConceptDescription</classname>
      <dateChanged id="39">2013-06-18 19:59:18</dateChanged>
    </org.openmrs.module.metadatasharing.Item>
    <org.openmrs.module.metadatasharing.Item id="40" uuid="3aaf5b95-4c2c-44b3-b9d5-3eeebeb40999">
      <id>18213</id>
      <classname>org.openmrs.ConceptMap</classname>
      <dateChanged id="41">2013-06-18 19:59:19</dateChanged>
    </org.openmrs.module.metadatasharing.Item>
    <org.openmrs.module.metadatasharing.Item id="42" uuid="35543629-7d8c-11e1-909d-c80aa9edcf4e">
      <id>1</id>
      <classname>org.openmrs.ConceptMapType</classname>
      <dateChanged id="43">2012-06-21 00:00:00</dateChanged>
      <retired>false</retired>
    </org.openmrs.module.metadatasharing.Item>
    <org.openmrs.module.metadatasharing.Item id="44" uuid="57f6d6cc-a75b-4b1c-bf75-a92e0b71a0e9">
      <id>18170</id>
      <classname>org.openmrs.ConceptReferenceTerm</classname>
      <dateChanged id="45">2013-06-18 19:57:59</dateChanged>
      <retired>false</retired>
    </org.openmrs.module.metadatasharing.Item>
    <org.openmrs.module.metadatasharing.Item id="46" uuid="fb9aaaf1-65e2-4c18-b53c-16b575f2f385">
      <id>5</id>
      <classname>org.openmrs.ConceptSource</classname>
      <dateChanged id="47">2015-07-01 17:25:50</dateChanged>
      <retired>false</retired>
    </org.openmrs.module.metadatasharing.Item>
    <org.openmrs.module.metadatasharing.Item id="48" uuid="966a9bda-d3a6-4bc6-aa30-a947d55514ee">
      <id>18214</id>
      <classname>org.openmrs.ConceptMap</classname>
      <dateChanged id="49">2013-06-18 19:59:52</dateChanged>
    </org.openmrs.module.metadatasharing.Item>
    <org.openmrs.module.metadatasharing.Item id="50" uuid="06d4b6eb-2474-4383-8c51-e1a42aa54ddb">
      <id>18172</id>
      <classname>org.openmrs.ConceptReferenceTerm</classname>
      <dateChanged id="51">2013-06-18 19:59:36</dateChanged>
      <retired>false</retired>
    </org.openmrs.module.metadatasharing.Item>
    <org.openmrs.module.metadatasharing.Item id="52" uuid="5d8d73a9-e789-4895-9a5e-34617d0ff1db">
      <id>9426</id>
      <classname>org.openmrs.ConceptAnswer</classname>
      <dateChanged id="53">2016-06-02 15:13:20</dateChanged>
    </org.openmrs.module.metadatasharing.Item>
    <org.openmrs.module.metadatasharing.Item id="54" uuid="1d549146-e477-4dcc-9716-11fe4d1cad68">
      <id>8887</id>
      <classname>org.openmrs.Concept</classname>
      <dateChanged id="55">2013-06-18 20:02:05</dateChanged>
      <retired>false</retired>
    </org.openmrs.module.metadatasharing.Item>
    <org.openmrs.module.metadatasharing.Item id="56" uuid="972c3491-0178-4ed7-940a-18ce207c3269">
      <id>22562</id>
      <classname>org.openmrs.ConceptName</classname>
      <dateChanged id="57">2013-06-18 20:02:05</dateChanged>
    </org.openmrs.module.metadatasharing.Item>
    <org.openmrs.module.metadatasharing.Item id="58" uuid="b2da9860-171c-41cb-a4f5-10829894e0ca">
      <id>22563</id>
      <classname>org.openmrs.ConceptName</classname>
      <dateChanged id="59">2013-06-18 20:02:05</dateChanged>
    </org.openmrs.module.metadatasharing.Item>
    <org.openmrs.module.metadatasharing.Item id="60" uuid="5fc26639-62d8-4492-98cf-195194626a5e">
      <id>22564</id>
      <classname>org.openmrs.ConceptName</classname>
      <dateChanged id="61">2013-06-18 20:02:05</dateChanged>
    </org.openmrs.module.metadatasharing.Item>
    <org.openmrs.module.metadatasharing.Item id="62" uuid="eb2f2468-21c1-4698-9024-c9c73f1d378d">
      <id>6328</id>
      <classname>org.openmrs.ConceptDescription</classname>
      <dateChanged id="63">2013-06-18 20:02:05</dateChanged>
    </org.openmrs.module.metadatasharing.Item>
    <org.openmrs.module.metadatasharing.Item id="64" uuid="fc4da9c6-52d1-4638-801e-dc250251ead3">
      <id>18215</id>
      <classname>org.openmrs.ConceptMap</classname>
      <dateChanged id="65">2013-06-18 20:02:05</dateChanged>
    </org.openmrs.module.metadatasharing.Item>
    <org.openmrs.module.metadatasharing.Item id="66" uuid="349d7932-6711-45ea-9403-9856ba0ab48f">
      <id>18171</id>
      <classname>org.openmrs.ConceptReferenceTerm</classname>
      <dateChanged id="67">2013-06-18 19:58:08</dateChanged>
      <retired>false</retired>
    </org.openmrs.module.metadatasharing.Item>
    <org.openmrs.module.metadatasharing.Item id="68" uuid="1a012160-1ad6-4822-b9b3-0b33eeffa947">
      <id>18216</id>
      <classname>org.openmrs.ConceptMap</classname>
      <dateChanged id="69">2013-06-18 20:02:05</dateChanged>
    </org.openmrs.module.metadatasharing.Item>
    <org.openmrs.module.metadatasharing.Item id="70" uuid="d407bf04-40e0-49e4-91df-dc8e3948c1cb">
      <id>18173</id>
      <classname>org.openmrs.ConceptReferenceTerm</classname>
      <dateChanged id="71">2013-06-18 19:59:42</dateChanged>
      <retired>false</retired>
    </org.openmrs.module.metadatasharing.Item>
    <org.openmrs.module.metadatasharing.Item id="72" uuid="5e914a99-937e-4b8d-89ff-53d9cf1aef03">
      <id>9424</id>
      <classname>org.openmrs.ConceptAnswer</classname>
      <dateChanged id="73">2016-06-02 15:13:20</dateChanged>
    </org.openmrs.module.metadatasharing.Item>
    <org.openmrs.module.metadatasharing.Item id="74" uuid="70763694-61c5-447f-abc3-91f144bfcc0b">
      <id>10667</id>
      <classname>org.openmrs.Concept</classname>
      <dateChanged id="75">2016-06-01 21:08:18</dateChanged>
      <retired>false</retired>
    </org.openmrs.module.metadatasharing.Item>
    <org.openmrs.module.metadatasharing.Item id="76" uuid="895bbcfa-c7f9-4411-a869-b0b8c2922a97">
      <id>31144</id>
      <classname>org.openmrs.ConceptName</classname>
      <dateChanged id="77">2016-06-01 21:08:18</dateChanged>
    </org.openmrs.module.metadatasharing.Item>
    <org.openmrs.module.metadatasharing.Item id="78" uuid="7cd32b6d-ddbb-40a4-8ef3-04e6063342cd">
      <id>31145</id>
      <classname>org.openmrs.ConceptName</classname>
      <dateChanged id="79">2016-06-01 21:08:18</dateChanged>
    </org.openmrs.module.metadatasharing.Item>
    <org.openmrs.module.metadatasharing.Item id="80" uuid="ef528bfc-6707-43b0-bc51-6b7db72ec8ab">
      <id>26666</id>
      <classname>org.openmrs.ConceptMap</classname>
      <dateChanged id="81">2016-06-01 21:08:18</dateChanged>
    </org.openmrs.module.metadatasharing.Item>
    <org.openmrs.module.metadatasharing.Item id="82" uuid="9b49f567-2c7c-44da-9729-c06c8c984cc8">
      <id>25854</id>
      <classname>org.openmrs.ConceptReferenceTerm</classname>
      <dateChanged id="83">2016-06-01 21:07:48</dateChanged>
      <retired>false</retired>
    </org.openmrs.module.metadatasharing.Item>
    <org.openmrs.module.metadatasharing.Item id="84" uuid="35d2cf36-6e66-42d4-b988-9d81fa6fc288">
      <id>26667</id>
      <classname>org.openmrs.ConceptMap</classname>
      <dateChanged id="85">2016-06-01 21:08:18</dateChanged>
    </org.openmrs.module.metadatasharing.Item>
    <org.openmrs.module.metadatasharing.Item id="86" uuid="78590a66-39ba-46dc-a271-7786c268851f">
      <id>25853</id>
      <classname>org.openmrs.ConceptReferenceTerm</classname>
      <dateChanged id="87">2016-06-01 21:07:39</dateChanged>
      <retired>false</retired>
    </org.openmrs.module.metadatasharing.Item>
    <org.openmrs.module.metadatasharing.Item id="88" uuid="a5c57f73-1e25-4f50-8187-d78cc81a7270">
      <id>9423</id>
      <classname>org.openmrs.ConceptAnswer</classname>
      <dateChanged id="89">2016-06-02 15:13:20</dateChanged>
    </org.openmrs.module.metadatasharing.Item>
    <org.openmrs.module.metadatasharing.Item id="90" uuid="95d75a4a-cb14-4f1f-b7d5-f53e694b403f">
      <id>10666</id>
      <classname>org.openmrs.Concept</classname>
      <dateChanged id="91">2016-06-01 21:06:45</dateChanged>
      <retired>false</retired>
    </org.openmrs.module.metadatasharing.Item>
    <org.openmrs.module.metadatasharing.Item id="92" uuid="ef2bb9a9-3377-46e0-8829-3a910a6172de">
      <id>31142</id>
      <classname>org.openmrs.ConceptName</classname>
      <dateChanged id="93">2016-06-01 21:05:17</dateChanged>
    </org.openmrs.module.metadatasharing.Item>
    <org.openmrs.module.metadatasharing.Item id="94" uuid="e5fc2f0e-1c5b-43ae-8cf1-90fe12bb3f92">
      <id>31143</id>
      <classname>org.openmrs.ConceptName</classname>
      <dateChanged id="95">2016-06-01 21:05:17</dateChanged>
    </org.openmrs.module.metadatasharing.Item>
    <org.openmrs.module.metadatasharing.Item id="96" uuid="34fcd434-b9f2-4f47-9eae-598bf7967e29">
      <id>26664</id>
      <classname>org.openmrs.ConceptMap</classname>
      <dateChanged id="97">2016-06-01 21:06:45</dateChanged>
    </org.openmrs.module.metadatasharing.Item>
    <org.openmrs.module.metadatasharing.Item id="98" uuid="80f13cc7-ca60-471a-9265-06d7b7d635e3">
      <id>25852</id>
      <classname>org.openmrs.ConceptReferenceTerm</classname>
      <dateChanged id="99">2016-06-01 21:06:25</dateChanged>
      <retired>false</retired>
    </org.openmrs.module.metadatasharing.Item>
    <org.openmrs.module.metadatasharing.Item id="100" uuid="dc3ae26f-0544-4c64-85e5-e89e8e741143">
      <id>26665</id>
      <classname>org.openmrs.ConceptMap</classname>
      <dateChanged id="101">2016-06-01 21:06:45</dateChanged>
    </org.openmrs.module.metadatasharing.Item>
    <org.openmrs.module.metadatasharing.Item id="102" uuid="1aadf97e-4235-427e-83cd-d31f1ba7b883">
      <id>25851</id>
      <classname>org.openmrs.ConceptReferenceTerm</classname>
      <dateChanged id="103">2016-06-01 21:05:33</dateChanged>
      <retired>false</retired>
    </org.openmrs.module.metadatasharing.Item>
    <org.openmrs.module.metadatasharing.Item id="104" uuid="76de7cca-5d38-43ea-a770-daf1937ac7b8">
      <id>7030</id>
      <classname>org.openmrs.ConceptDescription</classname>
      <dateChanged id="105">2016-06-02 15:16:50</dateChanged>
    </org.openmrs.module.metadatasharing.Item>
    <org.openmrs.module.metadatasharing.Item id="106" uuid="c26b61c2-7830-432d-82c4-00e43dc3d29a">
      <id>26668</id>
      <classname>org.openmrs.ConceptMap</classname>
      <dateChanged id="107">2016-06-02 15:16:50</dateChanged>
    </org.openmrs.module.metadatasharing.Item>
    <org.openmrs.module.metadatasharing.Item id="108" uuid="f5b476ee-35a9-412c-8429-2e14b4f367c1">
      <id>25855</id>
      <classname>org.openmrs.ConceptReferenceTerm</classname>
      <dateChanged id="109">2016-06-02 15:13:46</dateChanged>
      <retired>false</retired>
    </org.openmrs.module.metadatasharing.Item>
    <org.openmrs.module.metadatasharing.Item id="110" uuid="28614f69-eeb6-4e15-a5e8-d454ff79662e">
      <id>26669</id>
      <classname>org.openmrs.ConceptMap</classname>
      <dateChanged id="111">2016-06-02 15:16:50</dateChanged>
    </org.openmrs.module.metadatasharing.Item>
    <org.openmrs.module.metadatasharing.Item id="112" uuid="6a85b1bb-707f-4b6d-8810-cb3f3d080521">
      <id>25856</id>
      <classname>org.openmrs.ConceptReferenceTerm</classname>
      <dateChanged id="113">2016-06-02 15:13:57</dateChanged>
      <retired>false</retired>
    </org.openmrs.module.metadatasharing.Item>
    <org.openmrs.module.metadatasharing.Item id="114" uuid="0245d0a7-9a14-47d7-bbe9-86d7411b3604">
      <id>6732</id>
      <classname>org.openmrs.ConceptSet</classname>
      <dateChanged id="115">2016-06-02 16:36:54</dateChanged>
    </org.openmrs.module.metadatasharing.Item>
    <org.openmrs.module.metadatasharing.Item id="116" uuid="66c18ba5-459e-4049-94ab-f80aca5c6a98">
      <id>10670</id>
      <classname>org.openmrs.Concept</classname>
      <dateChanged id="117">2016-06-02 16:37:01</dateChanged>
      <retired>false</retired>
    </org.openmrs.module.metadatasharing.Item>
    <org.openmrs.module.metadatasharing.Item id="118" uuid="8d491e50-c2cc-11de-8d13-0010c6dffd0f">
      <id>7</id>
      <classname>org.openmrs.ConceptClass</classname>
      <dateChanged id="119">2015-07-01 17:25:50</dateChanged>
      <retired>false</retired>
    </org.openmrs.module.metadatasharing.Item>
    <org.openmrs.module.metadatasharing.Item id="120" uuid="79de8e18-3516-4faa-a286-bdd31e43bf74">
      <id>31151</id>
      <classname>org.openmrs.ConceptName</classname>
      <dateChanged id="121">2016-06-02 16:29:18</dateChanged>
    </org.openmrs.module.metadatasharing.Item>
    <org.openmrs.module.metadatasharing.Item id="122" uuid="eb149b7a-a70d-4410-ba0e-86210759f2b9">
      <id>9427</id>
      <classname>org.openmrs.ConceptAnswer</classname>
      <dateChanged id="123">2016-06-02 16:29:18</dateChanged>
    </org.openmrs.module.metadatasharing.Item>
    <org.openmrs.module.metadatasharing.Item id="124" uuid="4dd3244d-fcb9-424d-ad8a-afd773c69923">
      <id>7260</id>
      <classname>org.openmrs.Concept</classname>
      <dateChanged id="125">2011-06-09 12:42:44</dateChanged>
      <retired>false</retired>
    </org.openmrs.module.metadatasharing.Item>
    <org.openmrs.module.metadatasharing.Item id="126" uuid="7267e4d5-291d-4fa5-9db6-800871c2e430">
      <id>14879</id>
      <classname>org.openmrs.ConceptName</classname>
      <dateChanged id="127">2011-06-09 12:42:33</dateChanged>
    </org.openmrs.module.metadatasharing.Item>
    <org.openmrs.module.metadatasharing.Item id="128" uuid="7a5e17c0-7047-46d9-b7d7-297ecbf9eda3">
      <id>5557</id>
      <classname>org.openmrs.ConceptDescription</classname>
      <dateChanged id="129">2011-06-09 12:42:44</dateChanged>
    </org.openmrs.module.metadatasharing.Item>
    <org.openmrs.module.metadatasharing.Item id="130" uuid="4ad50bce-14a9-4836-98fe-d1a87a33a31a">
      <id>12757</id>
      <classname>org.openmrs.ConceptMap</classname>
      <dateChanged id="131">2012-06-21 16:49:52</dateChanged>
    </org.openmrs.module.metadatasharing.Item>
    <org.openmrs.module.metadatasharing.Item id="132" uuid="ce0a5875-1ead-38fe-869b-c6996ed5584b">
      <id>12757</id>
      <classname>org.openmrs.ConceptReferenceTerm</classname>
      <dateChanged id="133">2011-06-09 00:00:00</dateChanged>
      <retired>false</retired>
    </org.openmrs.module.metadatasharing.Item>
    <org.openmrs.module.metadatasharing.Item id="134" uuid="f1906996-300a-4336-85f0-79dc2de96fdd">
      <id>12756</id>
      <classname>org.openmrs.ConceptMap</classname>
      <dateChanged id="135">2012-06-21 16:49:52</dateChanged>
    </org.openmrs.module.metadatasharing.Item>
    <org.openmrs.module.metadatasharing.Item id="136" uuid="73dd4050-f669-3e71-9725-d704fb6c502b">
      <id>12756</id>
      <classname>org.openmrs.ConceptReferenceTerm</classname>
      <dateChanged id="137">2011-06-09 00:00:00</dateChanged>
      <retired>false</retired>
    </org.openmrs.module.metadatasharing.Item>
    <org.openmrs.module.metadatasharing.Item id="138" uuid="81a418f6-bd36-4441-8336-5f3567607138">
      <id>9428</id>
      <classname>org.openmrs.ConceptAnswer</classname>
      <dateChanged id="139">2016-06-02 16:31:39</dateChanged>
    </org.openmrs.module.metadatasharing.Item>
    <org.openmrs.module.metadatasharing.Item id="140" uuid="3cdc871e-26fe-102b-80cb-0017a47871b2">
      <id>1651</id>
      <classname>org.openmrs.Concept</classname>
      <dateChanged id="141">2015-05-05 17:36:39</dateChanged>
      <retired>false</retired>
    </org.openmrs.module.metadatasharing.Item>
    <org.openmrs.module.metadatasharing.Item id="142" uuid="fd84cd6f-eb71-4e4c-9025-28f83102e03e">
      <id>29665</id>
      <classname>org.openmrs.ConceptName</classname>
      <dateChanged id="143">2015-05-05 17:36:38</dateChanged>
    </org.openmrs.module.metadatasharing.Item>
    <org.openmrs.module.metadatasharing.Item id="144" uuid="3e1c7daa-26fe-102b-80cb-0017a47871b2">
      <id>1800</id>
      <classname>org.openmrs.ConceptName</classname>
      <dateChanged id="145">2006-09-18 09:28:17</dateChanged>
    </org.openmrs.module.metadatasharing.Item>
    <org.openmrs.module.metadatasharing.Item id="146" uuid="f62e53a8-d5db-102d-ad2a-000c29c2a5d7">
      <id>11153</id>
      <classname>org.openmrs.ConceptName</classname>
      <dateChanged id="147">2015-05-05 17:36:38</dateChanged>
    </org.openmrs.module.metadatasharing.Item>
    <org.openmrs.module.metadatasharing.Item id="148" uuid="0b932298-15f5-102d-96e4-000c29c2a5d7">
      <id>9155</id>
      <classname>org.openmrs.ConceptName</classname>
      <dateChanged id="149">2009-06-15 19:36:37</dateChanged>
    </org.openmrs.module.metadatasharing.Item>
    <org.openmrs.module.metadatasharing.Item id="150" uuid="eceb7674-07fe-102c-b5fa-0017a47871b2">
      <id>1674</id>
      <classname>org.openmrs.ConceptDescription</classname>
      <dateChanged id="151">2011-03-21 14:58:15</dateChanged>
    </org.openmrs.module.metadatasharing.Item>
    <org.openmrs.module.metadatasharing.Item id="152" uuid="b213f320-4864-102e-96e9-000c29c2a5d7">
      <id>1653</id>
      <classname>org.openmrs.ConceptMap</classname>
      <dateChanged id="153">2012-06-21 16:49:52</dateChanged>
    </org.openmrs.module.metadatasharing.Item>
    <org.openmrs.module.metadatasharing.Item id="154" uuid="23006822-6b2e-3bff-90a2-68521d88d1c5">
      <id>1653</id>
      <classname>org.openmrs.ConceptReferenceTerm</classname>
      <dateChanged id="155">2010-11-23 00:00:00</dateChanged>
      <retired>false</retired>
    </org.openmrs.module.metadatasharing.Item>
    <org.openmrs.module.metadatasharing.Item id="156" uuid="757741d0-4943-102e-96e9-000c29c2a5d7">
      <id>7476</id>
      <classname>org.openmrs.ConceptMap</classname>
      <dateChanged id="157">2012-06-21 16:49:52</dateChanged>
    </org.openmrs.module.metadatasharing.Item>
    <org.openmrs.module.metadatasharing.Item id="158" uuid="d9858c25-d4bf-3080-8ecd-625236518cca">
      <id>7476</id>
      <classname>org.openmrs.ConceptReferenceTerm</classname>
      <dateChanged id="159">2010-11-24 00:00:00</dateChanged>
      <retired>false</retired>
    </org.openmrs.module.metadatasharing.Item>
    <org.openmrs.module.metadatasharing.Item id="160" uuid="9c943c22-54a8-4111-a778-dbc93905d07b">
      <id>9429</id>
      <classname>org.openmrs.ConceptAnswer</classname>
      <dateChanged id="161">2016-06-02 16:37:01</dateChanged>
    </org.openmrs.module.metadatasharing.Item>
    <org.openmrs.module.metadatasharing.Item id="162" uuid="45d0c3d2-2188-4186-8a19-0063b92914ee">
      <id>10671</id>
      <classname>org.openmrs.Concept</classname>
      <dateChanged id="163">2016-06-02 16:33:55</dateChanged>
      <retired>false</retired>
    </org.openmrs.module.metadatasharing.Item>
    <org.openmrs.module.metadatasharing.Item id="164" uuid="81086bbb-cb1b-42e6-9845-9fe6ccd5fad6">
      <id>31152</id>
      <classname>org.openmrs.ConceptName</classname>
      <dateChanged id="165">2016-06-02 16:33:27</dateChanged>
    </org.openmrs.module.metadatasharing.Item>
    <org.openmrs.module.metadatasharing.Item id="166" uuid="de5fa910-2cd6-45f7-b4d3-9288817a258a">
      <id>26672</id>
      <classname>org.openmrs.ConceptMap</classname>
      <dateChanged id="167">2016-06-02 16:33:27</dateChanged>
    </org.openmrs.module.metadatasharing.Item>
    <org.openmrs.module.metadatasharing.Item id="168" uuid="8553cc63-0d66-407c-bc8d-1b93252e098c">
      <id>25859</id>
      <classname>org.openmrs.ConceptReferenceTerm</classname>
      <dateChanged id="169">2016-06-02 16:33:15</dateChanged>
      <retired>false</retired>
    </org.openmrs.module.metadatasharing.Item>
    <org.openmrs.module.metadatasharing.Item id="170" uuid="de84ddc3-bec1-4b69-8bfc-742d5d7c193c">
      <id>26673</id>
      <classname>org.openmrs.ConceptMap</classname>
      <dateChanged id="171">2016-06-02 16:33:55</dateChanged>
    </org.openmrs.module.metadatasharing.Item>
    <org.openmrs.module.metadatasharing.Item id="172" uuid="7c785795-b1dd-4a1a-9264-35b03c38b5f3">
      <id>25860</id>
      <classname>org.openmrs.ConceptReferenceTerm</classname>
      <dateChanged id="173">2016-06-02 16:33:40</dateChanged>
      <retired>false</retired>
    </org.openmrs.module.metadatasharing.Item>
    <org.openmrs.module.metadatasharing.Item id="174" uuid="61ce76f8-e4b2-4031-86b7-0aca85a8783c">
      <id>9430</id>
      <classname>org.openmrs.ConceptAnswer</classname>
      <dateChanged id="175">2016-06-02 16:37:01</dateChanged>
    </org.openmrs.module.metadatasharing.Item>
    <org.openmrs.module.metadatasharing.Item id="176" uuid="1fa8d25e-7471-4201-815f-79fac44d9a5f">
      <id>10672</id>
      <classname>org.openmrs.Concept</classname>
      <dateChanged id="177">2016-06-02 16:36:27</dateChanged>
      <retired>false</retired>
    </org.openmrs.module.metadatasharing.Item>
    <org.openmrs.module.metadatasharing.Item id="178" uuid="53c86c52-dcdd-40f4-92f5-62a5b6b2b067">
      <id>31153</id>
      <classname>org.openmrs.ConceptName</classname>
      <dateChanged id="179">2016-06-02 16:35:50</dateChanged>
    </org.openmrs.module.metadatasharing.Item>
    <org.openmrs.module.metadatasharing.Item id="180" uuid="305bf808-f4e2-441f-8b38-efcc5ca0a80f">
      <id>26674</id>
      <classname>org.openmrs.ConceptMap</classname>
      <dateChanged id="181">2016-06-02 16:35:50</dateChanged>
    </org.openmrs.module.metadatasharing.Item>
    <org.openmrs.module.metadatasharing.Item id="182" uuid="e1f7a858-3e1b-446b-bf27-71316ff61345">
      <id>25861</id>
      <classname>org.openmrs.ConceptReferenceTerm</classname>
      <dateChanged id="183">2016-06-02 16:35:39</dateChanged>
      <retired>false</retired>
    </org.openmrs.module.metadatasharing.Item>
    <org.openmrs.module.metadatasharing.Item id="184" uuid="9f84d238-d3bd-409e-af9b-d7dcd6271caa">
      <id>26675</id>
      <classname>org.openmrs.ConceptMap</classname>
      <dateChanged id="185">2016-06-02 16:36:27</dateChanged>
    </org.openmrs.module.metadatasharing.Item>
    <org.openmrs.module.metadatasharing.Item id="186" uuid="5ea0ddda-52c7-4759-bd86-1e47c97243bc">
      <id>25862</id>
      <classname>org.openmrs.ConceptReferenceTerm</classname>
      <dateChanged id="187">2016-06-02 16:36:14</dateChanged>
      <retired>false</retired>
    </org.openmrs.module.metadatasharing.Item>
    <org.openmrs.module.metadatasharing.Item id="188" uuid="b6f1aa3b-d4d7-4238-8cba-e487e441e726">
      <id>26670</id>
      <classname>org.openmrs.ConceptMap</classname>
      <dateChanged id="189">2016-06-02 16:30:10</dateChanged>
    </org.openmrs.module.metadatasharing.Item>
    <org.openmrs.module.metadatasharing.Item id="190" uuid="3f899191-7258-484a-80cf-cd21091de6a6">
      <id>25857</id>
      <classname>org.openmrs.ConceptReferenceTerm</classname>
      <dateChanged id="191">2016-06-02 16:29:36</dateChanged>
      <retired>false</retired>
    </org.openmrs.module.metadatasharing.Item>
    <org.openmrs.module.metadatasharing.Item id="192" uuid="a3b74f8b-7f5d-4d11-a523-2e96f1ea03ad">
      <id>26671</id>
      <classname>org.openmrs.ConceptMap</classname>
      <dateChanged id="193">2016-06-02 16:30:10</dateChanged>
    </org.openmrs.module.metadatasharing.Item>
    <org.openmrs.module.metadatasharing.Item id="194" uuid="152e1a0e-47eb-42e6-a926-e62012c224c9">
      <id>25858</id>
      <classname>org.openmrs.ConceptReferenceTerm</classname>
      <dateChanged id="195">2016-06-02 16:29:51</dateChanged>
      <retired>false</retired>
    </org.openmrs.module.metadatasharing.Item>
    <org.openmrs.module.metadatasharing.Item id="196" uuid="030eb23a-7e59-4265-afa8-d27f04db53da">
      <id>7031</id>
      <classname>org.openmrs.ConceptDescription</classname>
      <dateChanged id="197">2016-06-02 16:42:11</dateChanged>
    </org.openmrs.module.metadatasharing.Item>
  </relatedItems>
</package>
