<?xml version="1.0" encoding="UTF-8"?>
<list id="1">
  <org.openmrs.Concept id="2" uuid="123fa843-a734-40c9-910c-4fe7527427ef">
    <conceptId>10669</conceptId>
    <retired>false</retired>
    <datatype id="3" resolves-to="org.openmrs.ConceptDatatype" uuid="8d4a4c94-c2cc-11de-8d13-0010c6dffd0f">
      <name>N/A</name>
      <description>Not associated with a datatype (e.g., term answers, sets)</description>
      <creator/>
      <dateCreated id="4">2004-02-02 05:00:00</dateCreated>
      <retired>false</retired>
      <conceptDatatypeId>4</conceptDatatypeId>
      <hl7Abbreviation>ZZ</hl7Abbreviation>
    </datatype>
    <conceptClass id="5" resolves-to="org.openmrs.ConceptClass" uuid="8d492594-c2cc-11de-8d13-0010c6dffd0f">
      <name>ConvSet</name>
      <description>Term to describe convenience sets</description>
      <creator/>
      <dateCreated id="6">2015-07-01 17:25:50</dateCreated>
      <retired>false</retired>
      <conceptClassId>10</conceptClassId>
    </conceptClass>
    <set>true</set>
    <creator/>
    <dateCreated id="7">2016-06-02 16:26:05</dateCreated>
    <changedBy/>
    <dateChanged id="8">2016-06-02 16:42:11</dateChanged>
    <names class="set" id="9">
      <org.openmrs.ConceptName id="10" uuid="7d12d5f8-70a9-4144-a478-888e0046f1cb">
        <conceptNameId>31150</conceptNameId>
        <concept reference="2"/>
        <name>HUM Triage set</name>
        <locale id="11">en</locale>
        <creator/>
        <dateCreated id="12">2016-06-02 16:26:05</dateCreated>
        <voided>false</voided>
        <tags class="set" id="13"/>
        <conceptNameType>FULLY_SPECIFIED</conceptNameType>
        <localePreferred>true</localePreferred>
      </org.openmrs.ConceptName>
    </names>
    <answers class="set" id="14"/>
    <conceptSets class="set" id="15">
      <org.openmrs.ConceptSet id="16" uuid="0245d0a7-9a14-47d7-bbe9-86d7411b3604">
        <conceptSetId>6732</conceptSetId>
        <concept id="17" resolves-to="org.openmrs.Concept" uuid="66c18ba5-459e-4049-94ab-f80aca5c6a98">
          <conceptId>10670</conceptId>
          <retired>false</retired>
          <datatype id="18" resolves-to="org.openmrs.ConceptDatatype" uuid="8d4a48b6-c2cc-11de-8d13-0010c6dffd0f">
            <name>Coded</name>
            <description>Value determined by term dictionary lookup (i.e., term identifier)</description>
            <creator/>
            <dateCreated id="19">2004-02-02 00:00:00</dateCreated>
            <retired>false</retired>
            <conceptDatatypeId>2</conceptDatatypeId>
            <hl7Abbreviation>CWE</hl7Abbreviation>
          </datatype>
          <conceptClass id="20" resolves-to="org.openmrs.ConceptClass" uuid="8d491e50-c2cc-11de-8d13-0010c6dffd0f">
            <name>Question</name>
            <description>Question (eg, patient history, SF36 items)</description>
            <creator/>
            <dateCreated id="21">2015-07-01 17:25:50</dateCreated>
            <retired>false</retired>
            <conceptClassId>7</conceptClassId>
          </conceptClass>
          <set>false</set>
          <creator/>
          <dateCreated id="22">2016-06-02 16:29:18</dateCreated>
          <changedBy/>
          <dateChanged id="23">2016-06-02 16:37:01</dateChanged>
          <names class="set" id="24">
            <org.openmrs.ConceptName id="25" uuid="79de8e18-3516-4faa-a286-bdd31e43bf74">
              <conceptNameId>31151</conceptNameId>
              <concept reference="17"/>
              <name>Triage queue status</name>
              <locale id="26">en</locale>
              <creator/>
              <dateCreated id="27">2016-06-02 16:29:18</dateCreated>
              <voided>false</voided>
              <tags class="set" id="28"/>
              <conceptNameType>FULLY_SPECIFIED</conceptNameType>
              <localePreferred>true</localePreferred>
            </org.openmrs.ConceptName>
          </names>
          <answers class="set" id="29">
            <org.openmrs.ConceptAnswer id="30" uuid="61ce76f8-e4b2-4031-86b7-0aca85a8783c">
              <conceptAnswerId>9430</conceptAnswerId>
              <concept reference="17"/>
              <answerConcept id="31" resolves-to="org.openmrs.Concept" uuid="1fa8d25e-7471-4201-815f-79fac44d9a5f">
                <conceptId>10672</conceptId>
                <retired>false</retired>
                <datatype reference="3"/>
                <conceptClass id="32" resolves-to="org.openmrs.ConceptClass" uuid="8d492774-c2cc-11de-8d13-0010c6dffd0f">
                  <name>Misc</name>
                  <description>Terms which don&apos;t fit other categories</description>
                  <creator/>
                  <dateCreated id="33">2015-07-01 17:25:50</dateCreated>
                  <retired>false</retired>
                  <conceptClassId>11</conceptClassId>
                </conceptClass>
                <set>false</set>
                <creator/>
                <dateCreated id="34">2016-06-02 16:35:50</dateCreated>
                <changedBy/>
                <dateChanged id="35">2016-06-02 16:36:27</dateChanged>
                <names class="set" id="36">
                  <org.openmrs.ConceptName id="37" uuid="53c86c52-dcdd-40f4-92f5-62a5b6b2b067">
                    <conceptNameId>31153</conceptNameId>
                    <concept reference="31"/>
                    <name>Expire</name>
                    <locale id="38">en</locale>
                    <creator/>
                    <dateCreated id="39">2016-06-02 16:35:50</dateCreated>
                    <voided>false</voided>
                    <tags class="set" id="40"/>
                    <conceptNameType>FULLY_SPECIFIED</conceptNameType>
                    <localePreferred>true</localePreferred>
                  </org.openmrs.ConceptName>
                </names>
                <answers class="set" id="41"/>
                <conceptSets class="set" id="42"/>
                <descriptions class="set" id="43"/>
                <conceptMappings class="set" id="44">
                  <org.openmrs.ConceptMap id="45" uuid="305bf808-f4e2-441f-8b38-efcc5ca0a80f">
                    <conceptMapType id="46" resolves-to="org.openmrs.ConceptMapType" uuid="35543629-7d8c-11e1-909d-c80aa9edcf4e">
                      <name>SAME-AS</name>
                      <creator/>
                      <dateCreated id="47">2012-06-21 00:00:00</dateCreated>
                      <retired>false</retired>
                      <conceptMapTypeId>1</conceptMapTypeId>
                      <isHidden>false</isHidden>
                    </conceptMapType>
                    <creator/>
                    <dateCreated id="48">2016-06-02 16:35:50</dateCreated>
                    <conceptMapId>26674</conceptMapId>
                    <concept reference="31"/>
                    <conceptReferenceTerm id="49" resolves-to="org.openmrs.ConceptReferenceTerm" uuid="e1f7a858-3e1b-446b-bf27-71316ff61345">
                      <creator/>
                      <dateCreated id="50">2016-06-02 16:35:39</dateCreated>
                      <retired>false</retired>
                      <conceptReferenceTermId>25861</conceptReferenceTermId>
                      <conceptSource id="51" resolves-to="org.openmrs.ConceptSource" uuid="fb9aaaf1-65e2-4c18-b53c-16b575f2f385">
                        <name>PIH</name>
                        <description>Partners In Health concept dictionary using concept ids and preferred English names</description>
                        <creator/>
                        <dateCreated id="52">2015-07-01 17:25:50</dateCreated>
                        <retired>false</retired>
                        <conceptSourceId>5</conceptSourceId>
                      </conceptSource>
                      <code>Expire</code>
                      <conceptReferenceTermMaps id="53"/>
                    </conceptReferenceTerm>
                  </org.openmrs.ConceptMap>
                  <org.openmrs.ConceptMap id="54" uuid="9f84d238-d3bd-409e-af9b-d7dcd6271caa">
                    <conceptMapType reference="46"/>
                    <creator/>
                    <dateCreated id="55">2016-06-02 16:36:27</dateCreated>
                    <conceptMapId>26675</conceptMapId>
                    <concept reference="31"/>
                    <conceptReferenceTerm id="56" resolves-to="org.openmrs.ConceptReferenceTerm" uuid="5ea0ddda-52c7-4759-bd86-1e47c97243bc">
                      <creator/>
                      <dateCreated id="57">2016-06-02 16:36:14</dateCreated>
                      <retired>false</retired>
                      <conceptReferenceTermId>25862</conceptReferenceTermId>
                      <conceptSource reference="51"/>
                      <code>10672</code>
                      <conceptReferenceTermMaps id="58"/>
                    </conceptReferenceTerm>
                  </org.openmrs.ConceptMap>
                </conceptMappings>
              </answerConcept>
              <creator/>
              <dateCreated id="59">2016-06-02 16:37:01</dateCreated>
              <sortWeight>4.0</sortWeight>
            </org.openmrs.ConceptAnswer>
            <org.openmrs.ConceptAnswer id="60" uuid="eb149b7a-a70d-4410-ba0e-86210759f2b9">
              <conceptAnswerId>9427</conceptAnswerId>
              <concept reference="17"/>
              <answerConcept id="61" resolves-to="org.openmrs.Concept" uuid="4dd3244d-fcb9-424d-ad8a-afd773c69923">
                <conceptId>7260</conceptId>
                <retired>false</retired>
                <datatype reference="3"/>
                <conceptClass reference="32"/>
                <set>false</set>
                <version></version>
                <creator/>
                <dateCreated id="62">2011-06-09 12:42:33</dateCreated>
                <changedBy/>
                <dateChanged id="63">2011-06-09 12:42:44</dateChanged>
                <names class="set" id="64">
                  <org.openmrs.ConceptName id="65" uuid="7267e4d5-291d-4fa5-9db6-800871c2e430">
                    <conceptNameId>14879</conceptNameId>
                    <concept reference="61"/>
                    <name>Waiting for evaluation</name>
                    <locale id="66">en</locale>
                    <creator/>
                    <dateCreated id="67">2011-06-09 12:42:33</dateCreated>
                    <voided>false</voided>
                    <tags class="set" id="68"/>
                    <conceptNameType>FULLY_SPECIFIED</conceptNameType>
                    <localePreferred>false</localePreferred>
                  </org.openmrs.ConceptName>
                </names>
                <answers class="set" id="69"/>
                <conceptSets class="set" id="70"/>
                <descriptions class="set" id="71">
                  <org.openmrs.ConceptDescription id="72" uuid="7a5e17c0-7047-46d9-b7d7-297ecbf9eda3">
                    <conceptDescriptionId>5557</conceptDescriptionId>
                    <concept reference="61"/>
                    <description>Further analysis of the patient is required before decisions are made.</description>
                    <locale id="73">en</locale>
                    <creator/>
                    <dateCreated id="74">2011-06-09 12:42:33</dateCreated>
                    <changedBy/>
                    <dateChanged id="75">2011-06-09 12:42:44</dateChanged>
                  </org.openmrs.ConceptDescription>
                </descriptions>
                <conceptMappings class="set" id="76">
                  <org.openmrs.ConceptMap id="77" uuid="4ad50bce-14a9-4836-98fe-d1a87a33a31a">
                    <conceptMapType reference="46"/>
                    <creator/>
                    <changedBy/>
                    <dateCreated id="78">2011-06-09 12:42:44</dateCreated>
                    <dateChanged id="79">2012-06-21 16:49:52</dateChanged>
                    <conceptMapId>12757</conceptMapId>
                    <concept reference="61"/>
                    <conceptReferenceTerm id="80" resolves-to="org.openmrs.ConceptReferenceTerm" uuid="ce0a5875-1ead-38fe-869b-c6996ed5584b">
                      <creator/>
                      <dateCreated id="81">2011-06-09 00:00:00</dateCreated>
                      <retired>false</retired>
                      <conceptReferenceTermId>12757</conceptReferenceTermId>
                      <conceptSource reference="51"/>
                      <code>7260</code>
                      <conceptReferenceTermMaps id="82"/>
                    </conceptReferenceTerm>
                  </org.openmrs.ConceptMap>
                  <org.openmrs.ConceptMap id="83" uuid="f1906996-300a-4336-85f0-79dc2de96fdd">
                    <conceptMapType reference="46"/>
                    <creator/>
                    <changedBy/>
                    <dateCreated id="84">2011-06-09 12:42:33</dateCreated>
                    <dateChanged id="85">2012-06-21 16:49:52</dateChanged>
                    <conceptMapId>12756</conceptMapId>
                    <concept reference="61"/>
                    <conceptReferenceTerm id="86" resolves-to="org.openmrs.ConceptReferenceTerm" uuid="73dd4050-f669-3e71-9725-d704fb6c502b">
                      <creator/>
                      <dateCreated id="87">2011-06-09 00:00:00</dateCreated>
                      <retired>false</retired>
                      <conceptReferenceTermId>12756</conceptReferenceTermId>
                      <conceptSource reference="51"/>
                      <code>Waiting for evaluation</code>
                      <conceptReferenceTermMaps id="88"/>
                    </conceptReferenceTerm>
                  </org.openmrs.ConceptMap>
                </conceptMappings>
              </answerConcept>
              <creator/>
              <dateCreated id="89">2016-06-02 16:29:18</dateCreated>
              <sortWeight>1.0</sortWeight>
            </org.openmrs.ConceptAnswer>
            <org.openmrs.ConceptAnswer id="90" uuid="81a418f6-bd36-4441-8336-5f3567607138">
              <conceptAnswerId>9428</conceptAnswerId>
              <concept reference="17"/>
              <answerConcept id="91" resolves-to="org.openmrs.Concept" uuid="3cdc871e-26fe-102b-80cb-0017a47871b2">
                <conceptId>1651</conceptId>
                <retired>false</retired>
                <datatype reference="3"/>
                <conceptClass reference="32"/>
                <set>false</set>
                <creator/>
                <dateCreated id="92">2006-09-18 09:28:17</dateCreated>
                <changedBy/>
                <dateChanged id="93">2015-05-05 17:36:39</dateChanged>
                <names class="set" id="94">
                  <org.openmrs.ConceptName id="95" uuid="fd84cd6f-eb71-4e4c-9025-28f83102e03e">
                    <conceptNameId>29665</conceptNameId>
                    <concept reference="91"/>
                    <name>Consultation externe</name>
                    <locale id="96">fr</locale>
                    <creator/>
                    <dateCreated id="97">2015-05-05 17:36:38</dateCreated>
                    <voided>false</voided>
                    <tags class="set" id="98"/>
                    <conceptNameType>FULLY_SPECIFIED</conceptNameType>
                    <localePreferred>true</localePreferred>
                  </org.openmrs.ConceptName>
                  <org.openmrs.ConceptName id="99" uuid="3e1c7daa-26fe-102b-80cb-0017a47871b2">
                    <conceptNameId>1800</conceptNameId>
                    <concept reference="91"/>
                    <name>Outpatient consultation</name>
                    <locale id="100">en</locale>
                    <creator/>
                    <dateCreated id="101">2006-09-18 09:28:17</dateCreated>
                    <voided>false</voided>
                    <tags class="set" id="102"/>
                    <conceptNameType>FULLY_SPECIFIED</conceptNameType>
                    <localePreferred>true</localePreferred>
                  </org.openmrs.ConceptName>
                  <org.openmrs.ConceptName id="103" uuid="f62e53a8-d5db-102d-ad2a-000c29c2a5d7">
                    <conceptNameId>11153</conceptNameId>
                    <concept reference="91"/>
                    <name>CONSULTATION EXTERNE</name>
                    <locale id="104">fr</locale>
                    <creator/>
                    <dateCreated id="105">2010-06-29 13:03:59</dateCreated>
                    <voided>true</voided>
                    <voidedBy/>
                    <dateVoided id="106">2015-05-05 17:36:38</dateVoided>
                    <voidReason>Removed from user interface</voidReason>
                    <tags class="set" id="107"/>
                    <localePreferred>true</localePreferred>
                  </org.openmrs.ConceptName>
                  <org.openmrs.ConceptName id="108" uuid="0b932298-15f5-102d-96e4-000c29c2a5d7">
                    <conceptNameId>9155</conceptNameId>
                    <concept reference="91"/>
                    <name>Outpatient</name>
                    <locale id="109">en</locale>
                    <creator/>
                    <dateCreated id="110">2009-06-15 19:36:37</dateCreated>
                    <voided>false</voided>
                    <tags class="set" id="111"/>
                    <conceptNameType>SHORT</conceptNameType>
                    <localePreferred>false</localePreferred>
                  </org.openmrs.ConceptName>
                </names>
                <answers class="set" id="112"/>
                <conceptSets class="set" id="113"/>
                <descriptions class="set" id="114">
                  <org.openmrs.ConceptDescription id="115" uuid="eceb7674-07fe-102c-b5fa-0017a47871b2">
                    <conceptDescriptionId>1674</conceptDescriptionId>
                    <concept reference="91"/>
                    <description>A mode of admission</description>
                    <locale id="116">en</locale>
                    <creator/>
                    <dateCreated id="117">2006-09-18 09:28:17</dateCreated>
                    <changedBy/>
                    <dateChanged id="118">2011-03-21 14:58:15</dateChanged>
                  </org.openmrs.ConceptDescription>
                </descriptions>
                <conceptMappings class="set" id="119">
                  <org.openmrs.ConceptMap id="120" uuid="b213f320-4864-102e-96e9-000c29c2a5d7">
                    <conceptMapType reference="46"/>
                    <creator/>
                    <changedBy/>
                    <dateCreated id="121">2010-11-23 10:15:31</dateCreated>
                    <dateChanged id="122">2012-06-21 16:49:52</dateChanged>
                    <conceptMapId>1653</conceptMapId>
                    <concept reference="91"/>
                    <conceptReferenceTerm id="123" resolves-to="org.openmrs.ConceptReferenceTerm" uuid="23006822-6b2e-3bff-90a2-68521d88d1c5">
                      <creator/>
                      <dateCreated id="124">2010-11-23 00:00:00</dateCreated>
                      <retired>false</retired>
                      <conceptReferenceTermId>1653</conceptReferenceTermId>
                      <conceptSource reference="51"/>
                      <code>1651</code>
                      <conceptReferenceTermMaps id="125"/>
                    </conceptReferenceTerm>
                  </org.openmrs.ConceptMap>
                  <org.openmrs.ConceptMap id="126" uuid="757741d0-4943-102e-96e9-000c29c2a5d7">
                    <conceptMapType reference="46"/>
                    <creator/>
                    <changedBy/>
                    <dateCreated id="127">2010-11-24 12:49:58</dateCreated>
                    <dateChanged id="128">2012-06-21 16:49:52</dateChanged>
                    <conceptMapId>7476</conceptMapId>
                    <concept reference="91"/>
                    <conceptReferenceTerm id="129" resolves-to="org.openmrs.ConceptReferenceTerm" uuid="d9858c25-d4bf-3080-8ecd-625236518cca">
                      <creator/>
                      <dateCreated id="130">2010-11-24 00:00:00</dateCreated>
                      <retired>false</retired>
                      <conceptReferenceTermId>7476</conceptReferenceTermId>
                      <conceptSource reference="51"/>
                      <code>OUTPATIENT CONSULTATION</code>
                      <conceptReferenceTermMaps id="131"/>
                    </conceptReferenceTerm>
                  </org.openmrs.ConceptMap>
                </conceptMappings>
              </answerConcept>
              <creator/>
              <dateCreated id="132">2016-06-02 16:31:39</dateCreated>
              <sortWeight>2.0</sortWeight>
            </org.openmrs.ConceptAnswer>
            <org.openmrs.ConceptAnswer id="133" uuid="9c943c22-54a8-4111-a778-dbc93905d07b">
              <conceptAnswerId>9429</conceptAnswerId>
              <concept reference="17"/>
              <answerConcept id="134" resolves-to="org.openmrs.Concept" uuid="45d0c3d2-2188-4186-8a19-0063b92914ee">
                <conceptId>10671</conceptId>
                <retired>false</retired>
                <datatype reference="3"/>
                <conceptClass reference="32"/>
                <set>false</set>
                <creator/>
                <dateCreated id="135">2016-06-02 16:33:27</dateCreated>
                <changedBy/>
                <dateChanged id="136">2016-06-02 16:33:55</dateChanged>
                <names class="set" id="137">
                  <org.openmrs.ConceptName id="138" uuid="81086bbb-cb1b-42e6-9845-9fe6ccd5fad6">
                    <conceptNameId>31152</conceptNameId>
                    <concept reference="134"/>
                    <name>Remove</name>
                    <locale id="139">en</locale>
                    <creator/>
                    <dateCreated id="140">2016-06-02 16:33:27</dateCreated>
                    <voided>false</voided>
                    <tags class="set" id="141"/>
                    <conceptNameType>FULLY_SPECIFIED</conceptNameType>
                    <localePreferred>true</localePreferred>
                  </org.openmrs.ConceptName>
                </names>
                <answers class="set" id="142"/>
                <conceptSets class="set" id="143"/>
                <descriptions class="set" id="144"/>
                <conceptMappings class="set" id="145">
                  <org.openmrs.ConceptMap id="146" uuid="de5fa910-2cd6-45f7-b4d3-9288817a258a">
                    <conceptMapType reference="46"/>
                    <creator/>
                    <dateCreated id="147">2016-06-02 16:33:27</dateCreated>
                    <conceptMapId>26672</conceptMapId>
                    <concept reference="134"/>
                    <conceptReferenceTerm id="148" resolves-to="org.openmrs.ConceptReferenceTerm" uuid="8553cc63-0d66-407c-bc8d-1b93252e098c">
                      <creator/>
                      <dateCreated id="149">2016-06-02 16:33:15</dateCreated>
                      <retired>false</retired>
                      <conceptReferenceTermId>25859</conceptReferenceTermId>
                      <conceptSource reference="51"/>
                      <code>Remove</code>
                      <conceptReferenceTermMaps id="150"/>
                    </conceptReferenceTerm>
                  </org.openmrs.ConceptMap>
                  <org.openmrs.ConceptMap id="151" uuid="de84ddc3-bec1-4b69-8bfc-742d5d7c193c">
                    <conceptMapType reference="46"/>
                    <creator/>
                    <dateCreated id="152">2016-06-02 16:33:55</dateCreated>
                    <conceptMapId>26673</conceptMapId>
                    <concept reference="134"/>
                    <conceptReferenceTerm id="153" resolves-to="org.openmrs.ConceptReferenceTerm" uuid="7c785795-b1dd-4a1a-9264-35b03c38b5f3">
                      <creator/>
                      <dateCreated id="154">2016-06-02 16:33:40</dateCreated>
                      <retired>false</retired>
                      <conceptReferenceTermId>25860</conceptReferenceTermId>
                      <conceptSource reference="51"/>
                      <code>10671</code>
                      <conceptReferenceTermMaps id="155"/>
                    </conceptReferenceTerm>
                  </org.openmrs.ConceptMap>
                </conceptMappings>
              </answerConcept>
              <creator/>
              <dateCreated id="156">2016-06-02 16:37:01</dateCreated>
              <sortWeight>3.0</sortWeight>
            </org.openmrs.ConceptAnswer>
          </answers>
          <conceptSets class="set" id="157"/>
          <descriptions class="set" id="158"/>
          <conceptMappings class="set" id="159">
            <org.openmrs.ConceptMap id="160" uuid="b6f1aa3b-d4d7-4238-8cba-e487e441e726">
              <conceptMapType reference="46"/>
              <creator/>
              <dateCreated id="161">2016-06-02 16:30:10</dateCreated>
              <conceptMapId>26670</conceptMapId>
              <concept reference="17"/>
              <conceptReferenceTerm id="162" resolves-to="org.openmrs.ConceptReferenceTerm" uuid="3f899191-7258-484a-80cf-cd21091de6a6">
                <creator/>
                <dateCreated id="163">2016-06-02 16:29:36</dateCreated>
                <retired>false</retired>
                <conceptReferenceTermId>25857</conceptReferenceTermId>
                <conceptSource reference="51"/>
                <code>10670</code>
                <conceptReferenceTermMaps id="164"/>
              </conceptReferenceTerm>
            </org.openmrs.ConceptMap>
            <org.openmrs.ConceptMap id="165" uuid="a3b74f8b-7f5d-4d11-a523-2e96f1ea03ad">
              <conceptMapType reference="46"/>
              <creator/>
              <dateCreated id="166">2016-06-02 16:30:10</dateCreated>
              <conceptMapId>26671</conceptMapId>
              <concept reference="17"/>
              <conceptReferenceTerm id="167" resolves-to="org.openmrs.ConceptReferenceTerm" uuid="152e1a0e-47eb-42e6-a926-e62012c224c9">
                <creator/>
                <dateCreated id="168">2016-06-02 16:29:51</dateCreated>
                <retired>false</retired>
                <conceptReferenceTermId>25858</conceptReferenceTermId>
                <conceptSource reference="51"/>
                <code>Triage queue status</code>
                <conceptReferenceTermMaps id="169"/>
              </conceptReferenceTerm>
            </org.openmrs.ConceptMap>
          </conceptMappings>
        </concept>
        <conceptSet reference="2"/>
        <sortWeight>1.0</sortWeight>
        <creator/>
        <dateCreated id="170">2016-06-02 16:36:54</dateCreated>
      </org.openmrs.ConceptSet>
      <org.openmrs.ConceptSet id="171" uuid="af37f21d-cfa3-47b4-8cb7-512e300af3e0">
        <conceptSetId>6731</conceptSetId>
        <concept id="172" resolves-to="org.openmrs.Concept" uuid="f81631c8-f658-4472-a7eb-c618b05e6149">
          <conceptId>10668</conceptId>
          <retired>false</retired>
          <datatype reference="18"/>
          <conceptClass id="173" resolves-to="org.openmrs.ConceptClass" uuid="8d491a9a-c2cc-11de-8d13-0010c6dffd0f">
            <name>Finding</name>
            <description>Practitioner observation/finding</description>
            <creator/>
            <dateCreated id="174">2015-07-01 17:25:50</dateCreated>
            <retired>false</retired>
            <conceptClassId>5</conceptClassId>
          </conceptClass>
          <set>false</set>
          <creator/>
          <dateCreated id="175">2016-06-02 15:13:20</dateCreated>
          <changedBy/>
          <dateChanged id="176">2016-06-02 15:16:50</dateChanged>
          <names class="set" id="177">
            <org.openmrs.ConceptName id="178" uuid="d5764e74-dbbb-45e8-97ec-107d16f31184">
              <conceptNameId>31146</conceptNameId>
              <concept reference="172"/>
              <name>Triage color classification</name>
              <locale id="179">en</locale>
              <creator/>
              <dateCreated id="180">2016-06-02 15:13:20</dateCreated>
              <voided>false</voided>
              <tags class="set" id="181"/>
              <conceptNameType>FULLY_SPECIFIED</conceptNameType>
              <localePreferred>true</localePreferred>
            </org.openmrs.ConceptName>
          </names>
          <answers class="set" id="182">
            <org.openmrs.ConceptAnswer id="183" uuid="a5c57f73-1e25-4f50-8187-d78cc81a7270">
              <conceptAnswerId>9423</conceptAnswerId>
              <concept reference="172"/>
              <answerConcept id="184" resolves-to="org.openmrs.Concept" uuid="95d75a4a-cb14-4f1f-b7d5-f53e694b403f">
                <conceptId>10666</conceptId>
                <retired>false</retired>
                <datatype reference="3"/>
                <conceptClass reference="32"/>
                <set>false</set>
                <creator/>
                <dateCreated id="185">2016-06-01 21:05:17</dateCreated>
                <changedBy/>
                <dateChanged id="186">2016-06-01 21:06:45</dateChanged>
                <names class="set" id="187">
                  <org.openmrs.ConceptName id="188" uuid="ef2bb9a9-3377-46e0-8829-3a910a6172de">
                    <conceptNameId>31142</conceptNameId>
                    <concept reference="184"/>
                    <name>Orange</name>
                    <locale id="189">fr</locale>
                    <creator/>
                    <dateCreated id="190">2016-06-01 21:05:17</dateCreated>
                    <voided>false</voided>
                    <tags class="set" id="191"/>
                    <conceptNameType>FULLY_SPECIFIED</conceptNameType>
                    <localePreferred>true</localePreferred>
                  </org.openmrs.ConceptName>
                  <org.openmrs.ConceptName id="192" uuid="e5fc2f0e-1c5b-43ae-8cf1-90fe12bb3f92">
                    <conceptNameId>31143</conceptNameId>
                    <concept reference="184"/>
                    <name>Orange</name>
                    <locale id="193">en</locale>
                    <creator/>
                    <dateCreated id="194">2016-06-01 21:05:17</dateCreated>
                    <voided>false</voided>
                    <tags class="set" id="195"/>
                    <conceptNameType>FULLY_SPECIFIED</conceptNameType>
                    <localePreferred>true</localePreferred>
                  </org.openmrs.ConceptName>
                </names>
                <answers class="set" id="196"/>
                <conceptSets class="set" id="197"/>
                <descriptions class="set" id="198"/>
                <conceptMappings class="set" id="199">
                  <org.openmrs.ConceptMap id="200" uuid="34fcd434-b9f2-4f47-9eae-598bf7967e29">
                    <conceptMapType reference="46"/>
                    <creator/>
                    <dateCreated id="201">2016-06-01 21:06:45</dateCreated>
                    <conceptMapId>26664</conceptMapId>
                    <concept reference="184"/>
                    <conceptReferenceTerm id="202" resolves-to="org.openmrs.ConceptReferenceTerm" uuid="80f13cc7-ca60-471a-9265-06d7b7d635e3">
                      <creator/>
                      <dateCreated id="203">2016-06-01 21:06:25</dateCreated>
                      <retired>false</retired>
                      <conceptReferenceTermId>25852</conceptReferenceTermId>
                      <conceptSource reference="51"/>
                      <code>Orange</code>
                      <conceptReferenceTermMaps id="204"/>
                    </conceptReferenceTerm>
                  </org.openmrs.ConceptMap>
                  <org.openmrs.ConceptMap id="205" uuid="dc3ae26f-0544-4c64-85e5-e89e8e741143">
                    <conceptMapType reference="46"/>
                    <creator/>
                    <dateCreated id="206">2016-06-01 21:06:45</dateCreated>
                    <conceptMapId>26665</conceptMapId>
                    <concept reference="184"/>
                    <conceptReferenceTerm id="207" resolves-to="org.openmrs.ConceptReferenceTerm" uuid="1aadf97e-4235-427e-83cd-d31f1ba7b883">
                      <creator/>
                      <dateCreated id="208">2016-06-01 21:05:33</dateCreated>
                      <retired>false</retired>
                      <conceptReferenceTermId>25851</conceptReferenceTermId>
                      <conceptSource reference="51"/>
                      <code>10666</code>
                      <conceptReferenceTermMaps id="209"/>
                    </conceptReferenceTerm>
                  </org.openmrs.ConceptMap>
                </conceptMappings>
              </answerConcept>
              <creator/>
              <dateCreated id="210">2016-06-02 15:13:20</dateCreated>
              <sortWeight>4.0</sortWeight>
            </org.openmrs.ConceptAnswer>
            <org.openmrs.ConceptAnswer id="211" uuid="5e914a99-937e-4b8d-89ff-53d9cf1aef03">
              <conceptAnswerId>9424</conceptAnswerId>
              <concept reference="172"/>
              <answerConcept id="212" resolves-to="org.openmrs.Concept" uuid="70763694-61c5-447f-abc3-91f144bfcc0b">
                <conceptId>10667</conceptId>
                <retired>false</retired>
                <datatype reference="3"/>
                <conceptClass reference="32"/>
                <set>false</set>
                <creator/>
                <dateCreated id="213">2016-06-01 21:08:18</dateCreated>
                <changedBy/>
                <dateChanged id="214">2016-06-01 21:08:18</dateChanged>
                <names class="set" id="215">
                  <org.openmrs.ConceptName id="216" uuid="895bbcfa-c7f9-4411-a869-b0b8c2922a97">
                    <conceptNameId>31144</conceptNameId>
                    <concept reference="212"/>
                    <name>Yellow</name>
                    <locale id="217">en</locale>
                    <creator/>
                    <dateCreated id="218">2016-06-01 21:08:18</dateCreated>
                    <voided>false</voided>
                    <tags class="set" id="219"/>
                    <conceptNameType>FULLY_SPECIFIED</conceptNameType>
                    <localePreferred>true</localePreferred>
                  </org.openmrs.ConceptName>
                  <org.openmrs.ConceptName id="220" uuid="7cd32b6d-ddbb-40a4-8ef3-04e6063342cd">
                    <conceptNameId>31145</conceptNameId>
                    <concept reference="212"/>
                    <name>Jaune</name>
                    <locale id="221">fr</locale>
                    <creator/>
                    <dateCreated id="222">2016-06-01 21:08:18</dateCreated>
                    <voided>false</voided>
                    <tags class="set" id="223"/>
                    <conceptNameType>FULLY_SPECIFIED</conceptNameType>
                    <localePreferred>true</localePreferred>
                  </org.openmrs.ConceptName>
                </names>
                <answers class="set" id="224"/>
                <conceptSets class="set" id="225"/>
                <descriptions class="set" id="226"/>
                <conceptMappings class="set" id="227">
                  <org.openmrs.ConceptMap id="228" uuid="ef528bfc-6707-43b0-bc51-6b7db72ec8ab">
                    <conceptMapType reference="46"/>
                    <creator/>
                    <dateCreated id="229">2016-06-01 21:08:18</dateCreated>
                    <conceptMapId>26666</conceptMapId>
                    <concept reference="212"/>
                    <conceptReferenceTerm id="230" resolves-to="org.openmrs.ConceptReferenceTerm" uuid="9b49f567-2c7c-44da-9729-c06c8c984cc8">
                      <creator/>
                      <dateCreated id="231">2016-06-01 21:07:48</dateCreated>
                      <retired>false</retired>
                      <conceptReferenceTermId>25854</conceptReferenceTermId>
                      <conceptSource reference="51"/>
                      <code>Yellow</code>
                      <conceptReferenceTermMaps id="232"/>
                    </conceptReferenceTerm>
                  </org.openmrs.ConceptMap>
                  <org.openmrs.ConceptMap id="233" uuid="35d2cf36-6e66-42d4-b988-9d81fa6fc288">
                    <conceptMapType reference="46"/>
                    <creator/>
                    <dateCreated id="234">2016-06-01 21:08:18</dateCreated>
                    <conceptMapId>26667</conceptMapId>
                    <concept reference="212"/>
                    <conceptReferenceTerm id="235" resolves-to="org.openmrs.ConceptReferenceTerm" uuid="78590a66-39ba-46dc-a271-7786c268851f">
                      <creator/>
                      <dateCreated id="236">2016-06-01 21:07:39</dateCreated>
                      <retired>false</retired>
                      <conceptReferenceTermId>25853</conceptReferenceTermId>
                      <conceptSource reference="51"/>
                      <code>10667</code>
                      <conceptReferenceTermMaps id="237"/>
                    </conceptReferenceTerm>
                  </org.openmrs.ConceptMap>
                </conceptMappings>
              </answerConcept>
              <creator/>
              <dateCreated id="238">2016-06-02 15:13:20</dateCreated>
              <sortWeight>3.0</sortWeight>
            </org.openmrs.ConceptAnswer>
            <org.openmrs.ConceptAnswer id="239" uuid="b55791c1-dd4d-4029-ab38-15815e36d662">
              <conceptAnswerId>9425</conceptAnswerId>
              <concept reference="172"/>
              <answerConcept id="240" resolves-to="org.openmrs.Concept" uuid="762ecf40-3065-47aa-93c3-15372d98d393">
                <conceptId>8886</conceptId>
                <retired>false</retired>
                <datatype reference="3"/>
                <conceptClass reference="32"/>
                <set>false</set>
                <creator/>
                <dateCreated id="241">2013-06-18 19:59:18</dateCreated>
                <changedBy/>
                <dateChanged id="242">2013-06-18 20:00:14</dateChanged>
                <names class="set" id="243">
                  <org.openmrs.ConceptName id="244" uuid="0430833c-675d-437b-a579-ad8169edf03a">
                    <conceptNameId>22561</conceptNameId>
                    <concept reference="240"/>
                    <name>Triage rouge</name>
                    <locale id="245">fr</locale>
                    <creator/>
                    <dateCreated id="246">2013-06-18 20:00:14</dateCreated>
                    <voided>false</voided>
                    <tags class="set" id="247"/>
                    <conceptNameType>FULLY_SPECIFIED</conceptNameType>
                    <localePreferred>true</localePreferred>
                  </org.openmrs.ConceptName>
                  <org.openmrs.ConceptName id="248" uuid="06a3b82b-8c7c-4881-b5b5-6b4d41c9c938">
                    <conceptNameId>22558</conceptNameId>
                    <concept reference="240"/>
                    <name>Triage red</name>
                    <locale id="249">en</locale>
                    <creator/>
                    <dateCreated id="250">2013-06-18 19:59:18</dateCreated>
                    <voided>false</voided>
                    <tags class="set" id="251"/>
                    <conceptNameType>FULLY_SPECIFIED</conceptNameType>
                    <localePreferred>true</localePreferred>
                  </org.openmrs.ConceptName>
                  <org.openmrs.ConceptName id="252" uuid="bf2f7663-4190-42d4-b948-808de3900405">
                    <conceptNameId>22559</conceptNameId>
                    <concept reference="240"/>
                    <name>Triyaj wouj</name>
                    <locale id="253">ht</locale>
                    <creator/>
                    <dateCreated id="254">2013-06-18 19:59:18</dateCreated>
                    <voided>false</voided>
                    <tags class="set" id="255"/>
                    <conceptNameType>FULLY_SPECIFIED</conceptNameType>
                    <localePreferred>true</localePreferred>
                  </org.openmrs.ConceptName>
                  <org.openmrs.ConceptName id="256" uuid="4e6e6705-0976-4d5e-a098-3314a823bab9">
                    <conceptNameId>22560</conceptNameId>
                    <concept reference="240"/>
                    <name>Traige rouge</name>
                    <locale id="257">fr</locale>
                    <creator/>
                    <dateCreated id="258">2013-06-18 19:59:18</dateCreated>
                    <voided>true</voided>
                    <voidedBy/>
                    <dateVoided id="259">2013-06-18 20:00:14</dateVoided>
                    <voidReason>Voided due to change of name</voidReason>
                    <tags class="set" id="260"/>
                    <localePreferred>false</localePreferred>
                  </org.openmrs.ConceptName>
                </names>
                <answers class="set" id="261"/>
                <conceptSets class="set" id="262"/>
                <descriptions class="set" id="263">
                  <org.openmrs.ConceptDescription id="264" uuid="2faee0b5-16a5-4676-b85c-5f0de6fb9005">
                    <conceptDescriptionId>6327</conceptDescriptionId>
                    <concept reference="240"/>
                    <description>The patient has been accessed with a serious problem.</description>
                    <locale id="265">en</locale>
                    <creator/>
                    <dateCreated id="266">2013-06-18 19:59:18</dateCreated>
                  </org.openmrs.ConceptDescription>
                </descriptions>
                <conceptMappings class="set" id="267">
                  <org.openmrs.ConceptMap id="268" uuid="3aaf5b95-4c2c-44b3-b9d5-3eeebeb40999">
                    <conceptMapType reference="46"/>
                    <creator/>
                    <dateCreated id="269">2013-06-18 19:59:19</dateCreated>
                    <conceptMapId>18213</conceptMapId>
                    <concept reference="240"/>
                    <conceptReferenceTerm id="270" resolves-to="org.openmrs.ConceptReferenceTerm" uuid="57f6d6cc-a75b-4b1c-bf75-a92e0b71a0e9">
                      <creator/>
                      <dateCreated id="271">2013-06-18 19:57:59</dateCreated>
                      <retired>false</retired>
                      <conceptReferenceTermId>18170</conceptReferenceTermId>
                      <conceptSource reference="51"/>
                      <code>Triage red</code>
                      <conceptReferenceTermMaps id="272"/>
                    </conceptReferenceTerm>
                  </org.openmrs.ConceptMap>
                  <org.openmrs.ConceptMap id="273" uuid="966a9bda-d3a6-4bc6-aa30-a947d55514ee">
                    <conceptMapType reference="46"/>
                    <creator/>
                    <dateCreated id="274">2013-06-18 19:59:52</dateCreated>
                    <conceptMapId>18214</conceptMapId>
                    <concept reference="240"/>
                    <conceptReferenceTerm id="275" resolves-to="org.openmrs.ConceptReferenceTerm" uuid="06d4b6eb-2474-4383-8c51-e1a42aa54ddb">
                      <creator/>
                      <dateCreated id="276">2013-06-18 19:59:36</dateCreated>
                      <retired>false</retired>
                      <conceptReferenceTermId>18172</conceptReferenceTermId>
                      <conceptSource reference="51"/>
                      <code>8886</code>
                      <conceptReferenceTermMaps id="277"/>
                    </conceptReferenceTerm>
                  </org.openmrs.ConceptMap>
                </conceptMappings>
              </answerConcept>
              <creator/>
              <dateCreated id="278">2016-06-02 15:13:20</dateCreated>
              <sortWeight>1.0</sortWeight>
            </org.openmrs.ConceptAnswer>
            <org.openmrs.ConceptAnswer id="279" uuid="5d8d73a9-e789-4895-9a5e-34617d0ff1db">
              <conceptAnswerId>9426</conceptAnswerId>
              <concept reference="172"/>
              <answerConcept id="280" resolves-to="org.openmrs.Concept" uuid="1d549146-e477-4dcc-9716-11fe4d1cad68">
                <conceptId>8887</conceptId>
                <retired>false</retired>
                <datatype reference="3"/>
                <conceptClass reference="32"/>
                <set>false</set>
                <creator/>
                <dateCreated id="281">2013-06-18 20:02:05</dateCreated>
                <changedBy/>
                <dateChanged id="282">2013-06-18 20:02:05</dateChanged>
                <names class="set" id="283">
                  <org.openmrs.ConceptName id="284" uuid="972c3491-0178-4ed7-940a-18ce207c3269">
                    <conceptNameId>22562</conceptNameId>
                    <concept reference="280"/>
                    <name>Triage green</name>
                    <locale id="285">en</locale>
                    <creator/>
                    <dateCreated id="286">2013-06-18 20:02:05</dateCreated>
                    <voided>false</voided>
                    <tags class="set" id="287"/>
                    <conceptNameType>FULLY_SPECIFIED</conceptNameType>
                    <localePreferred>true</localePreferred>
                  </org.openmrs.ConceptName>
                  <org.openmrs.ConceptName id="288" uuid="b2da9860-171c-41cb-a4f5-10829894e0ca">
                    <conceptNameId>22563</conceptNameId>
                    <concept reference="280"/>
                    <name>Triyaj vèt</name>
                    <locale id="289">ht</locale>
                    <creator/>
                    <dateCreated id="290">2013-06-18 20:02:05</dateCreated>
                    <voided>false</voided>
                    <tags class="set" id="291"/>
                    <conceptNameType>FULLY_SPECIFIED</conceptNameType>
                    <localePreferred>true</localePreferred>
                  </org.openmrs.ConceptName>
                  <org.openmrs.ConceptName id="292" uuid="5fc26639-62d8-4492-98cf-195194626a5e">
                    <conceptNameId>22564</conceptNameId>
                    <concept reference="280"/>
                    <name>Triage vert</name>
                    <locale id="293">fr</locale>
                    <creator/>
                    <dateCreated id="294">2013-06-18 20:02:05</dateCreated>
                    <voided>false</voided>
                    <tags class="set" id="295"/>
                    <conceptNameType>FULLY_SPECIFIED</conceptNameType>
                    <localePreferred>true</localePreferred>
                  </org.openmrs.ConceptName>
                </names>
                <answers class="set" id="296"/>
                <conceptSets class="set" id="297"/>
                <descriptions class="set" id="298">
                  <org.openmrs.ConceptDescription id="299" uuid="eb2f2468-21c1-4698-9024-c9c73f1d378d">
                    <conceptDescriptionId>6328</conceptDescriptionId>
                    <concept reference="280"/>
                    <description>The patient has been accessed with a non-life-threatening problem.</description>
                    <locale id="300">en</locale>
                    <creator/>
                    <dateCreated id="301">2013-06-18 20:02:05</dateCreated>
                  </org.openmrs.ConceptDescription>
                </descriptions>
                <conceptMappings class="set" id="302">
                  <org.openmrs.ConceptMap id="303" uuid="fc4da9c6-52d1-4638-801e-dc250251ead3">
                    <conceptMapType reference="46"/>
                    <creator/>
                    <dateCreated id="304">2013-06-18 20:02:05</dateCreated>
                    <conceptMapId>18215</conceptMapId>
                    <concept reference="280"/>
                    <conceptReferenceTerm id="305" resolves-to="org.openmrs.ConceptReferenceTerm" uuid="349d7932-6711-45ea-9403-9856ba0ab48f">
                      <creator/>
                      <dateCreated id="306">2013-06-18 19:58:08</dateCreated>
                      <retired>false</retired>
                      <conceptReferenceTermId>18171</conceptReferenceTermId>
                      <conceptSource reference="51"/>
                      <code>Triage green</code>
                      <conceptReferenceTermMaps id="307"/>
                    </conceptReferenceTerm>
                  </org.openmrs.ConceptMap>
                  <org.openmrs.ConceptMap id="308" uuid="1a012160-1ad6-4822-b9b3-0b33eeffa947">
                    <conceptMapType reference="46"/>
                    <creator/>
                    <dateCreated id="309">2013-06-18 20:02:05</dateCreated>
                    <conceptMapId>18216</conceptMapId>
                    <concept reference="280"/>
                    <conceptReferenceTerm id="310" resolves-to="org.openmrs.ConceptReferenceTerm" uuid="d407bf04-40e0-49e4-91df-dc8e3948c1cb">
                      <creator/>
                      <dateCreated id="311">2013-06-18 19:59:42</dateCreated>
                      <retired>false</retired>
                      <conceptReferenceTermId>18173</conceptReferenceTermId>
                      <conceptSource reference="51"/>
                      <code>8887</code>
                      <conceptReferenceTermMaps id="312"/>
                    </conceptReferenceTerm>
                  </org.openmrs.ConceptMap>
                </conceptMappings>
              </answerConcept>
              <creator/>
              <dateCreated id="313">2016-06-02 15:13:20</dateCreated>
              <sortWeight>2.0</sortWeight>
            </org.openmrs.ConceptAnswer>
          </answers>
          <conceptSets class="set" id="314"/>
          <descriptions class="set" id="315">
            <org.openmrs.ConceptDescription id="316" uuid="76de7cca-5d38-43ea-a770-daf1937ac7b8">
              <conceptDescriptionId>7030</conceptDescriptionId>
              <concept reference="172"/>
              <description>Classification of emergency patients using color indications.  The color is based on a score.</description>
              <locale id="317">en</locale>
              <creator/>
              <dateCreated id="318">2016-06-02 15:16:50</dateCreated>
            </org.openmrs.ConceptDescription>
          </descriptions>
          <conceptMappings class="set" id="319">
            <org.openmrs.ConceptMap id="320" uuid="c26b61c2-7830-432d-82c4-00e43dc3d29a">
              <conceptMapType reference="46"/>
              <creator/>
              <dateCreated id="321">2016-06-02 15:16:50</dateCreated>
              <conceptMapId>26668</conceptMapId>
              <concept reference="172"/>
              <conceptReferenceTerm id="322" resolves-to="org.openmrs.ConceptReferenceTerm" uuid="f5b476ee-35a9-412c-8429-2e14b4f367c1">
                <creator/>
                <dateCreated id="323">2016-06-02 15:13:46</dateCreated>
                <retired>false</retired>
                <conceptReferenceTermId>25855</conceptReferenceTermId>
                <conceptSource reference="51"/>
                <code>10668</code>
                <conceptReferenceTermMaps id="324"/>
              </conceptReferenceTerm>
            </org.openmrs.ConceptMap>
            <org.openmrs.ConceptMap id="325" uuid="28614f69-eeb6-4e15-a5e8-d454ff79662e">
              <conceptMapType reference="46"/>
              <creator/>
              <dateCreated id="326">2016-06-02 15:16:50</dateCreated>
              <conceptMapId>26669</conceptMapId>
              <concept reference="172"/>
              <conceptReferenceTerm id="327" resolves-to="org.openmrs.ConceptReferenceTerm" uuid="6a85b1bb-707f-4b6d-8810-cb3f3d080521">
                <creator/>
                <dateCreated id="328">2016-06-02 15:13:57</dateCreated>
                <retired>false</retired>
                <conceptReferenceTermId>25856</conceptReferenceTermId>
                <conceptSource reference="51"/>
                <code>Triage color classification</code>
                <conceptReferenceTermMaps id="329"/>
              </conceptReferenceTerm>
            </org.openmrs.ConceptMap>
          </conceptMappings>
        </concept>
        <conceptSet reference="2"/>
        <sortWeight>0.0</sortWeight>
        <creator/>
        <dateCreated id="330">2016-06-02 16:26:05</dateCreated>
      </org.openmrs.ConceptSet>
    </conceptSets>
    <descriptions class="set" id="331">
      <org.openmrs.ConceptDescription id="332" uuid="030eb23a-7e59-4265-afa8-d27f04db53da">
        <conceptDescriptionId>7031</conceptDescriptionId>
        <concept reference="2"/>
        <description>A set of concepts used for Emergency (ED) triage, but not including some concepts already in the Mirebalais concept packages (ie. vitals).</description>
        <locale id="333">en</locale>
        <creator/>
        <dateCreated id="334">2016-06-02 16:42:11</dateCreated>
      </org.openmrs.ConceptDescription>
    </descriptions>
    <conceptMappings class="set" id="335"/>
  </org.openmrs.Concept>
</list>
