<?xml version="1.0" encoding="UTF-8"?>
<list id="1">
  <org.openmrs.Concept id="2" uuid="cef4a703-8521-4c2d-9932-d1429a57e684">
    <conceptId>9070</conceptId>
    <retired>false</retired>
    <datatype id="3" resolves-to="org.openmrs.ConceptDatatype" uuid="8d4a4c94-c2cc-11de-8d13-0010c6dffd0f">
      <name>N/A</name>
      <description>Not associated with a datatype (e.g., term answers, sets)</description>
      <creator/>
      <dateCreated id="4">2004-02-02 05:00:00</dateCreated>
      <retired>false</retired>
      <conceptDatatypeId>4</conceptDatatypeId>
      <hl7Abbreviation>ZZ</hl7Abbreviation>
    </datatype>
    <conceptClass id="5" resolves-to="org.openmrs.ConceptClass" uuid="8d492594-c2cc-11de-8d13-0010c6dffd0f">
      <name>ConvSet</name>
      <description>Term to describe convenience sets</description>
      <creator/>
      <dateCreated id="6">2004-03-02 00:00:00</dateCreated>
      <retired>false</retired>
      <conceptClassId>10</conceptClassId>
    </conceptClass>
    <set>true</set>
    <creator/>
    <dateCreated id="7">2013-08-29 20:10:39</dateCreated>
    <changedBy/>
    <dateChanged id="8">2013-09-09 19:54:10</dateChanged>
    <names class="set" id="9">
      <org.openmrs.ConceptName id="10" uuid="1b58c172-8deb-42b9-92ad-b80c7b016025">
        <conceptNameId>23556</conceptNameId>
        <concept reference="2"/>
        <name>Dispensing Construct</name>
        <locale id="11">en</locale>
        <creator/>
        <dateCreated id="12">2013-08-29 20:10:39</dateCreated>
        <voided>false</voided>
        <tags class="set" id="13"/>
        <conceptNameType>FULLY_SPECIFIED</conceptNameType>
        <localePreferred>true</localePreferred>
      </org.openmrs.ConceptName>
    </names>
    <answers class="set" id="14"/>
    <conceptSets class="set" id="15">
      <org.openmrs.ConceptSet id="16" uuid="af13eb80-d503-48d4-a6ea-54cbd197c10c">
        <conceptSetId>4592</conceptSetId>
        <concept id="17" resolves-to="org.openmrs.ConceptNumeric" uuid="159368AAAAAAAAAAAAAAAAAAAAAAAAAAAAAA">
          <conceptId>9075</conceptId>
          <retired>false</retired>
          <datatype id="18" resolves-to="org.openmrs.ConceptDatatype" uuid="8d4a4488-c2cc-11de-8d13-0010c6dffd0f">
            <name>Numeric</name>
            <description>Numeric value, including integer or float (e.g., creatinine, weight)</description>
            <creator/>
            <dateCreated id="19">2004-02-02 00:00:00</dateCreated>
            <retired>false</retired>
            <conceptDatatypeId>1</conceptDatatypeId>
            <hl7Abbreviation>NM</hl7Abbreviation>
          </datatype>
          <conceptClass id="20" resolves-to="org.openmrs.ConceptClass" uuid="8d491e50-c2cc-11de-8d13-0010c6dffd0f">
            <name>Question</name>
            <description>Question (eg, patient history, SF36 items)</description>
            <creator/>
            <dateCreated id="21">2004-03-02 00:00:00</dateCreated>
            <retired>false</retired>
            <conceptClassId>7</conceptClassId>
          </conceptClass>
          <set>false</set>
          <creator/>
          <dateCreated id="22">2010-08-23 23:10:11</dateCreated>
          <changedBy/>
          <dateChanged id="23">2013-09-09 19:51:02</dateChanged>
          <names class="set" id="24">
            <org.openmrs.ConceptName id="25" uuid="106434BBBBBBBBBBBBBBBBBBBBBBBBBBBBBB">
              <conceptNameId>23562</conceptNameId>
              <concept reference="17"/>
              <name>Medication duration</name>
              <locale id="26">en</locale>
              <creator/>
              <dateCreated id="27">2010-08-23 23:10:11</dateCreated>
              <voided>false</voided>
              <tags class="set" id="28"/>
              <conceptNameType>FULLY_SPECIFIED</conceptNameType>
              <localePreferred>true</localePreferred>
            </org.openmrs.ConceptName>
          </names>
          <answers class="set" id="29"/>
          <conceptSets class="set" id="30"/>
          <descriptions class="set" id="31">
            <org.openmrs.ConceptDescription id="32" uuid="16000FFFFFFFFFFFFFFFFFFFFFFFFFFFFFFF">
              <conceptDescriptionId>6388</conceptDescriptionId>
              <concept reference="17"/>
              <description>Length of time medication was taken for medication history. Use with duration units.</description>
              <locale id="33">en</locale>
              <creator/>
              <dateCreated id="34">2010-08-23 23:10:11</dateCreated>
            </org.openmrs.ConceptDescription>
          </descriptions>
          <conceptMappings class="set" id="35">
            <org.openmrs.ConceptMap id="36" uuid="216526ABBBBBBBBBBBBBBBBBBBBBBBBBBBBB">
              <conceptMapType id="37" resolves-to="org.openmrs.ConceptMapType" uuid="35543629-7d8c-11e1-909d-c80aa9edcf4e">
                <name>SAME-AS</name>
                <creator/>
                <dateCreated id="38">2012-06-21 00:00:00</dateCreated>
                <retired>false</retired>
                <conceptMapTypeId>1</conceptMapTypeId>
                <isHidden>false</isHidden>
              </conceptMapType>
              <creator/>
              <dateCreated id="39">2013-07-03 22:53:08</dateCreated>
              <conceptMapId>19138</conceptMapId>
              <concept reference="17"/>
              <conceptReferenceTerm id="40" resolves-to="org.openmrs.ConceptReferenceTerm" uuid="a30fea37-56f2-307c-a7bb-0b7f15e2e622">
                <creator/>
                <dateCreated id="41">2013-07-03 04:00:00</dateCreated>
                <retired>false</retired>
                <conceptReferenceTermId>18985</conceptReferenceTermId>
                <conceptSource id="42" resolves-to="org.openmrs.ConceptSource" uuid="21ADDDDDDDDDDDDDDDDDDDDDDDDDDDDDDDDD">
                  <name>CIEL</name>
                  <description>Columbia International eHealth Laboratory concept ID</description>
                  <creator/>
                  <dateCreated id="43">2013-07-03 19:55:03</dateCreated>
                  <retired>false</retired>
                  <conceptSourceId>29</conceptSourceId>
                </conceptSource>
                <code>159368</code>
                <conceptReferenceTermMaps id="44"/>
              </conceptReferenceTerm>
            </org.openmrs.ConceptMap>
            <org.openmrs.ConceptMap id="45" uuid="138038ABBBBBBBBBBBBBBBBBBBBBBBBBBBBB">
              <conceptMapType reference="37"/>
              <creator/>
              <dateCreated id="46">2011-01-21 21:32:25</dateCreated>
              <conceptMapId>19139</conceptMapId>
              <concept reference="17"/>
              <conceptReferenceTerm id="47" resolves-to="org.openmrs.ConceptReferenceTerm" uuid="f6b01633-c533-3d50-a497-b5f1cf0a9bd3">
                <creator/>
                <dateCreated id="48">2011-01-21 05:00:00</dateCreated>
                <retired>false</retired>
                <conceptReferenceTermId>18986</conceptReferenceTermId>
                <conceptSource id="49" resolves-to="org.openmrs.ConceptSource" uuid="1ADDDDDDDDDDDDDDDDDDDDDDDDDDDDDDDDDD">
                  <name>SNOMED CT</name>
                  <description>SNOMED Preferred mapping</description>
                  <creator/>
                  <dateCreated id="50">2009-11-20 01:19:16</dateCreated>
                  <retired>false</retired>
                  <conceptSourceId>6</conceptSourceId>
                </conceptSource>
                <code>261774000</code>
                <conceptReferenceTermMaps id="51"/>
              </conceptReferenceTerm>
            </org.openmrs.ConceptMap>
            <org.openmrs.ConceptMap id="52" uuid="135151ABBBBBBBBBBBBBBBBBBBBBBBBBBBBB">
              <conceptMapType reference="37"/>
              <creator/>
              <dateCreated id="53">2010-10-24 17:09:59</dateCreated>
              <conceptMapId>19140</conceptMapId>
              <concept reference="17"/>
              <conceptReferenceTerm id="54" resolves-to="org.openmrs.ConceptReferenceTerm" uuid="41a5fe78-f2f8-3698-bb5f-82eea7863212">
                <creator/>
                <dateCreated id="55">2010-10-24 04:00:00</dateCreated>
                <retired>false</retired>
                <conceptReferenceTermId>18987</conceptReferenceTermId>
                <conceptSource id="56" resolves-to="org.openmrs.ConceptSource" uuid="13ADDDDDDDDDDDDDDDDDDDDDDDDDDDDDDDDD">
                  <name>AMPATH</name>
                  <description>AMPATH concept dictionary</description>
                  <creator/>
                  <dateCreated id="57">2010-10-24 17:02:38</dateCreated>
                  <retired>false</retired>
                  <conceptSourceId>10</conceptSourceId>
                </conceptSource>
                <code>1897</code>
                <conceptReferenceTermMaps id="58"/>
              </conceptReferenceTerm>
            </org.openmrs.ConceptMap>
          </conceptMappings>
          <precise>false</precise>
        </concept>
        <conceptSet reference="2"/>
        <sortWeight>5.0</sortWeight>
        <creator/>
        <dateCreated id="59">2013-09-09 19:54:10</dateCreated>
      </org.openmrs.ConceptSet>
      <org.openmrs.ConceptSet id="60" uuid="0f5d8670-dc82-4755-b0b2-7df416314c9a">
        <conceptSetId>4587</conceptSetId>
        <concept id="61" resolves-to="org.openmrs.ConceptNumeric" uuid="95d216d3-8683-4582-97bd-b3ca5131e18d">
          <conceptId>9071</conceptId>
          <retired>false</retired>
          <datatype reference="18"/>
          <conceptClass id="62" resolves-to="org.openmrs.ConceptClass" uuid="8d492ee0-c2cc-11de-8d13-0010c6dffd0f">
            <name>Misc Order</name>
            <description>Orderable items which aren&apos;t tests or drugs</description>
            <creator/>
            <dateCreated id="63">2005-02-17 00:00:00</dateCreated>
            <retired>false</retired>
            <conceptClassId>15</conceptClassId>
          </conceptClass>
          <set>false</set>
          <creator/>
          <dateCreated id="64">2013-08-29 20:22:26</dateCreated>
          <changedBy/>
          <dateChanged id="65">2013-08-29 21:04:22</dateChanged>
          <names class="set" id="66">
            <org.openmrs.ConceptName id="67" uuid="bc4020d9-fe70-4555-a250-0b8c2b3d9533">
              <conceptNameId>23557</conceptNameId>
              <concept reference="61"/>
              <name>Quantity of medication dispensed</name>
              <locale id="68">en</locale>
              <creator/>
              <dateCreated id="69">2013-08-29 20:22:26</dateCreated>
              <voided>false</voided>
              <tags class="set" id="70"/>
              <conceptNameType>FULLY_SPECIFIED</conceptNameType>
              <localePreferred>true</localePreferred>
            </org.openmrs.ConceptName>
          </names>
          <answers class="set" id="71"/>
          <conceptSets class="set" id="72"/>
          <descriptions class="set" id="73">
            <org.openmrs.ConceptDescription id="74" uuid="5ead284c-8a15-4edd-bea8-a262953a1a32">
              <conceptDescriptionId>6384</conceptDescriptionId>
              <concept reference="61"/>
              <description>The number of pills/tablets/bottles of medication dispensed</description>
              <locale id="75">en</locale>
              <creator/>
              <dateCreated id="76">2013-08-29 20:22:26</dateCreated>
            </org.openmrs.ConceptDescription>
          </descriptions>
          <conceptMappings class="set" id="77">
            <org.openmrs.ConceptMap id="78" uuid="be1af7fa-82d2-4668-9bb0-728148d4099c">
              <conceptMapType reference="37"/>
              <creator/>
              <dateCreated id="79">2013-08-29 21:04:22</dateCreated>
              <conceptMapId>19123</conceptMapId>
              <concept reference="61"/>
              <conceptReferenceTerm id="80" resolves-to="org.openmrs.ConceptReferenceTerm" uuid="27e7eca5-2777-4649-b6b7-ee9013e59605">
                <creator/>
                <dateCreated id="81">2013-08-29 21:03:27</dateCreated>
                <retired>false</retired>
                <conceptReferenceTermId>18969</conceptReferenceTermId>
                <conceptSource reference="42"/>
                <code>1443</code>
                <conceptReferenceTermMaps id="82"/>
              </conceptReferenceTerm>
            </org.openmrs.ConceptMap>
            <org.openmrs.ConceptMap id="83" uuid="b9152c32-50a0-4a11-aea9-79ff5f1fd456">
              <conceptMapType reference="37"/>
              <creator/>
              <dateCreated id="84">2013-08-29 21:04:00</dateCreated>
              <conceptMapId>19122</conceptMapId>
              <concept reference="61"/>
              <conceptReferenceTerm id="85" resolves-to="org.openmrs.ConceptReferenceTerm" uuid="733375e2-df87-4d26-aef6-27dcb1794246">
                <creator/>
                <dateCreated id="86">2013-08-29 21:03:34</dateCreated>
                <retired>false</retired>
                <conceptReferenceTermId>18970</conceptReferenceTermId>
                <conceptSource id="87" resolves-to="org.openmrs.ConceptSource" uuid="fb9aaaf1-65e2-4c18-b53c-16b575f2f385">
                  <name>PIH</name>
                  <description>Partners In Health concept dictionary using concept ids and preferred English names</description>
                  <creator/>
                  <dateCreated id="88">2010-11-23 13:56:26</dateCreated>
                  <retired>false</retired>
                  <conceptSourceId>5</conceptSourceId>
                  <hl7Code>PIH</hl7Code>
                </conceptSource>
                <code>9071</code>
                <conceptReferenceTermMaps id="89"/>
              </conceptReferenceTerm>
            </org.openmrs.ConceptMap>
          </conceptMappings>
          <lowAbsolute>0.0</lowAbsolute>
          <precise>false</precise>
        </concept>
        <conceptSet reference="2"/>
        <sortWeight>1.0</sortWeight>
        <creator/>
        <dateCreated id="90">2013-08-29 20:22:41</dateCreated>
      </org.openmrs.ConceptSet>
      <org.openmrs.ConceptSet id="91" uuid="efa91828-90a2-441e-a01d-a992b7314b7a">
        <conceptSetId>4589</conceptSetId>
        <concept id="92" resolves-to="org.openmrs.Concept" uuid="ef7f742b-76e6-4a83-84ca-534ad6705494">
          <conceptId>9072</conceptId>
          <retired>false</retired>
          <datatype id="93" resolves-to="org.openmrs.ConceptDatatype" uuid="8d4a4ab4-c2cc-11de-8d13-0010c6dffd0f">
            <name>Text</name>
            <description>Free text</description>
            <creator/>
            <dateCreated id="94">2004-02-02 00:00:00</dateCreated>
            <retired>false</retired>
            <conceptDatatypeId>3</conceptDatatypeId>
            <hl7Abbreviation>ST</hl7Abbreviation>
          </datatype>
          <conceptClass reference="62"/>
          <set>false</set>
          <creator/>
          <dateCreated id="95">2013-09-04 21:55:11</dateCreated>
          <changedBy/>
          <dateChanged id="96">2013-09-04 21:55:57</dateChanged>
          <names class="set" id="97">
            <org.openmrs.ConceptName id="98" uuid="4369a18f-1c8d-483e-a2b0-9b382964afc6">
              <conceptNameId>23558</conceptNameId>
              <concept reference="92"/>
              <name>Prescription instructions, non-coded</name>
              <locale id="99">en</locale>
              <creator/>
              <dateCreated id="100">2013-09-04 21:55:11</dateCreated>
              <voided>false</voided>
              <tags class="set" id="101"/>
              <conceptNameType>FULLY_SPECIFIED</conceptNameType>
              <localePreferred>true</localePreferred>
            </org.openmrs.ConceptName>
          </names>
          <answers class="set" id="102"/>
          <conceptSets class="set" id="103"/>
          <descriptions class="set" id="104">
            <org.openmrs.ConceptDescription id="105" uuid="49dfe9e7-d6ee-4c2c-9155-4dab31668db4">
              <conceptDescriptionId>6385</conceptDescriptionId>
              <concept reference="92"/>
              <description>Instructions for how often, in what quantity, and in what form a prescribed medication should be administered.</description>
              <locale id="106">en</locale>
              <creator/>
              <dateCreated id="107">2013-09-04 21:55:11</dateCreated>
            </org.openmrs.ConceptDescription>
          </descriptions>
          <conceptMappings class="set" id="108">
            <org.openmrs.ConceptMap id="109" uuid="01360d6f-6c8c-49e4-86dc-7521c0824cbe">
              <conceptMapType reference="37"/>
              <creator/>
              <dateCreated id="110">2013-09-04 21:55:57</dateCreated>
              <conceptMapId>19132</conceptMapId>
              <concept reference="92"/>
              <conceptReferenceTerm id="111" resolves-to="org.openmrs.ConceptReferenceTerm" uuid="62b41654-ac12-470b-9c79-88cff1c63089">
                <creator/>
                <dateCreated id="112">2013-09-04 21:55:36</dateCreated>
                <retired>false</retired>
                <conceptReferenceTermId>18979</conceptReferenceTermId>
                <conceptSource reference="87"/>
                <code>9072</code>
                <conceptReferenceTermMaps id="113"/>
              </conceptReferenceTerm>
            </org.openmrs.ConceptMap>
          </conceptMappings>
        </concept>
        <conceptSet reference="2"/>
        <sortWeight>7.0</sortWeight>
        <creator/>
        <dateCreated id="114">2013-09-04 21:57:14</dateCreated>
      </org.openmrs.ConceptSet>
      <org.openmrs.ConceptSet id="115" uuid="4a5c5b31-0dd0-42a0-9608-a77325c9cefa">
        <conceptSetId>4590</conceptSetId>
        <concept id="116" resolves-to="org.openmrs.ConceptNumeric" uuid="160856AAAAAAAAAAAAAAAAAAAAAAAAAAAAAA">
          <conceptId>9073</conceptId>
          <retired>false</retired>
          <datatype reference="18"/>
          <conceptClass reference="20"/>
          <set>false</set>
          <creator/>
          <dateCreated id="117">2012-07-16 05:20:27</dateCreated>
          <changedBy/>
          <dateChanged id="118">2013-09-09 19:32:10</dateChanged>
          <names class="set" id="119">
            <org.openmrs.ConceptName id="120" uuid="109537BBBBBBBBBBBBBBBBBBBBBBBBBBBBBB">
              <conceptNameId>23559</conceptNameId>
              <concept reference="116"/>
              <name>Quantity of medication prescribed per dose</name>
              <locale id="121">en</locale>
              <creator/>
              <dateCreated id="122">2012-07-16 05:20:27</dateCreated>
              <voided>false</voided>
              <tags class="set" id="123"/>
              <conceptNameType>FULLY_SPECIFIED</conceptNameType>
              <localePreferred>true</localePreferred>
            </org.openmrs.ConceptName>
          </names>
          <answers class="set" id="124"/>
          <conceptSets class="set" id="125"/>
          <descriptions class="set" id="126">
            <org.openmrs.ConceptDescription id="127" uuid="16909FFFFFFFFFFFFFFFFFFFFFFFFFFFFFFF">
              <conceptDescriptionId>6386</conceptDescriptionId>
              <concept reference="116"/>
              <description>The amount of a medication to be taken in a given dose, for example, take 2 pills every four hours (2 is the quantity, pills are the form and every four hours is the frequency)</description>
              <locale id="128">en</locale>
              <creator/>
              <dateCreated id="129">2012-07-16 05:20:27</dateCreated>
              <dateChanged id="130">2013-03-10 05:01:01</dateChanged>
            </org.openmrs.ConceptDescription>
          </descriptions>
          <conceptMappings class="set" id="131">
            <org.openmrs.ConceptMap id="132" uuid="217974ABBBBBBBBBBBBBBBBBBBBBBBBBBBBB">
              <conceptMapType reference="37"/>
              <creator/>
              <dateCreated id="133">2013-07-03 22:53:08</dateCreated>
              <conceptMapId>19133</conceptMapId>
              <concept reference="116"/>
              <conceptReferenceTerm id="134" resolves-to="org.openmrs.ConceptReferenceTerm" uuid="700be773-497c-3f47-a981-15407acf80ff">
                <creator/>
                <dateCreated id="135">2013-07-03 04:00:00</dateCreated>
                <retired>false</retired>
                <conceptReferenceTermId>18980</conceptReferenceTermId>
                <conceptSource reference="42"/>
                <code>160856</code>
                <conceptReferenceTermMaps id="136"/>
              </conceptReferenceTerm>
            </org.openmrs.ConceptMap>
            <org.openmrs.ConceptMap id="137" uuid="145032ABBBBBBBBBBBBBBBBBBBBBBBBBBBBB">
              <conceptMapType id="138" resolves-to="org.openmrs.ConceptMapType" uuid="43ac5109-7d8c-11e1-909d-c80aa9edcf4e">
                <name>NARROWER-THAN</name>
                <creator/>
                <dateCreated id="139">2012-06-21 00:00:00</dateCreated>
                <retired>false</retired>
                <conceptMapTypeId>2</conceptMapTypeId>
                <isHidden>false</isHidden>
              </conceptMapType>
              <creator/>
              <dateCreated id="140">2012-07-16 05:20:27</dateCreated>
              <conceptMapId>19135</conceptMapId>
              <concept reference="116"/>
              <conceptReferenceTerm id="141" resolves-to="org.openmrs.ConceptReferenceTerm" uuid="a14f90aa-5416-32fd-bd03-60bb4ad427e7">
                <creator/>
                <dateCreated id="142">2012-07-05 04:00:00</dateCreated>
                <retired>false</retired>
                <conceptReferenceTermId>18982</conceptReferenceTermId>
                <conceptSource id="143" resolves-to="org.openmrs.ConceptSource" uuid="2ADDDDDDDDDDDDDDDDDDDDDDDDDDDDDDDDDD">
                  <name>SNOMED NP</name>
                  <description>Non-preferred SNOMED CT mappings</description>
                  <creator/>
                  <dateCreated id="144">2010-04-25 11:12:44</dateCreated>
                  <retired>false</retired>
                  <conceptSourceId>8</conceptSourceId>
                </conceptSource>
                <code>33633005</code>
                <conceptReferenceTermMaps id="145"/>
              </conceptReferenceTerm>
            </org.openmrs.ConceptMap>
          </conceptMappings>
          <precise>false</precise>
        </concept>
        <conceptSet reference="2"/>
        <sortWeight>3.0</sortWeight>
        <creator/>
        <dateCreated id="146">2013-09-09 19:32:32</dateCreated>
      </org.openmrs.ConceptSet>
      <org.openmrs.ConceptSet id="147" uuid="cdffb143-b3ff-4466-9244-7ec7629ee03b">
        <conceptSetId>4593</conceptSetId>
        <concept id="148" resolves-to="org.openmrs.Concept" uuid="f1904502-319d-4681-9030-e642111e7ce2">
          <conceptId>6412</conceptId>
          <retired>false</retired>
          <datatype id="149" resolves-to="org.openmrs.ConceptDatatype" uuid="8d4a48b6-c2cc-11de-8d13-0010c6dffd0f">
            <name>Coded</name>
            <description>Value determined by term dictionary lookup (i.e., term identifier)</description>
            <creator/>
            <dateCreated id="150">2004-02-02 00:00:00</dateCreated>
            <retired>false</retired>
            <conceptDatatypeId>2</conceptDatatypeId>
            <hl7Abbreviation>CWE</hl7Abbreviation>
          </datatype>
          <conceptClass reference="20"/>
          <set>false</set>
          <creator/>
          <dateCreated id="151">2009-08-24 08:55:12</dateCreated>
          <changedBy/>
          <dateChanged id="152">2013-09-09 19:44:24</dateChanged>
          <names class="set" id="153">
            <org.openmrs.ConceptName id="154" uuid="0b957250-15f5-102d-96e4-000c29c2a5d7">
              <conceptNameId>9457</conceptNameId>
              <concept reference="148"/>
              <name>TIME UNITS</name>
              <locale id="155">en</locale>
              <creator/>
              <dateCreated id="156">2009-08-24 08:55:12</dateCreated>
              <voided>false</voided>
              <tags class="set" id="157"/>
              <conceptNameType>FULLY_SPECIFIED</conceptNameType>
              <localePreferred>true</localePreferred>
            </org.openmrs.ConceptName>
            <org.openmrs.ConceptName id="158" uuid="754fa3f5-0dca-40e1-8534-2e750fa057bd">
              <conceptNameId>14183</conceptNameId>
              <concept reference="148"/>
              <name>Duration units</name>
              <locale id="159">en</locale>
              <creator/>
              <dateCreated id="160">2010-11-17 12:00:12</dateCreated>
              <voided>false</voided>
              <tags class="set" id="161"/>
              <localePreferred>false</localePreferred>
            </org.openmrs.ConceptName>
            <org.openmrs.ConceptName id="162" uuid="93673a93-dff7-4e64-8ed0-7a850f10eb7b">
              <conceptNameId>23561</conceptNameId>
              <concept reference="148"/>
              <name>DURÉE UNITAIRE</name>
              <locale id="163">fr</locale>
              <creator/>
              <dateCreated id="164">2013-09-09 19:44:24</dateCreated>
              <voided>false</voided>
              <tags class="set" id="165"/>
              <conceptNameType>FULLY_SPECIFIED</conceptNameType>
              <localePreferred>true</localePreferred>
            </org.openmrs.ConceptName>
            <org.openmrs.ConceptName id="166" uuid="0b95734a-15f5-102d-96e4-000c29c2a5d7">
              <conceptNameId>9458</conceptNameId>
              <concept reference="148"/>
              <name>units</name>
              <locale id="167">en</locale>
              <creator/>
              <dateCreated id="168">2009-08-24 08:55:12</dateCreated>
              <voided>false</voided>
              <tags class="set" id="169"/>
              <conceptNameType>SHORT</conceptNameType>
              <localePreferred>false</localePreferred>
            </org.openmrs.ConceptName>
            <org.openmrs.ConceptName id="170" uuid="a199ef0a-79b9-452c-b13f-42236531323e">
              <conceptNameId>14184</conceptNameId>
              <concept reference="148"/>
              <name>DURÉE UNITAIRE </name>
              <locale id="171">fr</locale>
              <creator/>
              <dateCreated id="172">2010-11-17 12:00:12</dateCreated>
              <voided>true</voided>
              <voidedBy/>
              <dateVoided id="173">2013-09-09 19:44:24</dateVoided>
              <voidReason>Voided due to change of name</voidReason>
              <tags class="set" id="174"/>
              <localePreferred>false</localePreferred>
            </org.openmrs.ConceptName>
          </names>
          <answers class="set" id="175">
            <org.openmrs.ConceptAnswer id="176" uuid="39176fd1-11d1-488e-92ba-264c246969eb">
              <conceptAnswerId>6337</conceptAnswerId>
              <concept reference="148"/>
              <answerConcept id="177" resolves-to="org.openmrs.Concept" uuid="e0d31892-690e-4063-9570-73d103c8efb0">
                <conceptId>6902</conceptId>
                <retired>false</retired>
                <datatype reference="3"/>
                <conceptClass id="178" resolves-to="org.openmrs.ConceptClass" uuid="8d492774-c2cc-11de-8d13-0010c6dffd0f">
                  <name>Misc</name>
                  <description>Terms which don&apos;t fit other categories</description>
                  <creator/>
                  <dateCreated id="179">2004-03-02 05:00:00</dateCreated>
                  <retired>false</retired>
                  <conceptClassId>11</conceptClassId>
                </conceptClass>
                <set>false</set>
                <version></version>
                <creator/>
                <dateCreated id="180">2010-11-17 12:03:57</dateCreated>
                <changedBy/>
                <dateChanged id="181">2011-03-21 14:58:17</dateChanged>
                <names class="set" id="182">
                  <org.openmrs.ConceptName id="183" uuid="c2c672c7-375f-42ad-a7fa-b8bef91d4440">
                    <conceptNameId>14190</conceptNameId>
                    <concept reference="177"/>
                    <name>Heures</name>
                    <locale id="184">fr</locale>
                    <creator/>
                    <dateCreated id="185">2010-11-17 12:03:57</dateCreated>
                    <voided>false</voided>
                    <tags class="set" id="186"/>
                    <conceptNameType>FULLY_SPECIFIED</conceptNameType>
                    <localePreferred>false</localePreferred>
                  </org.openmrs.ConceptName>
                  <org.openmrs.ConceptName id="187" uuid="5974007e-f810-4208-8983-3ec98c7f87ba">
                    <conceptNameId>14189</conceptNameId>
                    <concept reference="177"/>
                    <name>Hrs</name>
                    <locale id="188">en</locale>
                    <creator/>
                    <dateCreated id="189">2010-11-17 12:03:57</dateCreated>
                    <voided>false</voided>
                    <tags class="set" id="190"/>
                    <localePreferred>false</localePreferred>
                  </org.openmrs.ConceptName>
                  <org.openmrs.ConceptName id="191" uuid="a30ab46a-4838-48b5-80eb-60268920005b">
                    <conceptNameId>14188</conceptNameId>
                    <concept reference="177"/>
                    <name>Hours</name>
                    <locale id="192">en</locale>
                    <creator/>
                    <dateCreated id="193">2010-11-17 12:03:57</dateCreated>
                    <voided>false</voided>
                    <tags class="set" id="194"/>
                    <conceptNameType>FULLY_SPECIFIED</conceptNameType>
                    <localePreferred>false</localePreferred>
                  </org.openmrs.ConceptName>
                </names>
                <answers class="set" id="195"/>
                <conceptSets class="set" id="196"/>
                <descriptions class="set" id="197">
                  <org.openmrs.ConceptDescription id="198" uuid="33cf9207-7aac-4fe5-b0fe-27146290dd75">
                    <conceptDescriptionId>5351</conceptDescriptionId>
                    <concept reference="177"/>
                    <description>A duration unit, 60 minutes = 1 hour.</description>
                    <locale id="199">en</locale>
                    <creator/>
                    <dateCreated id="200">2010-11-17 12:03:57</dateCreated>
                    <changedBy/>
                    <dateChanged id="201">2011-03-21 14:58:17</dateChanged>
                  </org.openmrs.ConceptDescription>
                </descriptions>
                <conceptMappings class="set" id="202">
                  <org.openmrs.ConceptMap id="203" uuid="b2b26eba-4864-102e-96e9-000c29c2a5d7">
                    <conceptMapType reference="37"/>
                    <creator/>
                    <changedBy/>
                    <dateCreated id="204">2010-11-23 10:15:31</dateCreated>
                    <dateChanged id="205">2012-06-21 16:49:52</dateChanged>
                    <conceptMapId>5965</conceptMapId>
                    <concept reference="177"/>
                    <conceptReferenceTerm id="206" resolves-to="org.openmrs.ConceptReferenceTerm" uuid="e45517cd-9ecd-34fb-886b-35c510e6ad20">
                      <creator/>
                      <dateCreated id="207">2010-11-23 00:00:00</dateCreated>
                      <retired>false</retired>
                      <conceptReferenceTermId>5965</conceptReferenceTermId>
                      <conceptSource reference="87"/>
                      <code>6902</code>
                      <conceptReferenceTermMaps id="208"/>
                    </conceptReferenceTerm>
                  </org.openmrs.ConceptMap>
                  <org.openmrs.ConceptMap id="209" uuid="75b230d8-4943-102e-96e9-000c29c2a5d7">
                    <conceptMapType reference="37"/>
                    <creator/>
                    <changedBy/>
                    <dateCreated id="210">2010-11-24 12:49:58</dateCreated>
                    <dateChanged id="211">2012-06-21 16:49:52</dateChanged>
                    <conceptMapId>11529</conceptMapId>
                    <concept reference="177"/>
                    <conceptReferenceTerm id="212" resolves-to="org.openmrs.ConceptReferenceTerm" uuid="96b848bd-5722-3311-a831-cdc4458bc2ed">
                      <creator/>
                      <dateCreated id="213">2010-11-24 00:00:00</dateCreated>
                      <retired>false</retired>
                      <conceptReferenceTermId>11529</conceptReferenceTermId>
                      <conceptSource reference="87"/>
                      <code>Hours</code>
                      <conceptReferenceTermMaps id="214"/>
                    </conceptReferenceTerm>
                  </org.openmrs.ConceptMap>
                </conceptMappings>
              </answerConcept>
              <creator/>
              <dateCreated id="215">2010-11-17 12:05:05</dateCreated>
              <sortWeight>6337.0</sortWeight>
            </org.openmrs.ConceptAnswer>
            <org.openmrs.ConceptAnswer id="216" uuid="0b24a4f8-15f5-102d-96e4-000c29c2a5d7">
              <conceptAnswerId>5757</conceptAnswerId>
              <concept reference="148"/>
              <answerConcept id="217" resolves-to="org.openmrs.Concept" uuid="3cd7091a-26fe-102b-80cb-0017a47871b2">
                <conceptId>1073</conceptId>
                <retired>false</retired>
                <datatype reference="3"/>
                <conceptClass reference="178"/>
                <set>false</set>
                <version></version>
                <creator/>
                <dateCreated id="218">2005-01-06 00:00:00</dateCreated>
                <changedBy/>
                <dateChanged id="219">2011-03-21 14:58:17</dateChanged>
                <names class="set" id="220">
                  <org.openmrs.ConceptName id="221" uuid="8db89a65-af71-467e-87d8-4cb6da8d5642">
                    <conceptNameId>8119</conceptNameId>
                    <concept reference="217"/>
                    <name>WEEKS</name>
                    <locale id="222">en</locale>
                    <creator/>
                    <dateCreated id="223">2009-02-05 13:49:40</dateCreated>
                    <voided>false</voided>
                    <tags class="set" id="224"/>
                    <conceptNameType>FULLY_SPECIFIED</conceptNameType>
                    <localePreferred>true</localePreferred>
                  </org.openmrs.ConceptName>
                  <org.openmrs.ConceptName id="225" uuid="64582a38-ffd7-4e60-a3b6-c3204263dea7">
                    <conceptNameId>8120</conceptNameId>
                    <concept reference="217"/>
                    <name>Les Semaines</name>
                    <locale id="226">fr</locale>
                    <creator/>
                    <dateCreated id="227">2009-02-05 13:49:40</dateCreated>
                    <voided>false</voided>
                    <tags class="set" id="228"/>
                    <localePreferred>true</localePreferred>
                  </org.openmrs.ConceptName>
                  <org.openmrs.ConceptName id="229" uuid="f5ccb9f4-d5db-102d-ad2a-000c29c2a5d7">
                    <conceptNameId>10591</conceptNameId>
                    <concept reference="217"/>
                    <name>SEMAINES</name>
                    <locale id="230">fr</locale>
                    <creator/>
                    <dateCreated id="231">2010-06-29 13:03:16</dateCreated>
                    <voided>false</voided>
                    <tags class="set" id="232"/>
                    <localePreferred>false</localePreferred>
                  </org.openmrs.ConceptName>
                </names>
                <answers class="set" id="233"/>
                <conceptSets class="set" id="234"/>
                <descriptions class="set" id="235">
                  <org.openmrs.ConceptDescription id="236" uuid="ece44714-07fe-102c-b5fa-0017a47871b2">
                    <conceptDescriptionId>1084</conceptDescriptionId>
                    <concept reference="217"/>
                    <description>Generic temporal answer to question.</description>
                    <locale id="237">en</locale>
                    <creator/>
                    <dateCreated id="238">2005-01-06 00:00:00</dateCreated>
                    <changedBy/>
                    <dateChanged id="239">2011-03-21 14:58:17</dateChanged>
                  </org.openmrs.ConceptDescription>
                </descriptions>
                <conceptMappings class="set" id="240">
                  <org.openmrs.ConceptMap id="241" uuid="b20d1d2a-4864-102e-96e9-000c29c2a5d7">
                    <conceptMapType reference="37"/>
                    <creator/>
                    <changedBy/>
                    <dateCreated id="242">2010-11-23 10:15:31</dateCreated>
                    <dateChanged id="243">2012-06-21 16:49:52</dateChanged>
                    <conceptMapId>1075</conceptMapId>
                    <concept reference="217"/>
                    <conceptReferenceTerm id="244" resolves-to="org.openmrs.ConceptReferenceTerm" uuid="d7a104dc-f9b1-37f6-91e5-4c1d99330144">
                      <creator/>
                      <dateCreated id="245">2010-11-23 00:00:00</dateCreated>
                      <retired>false</retired>
                      <conceptReferenceTermId>1075</conceptReferenceTermId>
                      <conceptSource reference="87"/>
                      <code>1073</code>
                      <conceptReferenceTermMaps id="246"/>
                    </conceptReferenceTerm>
                  </org.openmrs.ConceptMap>
                </conceptMappings>
              </answerConcept>
              <creator/>
              <dateCreated id="247">2009-08-24 08:55:12</dateCreated>
              <sortWeight>5757.0</sortWeight>
            </org.openmrs.ConceptAnswer>
            <org.openmrs.ConceptAnswer id="248" uuid="0b24a41c-15f5-102d-96e4-000c29c2a5d7">
              <conceptAnswerId>5756</conceptAnswerId>
              <concept reference="148"/>
              <answerConcept id="249" resolves-to="org.openmrs.Concept" uuid="3cd70b68-26fe-102b-80cb-0017a47871b2">
                <conceptId>1074</conceptId>
                <retired>false</retired>
                <datatype reference="3"/>
                <conceptClass reference="178"/>
                <set>false</set>
                <version></version>
                <creator/>
                <dateCreated id="250">2005-01-06 00:00:00</dateCreated>
                <changedBy/>
                <dateChanged id="251">2011-03-21 14:58:17</dateChanged>
                <names class="set" id="252">
                  <org.openmrs.ConceptName id="253" uuid="3e1525c8-26fe-102b-80cb-0017a47871b2">
                    <conceptNameId>8181</conceptNameId>
                    <concept reference="249"/>
                    <name>MONTHS</name>
                    <locale id="254">en</locale>
                    <creator/>
                    <dateCreated id="255">2009-02-05 15:59:18</dateCreated>
                    <voided>false</voided>
                    <tags class="set" id="256"/>
                    <conceptNameType>FULLY_SPECIFIED</conceptNameType>
                    <localePreferred>true</localePreferred>
                  </org.openmrs.ConceptName>
                  <org.openmrs.ConceptName id="257" uuid="76568d58-ff85-4c5b-9f04-1642eb227553">
                    <conceptNameId>8182</conceptNameId>
                    <concept reference="249"/>
                    <name>les mois</name>
                    <locale id="258">fr</locale>
                    <creator/>
                    <dateCreated id="259">2009-02-05 15:59:18</dateCreated>
                    <voided>false</voided>
                    <tags class="set" id="260"/>
                    <localePreferred>true</localePreferred>
                  </org.openmrs.ConceptName>
                  <org.openmrs.ConceptName id="261" uuid="f5ccfdce-d5db-102d-ad2a-000c29c2a5d7">
                    <conceptNameId>10592</conceptNameId>
                    <concept reference="249"/>
                    <name>MOIS</name>
                    <locale id="262">fr</locale>
                    <creator/>
                    <dateCreated id="263">2010-06-29 13:03:16</dateCreated>
                    <voided>false</voided>
                    <tags class="set" id="264"/>
                    <localePreferred>false</localePreferred>
                  </org.openmrs.ConceptName>
                </names>
                <answers class="set" id="265"/>
                <conceptSets class="set" id="266"/>
                <descriptions class="set" id="267">
                  <org.openmrs.ConceptDescription id="268" uuid="ece448f4-07fe-102c-b5fa-0017a47871b2">
                    <conceptDescriptionId>1085</conceptDescriptionId>
                    <concept reference="249"/>
                    <description>Generic temporal answer to question.</description>
                    <locale id="269">en</locale>
                    <creator/>
                    <dateCreated id="270">2005-01-06 00:00:00</dateCreated>
                    <changedBy/>
                    <dateChanged id="271">2011-03-21 14:58:17</dateChanged>
                  </org.openmrs.ConceptDescription>
                  <org.openmrs.ConceptDescription id="272" uuid="9ceb47a8-e28a-4f6e-bd71-aa2e5715cd12">
                    <conceptDescriptionId>4748</conceptDescriptionId>
                    <concept reference="249"/>
                    <description>réponse générique à une question</description>
                    <locale id="273">fr</locale>
                    <creator/>
                    <dateCreated id="274">2009-02-05 15:58:51</dateCreated>
                    <changedBy/>
                    <dateChanged id="275">2011-03-21 14:58:17</dateChanged>
                  </org.openmrs.ConceptDescription>
                </descriptions>
                <conceptMappings class="set" id="276">
                  <org.openmrs.ConceptMap id="277" uuid="b20d1e9c-4864-102e-96e9-000c29c2a5d7">
                    <conceptMapType reference="37"/>
                    <creator/>
                    <changedBy/>
                    <dateCreated id="278">2010-11-23 10:15:31</dateCreated>
                    <dateChanged id="279">2012-06-21 16:49:52</dateChanged>
                    <conceptMapId>1076</conceptMapId>
                    <concept reference="249"/>
                    <conceptReferenceTerm id="280" resolves-to="org.openmrs.ConceptReferenceTerm" uuid="5beb168a-d3be-318a-8c02-e847a52684bb">
                      <creator/>
                      <dateCreated id="281">2010-11-23 00:00:00</dateCreated>
                      <retired>false</retired>
                      <conceptReferenceTermId>1076</conceptReferenceTermId>
                      <conceptSource reference="87"/>
                      <code>1074</code>
                      <conceptReferenceTermMaps id="282"/>
                    </conceptReferenceTerm>
                  </org.openmrs.ConceptMap>
                </conceptMappings>
              </answerConcept>
              <creator/>
              <dateCreated id="283">2009-08-24 08:55:12</dateCreated>
              <sortWeight>5756.0</sortWeight>
            </org.openmrs.ConceptAnswer>
            <org.openmrs.ConceptAnswer id="284" uuid="0b24a340-15f5-102d-96e4-000c29c2a5d7">
              <conceptAnswerId>5755</conceptAnswerId>
              <concept reference="148"/>
              <answerConcept id="285" resolves-to="org.openmrs.Concept" uuid="3cd706b8-26fe-102b-80cb-0017a47871b2">
                <conceptId>1072</conceptId>
                <retired>false</retired>
                <datatype reference="3"/>
                <conceptClass reference="178"/>
                <set>false</set>
                <version></version>
                <creator/>
                <dateCreated id="286">2005-01-06 00:00:00</dateCreated>
                <changedBy/>
                <dateChanged id="287">2011-03-21 14:58:17</dateChanged>
                <names class="set" id="288">
                  <org.openmrs.ConceptName id="289" uuid="20617c4d-1313-4657-bc58-5c859fcabd79">
                    <conceptNameId>8118</conceptNameId>
                    <concept reference="285"/>
                    <name>Les Jours</name>
                    <locale id="290">fr</locale>
                    <creator/>
                    <dateCreated id="291">2009-02-05 13:48:44</dateCreated>
                    <voided>false</voided>
                    <tags class="set" id="292"/>
                    <localePreferred>true</localePreferred>
                  </org.openmrs.ConceptName>
                  <org.openmrs.ConceptName id="293" uuid="b2a544c2-b5d8-4f09-930b-d192bbcc0ccd">
                    <conceptNameId>8117</conceptNameId>
                    <concept reference="285"/>
                    <name>DAYS</name>
                    <locale id="294">en</locale>
                    <creator/>
                    <dateCreated id="295">2009-02-05 13:48:44</dateCreated>
                    <voided>false</voided>
                    <tags class="set" id="296"/>
                    <conceptNameType>FULLY_SPECIFIED</conceptNameType>
                    <localePreferred>true</localePreferred>
                  </org.openmrs.ConceptName>
                  <org.openmrs.ConceptName id="297" uuid="f5cc789a-d5db-102d-ad2a-000c29c2a5d7">
                    <conceptNameId>10590</conceptNameId>
                    <concept reference="285"/>
                    <name>JOURS</name>
                    <locale id="298">fr</locale>
                    <creator/>
                    <dateCreated id="299">2010-06-29 13:03:16</dateCreated>
                    <voided>false</voided>
                    <tags class="set" id="300"/>
                    <localePreferred>false</localePreferred>
                  </org.openmrs.ConceptName>
                </names>
                <answers class="set" id="301"/>
                <conceptSets class="set" id="302"/>
                <descriptions class="set" id="303">
                  <org.openmrs.ConceptDescription id="304" uuid="ece44520-07fe-102c-b5fa-0017a47871b2">
                    <conceptDescriptionId>1083</conceptDescriptionId>
                    <concept reference="285"/>
                    <description>Generic temporal answer to question.</description>
                    <locale id="305">en</locale>
                    <creator/>
                    <dateCreated id="306">2005-01-06 00:00:00</dateCreated>
                    <changedBy/>
                    <dateChanged id="307">2011-03-21 14:58:17</dateChanged>
                  </org.openmrs.ConceptDescription>
                </descriptions>
                <conceptMappings class="set" id="308">
                  <org.openmrs.ConceptMap id="309" uuid="b20d1b54-4864-102e-96e9-000c29c2a5d7">
                    <conceptMapType reference="37"/>
                    <creator/>
                    <changedBy/>
                    <dateCreated id="310">2010-11-23 10:15:31</dateCreated>
                    <dateChanged id="311">2012-06-21 16:49:52</dateChanged>
                    <conceptMapId>1074</conceptMapId>
                    <concept reference="285"/>
                    <conceptReferenceTerm id="312" resolves-to="org.openmrs.ConceptReferenceTerm" uuid="49e42c67-81be-373d-bbfd-fda3d4da9a84">
                      <creator/>
                      <dateCreated id="313">2010-11-23 00:00:00</dateCreated>
                      <retired>false</retired>
                      <conceptReferenceTermId>1074</conceptReferenceTermId>
                      <conceptSource reference="87"/>
                      <code>1072</code>
                      <conceptReferenceTermMaps id="314"/>
                    </conceptReferenceTerm>
                  </org.openmrs.ConceptMap>
                </conceptMappings>
              </answerConcept>
              <creator/>
              <dateCreated id="315">2009-08-24 08:55:12</dateCreated>
              <sortWeight>5755.0</sortWeight>
            </org.openmrs.ConceptAnswer>
            <org.openmrs.ConceptAnswer id="316" uuid="e319a340-e6c9-4fc3-a7aa-e283ef961246">
              <conceptAnswerId>6338</conceptAnswerId>
              <concept reference="148"/>
              <answerConcept id="317" resolves-to="org.openmrs.Concept" uuid="03326b32-c15b-472d-91a0-597567657ea5">
                <conceptId>6901</conceptId>
                <retired>false</retired>
                <datatype reference="3"/>
                <conceptClass reference="178"/>
                <set>false</set>
                <version></version>
                <creator/>
                <dateCreated id="318">2010-11-17 12:02:42</dateCreated>
                <changedBy/>
                <dateChanged id="319">2011-03-21 14:58:17</dateChanged>
                <names class="set" id="320">
                  <org.openmrs.ConceptName id="321" uuid="b29e4c7c-f01b-4c6e-8144-2c8da2e01c44">
                    <conceptNameId>14186</conceptNameId>
                    <concept reference="317"/>
                    <name>Minutes</name>
                    <locale id="322">en</locale>
                    <creator/>
                    <dateCreated id="323">2010-11-17 12:02:42</dateCreated>
                    <voided>false</voided>
                    <tags class="set" id="324"/>
                    <conceptNameType>FULLY_SPECIFIED</conceptNameType>
                    <localePreferred>false</localePreferred>
                  </org.openmrs.ConceptName>
                  <org.openmrs.ConceptName id="325" uuid="7599bbfa-a7e2-43a0-9744-0fb4484957ce">
                    <conceptNameId>14187</conceptNameId>
                    <concept reference="317"/>
                    <name>min</name>
                    <locale id="326">en</locale>
                    <creator/>
                    <dateCreated id="327">2010-11-17 12:02:42</dateCreated>
                    <voided>false</voided>
                    <tags class="set" id="328"/>
                    <localePreferred>false</localePreferred>
                  </org.openmrs.ConceptName>
                  <org.openmrs.ConceptName id="329" uuid="330a7169-0172-4b89-9303-cdcbf716025e">
                    <conceptNameId>14185</conceptNameId>
                    <concept reference="317"/>
                    <name>Minutes</name>
                    <locale id="330">fr</locale>
                    <creator/>
                    <dateCreated id="331">2010-11-17 12:02:42</dateCreated>
                    <voided>false</voided>
                    <tags class="set" id="332"/>
                    <conceptNameType>FULLY_SPECIFIED</conceptNameType>
                    <localePreferred>false</localePreferred>
                  </org.openmrs.ConceptName>
                </names>
                <answers class="set" id="333"/>
                <conceptSets class="set" id="334"/>
                <descriptions class="set" id="335">
                  <org.openmrs.ConceptDescription id="336" uuid="9bfcfb79-145c-437e-96eb-80b50a57f670">
                    <conceptDescriptionId>5350</conceptDescriptionId>
                    <concept reference="317"/>
                    <description>interval of duration</description>
                    <locale id="337">en</locale>
                    <creator/>
                    <dateCreated id="338">2010-11-17 12:02:42</dateCreated>
                    <changedBy/>
                    <dateChanged id="339">2011-03-21 14:58:17</dateChanged>
                  </org.openmrs.ConceptDescription>
                </descriptions>
                <conceptMappings class="set" id="340">
                  <org.openmrs.ConceptMap id="341" uuid="b2b26d2a-4864-102e-96e9-000c29c2a5d7">
                    <conceptMapType reference="37"/>
                    <creator/>
                    <changedBy/>
                    <dateCreated id="342">2010-11-23 10:15:31</dateCreated>
                    <dateChanged id="343">2012-06-21 16:49:52</dateChanged>
                    <conceptMapId>5964</conceptMapId>
                    <concept reference="317"/>
                    <conceptReferenceTerm id="344" resolves-to="org.openmrs.ConceptReferenceTerm" uuid="ed532742-1fb0-37b0-8ebc-d128836a2434">
                      <creator/>
                      <dateCreated id="345">2010-11-23 00:00:00</dateCreated>
                      <retired>false</retired>
                      <conceptReferenceTermId>5964</conceptReferenceTermId>
                      <conceptSource reference="87"/>
                      <code>6901</code>
                      <conceptReferenceTermMaps id="346"/>
                    </conceptReferenceTerm>
                  </org.openmrs.ConceptMap>
                  <org.openmrs.ConceptMap id="347" uuid="75b22f7a-4943-102e-96e9-000c29c2a5d7">
                    <conceptMapType reference="37"/>
                    <creator/>
                    <changedBy/>
                    <dateCreated id="348">2010-11-24 12:49:58</dateCreated>
                    <dateChanged id="349">2012-06-21 16:49:52</dateChanged>
                    <conceptMapId>11528</conceptMapId>
                    <concept reference="317"/>
                    <conceptReferenceTerm id="350" resolves-to="org.openmrs.ConceptReferenceTerm" uuid="cc2c7165-8fc0-3f0c-9ae5-57d560439499">
                      <creator/>
                      <dateCreated id="351">2010-11-24 00:00:00</dateCreated>
                      <retired>false</retired>
                      <conceptReferenceTermId>11528</conceptReferenceTermId>
                      <conceptSource reference="87"/>
                      <code>Minutes</code>
                      <conceptReferenceTermMaps id="352"/>
                    </conceptReferenceTerm>
                  </org.openmrs.ConceptMap>
                </conceptMappings>
              </answerConcept>
              <creator/>
              <dateCreated id="353">2010-11-17 12:05:05</dateCreated>
              <sortWeight>6338.0</sortWeight>
            </org.openmrs.ConceptAnswer>
            <org.openmrs.ConceptAnswer id="354" uuid="fe49af3d-489d-4ff1-aa07-cf162dab37d2">
              <conceptAnswerId>6479</conceptAnswerId>
              <concept reference="148"/>
              <answerConcept id="355" resolves-to="org.openmrs.Concept" uuid="811c60c8-197d-4ff3-8c7d-7875aa124965">
                <conceptId>7046</conceptId>
                <retired>false</retired>
                <datatype reference="3"/>
                <conceptClass reference="178"/>
                <set>false</set>
                <version></version>
                <creator/>
                <dateCreated id="356">2011-03-20 09:14:16</dateCreated>
                <changedBy/>
                <dateChanged id="357">2011-03-21 14:58:17</dateChanged>
                <names class="set" id="358">
                  <org.openmrs.ConceptName id="359" uuid="47c28586-43a4-4135-988d-4fa116898278">
                    <conceptNameId>14470</conceptNameId>
                    <concept reference="355"/>
                    <name>SECONDS</name>
                    <locale id="360">en</locale>
                    <creator/>
                    <dateCreated id="361">2011-03-20 09:14:16</dateCreated>
                    <voided>false</voided>
                    <tags class="set" id="362"/>
                    <conceptNameType>FULLY_SPECIFIED</conceptNameType>
                    <localePreferred>false</localePreferred>
                  </org.openmrs.ConceptName>
                </names>
                <answers class="set" id="363"/>
                <conceptSets class="set" id="364"/>
                <descriptions class="set" id="365"/>
                <conceptMappings class="set" id="366">
                  <org.openmrs.ConceptMap id="367" uuid="0f276b1a-a543-102e-a00e-000c29c2a5d7">
                    <conceptMapType reference="37"/>
                    <creator/>
                    <changedBy/>
                    <dateCreated id="368">2011-03-21 15:39:03</dateCreated>
                    <dateChanged id="369">2012-06-21 16:49:52</dateChanged>
                    <conceptMapId>12071</conceptMapId>
                    <concept reference="355"/>
                    <conceptReferenceTerm id="370" resolves-to="org.openmrs.ConceptReferenceTerm" uuid="9bdc6dc2-608c-3b1d-b337-77942ac271a4">
                      <creator/>
                      <dateCreated id="371">2011-03-21 00:00:00</dateCreated>
                      <retired>false</retired>
                      <conceptReferenceTermId>12071</conceptReferenceTermId>
                      <conceptSource reference="87"/>
                      <code>SECONDS</code>
                      <conceptReferenceTermMaps id="372"/>
                    </conceptReferenceTerm>
                  </org.openmrs.ConceptMap>
                  <org.openmrs.ConceptMap id="373" uuid="cf1aa1cc-a542-102e-a00e-000c29c2a5d7">
                    <conceptMapType reference="37"/>
                    <creator/>
                    <changedBy/>
                    <dateCreated id="374">2011-03-21 15:37:16</dateCreated>
                    <dateChanged id="375">2012-06-21 16:49:52</dateChanged>
                    <conceptMapId>12006</conceptMapId>
                    <concept reference="355"/>
                    <conceptReferenceTerm id="376" resolves-to="org.openmrs.ConceptReferenceTerm" uuid="0878411a-35f2-3852-a59a-a266de9b8571">
                      <creator/>
                      <dateCreated id="377">2011-03-21 00:00:00</dateCreated>
                      <retired>false</retired>
                      <conceptReferenceTermId>12006</conceptReferenceTermId>
                      <conceptSource reference="87"/>
                      <code>7046</code>
                      <conceptReferenceTermMaps id="378"/>
                    </conceptReferenceTerm>
                  </org.openmrs.ConceptMap>
                </conceptMappings>
              </answerConcept>
              <creator/>
              <dateCreated id="379">2011-03-20 09:14:36</dateCreated>
              <sortWeight>6479.0</sortWeight>
            </org.openmrs.ConceptAnswer>
            <org.openmrs.ConceptAnswer id="380" uuid="373994f4-b5b0-4c34-8926-7e47817c6cd9">
              <conceptAnswerId>6336</conceptAnswerId>
              <concept reference="148"/>
              <answerConcept id="381" resolves-to="org.openmrs.Concept" uuid="3ce28f4c-26fe-102b-80cb-0017a47871b2">
                <conceptId>2287</conceptId>
                <retired>false</retired>
                <datatype reference="3"/>
                <conceptClass reference="178"/>
                <set>false</set>
                <version></version>
                <creator/>
                <dateCreated id="382">2007-05-18 13:10:40</dateCreated>
                <changedBy/>
                <dateChanged id="383">2011-03-21 14:58:17</dateChanged>
                <names class="set" id="384">
                  <org.openmrs.ConceptName id="385" uuid="3e23d00a-26fe-102b-80cb-0017a47871b2">
                    <conceptNameId>2471</conceptNameId>
                    <concept reference="381"/>
                    <name>YEARS</name>
                    <locale id="386">en</locale>
                    <creator/>
                    <dateCreated id="387">2007-05-18 13:10:40</dateCreated>
                    <voided>false</voided>
                    <tags class="set" id="388"/>
                    <conceptNameType>FULLY_SPECIFIED</conceptNameType>
                    <localePreferred>false</localePreferred>
                  </org.openmrs.ConceptName>
                  <org.openmrs.ConceptName id="389" uuid="f6838440-d5db-102d-ad2a-000c29c2a5d7">
                    <conceptNameId>11787</conceptNameId>
                    <concept reference="381"/>
                    <name>ANNÉES</name>
                    <locale id="390">fr</locale>
                    <creator/>
                    <dateCreated id="391">2010-06-29 13:04:01</dateCreated>
                    <voided>false</voided>
                    <tags class="set" id="392"/>
                    <localePreferred>true</localePreferred>
                  </org.openmrs.ConceptName>
                </names>
                <answers class="set" id="393"/>
                <conceptSets class="set" id="394"/>
                <descriptions class="set" id="395">
                  <org.openmrs.ConceptDescription id="396" uuid="ecf15d50-07fe-102c-b5fa-0017a47871b2">
                    <conceptDescriptionId>2159</conceptDescriptionId>
                    <concept reference="381"/>
                    <description>Temporal answer to question &quot;is that months, weeks, days, or years?&quot;</description>
                    <locale id="397">en</locale>
                    <creator/>
                    <dateCreated id="398">2007-05-18 13:10:40</dateCreated>
                    <changedBy/>
                    <dateChanged id="399">2011-03-21 14:58:17</dateChanged>
                  </org.openmrs.ConceptDescription>
                </descriptions>
                <conceptMappings class="set" id="400">
                  <org.openmrs.ConceptMap id="401" uuid="b224fcec-4864-102e-96e9-000c29c2a5d7">
                    <conceptMapType reference="37"/>
                    <creator/>
                    <changedBy/>
                    <dateCreated id="402">2010-11-23 10:15:31</dateCreated>
                    <dateChanged id="403">2012-06-21 16:49:52</dateChanged>
                    <conceptMapId>2289</conceptMapId>
                    <concept reference="381"/>
                    <conceptReferenceTerm id="404" resolves-to="org.openmrs.ConceptReferenceTerm" uuid="c9549ebc-f00c-31e8-934e-05f71dcdc709">
                      <creator/>
                      <dateCreated id="405">2010-11-23 00:00:00</dateCreated>
                      <retired>false</retired>
                      <conceptReferenceTermId>2289</conceptReferenceTermId>
                      <conceptSource reference="87"/>
                      <code>2287</code>
                      <conceptReferenceTermMaps id="406"/>
                    </conceptReferenceTerm>
                  </org.openmrs.ConceptMap>
                  <org.openmrs.ConceptMap id="407" uuid="758d4606-4943-102e-96e9-000c29c2a5d7">
                    <conceptMapType reference="37"/>
                    <creator/>
                    <changedBy/>
                    <dateCreated id="408">2010-11-24 12:49:58</dateCreated>
                    <dateChanged id="409">2012-06-21 16:49:52</dateChanged>
                    <conceptMapId>8102</conceptMapId>
                    <concept reference="381"/>
                    <conceptReferenceTerm id="410" resolves-to="org.openmrs.ConceptReferenceTerm" uuid="aa9f10cc-474d-34ee-b0af-6fbe4fa2eba4">
                      <creator/>
                      <dateCreated id="411">2010-11-24 00:00:00</dateCreated>
                      <retired>false</retired>
                      <conceptReferenceTermId>8102</conceptReferenceTermId>
                      <conceptSource reference="87"/>
                      <code>YEARS</code>
                      <conceptReferenceTermMaps id="412"/>
                    </conceptReferenceTerm>
                  </org.openmrs.ConceptMap>
                </conceptMappings>
              </answerConcept>
              <creator/>
              <dateCreated id="413">2010-11-17 12:01:08</dateCreated>
              <sortWeight>6336.0</sortWeight>
            </org.openmrs.ConceptAnswer>
          </answers>
          <conceptSets class="set" id="414"/>
          <descriptions class="set" id="415">
            <org.openmrs.ConceptDescription id="416" uuid="16534d41-55b3-49f9-accf-3e6f45614f8b">
              <conceptDescriptionId>5004</conceptDescriptionId>
              <concept reference="148"/>
              <description>generic concept used to answer questions such as: how long ago did you..., or when was the last time...</description>
              <locale id="417">en</locale>
              <creator/>
              <dateCreated id="418">2009-08-24 08:55:12</dateCreated>
              <changedBy/>
              <dateChanged id="419">2011-03-21 14:58:17</dateChanged>
            </org.openmrs.ConceptDescription>
          </descriptions>
          <conceptMappings class="set" id="420">
            <org.openmrs.ConceptMap id="421" uuid="70741a91-ffc9-4df8-9e55-dc3ef12f6f8d">
              <conceptMapType id="422" resolves-to="org.openmrs.ConceptMapType" uuid="4b9d9421-7d8c-11e1-909d-c80aa9edcf4e">
                <name>BROADER-THAN</name>
                <creator/>
                <dateCreated id="423">2012-06-21 00:00:00</dateCreated>
                <retired>false</retired>
                <conceptMapTypeId>3</conceptMapTypeId>
                <isHidden>false</isHidden>
              </conceptMapType>
              <creator/>
              <dateCreated id="424">2013-09-09 19:44:24</dateCreated>
              <conceptMapId>19137</conceptMapId>
              <concept reference="148"/>
              <conceptReferenceTerm id="425" resolves-to="org.openmrs.ConceptReferenceTerm" uuid="58463eca-b1e6-45d2-956e-06df66ff64e9">
                <creator/>
                <dateCreated id="426">2013-09-09 19:44:08</dateCreated>
                <retired>false</retired>
                <conceptReferenceTermId>18984</conceptReferenceTermId>
                <conceptSource reference="42"/>
                <code>1732</code>
                <conceptReferenceTermMaps id="427"/>
              </conceptReferenceTerm>
            </org.openmrs.ConceptMap>
            <org.openmrs.ConceptMap id="428" uuid="b2aef956-4864-102e-96e9-000c29c2a5d7">
              <conceptMapType reference="37"/>
              <creator/>
              <changedBy/>
              <dateCreated id="429">2010-11-23 10:15:31</dateCreated>
              <dateChanged id="430">2012-06-21 16:49:52</dateChanged>
              <conceptMapId>5479</conceptMapId>
              <concept reference="148"/>
              <conceptReferenceTerm id="431" resolves-to="org.openmrs.ConceptReferenceTerm" uuid="7789e06f-103c-3f20-919f-64b61e35813a">
                <creator/>
                <dateCreated id="432">2010-11-23 00:00:00</dateCreated>
                <retired>false</retired>
                <conceptReferenceTermId>5479</conceptReferenceTermId>
                <conceptSource reference="87"/>
                <code>6412</code>
                <conceptReferenceTermMaps id="433"/>
              </conceptReferenceTerm>
            </org.openmrs.ConceptMap>
            <org.openmrs.ConceptMap id="434" uuid="75af52aa-4943-102e-96e9-000c29c2a5d7">
              <conceptMapType reference="37"/>
              <creator/>
              <changedBy/>
              <dateCreated id="435">2010-11-24 12:49:58</dateCreated>
              <dateChanged id="436">2012-06-21 16:49:52</dateChanged>
              <conceptMapId>11054</conceptMapId>
              <concept reference="148"/>
              <conceptReferenceTerm id="437" resolves-to="org.openmrs.ConceptReferenceTerm" uuid="46639f33-2e96-3ba9-b15c-36c67639eed0">
                <creator/>
                <dateCreated id="438">2010-11-24 00:00:00</dateCreated>
                <retired>false</retired>
                <conceptReferenceTermId>11054</conceptReferenceTermId>
                <conceptSource reference="87"/>
                <code>TIME UNITS</code>
                <conceptReferenceTermMaps id="439"/>
              </conceptReferenceTerm>
            </org.openmrs.ConceptMap>
          </conceptMappings>
        </concept>
        <conceptSet reference="2"/>
        <sortWeight>6.0</sortWeight>
        <creator/>
        <dateCreated id="440">2013-09-09 19:54:10</dateCreated>
      </org.openmrs.ConceptSet>
      <org.openmrs.ConceptSet id="441" uuid="188ef001-d12c-4e3d-be6a-f7b4a4629ddc">
        <conceptSetId>4591</conceptSetId>
        <concept id="442" resolves-to="org.openmrs.Concept" uuid="51348cdb-1d3c-4714-aa22-729241503d5b">
          <conceptId>9074</conceptId>
          <retired>false</retired>
          <datatype reference="93"/>
          <conceptClass reference="20"/>
          <set>false</set>
          <creator/>
          <dateCreated id="443">2013-09-09 19:40:08</dateCreated>
          <changedBy/>
          <dateChanged id="444">2013-09-09 19:40:56</dateChanged>
          <names class="set" id="445">
            <org.openmrs.ConceptName id="446" uuid="5e18b138-7b4f-4b4c-81e4-d1401db4d61d">
              <conceptNameId>23560</conceptNameId>
              <concept reference="442"/>
              <name>Units of medication prescribed per dose</name>
              <locale id="447">en</locale>
              <creator/>
              <dateCreated id="448">2013-09-09 19:40:08</dateCreated>
              <voided>false</voided>
              <tags class="set" id="449"/>
              <conceptNameType>FULLY_SPECIFIED</conceptNameType>
              <localePreferred>true</localePreferred>
            </org.openmrs.ConceptName>
          </names>
          <answers class="set" id="450"/>
          <conceptSets class="set" id="451"/>
          <descriptions class="set" id="452">
            <org.openmrs.ConceptDescription id="453" uuid="e91043ac-d16d-4021-b485-508fa265584d">
              <conceptDescriptionId>6387</conceptDescriptionId>
              <concept reference="442"/>
              <description>Should be used in conjunction with &quot;Quantity of medication prescribed per dose&quot;.&#xd;
Example: &quot;take 400mg of ibuprofen twice a day&quot;, the units prescribed per dose is &quot;mg&quot;.</description>
              <locale id="454">en</locale>
              <creator/>
              <dateCreated id="455">2013-09-09 19:40:08</dateCreated>
            </org.openmrs.ConceptDescription>
          </descriptions>
          <conceptMappings class="set" id="456">
            <org.openmrs.ConceptMap id="457" uuid="d3e2f5e2-b08e-49f1-9071-6daf3c720dd9">
              <conceptMapType reference="37"/>
              <creator/>
              <dateCreated id="458">2013-09-09 19:40:56</dateCreated>
              <conceptMapId>19136</conceptMapId>
              <concept reference="442"/>
              <conceptReferenceTerm id="459" resolves-to="org.openmrs.ConceptReferenceTerm" uuid="4ff23c25-e20e-4f94-9dc9-874716be7ce7">
                <creator/>
                <dateCreated id="460">2013-09-09 19:40:34</dateCreated>
                <retired>false</retired>
                <conceptReferenceTermId>18983</conceptReferenceTermId>
                <conceptSource reference="87"/>
                <code>9074</code>
                <conceptReferenceTermMaps id="461"/>
              </conceptReferenceTerm>
            </org.openmrs.ConceptMap>
          </conceptMappings>
        </concept>
        <conceptSet reference="2"/>
        <sortWeight>4.0</sortWeight>
        <creator/>
        <dateCreated id="462">2013-09-09 19:41:38</dateCreated>
      </org.openmrs.ConceptSet>
      <org.openmrs.ConceptSet id="463" uuid="adfa7432-c963-48c9-9aa7-6b072e57d5d3">
        <conceptSetId>4586</conceptSetId>
        <concept id="464" resolves-to="org.openmrs.Concept" uuid="5e152a81-8635-41d6-aef2-2527a5f584f3">
          <conceptId>3193</conceptId>
          <retired>false</retired>
          <datatype reference="93"/>
          <conceptClass reference="20"/>
          <set>false</set>
          <version></version>
          <creator/>
          <dateCreated id="465">2008-06-17 14:18:25</dateCreated>
          <names class="set" id="466">
            <org.openmrs.ConceptName id="467" uuid="f6ee0cb6-d5db-102d-ad2a-000c29c2a5d7">
              <conceptNameId>12700</conceptNameId>
              <concept reference="464"/>
              <name>FRÉQUENCE GÉNÉRALE DE DROGUE</name>
              <locale id="468">fr</locale>
              <creator/>
              <dateCreated id="469">2010-06-29 13:04:46</dateCreated>
              <voided>false</voided>
              <tags class="set" id="470"/>
              <localePreferred>true</localePreferred>
            </org.openmrs.ConceptName>
            <org.openmrs.ConceptName id="471" uuid="93c4e140-07d4-102c-b5fa-0017a47871b2">
              <conceptNameId>6199</conceptNameId>
              <concept reference="464"/>
              <name>Frequency</name>
              <locale id="472">en</locale>
              <creator/>
              <dateCreated id="473">2008-06-17 14:18:25</dateCreated>
              <voided>false</voided>
              <tags class="set" id="474"/>
              <conceptNameType>SHORT</conceptNameType>
              <localePreferred>false</localePreferred>
            </org.openmrs.ConceptName>
            <org.openmrs.ConceptName id="475" uuid="0b752946-15f5-102d-96e4-000c29c2a5d7">
              <conceptNameId>4538</conceptNameId>
              <concept reference="464"/>
              <name>GENERAL DRUG FREQUENCY</name>
              <locale id="476">en</locale>
              <creator/>
              <dateCreated id="477">2008-06-17 14:18:25</dateCreated>
              <voided>false</voided>
              <tags class="set" id="478"/>
              <conceptNameType>FULLY_SPECIFIED</conceptNameType>
              <localePreferred>false</localePreferred>
            </org.openmrs.ConceptName>
          </names>
          <answers class="set" id="479"/>
          <conceptSets class="set" id="480"/>
          <descriptions class="set" id="481">
            <org.openmrs.ConceptDescription id="482" uuid="ed22e33e-07fe-102c-b5fa-0017a47871b2">
              <conceptDescriptionId>3930</conceptDescriptionId>
              <concept reference="464"/>
              <description>Prescribed frequency of drug consumption</description>
              <locale id="483">en</locale>
              <creator/>
              <dateCreated id="484">2008-06-17 14:18:25</dateCreated>
            </org.openmrs.ConceptDescription>
          </descriptions>
          <conceptMappings class="set" id="485">
            <org.openmrs.ConceptMap id="486" uuid="759d6b44-4943-102e-96e9-000c29c2a5d7">
              <conceptMapType reference="37"/>
              <creator/>
              <changedBy/>
              <dateCreated id="487">2010-11-24 12:49:58</dateCreated>
              <dateChanged id="488">2012-06-21 16:49:52</dateChanged>
              <conceptMapId>8989</conceptMapId>
              <concept reference="464"/>
              <conceptReferenceTerm id="489" resolves-to="org.openmrs.ConceptReferenceTerm" uuid="22707eec-c4c8-38e6-a46a-430662514fd4">
                <creator/>
                <dateCreated id="490">2010-11-24 00:00:00</dateCreated>
                <retired>false</retired>
                <conceptReferenceTermId>8989</conceptReferenceTermId>
                <conceptSource reference="87"/>
                <code>GENERAL DRUG FREQUENCY</code>
                <conceptReferenceTermMaps id="491"/>
              </conceptReferenceTerm>
            </org.openmrs.ConceptMap>
            <org.openmrs.ConceptMap id="492" uuid="b25bc3ee-4864-102e-96e9-000c29c2a5d7">
              <conceptMapType reference="37"/>
              <creator/>
              <changedBy/>
              <dateCreated id="493">2010-11-23 10:15:31</dateCreated>
              <dateChanged id="494">2012-06-21 16:49:52</dateChanged>
              <conceptMapId>3195</conceptMapId>
              <concept reference="464"/>
              <conceptReferenceTerm id="495" resolves-to="org.openmrs.ConceptReferenceTerm" uuid="84cacad1-571e-3727-9487-7ca1d45c293b">
                <creator/>
                <dateCreated id="496">2010-11-23 00:00:00</dateCreated>
                <retired>false</retired>
                <conceptReferenceTermId>3195</conceptReferenceTermId>
                <conceptSource reference="87"/>
                <code>3193</code>
                <conceptReferenceTermMaps id="497"/>
              </conceptReferenceTerm>
            </org.openmrs.ConceptMap>
          </conceptMappings>
        </concept>
        <conceptSet reference="2"/>
        <sortWeight>2.0</sortWeight>
        <creator/>
        <dateCreated id="498">2013-08-29 20:22:41</dateCreated>
      </org.openmrs.ConceptSet>
      <org.openmrs.ConceptSet id="499" uuid="51fcb074-9b28-4125-a763-b2bf95d9e2fa">
        <conceptSetId>4585</conceptSetId>
        <concept id="500" resolves-to="org.openmrs.Concept" uuid="3cd9491e-26fe-102b-80cb-0017a47871b2">
          <conceptId>1282</conceptId>
          <retired>false</retired>
          <datatype reference="149"/>
          <conceptClass reference="178"/>
          <set>false</set>
          <creator/>
          <dateCreated id="501">2005-02-24 12:02:35</dateCreated>
          <changedBy/>
          <dateChanged id="502">2013-09-04 21:52:40</dateChanged>
          <names class="set" id="503">
            <org.openmrs.ConceptName id="504" uuid="f5fb5796-d5db-102d-ad2a-000c29c2a5d7">
              <conceptNameId>10798</conceptNameId>
              <concept reference="500"/>
              <name>COMMANDES DE MÉDICAMENTS</name>
              <locale id="505">fr</locale>
              <creator/>
              <dateCreated id="506">2010-06-29 13:03:17</dateCreated>
              <voided>false</voided>
              <tags class="set" id="507"/>
              <localePreferred>true</localePreferred>
            </org.openmrs.ConceptName>
            <org.openmrs.ConceptName id="508" uuid="3e178b24-26fe-102b-80cb-0017a47871b2">
              <conceptNameId>1320</conceptNameId>
              <concept reference="500"/>
              <name>MEDICATION ORDERS</name>
              <locale id="509">en</locale>
              <creator/>
              <dateCreated id="510">2005-02-24 12:02:35</dateCreated>
              <voided>false</voided>
              <tags class="set" id="511"/>
              <conceptNameType>FULLY_SPECIFIED</conceptNameType>
              <localePreferred>true</localePreferred>
            </org.openmrs.ConceptName>
          </names>
          <answers class="set" id="512"/>
          <conceptSets class="set" id="513"/>
          <descriptions class="set" id="514">
            <org.openmrs.ConceptDescription id="515" uuid="ece6ee42-07fe-102c-b5fa-0017a47871b2">
              <conceptDescriptionId>1293</conceptDescriptionId>
              <concept reference="500"/>
              <description>Drugs that are ordered at a given patient encounter.</description>
              <locale id="516">en</locale>
              <creator/>
              <dateCreated id="517">2005-02-24 12:02:35</dateCreated>
            </org.openmrs.ConceptDescription>
          </descriptions>
          <conceptMappings class="set" id="518">
            <org.openmrs.ConceptMap id="519" uuid="b2105bac-4864-102e-96e9-000c29c2a5d7">
              <conceptMapType reference="37"/>
              <creator/>
              <changedBy/>
              <dateCreated id="520">2010-11-23 10:15:31</dateCreated>
              <dateChanged id="521">2012-06-21 16:49:52</dateChanged>
              <conceptMapId>1284</conceptMapId>
              <concept reference="500"/>
              <conceptReferenceTerm id="522" resolves-to="org.openmrs.ConceptReferenceTerm" uuid="7e4e5cb6-2124-3ff1-9811-015daef2e059">
                <creator/>
                <dateCreated id="523">2010-11-23 00:00:00</dateCreated>
                <retired>false</retired>
                <conceptReferenceTermId>1284</conceptReferenceTermId>
                <conceptSource reference="87"/>
                <code>1282</code>
                <conceptReferenceTermMaps id="524"/>
              </conceptReferenceTerm>
            </org.openmrs.ConceptMap>
            <org.openmrs.ConceptMap id="525" uuid="75699fd0-4943-102e-96e9-000c29c2a5d7">
              <conceptMapType reference="37"/>
              <creator/>
              <changedBy/>
              <dateCreated id="526">2010-11-24 12:49:58</dateCreated>
              <dateChanged id="527">2012-06-21 16:49:52</dateChanged>
              <conceptMapId>7130</conceptMapId>
              <concept reference="500"/>
              <conceptReferenceTerm id="528" resolves-to="org.openmrs.ConceptReferenceTerm" uuid="9bab7adc-de35-3a20-bb17-a3511068623c">
                <creator/>
                <dateCreated id="529">2010-11-24 00:00:00</dateCreated>
                <retired>false</retired>
                <conceptReferenceTermId>7130</conceptReferenceTermId>
                <conceptSource reference="87"/>
                <code>MEDICATION ORDERS</code>
                <conceptReferenceTermMaps id="530"/>
              </conceptReferenceTerm>
            </org.openmrs.ConceptMap>
          </conceptMappings>
        </concept>
        <conceptSet reference="2"/>
        <sortWeight>0.0</sortWeight>
        <creator/>
        <dateCreated id="531">2013-08-29 20:22:41</dateCreated>
      </org.openmrs.ConceptSet>
    </conceptSets>
    <descriptions class="set" id="532">
      <org.openmrs.ConceptDescription id="533" uuid="5afacc24-a1d2-4670-9751-efbd5ca66b24">
        <conceptDescriptionId>6383</conceptDescriptionId>
        <concept reference="2"/>
        <description>Collects all pieces of information about a medication or product that was dispensed to the patient, e.g. at a pharmacy</description>
        <locale id="534">en</locale>
        <creator/>
        <dateCreated id="535">2013-08-29 20:10:39</dateCreated>
      </org.openmrs.ConceptDescription>
    </descriptions>
    <conceptMappings class="set" id="536">
      <org.openmrs.ConceptMap id="537" uuid="50639ccb-0d00-4ee8-a424-e07f8b8a6486">
        <conceptMapType reference="422"/>
        <creator/>
        <changedBy/>
        <dateCreated id="538">2013-08-29 21:01:59</dateCreated>
        <dateChanged id="539">2013-09-09 19:13:03</dateChanged>
        <conceptMapId>19120</conceptMapId>
        <concept reference="2"/>
        <conceptReferenceTerm id="540" resolves-to="org.openmrs.ConceptReferenceTerm" uuid="23658bce-a623-4975-9523-a500e45b6a73">
          <creator/>
          <dateCreated id="541">2013-08-29 21:01:43</dateCreated>
          <retired>false</retired>
          <conceptReferenceTermId>18968</conceptReferenceTermId>
          <conceptSource reference="42"/>
          <code>1442</code>
          <conceptReferenceTermMaps id="542"/>
        </conceptReferenceTerm>
      </org.openmrs.ConceptMap>
      <org.openmrs.ConceptMap id="543" uuid="74f42c5e-e996-40e2-bf90-374d97a8bad2">
        <conceptMapType reference="37"/>
        <creator/>
        <dateCreated id="544">2013-08-29 21:01:59</dateCreated>
        <conceptMapId>19121</conceptMapId>
        <concept reference="2"/>
        <conceptReferenceTerm id="545" resolves-to="org.openmrs.ConceptReferenceTerm" uuid="c9bd00ea-20b6-47a7-bf2c-26cada992fe6">
          <creator/>
          <dateCreated id="546">2013-08-29 21:00:50</dateCreated>
          <retired>false</retired>
          <conceptReferenceTermId>18967</conceptReferenceTermId>
          <conceptSource reference="87"/>
          <code>9070</code>
          <conceptReferenceTermMaps id="547"/>
        </conceptReferenceTerm>
      </org.openmrs.ConceptMap>
    </conceptMappings>
  </org.openmrs.Concept>
</list>
