<?xml version="1.0" encoding="UTF-8"?>
<package id="1" uuid="4e055723-4baf-4bfc-a3b5-03f0870dd701">
  <dateCreated id="2">2015-03-02 19:35:13</dateCreated>
  <name>ZL Registration Concepts</name>
  <description>Concepts used on the ZL Registration Form</description>
  <openmrsVersion>1.9.4 SNAPSHOT Build 7297fb</openmrsVersion>
  <version>1</version>
  <groupUuid>7c19d893-08eb-4240-9442-767b99a942bc</groupUuid>
  <modules id="3">
    <entry>
      <string>uilibrary</string>
      <string>2.0.3.1</string>
    </entry>
    <entry>
      <string>reportingcompatibility</string>
      <string>1.5.8</string>
    </entry>
    <entry>
      <string>groovy</string>
      <string>2.2.4</string>
    </entry>
    <entry>
      <string>providermanagement</string>
      <string>2.0</string>
    </entry>
    <entry>
      <string>validation</string>
      <string>1.0.1</string>
    </entry>
    <entry>
      <string>uiframework</string>
      <string>3.1</string>
    </entry>
    <entry>
      <string>htmlformentry</string>
      <string>2.2.1</string>
    </entry>
    <entry>
      <string>htmlformentry19ext</string>
      <string>1.4</string>
    </entry>
    <entry>
      <string>metadatamapping</string>
      <string>1.0.1</string>
    </entry>
    <entry>
      <string>metadatasharing</string>
      <string>1.1.8</string>
    </entry>
    <entry>
      <string>logic</string>
      <string>0.5.2</string>
    </entry>
    <entry>
      <string>serialization.xstream</string>
      <string>0.2.7</string>
    </entry>
  </modules>
  <items class="linked-hash-set" id="4">
    <org.openmrs.module.metadatasharing.Item id="5" uuid="3ce41a38-26fe-102b-80cb-0017a47871b2">
      <id>2452</id>
      <classname>org.openmrs.Concept</classname>
      <dateChanged id="6">2009-07-28 10:55:29</dateChanged>
      <retired>false</retired>
    </org.openmrs.module.metadatasharing.Item>
    <org.openmrs.module.metadatasharing.Item id="7" uuid="3cd6df26-26fe-102b-80cb-0017a47871b2">
      <id>1054</id>
      <classname>org.openmrs.Concept</classname>
      <dateChanged id="8">2011-04-13 16:51:07</dateChanged>
      <retired>false</retired>
    </org.openmrs.module.metadatasharing.Item>
  </items>
  <relatedItems class="linked-hash-set" id="9">
    <org.openmrs.module.metadatasharing.Item id="10" uuid="8d4a4ab4-c2cc-11de-8d13-0010c6dffd0f">
      <id>3</id>
      <classname>org.openmrs.ConceptDatatype</classname>
      <dateChanged id="11">2004-02-02 00:00:00</dateChanged>
      <retired>false</retired>
    </org.openmrs.module.metadatasharing.Item>
    <org.openmrs.module.metadatasharing.Item id="12" uuid="8d491e50-c2cc-11de-8d13-0010c6dffd0f">
      <id>7</id>
      <classname>org.openmrs.ConceptClass</classname>
      <dateChanged id="13">2004-03-02 00:00:00</dateChanged>
      <retired>false</retired>
    </org.openmrs.module.metadatasharing.Item>
    <org.openmrs.module.metadatasharing.Item id="14" uuid="f696981e-d5db-102d-ad2a-000c29c2a5d7">
      <id>11952</id>
      <classname>org.openmrs.ConceptName</classname>
      <dateChanged id="15">2010-06-29 13:04:01</dateChanged>
    </org.openmrs.module.metadatasharing.Item>
    <org.openmrs.module.metadatasharing.Item id="16" uuid="0b9565bc-15f5-102d-96e4-000c29c2a5d7">
      <id>9444</id>
      <classname>org.openmrs.ConceptName</classname>
      <dateChanged id="17">2009-07-28 10:55:29</dateChanged>
    </org.openmrs.module.metadatasharing.Item>
    <org.openmrs.module.metadatasharing.Item id="18" uuid="3e254494-26fe-102b-80cb-0017a47871b2">
      <id>2636</id>
      <classname>org.openmrs.ConceptName</classname>
      <dateChanged id="19">2007-06-25 15:31:48</dateChanged>
    </org.openmrs.module.metadatasharing.Item>
    <org.openmrs.module.metadatasharing.Item id="20" uuid="0b9564cc-15f5-102d-96e4-000c29c2a5d7">
      <id>9443</id>
      <classname>org.openmrs.ConceptName</classname>
      <dateChanged id="21">2009-07-28 10:55:29</dateChanged>
    </org.openmrs.module.metadatasharing.Item>
    <org.openmrs.module.metadatasharing.Item id="22" uuid="ecf2882e-07fe-102c-b5fa-0017a47871b2">
      <id>2295</id>
      <classname>org.openmrs.ConceptDescription</classname>
      <dateChanged id="23">2007-06-25 15:31:48</dateChanged>
    </org.openmrs.module.metadatasharing.Item>
    <org.openmrs.module.metadatasharing.Item id="24" uuid="b2560486-4864-102e-96e9-000c29c2a5d7">
      <id>2454</id>
      <classname>org.openmrs.ConceptMap</classname>
      <dateChanged id="25">2012-06-21 16:49:52</dateChanged>
    </org.openmrs.module.metadatasharing.Item>
    <org.openmrs.module.metadatasharing.Item id="26" uuid="35543629-7d8c-11e1-909d-c80aa9edcf4e">
      <id>1</id>
      <classname>org.openmrs.ConceptMapType</classname>
      <dateChanged id="27">2012-06-21 00:00:00</dateChanged>
      <retired>false</retired>
    </org.openmrs.module.metadatasharing.Item>
    <org.openmrs.module.metadatasharing.Item id="28" uuid="c919e2f8-0c8d-3aad-bac8-0b573fcc4086">
      <id>2454</id>
      <classname>org.openmrs.ConceptReferenceTerm</classname>
      <dateChanged id="29">2010-11-23 00:00:00</dateChanged>
      <retired>false</retired>
    </org.openmrs.module.metadatasharing.Item>
    <org.openmrs.module.metadatasharing.Item id="30" uuid="fb9aaaf1-65e2-4c18-b53c-16b575f2f385">
      <id>5</id>
      <classname>org.openmrs.ConceptSource</classname>
      <dateChanged id="31">2010-11-23 13:56:26</dateChanged>
      <retired>false</retired>
    </org.openmrs.module.metadatasharing.Item>
    <org.openmrs.module.metadatasharing.Item id="32" uuid="75956b38-4943-102e-96e9-000c29c2a5d7">
      <id>8266</id>
      <classname>org.openmrs.ConceptMap</classname>
      <dateChanged id="33">2012-06-21 16:49:52</dateChanged>
    </org.openmrs.module.metadatasharing.Item>
    <org.openmrs.module.metadatasharing.Item id="34" uuid="e2170d07-4cbb-3597-b92c-9bd24cd2f222">
      <id>8266</id>
      <classname>org.openmrs.ConceptReferenceTerm</classname>
      <dateChanged id="35">2010-11-24 00:00:00</dateChanged>
      <retired>false</retired>
    </org.openmrs.module.metadatasharing.Item>
    <org.openmrs.module.metadatasharing.Item id="36" uuid="8d4a48b6-c2cc-11de-8d13-0010c6dffd0f">
      <id>2</id>
      <classname>org.openmrs.ConceptDatatype</classname>
      <dateChanged id="37">2004-02-02 00:00:00</dateChanged>
      <retired>false</retired>
    </org.openmrs.module.metadatasharing.Item>
    <org.openmrs.module.metadatasharing.Item id="38" uuid="f5c82c18-d5db-102d-ad2a-000c29c2a5d7">
      <id>10572</id>
      <classname>org.openmrs.ConceptName</classname>
      <dateChanged id="39">2010-06-29 13:03:16</dateChanged>
    </org.openmrs.module.metadatasharing.Item>
    <org.openmrs.module.metadatasharing.Item id="40" uuid="3e15049e-26fe-102b-80cb-0017a47871b2">
      <id>8427</id>
      <classname>org.openmrs.ConceptName</classname>
      <dateChanged id="41">2009-02-07 18:07:39</dateChanged>
    </org.openmrs.module.metadatasharing.Item>
    <org.openmrs.module.metadatasharing.Item id="42" uuid="0b8ec5fe-15f5-102d-96e4-000c29c2a5d7">
      <id>8426</id>
      <classname>org.openmrs.ConceptName</classname>
      <dateChanged id="43">2009-02-07 18:07:39</dateChanged>
    </org.openmrs.module.metadatasharing.Item>
    <org.openmrs.module.metadatasharing.Item id="44" uuid="3d391fce-26fe-102b-80cb-0017a47871b2">
      <id>56</id>
      <classname>org.openmrs.ConceptAnswer</classname>
      <dateChanged id="45">2005-01-06 00:00:00</dateChanged>
    </org.openmrs.module.metadatasharing.Item>
    <org.openmrs.module.metadatasharing.Item id="46" uuid="3cd6e246-26fe-102b-80cb-0017a47871b2">
      <id>1056</id>
      <classname>org.openmrs.Concept</classname>
      <dateChanged id="47">2014-09-29 20:59:57</dateChanged>
      <retired>false</retired>
    </org.openmrs.module.metadatasharing.Item>
    <org.openmrs.module.metadatasharing.Item id="48" uuid="8d4a4c94-c2cc-11de-8d13-0010c6dffd0f">
      <id>4</id>
      <classname>org.openmrs.ConceptDatatype</classname>
      <dateChanged id="49">2004-02-02 05:00:00</dateChanged>
      <retired>false</retired>
    </org.openmrs.module.metadatasharing.Item>
    <org.openmrs.module.metadatasharing.Item id="50" uuid="8d492774-c2cc-11de-8d13-0010c6dffd0f">
      <id>11</id>
      <classname>org.openmrs.ConceptClass</classname>
      <dateChanged id="51">2004-03-02 05:00:00</dateChanged>
      <retired>false</retired>
    </org.openmrs.module.metadatasharing.Item>
    <org.openmrs.module.metadatasharing.Item id="52" uuid="3e150782-26fe-102b-80cb-0017a47871b2">
      <id>1092</id>
      <classname>org.openmrs.ConceptName</classname>
      <dateChanged id="53">2005-01-06 00:00:00</dateChanged>
    </org.openmrs.module.metadatasharing.Item>
    <org.openmrs.module.metadatasharing.Item id="54" uuid="4e1dd8d7-22ca-4fbc-9163-c1f6cbb328e6">
      <id>27050</id>
      <classname>org.openmrs.ConceptName</classname>
      <dateChanged id="55">2014-09-29 20:47:21</dateChanged>
    </org.openmrs.module.metadatasharing.Item>
    <org.openmrs.module.metadatasharing.Item id="56" uuid="5c572211-edfc-457c-b922-8ee8a5293bf8">
      <id>27054</id>
      <classname>org.openmrs.ConceptName</classname>
      <dateChanged id="57">2014-09-29 20:59:57</dateChanged>
    </org.openmrs.module.metadatasharing.Item>
    <org.openmrs.module.metadatasharing.Item id="58" uuid="6926dc95-e095-47c6-9e81-3479e0f37c3e">
      <id>27051</id>
      <classname>org.openmrs.ConceptName</classname>
      <dateChanged id="59">2014-09-29 20:59:57</dateChanged>
    </org.openmrs.module.metadatasharing.Item>
    <org.openmrs.module.metadatasharing.Item id="60" uuid="f5c8a5e4-d5db-102d-ad2a-000c29c2a5d7">
      <id>10574</id>
      <classname>org.openmrs.ConceptName</classname>
      <dateChanged id="61">2014-09-29 20:47:21</dateChanged>
    </org.openmrs.module.metadatasharing.Item>
    <org.openmrs.module.metadatasharing.Item id="62" uuid="ece42752-07fe-102c-b5fa-0017a47871b2">
      <id>1067</id>
      <classname>org.openmrs.ConceptDescription</classname>
      <dateChanged id="63">2005-01-06 00:00:00</dateChanged>
    </org.openmrs.module.metadatasharing.Item>
    <org.openmrs.module.metadatasharing.Item id="64" uuid="b20d0236-4864-102e-96e9-000c29c2a5d7">
      <id>1058</id>
      <classname>org.openmrs.ConceptMap</classname>
      <dateChanged id="65">2012-06-21 16:49:52</dateChanged>
    </org.openmrs.module.metadatasharing.Item>
    <org.openmrs.module.metadatasharing.Item id="66" uuid="4566252a-0303-3cbc-aa42-7a2ca6d8eeb5">
      <id>1058</id>
      <classname>org.openmrs.ConceptReferenceTerm</classname>
      <dateChanged id="67">2010-11-23 00:00:00</dateChanged>
      <retired>false</retired>
    </org.openmrs.module.metadatasharing.Item>
    <org.openmrs.module.metadatasharing.Item id="68" uuid="7568786c-4943-102e-96e9-000c29c2a5d7">
      <id>6949</id>
      <classname>org.openmrs.ConceptMap</classname>
      <dateChanged id="69">2012-06-21 16:49:52</dateChanged>
    </org.openmrs.module.metadatasharing.Item>
    <org.openmrs.module.metadatasharing.Item id="70" uuid="bd38e7d3-1ca0-34a1-b038-d862be4193e1">
      <id>6949</id>
      <classname>org.openmrs.ConceptReferenceTerm</classname>
      <dateChanged id="71">2010-11-24 00:00:00</dateChanged>
      <retired>false</retired>
    </org.openmrs.module.metadatasharing.Item>
    <org.openmrs.module.metadatasharing.Item id="72" uuid="3d3920f0-26fe-102b-80cb-0017a47871b2">
      <id>57</id>
      <classname>org.openmrs.ConceptAnswer</classname>
      <dateChanged id="73">2005-01-06 00:00:00</dateChanged>
    </org.openmrs.module.metadatasharing.Item>
    <org.openmrs.module.metadatasharing.Item id="74" uuid="3cd6e3d6-26fe-102b-80cb-0017a47871b2">
      <id>1057</id>
      <classname>org.openmrs.Concept</classname>
      <dateChanged id="75">2005-01-06 00:00:00</dateChanged>
      <retired>false</retired>
    </org.openmrs.module.metadatasharing.Item>
    <org.openmrs.module.metadatasharing.Item id="76" uuid="3e1508f4-26fe-102b-80cb-0017a47871b2">
      <id>1093</id>
      <classname>org.openmrs.ConceptName</classname>
      <dateChanged id="77">2005-01-06 00:00:00</dateChanged>
    </org.openmrs.module.metadatasharing.Item>
    <org.openmrs.module.metadatasharing.Item id="78" uuid="f5c8e202-d5db-102d-ad2a-000c29c2a5d7">
      <id>10575</id>
      <classname>org.openmrs.ConceptName</classname>
      <dateChanged id="79">2010-06-29 13:03:16</dateChanged>
    </org.openmrs.module.metadatasharing.Item>
    <org.openmrs.module.metadatasharing.Item id="80" uuid="ece428b0-07fe-102c-b5fa-0017a47871b2">
      <id>1068</id>
      <classname>org.openmrs.ConceptDescription</classname>
      <dateChanged id="81">2005-01-06 00:00:00</dateChanged>
    </org.openmrs.module.metadatasharing.Item>
    <org.openmrs.module.metadatasharing.Item id="82" uuid="75687cb8-4943-102e-96e9-000c29c2a5d7">
      <id>6950</id>
      <classname>org.openmrs.ConceptMap</classname>
      <dateChanged id="83">2012-06-21 16:49:52</dateChanged>
    </org.openmrs.module.metadatasharing.Item>
    <org.openmrs.module.metadatasharing.Item id="84" uuid="84f3817f-06e0-3553-811c-cabbaadc294c">
      <id>6950</id>
      <classname>org.openmrs.ConceptReferenceTerm</classname>
      <dateChanged id="85">2010-11-24 00:00:00</dateChanged>
      <retired>false</retired>
    </org.openmrs.module.metadatasharing.Item>
    <org.openmrs.module.metadatasharing.Item id="86" uuid="b20d03a8-4864-102e-96e9-000c29c2a5d7">
      <id>1059</id>
      <classname>org.openmrs.ConceptMap</classname>
      <dateChanged id="87">2012-06-21 16:49:52</dateChanged>
    </org.openmrs.module.metadatasharing.Item>
    <org.openmrs.module.metadatasharing.Item id="88" uuid="edb9366f-30ab-39aa-bd5a-640ea182d1e9">
      <id>1059</id>
      <classname>org.openmrs.ConceptReferenceTerm</classname>
      <dateChanged id="89">2010-11-23 00:00:00</dateChanged>
      <retired>false</retired>
    </org.openmrs.module.metadatasharing.Item>
    <org.openmrs.module.metadatasharing.Item id="90" uuid="3d392212-26fe-102b-80cb-0017a47871b2">
      <id>58</id>
      <classname>org.openmrs.ConceptAnswer</classname>
      <dateChanged id="91">2005-01-06 00:00:00</dateChanged>
    </org.openmrs.module.metadatasharing.Item>
    <org.openmrs.module.metadatasharing.Item id="92" uuid="3cd6e55c-26fe-102b-80cb-0017a47871b2">
      <id>1058</id>
      <classname>org.openmrs.Concept</classname>
      <dateChanged id="93">2014-09-29 21:00:33</dateChanged>
      <retired>false</retired>
    </org.openmrs.module.metadatasharing.Item>
    <org.openmrs.module.metadatasharing.Item id="94" uuid="c87991b3-02fe-45ef-9325-477787cba57f">
      <id>27044</id>
      <classname>org.openmrs.ConceptName</classname>
      <dateChanged id="95">2014-09-29 20:41:40</dateChanged>
    </org.openmrs.module.metadatasharing.Item>
    <org.openmrs.module.metadatasharing.Item id="96" uuid="d1c68e19-cfac-4b72-98c0-17de59bf5b23">
      <id>27055</id>
      <classname>org.openmrs.ConceptName</classname>
      <dateChanged id="97">2014-09-29 21:00:33</dateChanged>
    </org.openmrs.module.metadatasharing.Item>
    <org.openmrs.module.metadatasharing.Item id="98" uuid="3e150a5c-26fe-102b-80cb-0017a47871b2">
      <id>1094</id>
      <classname>org.openmrs.ConceptName</classname>
      <dateChanged id="99">2005-01-06 00:00:00</dateChanged>
    </org.openmrs.module.metadatasharing.Item>
    <org.openmrs.module.metadatasharing.Item id="100" uuid="03af3b20-d3db-413a-9c54-8b54a7cedbb8">
      <id>27045</id>
      <classname>org.openmrs.ConceptName</classname>
      <dateChanged id="101">2014-09-29 21:00:33</dateChanged>
    </org.openmrs.module.metadatasharing.Item>
    <org.openmrs.module.metadatasharing.Item id="102" uuid="f5c91a24-d5db-102d-ad2a-000c29c2a5d7">
      <id>10576</id>
      <classname>org.openmrs.ConceptName</classname>
      <dateChanged id="103">2014-09-29 20:41:40</dateChanged>
    </org.openmrs.module.metadatasharing.Item>
    <org.openmrs.module.metadatasharing.Item id="104" uuid="ece42a0e-07fe-102c-b5fa-0017a47871b2">
      <id>1069</id>
      <classname>org.openmrs.ConceptDescription</classname>
      <dateChanged id="105">2005-01-06 00:00:00</dateChanged>
    </org.openmrs.module.metadatasharing.Item>
    <org.openmrs.module.metadatasharing.Item id="106" uuid="b20d0524-4864-102e-96e9-000c29c2a5d7">
      <id>1060</id>
      <classname>org.openmrs.ConceptMap</classname>
      <dateChanged id="107">2012-06-21 16:49:52</dateChanged>
    </org.openmrs.module.metadatasharing.Item>
    <org.openmrs.module.metadatasharing.Item id="108" uuid="57a623c7-30ba-3d4d-92df-b4c2b19c5108">
      <id>1060</id>
      <classname>org.openmrs.ConceptReferenceTerm</classname>
      <dateChanged id="109">2010-11-23 00:00:00</dateChanged>
      <retired>false</retired>
    </org.openmrs.module.metadatasharing.Item>
    <org.openmrs.module.metadatasharing.Item id="110" uuid="75687e8e-4943-102e-96e9-000c29c2a5d7">
      <id>6951</id>
      <classname>org.openmrs.ConceptMap</classname>
      <dateChanged id="111">2012-06-21 16:49:52</dateChanged>
    </org.openmrs.module.metadatasharing.Item>
    <org.openmrs.module.metadatasharing.Item id="112" uuid="3f2c4ca5-e6ab-375c-bd26-4244f2b6434d">
      <id>6951</id>
      <classname>org.openmrs.ConceptReferenceTerm</classname>
      <dateChanged id="113">2010-11-24 00:00:00</dateChanged>
      <retired>false</retired>
    </org.openmrs.module.metadatasharing.Item>
    <org.openmrs.module.metadatasharing.Item id="114" uuid="3d392334-26fe-102b-80cb-0017a47871b2">
      <id>59</id>
      <classname>org.openmrs.ConceptAnswer</classname>
      <dateChanged id="115">2005-01-06 00:00:00</dateChanged>
    </org.openmrs.module.metadatasharing.Item>
    <org.openmrs.module.metadatasharing.Item id="116" uuid="3cd6e6f6-26fe-102b-80cb-0017a47871b2">
      <id>1059</id>
      <classname>org.openmrs.Concept</classname>
      <dateChanged id="117">2014-09-29 21:01:38</dateChanged>
      <retired>false</retired>
    </org.openmrs.module.metadatasharing.Item>
    <org.openmrs.module.metadatasharing.Item id="118" uuid="95692394-07d4-102c-b5fa-0017a47871b2">
      <id>7683</id>
      <classname>org.openmrs.ConceptName</classname>
      <dateChanged id="119">2005-01-06 00:00:00</dateChanged>
    </org.openmrs.module.metadatasharing.Item>
    <org.openmrs.module.metadatasharing.Item id="120" uuid="f5c95a34-d5db-102d-ad2a-000c29c2a5d7">
      <id>10577</id>
      <classname>org.openmrs.ConceptName</classname>
      <dateChanged id="121">2012-06-21 20:11:41</dateChanged>
    </org.openmrs.module.metadatasharing.Item>
    <org.openmrs.module.metadatasharing.Item id="122" uuid="1dd94bf3-0962-4ca6-8a66-0fd1dccd0887">
      <id>27052</id>
      <classname>org.openmrs.ConceptName</classname>
      <dateChanged id="123">2014-09-29 20:48:54</dateChanged>
    </org.openmrs.module.metadatasharing.Item>
    <org.openmrs.module.metadatasharing.Item id="124" uuid="bf337879-0fd6-4bbb-bb4d-8b4cf68a8e52">
      <id>27053</id>
      <classname>org.openmrs.ConceptName</classname>
      <dateChanged id="125">2014-09-29 20:50:54</dateChanged>
    </org.openmrs.module.metadatasharing.Item>
    <org.openmrs.module.metadatasharing.Item id="126" uuid="faae1a8e-07c1-4c37-8527-75dc7901d2ac">
      <id>27057</id>
      <classname>org.openmrs.ConceptName</classname>
      <dateChanged id="127">2014-09-29 21:01:38</dateChanged>
    </org.openmrs.module.metadatasharing.Item>
    <org.openmrs.module.metadatasharing.Item id="128" uuid="ab6ed0a7-f146-476f-b6f7-866b44402dce">
      <id>27056</id>
      <classname>org.openmrs.ConceptName</classname>
      <dateChanged id="129">2014-09-29 21:01:38</dateChanged>
    </org.openmrs.module.metadatasharing.Item>
    <org.openmrs.module.metadatasharing.Item id="130" uuid="3e150bce-26fe-102b-80cb-0017a47871b2">
      <id>1095</id>
      <classname>org.openmrs.ConceptName</classname>
      <dateChanged id="131">2005-01-06 00:00:00</dateChanged>
    </org.openmrs.module.metadatasharing.Item>
    <org.openmrs.module.metadatasharing.Item id="132" uuid="3e150d40-26fe-102b-80cb-0017a47871b2">
      <id>1096</id>
      <classname>org.openmrs.ConceptName</classname>
      <dateChanged id="133">2014-09-29 21:01:38</dateChanged>
    </org.openmrs.module.metadatasharing.Item>
    <org.openmrs.module.metadatasharing.Item id="134" uuid="ece42bf8-07fe-102c-b5fa-0017a47871b2">
      <id>1070</id>
      <classname>org.openmrs.ConceptDescription</classname>
      <dateChanged id="135">2005-01-06 00:00:00</dateChanged>
    </org.openmrs.module.metadatasharing.Item>
    <org.openmrs.module.metadatasharing.Item id="136" uuid="7568800a-4943-102e-96e9-000c29c2a5d7">
      <id>6952</id>
      <classname>org.openmrs.ConceptMap</classname>
      <dateChanged id="137">2012-06-21 16:49:52</dateChanged>
    </org.openmrs.module.metadatasharing.Item>
    <org.openmrs.module.metadatasharing.Item id="138" uuid="09bf1056-eec0-3b8d-85cd-5c356e345d7b">
      <id>6952</id>
      <classname>org.openmrs.ConceptReferenceTerm</classname>
      <dateChanged id="139">2010-11-24 00:00:00</dateChanged>
      <retired>false</retired>
    </org.openmrs.module.metadatasharing.Item>
    <org.openmrs.module.metadatasharing.Item id="140" uuid="b20d06aa-4864-102e-96e9-000c29c2a5d7">
      <id>1061</id>
      <classname>org.openmrs.ConceptMap</classname>
      <dateChanged id="141">2012-06-21 16:49:52</dateChanged>
    </org.openmrs.module.metadatasharing.Item>
    <org.openmrs.module.metadatasharing.Item id="142" uuid="42bea4f5-0414-3d07-8404-bbd31503c4e3">
      <id>1061</id>
      <classname>org.openmrs.ConceptReferenceTerm</classname>
      <dateChanged id="143">2010-11-23 00:00:00</dateChanged>
      <retired>false</retired>
    </org.openmrs.module.metadatasharing.Item>
    <org.openmrs.module.metadatasharing.Item id="144" uuid="3d392456-26fe-102b-80cb-0017a47871b2">
      <id>60</id>
      <classname>org.openmrs.ConceptAnswer</classname>
      <dateChanged id="145">2005-01-06 00:00:00</dateChanged>
    </org.openmrs.module.metadatasharing.Item>
    <org.openmrs.module.metadatasharing.Item id="146" uuid="3cd6e96c-26fe-102b-80cb-0017a47871b2">
      <id>1060</id>
      <classname>org.openmrs.Concept</classname>
      <dateChanged id="147">2014-09-30 17:44:31</dateChanged>
      <retired>false</retired>
    </org.openmrs.module.metadatasharing.Item>
    <org.openmrs.module.metadatasharing.Item id="148" uuid="aeb288a7-21af-4800-b972-196adcdd3f14">
      <id>27059</id>
      <classname>org.openmrs.ConceptName</classname>
      <dateChanged id="149">2014-09-30 17:41:50</dateChanged>
    </org.openmrs.module.metadatasharing.Item>
    <org.openmrs.module.metadatasharing.Item id="150" uuid="92a07894-0525-4a3e-8506-b6459cbb5a04">
      <id>27048</id>
      <classname>org.openmrs.ConceptName</classname>
      <dateChanged id="151">2014-09-29 21:16:42</dateChanged>
    </org.openmrs.module.metadatasharing.Item>
    <org.openmrs.module.metadatasharing.Item id="152" uuid="f5c98ee6-d5db-102d-ad2a-000c29c2a5d7">
      <id>10578</id>
      <classname>org.openmrs.ConceptName</classname>
      <dateChanged id="153">2014-09-29 20:46:02</dateChanged>
    </org.openmrs.module.metadatasharing.Item>
    <org.openmrs.module.metadatasharing.Item id="154" uuid="3e150eb2-26fe-102b-80cb-0017a47871b2">
      <id>1097</id>
      <classname>org.openmrs.ConceptName</classname>
      <dateChanged id="155">2005-01-06 00:00:00</dateChanged>
    </org.openmrs.module.metadatasharing.Item>
    <org.openmrs.module.metadatasharing.Item id="156" uuid="c7510c67-cc7a-4cc5-85fc-12c98cb44b00">
      <id>27049</id>
      <classname>org.openmrs.ConceptName</classname>
      <dateChanged id="157">2014-09-29 20:46:02</dateChanged>
    </org.openmrs.module.metadatasharing.Item>
    <org.openmrs.module.metadatasharing.Item id="158" uuid="14a425c9-30dc-4cfb-a23f-23b2e8fdcdda">
      <id>27061</id>
      <classname>org.openmrs.ConceptName</classname>
      <dateChanged id="159">2014-09-30 17:44:31</dateChanged>
    </org.openmrs.module.metadatasharing.Item>
    <org.openmrs.module.metadatasharing.Item id="160" uuid="b3a05960-796f-4565-bd44-7dc6331d2d51">
      <id>27062</id>
      <classname>org.openmrs.ConceptName</classname>
      <dateChanged id="161">2014-09-30 17:44:31</dateChanged>
    </org.openmrs.module.metadatasharing.Item>
    <org.openmrs.module.metadatasharing.Item id="162" uuid="6843ccc2-a24e-4671-aa07-4f89dfd49345">
      <id>27060</id>
      <classname>org.openmrs.ConceptName</classname>
      <dateChanged id="163">2014-09-30 17:41:50</dateChanged>
    </org.openmrs.module.metadatasharing.Item>
    <org.openmrs.module.metadatasharing.Item id="164" uuid="80341f66-14da-4a9a-a03f-f8a0ef3e52c4">
      <id>27058</id>
      <classname>org.openmrs.ConceptName</classname>
      <dateChanged id="165">2014-09-29 21:16:42</dateChanged>
    </org.openmrs.module.metadatasharing.Item>
    <org.openmrs.module.metadatasharing.Item id="166" uuid="ece42e00-07fe-102c-b5fa-0017a47871b2">
      <id>1071</id>
      <classname>org.openmrs.ConceptDescription</classname>
      <dateChanged id="167">2005-01-06 00:00:00</dateChanged>
    </org.openmrs.module.metadatasharing.Item>
    <org.openmrs.module.metadatasharing.Item id="168" uuid="b20d081c-4864-102e-96e9-000c29c2a5d7">
      <id>1062</id>
      <classname>org.openmrs.ConceptMap</classname>
      <dateChanged id="169">2012-06-21 16:49:52</dateChanged>
    </org.openmrs.module.metadatasharing.Item>
    <org.openmrs.module.metadatasharing.Item id="170" uuid="aec962fd-fc00-3997-867a-be6ef3ca21a6">
      <id>1062</id>
      <classname>org.openmrs.ConceptReferenceTerm</classname>
      <dateChanged id="171">2010-11-23 00:00:00</dateChanged>
      <retired>false</retired>
    </org.openmrs.module.metadatasharing.Item>
    <org.openmrs.module.metadatasharing.Item id="172" uuid="75688186-4943-102e-96e9-000c29c2a5d7">
      <id>6953</id>
      <classname>org.openmrs.ConceptMap</classname>
      <dateChanged id="173">2012-06-21 16:49:52</dateChanged>
    </org.openmrs.module.metadatasharing.Item>
    <org.openmrs.module.metadatasharing.Item id="174" uuid="b8ad6592-f959-356a-bf6c-a7ce9743112f">
      <id>6953</id>
      <classname>org.openmrs.ConceptReferenceTerm</classname>
      <dateChanged id="175">2010-11-24 00:00:00</dateChanged>
      <retired>false</retired>
    </org.openmrs.module.metadatasharing.Item>
    <org.openmrs.module.metadatasharing.Item id="176" uuid="3d392578-26fe-102b-80cb-0017a47871b2">
      <id>61</id>
      <classname>org.openmrs.ConceptAnswer</classname>
      <dateChanged id="177">2005-01-06 00:00:00</dateChanged>
    </org.openmrs.module.metadatasharing.Item>
    <org.openmrs.module.metadatasharing.Item id="178" uuid="3cee0aca-26fe-102b-80cb-0017a47871b2">
      <id>5555</id>
      <classname>org.openmrs.Concept</classname>
      <dateChanged id="179">2014-09-29 20:39:57</dateChanged>
      <retired>false</retired>
    </org.openmrs.module.metadatasharing.Item>
    <org.openmrs.module.metadatasharing.Item id="180" uuid="8d491a9a-c2cc-11de-8d13-0010c6dffd0f">
      <id>5</id>
      <classname>org.openmrs.ConceptClass</classname>
      <dateChanged id="181">2004-03-02 00:00:00</dateChanged>
      <retired>false</retired>
    </org.openmrs.module.metadatasharing.Item>
    <org.openmrs.module.metadatasharing.Item id="182" uuid="3e3ffcb2-26fe-102b-80cb-0017a47871b2">
      <id>3924</id>
      <classname>org.openmrs.ConceptName</classname>
      <dateChanged id="183">2004-08-12 00:00:00</dateChanged>
    </org.openmrs.module.metadatasharing.Item>
    <org.openmrs.module.metadatasharing.Item id="184" uuid="cca6224b-3f11-4f7a-b9c8-ac1b784e6c77">
      <id>27042</id>
      <classname>org.openmrs.ConceptName</classname>
      <dateChanged id="185">2014-09-29 20:39:57</dateChanged>
    </org.openmrs.module.metadatasharing.Item>
    <org.openmrs.module.metadatasharing.Item id="186" uuid="f7674810-d5db-102d-ad2a-000c29c2a5d7">
      <id>13739</id>
      <classname>org.openmrs.ConceptName</classname>
      <dateChanged id="187">2014-09-29 20:39:57</dateChanged>
    </org.openmrs.module.metadatasharing.Item>
    <org.openmrs.module.metadatasharing.Item id="188" uuid="90c02968-5164-4e97-ab01-db80aa9e0d56">
      <id>27043</id>
      <classname>org.openmrs.ConceptName</classname>
      <dateChanged id="189">2014-09-29 20:39:57</dateChanged>
    </org.openmrs.module.metadatasharing.Item>
    <org.openmrs.module.metadatasharing.Item id="190" uuid="ed18a7d4-07fe-102c-b5fa-0017a47871b2">
      <id>3357</id>
      <classname>org.openmrs.ConceptDescription</classname>
      <dateChanged id="191">2004-08-12 00:00:00</dateChanged>
    </org.openmrs.module.metadatasharing.Item>
    <org.openmrs.module.metadatasharing.Item id="192" uuid="75a9a0ee-4943-102e-96e9-000c29c2a5d7">
      <id>10316</id>
      <classname>org.openmrs.ConceptMap</classname>
      <dateChanged id="193">2012-06-21 16:49:52</dateChanged>
    </org.openmrs.module.metadatasharing.Item>
    <org.openmrs.module.metadatasharing.Item id="194" uuid="8a1e6b34-15af-33b4-8386-e1d637728555">
      <id>10316</id>
      <classname>org.openmrs.ConceptReferenceTerm</classname>
      <dateChanged id="195">2010-11-24 00:00:00</dateChanged>
      <retired>false</retired>
    </org.openmrs.module.metadatasharing.Item>
    <org.openmrs.module.metadatasharing.Item id="196" uuid="b295eca4-4864-102e-96e9-000c29c2a5d7">
      <id>4626</id>
      <classname>org.openmrs.ConceptMap</classname>
      <dateChanged id="197">2012-06-21 16:49:52</dateChanged>
    </org.openmrs.module.metadatasharing.Item>
    <org.openmrs.module.metadatasharing.Item id="198" uuid="8c4d72c2-f994-3e25-8335-fdbf11d0fbc3">
      <id>4626</id>
      <classname>org.openmrs.ConceptReferenceTerm</classname>
      <dateChanged id="199">2010-11-23 00:00:00</dateChanged>
      <retired>false</retired>
    </org.openmrs.module.metadatasharing.Item>
    <org.openmrs.module.metadatasharing.Item id="200" uuid="3d405a5a-26fe-102b-80cb-0017a47871b2">
      <id>1055</id>
      <classname>org.openmrs.ConceptAnswer</classname>
      <dateChanged id="201">2006-08-17 13:26:58</dateChanged>
    </org.openmrs.module.metadatasharing.Item>
    <org.openmrs.module.metadatasharing.Item id="202" uuid="3cd6fac4-26fe-102b-80cb-0017a47871b2">
      <id>1067</id>
      <classname>org.openmrs.Concept</classname>
      <dateChanged id="203">2013-09-26 19:57:26</dateChanged>
      <retired>false</retired>
    </org.openmrs.module.metadatasharing.Item>
    <org.openmrs.module.metadatasharing.Item id="204" uuid="0b8bdd6c-15f5-102d-96e4-000c29c2a5d7">
      <id>8176</id>
      <classname>org.openmrs.ConceptName</classname>
      <dateChanged id="205">2009-02-05 15:56:14</dateChanged>
    </org.openmrs.module.metadatasharing.Item>
    <org.openmrs.module.metadatasharing.Item id="206" uuid="3e1518f8-26fe-102b-80cb-0017a47871b2">
      <id>8175</id>
      <classname>org.openmrs.ConceptName</classname>
      <dateChanged id="207">2009-02-05 15:56:14</dateChanged>
    </org.openmrs.module.metadatasharing.Item>
    <org.openmrs.module.metadatasharing.Item id="208" uuid="0b8bde66-15f5-102d-96e4-000c29c2a5d7">
      <id>8177</id>
      <classname>org.openmrs.ConceptName</classname>
      <dateChanged id="209">2009-02-05 15:56:14</dateChanged>
    </org.openmrs.module.metadatasharing.Item>
    <org.openmrs.module.metadatasharing.Item id="210" uuid="0b8bdf56-15f5-102d-96e4-000c29c2a5d7">
      <id>8178</id>
      <classname>org.openmrs.ConceptName</classname>
      <dateChanged id="211">2009-02-05 15:56:14</dateChanged>
    </org.openmrs.module.metadatasharing.Item>
    <org.openmrs.module.metadatasharing.Item id="212" uuid="f5cb3a66-d5db-102d-ad2a-000c29c2a5d7">
      <id>10585</id>
      <classname>org.openmrs.ConceptName</classname>
      <dateChanged id="213">2012-06-21 20:29:46</dateChanged>
    </org.openmrs.module.metadatasharing.Item>
    <org.openmrs.module.metadatasharing.Item id="214" uuid="ece43b8e-07fe-102c-b5fa-0017a47871b2">
      <id>1078</id>
      <classname>org.openmrs.ConceptDescription</classname>
      <dateChanged id="215">2005-01-06 00:00:00</dateChanged>
    </org.openmrs.module.metadatasharing.Item>
    <org.openmrs.module.metadatasharing.Item id="216" uuid="5a0076f0-1fc0-4c91-8d92-0541eab81216">
      <id>4747</id>
      <classname>org.openmrs.ConceptDescription</classname>
      <dateChanged id="217">2009-02-05 15:56:14</dateChanged>
    </org.openmrs.module.metadatasharing.Item>
    <org.openmrs.module.metadatasharing.Item id="218" uuid="48d452b4-2448-4b4a-ab17-5993cd2aa765">
      <id>18126</id>
      <classname>org.openmrs.ConceptMap</classname>
      <dateChanged id="219">2013-05-14 22:18:34</dateChanged>
    </org.openmrs.module.metadatasharing.Item>
    <org.openmrs.module.metadatasharing.Item id="220" uuid="4b376e4b-e34d-47f8-9c73-a7240ec97927">
      <id>18085</id>
      <classname>org.openmrs.ConceptReferenceTerm</classname>
      <dateChanged id="221">2013-05-14 22:18:07</dateChanged>
      <retired>false</retired>
    </org.openmrs.module.metadatasharing.Item>
    <org.openmrs.module.metadatasharing.Item id="222" uuid="8405e8a9-f69d-4180-9542-14483d89f39d">
      <id>18127</id>
      <classname>org.openmrs.ConceptMap</classname>
      <dateChanged id="223">2013-05-14 22:28:59</dateChanged>
    </org.openmrs.module.metadatasharing.Item>
    <org.openmrs.module.metadatasharing.Item id="224" uuid="0e945fbc-da79-4b54-bec6-5afd0e8cb3c9">
      <id>18086</id>
      <classname>org.openmrs.ConceptReferenceTerm</classname>
      <dateChanged id="225">2013-05-14 22:28:29</dateChanged>
      <retired>false</retired>
    </org.openmrs.module.metadatasharing.Item>
    <org.openmrs.module.metadatasharing.Item id="226" uuid="b5e44116-778f-11e2-ad73-903c7bb72694">
      <id>25</id>
      <classname>org.openmrs.ConceptSource</classname>
      <dateChanged id="227">2013-02-20 04:39:48</dateChanged>
      <retired>false</retired>
    </org.openmrs.module.metadatasharing.Item>
    <org.openmrs.module.metadatasharing.Item id="228" uuid="b20d1438-4864-102e-96e9-000c29c2a5d7">
      <id>1069</id>
      <classname>org.openmrs.ConceptMap</classname>
      <dateChanged id="229">2012-06-21 16:49:52</dateChanged>
    </org.openmrs.module.metadatasharing.Item>
    <org.openmrs.module.metadatasharing.Item id="230" uuid="161a8ca4-26c9-3702-86ae-19762e7b7a86">
      <id>1069</id>
      <classname>org.openmrs.ConceptReferenceTerm</classname>
      <dateChanged id="231">2010-11-23 00:00:00</dateChanged>
      <retired>false</retired>
    </org.openmrs.module.metadatasharing.Item>
    <org.openmrs.module.metadatasharing.Item id="232" uuid="aef53e25-42b3-4e15-b072-773408c42fcf">
      <id>20053</id>
      <classname>org.openmrs.ConceptMap</classname>
      <dateChanged id="233">2013-09-26 19:57:25</dateChanged>
    </org.openmrs.module.metadatasharing.Item>
    <org.openmrs.module.metadatasharing.Item id="234" uuid="a8eafffd-4944-46e7-bd9c-cfab794e30a9">
      <id>19926</id>
      <classname>org.openmrs.ConceptReferenceTerm</classname>
      <dateChanged id="235">2013-09-26 19:38:23</dateChanged>
      <retired>false</retired>
    </org.openmrs.module.metadatasharing.Item>
    <org.openmrs.module.metadatasharing.Item id="236" uuid="edd52713-8887-47b7-ba9e-6e1148824ca4">
      <id>31</id>
      <classname>org.openmrs.ConceptSource</classname>
      <dateChanged id="237">2013-09-04 19:50:05</dateChanged>
      <retired>false</retired>
    </org.openmrs.module.metadatasharing.Item>
    <org.openmrs.module.metadatasharing.Item id="238" uuid="fe4792ee-5b68-102e-96e9-000c29c2a5d7">
      <id>11733</id>
      <classname>org.openmrs.ConceptMap</classname>
      <dateChanged id="239">2012-06-21 16:49:52</dateChanged>
    </org.openmrs.module.metadatasharing.Item>
    <org.openmrs.module.metadatasharing.Item id="240" uuid="7ea67a83-68e9-3f41-b394-280da1a6d50e">
      <id>11733</id>
      <classname>org.openmrs.ConceptReferenceTerm</classname>
      <dateChanged id="241">2010-12-17 00:00:00</dateChanged>
      <retired>false</retired>
    </org.openmrs.module.metadatasharing.Item>
    <org.openmrs.module.metadatasharing.Item id="242" uuid="ddb6b595-0b85-4a80-9243-efe4ba404eef">
      <id>4</id>
      <classname>org.openmrs.ConceptSource</classname>
      <dateChanged id="243">2010-09-28 10:32:54</dateChanged>
      <retired>false</retired>
    </org.openmrs.module.metadatasharing.Item>
    <org.openmrs.module.metadatasharing.Item id="244" uuid="0b1e588c-15f5-102d-96e4-000c29c2a5d7">
      <id>4826</id>
      <classname>org.openmrs.ConceptAnswer</classname>
      <dateChanged id="245">2008-06-24 15:12:45</dateChanged>
    </org.openmrs.module.metadatasharing.Item>
    <org.openmrs.module.metadatasharing.Item id="246" uuid="0e3d6c1e-3dee-4510-9132-36c8f136e41e">
      <id>3346</id>
      <classname>org.openmrs.Concept</classname>
      <dateChanged id="247">2008-06-24 15:09:49</dateChanged>
      <retired>false</retired>
    </org.openmrs.module.metadatasharing.Item>
    <org.openmrs.module.metadatasharing.Item id="248" uuid="3d7297ae-26fe-102b-80cb-0017a47871b2">
      <id>18</id>
      <classname>org.openmrs.ConceptClass</classname>
      <dateChanged id="249">2006-08-16 02:04:43</dateChanged>
      <retired>false</retired>
    </org.openmrs.module.metadatasharing.Item>
    <org.openmrs.module.metadatasharing.Item id="250" uuid="0b75eb1a-15f5-102d-96e4-000c29c2a5d7">
      <id>4696</id>
      <classname>org.openmrs.ConceptName</classname>
      <dateChanged id="251">2008-06-24 15:09:49</dateChanged>
    </org.openmrs.module.metadatasharing.Item>
    <org.openmrs.module.metadatasharing.Item id="252" uuid="f6fe72fe-d5db-102d-ad2a-000c29c2a5d7">
      <id>12857</id>
      <classname>org.openmrs.ConceptName</classname>
      <dateChanged id="253">2010-06-29 13:04:47</dateChanged>
    </org.openmrs.module.metadatasharing.Item>
    <org.openmrs.module.metadatasharing.Item id="254" uuid="ed244c06-07fe-102c-b5fa-0017a47871b2">
      <id>4083</id>
      <classname>org.openmrs.ConceptDescription</classname>
      <dateChanged id="255">2008-06-24 15:09:49</dateChanged>
    </org.openmrs.module.metadatasharing.Item>
    <org.openmrs.module.metadatasharing.Item id="256" uuid="759ed92a-4943-102e-96e9-000c29c2a5d7">
      <id>9137</id>
      <classname>org.openmrs.ConceptMap</classname>
      <dateChanged id="257">2012-06-21 16:49:52</dateChanged>
    </org.openmrs.module.metadatasharing.Item>
    <org.openmrs.module.metadatasharing.Item id="258" uuid="76c18592-129c-3964-b789-75c3f1e9e8fc">
      <id>9137</id>
      <classname>org.openmrs.ConceptReferenceTerm</classname>
      <dateChanged id="259">2010-11-24 00:00:00</dateChanged>
      <retired>false</retired>
    </org.openmrs.module.metadatasharing.Item>
    <org.openmrs.module.metadatasharing.Item id="260" uuid="b25d1bb8-4864-102e-96e9-000c29c2a5d7">
      <id>3348</id>
      <classname>org.openmrs.ConceptMap</classname>
      <dateChanged id="261">2012-06-21 16:49:52</dateChanged>
    </org.openmrs.module.metadatasharing.Item>
    <org.openmrs.module.metadatasharing.Item id="262" uuid="4c2b354e-a116-384f-956e-91af03a01912">
      <id>3348</id>
      <classname>org.openmrs.ConceptReferenceTerm</classname>
      <dateChanged id="263">2010-11-23 00:00:00</dateChanged>
      <retired>false</retired>
    </org.openmrs.module.metadatasharing.Item>
    <org.openmrs.module.metadatasharing.Item id="264" uuid="0b1e595e-15f5-102d-96e4-000c29c2a5d7">
      <id>4827</id>
      <classname>org.openmrs.ConceptAnswer</classname>
      <dateChanged id="265">2008-06-24 15:12:45</dateChanged>
    </org.openmrs.module.metadatasharing.Item>
    <org.openmrs.module.metadatasharing.Item id="266" uuid="df488243-d1d5-4b50-ae04-40b4ffdcf934">
      <id>3347</id>
      <classname>org.openmrs.Concept</classname>
      <dateChanged id="267">2014-11-13 15:45:35</dateChanged>
      <retired>false</retired>
    </org.openmrs.module.metadatasharing.Item>
    <org.openmrs.module.metadatasharing.Item id="268" uuid="8f5adebd-b8ec-4abb-b6da-b8b4ac371091">
      <id>27046</id>
      <classname>org.openmrs.ConceptName</classname>
      <dateChanged id="269">2014-11-13 15:45:35</dateChanged>
    </org.openmrs.module.metadatasharing.Item>
    <org.openmrs.module.metadatasharing.Item id="270" uuid="388cae77-22a6-48bc-bfbb-17908c8d61c0">
      <id>27047</id>
      <classname>org.openmrs.ConceptName</classname>
      <dateChanged id="271">2014-09-29 20:43:58</dateChanged>
    </org.openmrs.module.metadatasharing.Item>
    <org.openmrs.module.metadatasharing.Item id="272" uuid="0b7feb10-15f5-102d-96e4-000c29c2a5d7">
      <id>6238</id>
      <classname>org.openmrs.ConceptName</classname>
      <dateChanged id="273">2008-06-24 15:12:08</dateChanged>
    </org.openmrs.module.metadatasharing.Item>
    <org.openmrs.module.metadatasharing.Item id="274" uuid="536981db-7436-4edc-9c9d-0eceb1461fda">
      <id>27074</id>
      <classname>org.openmrs.ConceptName</classname>
      <dateChanged id="275">2014-11-13 15:45:35</dateChanged>
    </org.openmrs.module.metadatasharing.Item>
    <org.openmrs.module.metadatasharing.Item id="276" uuid="0b75ec14-15f5-102d-96e4-000c29c2a5d7">
      <id>4697</id>
      <classname>org.openmrs.ConceptName</classname>
      <dateChanged id="277">2008-06-24 15:12:08</dateChanged>
    </org.openmrs.module.metadatasharing.Item>
    <org.openmrs.module.metadatasharing.Item id="278" uuid="f6fe8e56-d5db-102d-ad2a-000c29c2a5d7">
      <id>12858</id>
      <classname>org.openmrs.ConceptName</classname>
      <dateChanged id="279">2014-09-29 20:43:57</dateChanged>
    </org.openmrs.module.metadatasharing.Item>
    <org.openmrs.module.metadatasharing.Item id="280" uuid="ed244d64-07fe-102c-b5fa-0017a47871b2">
      <id>4084</id>
      <classname>org.openmrs.ConceptDescription</classname>
      <dateChanged id="281">2008-06-24 15:12:08</dateChanged>
    </org.openmrs.module.metadatasharing.Item>
    <org.openmrs.module.metadatasharing.Item id="282" uuid="759eda88-4943-102e-96e9-000c29c2a5d7">
      <id>9138</id>
      <classname>org.openmrs.ConceptMap</classname>
      <dateChanged id="283">2012-06-21 16:49:52</dateChanged>
    </org.openmrs.module.metadatasharing.Item>
    <org.openmrs.module.metadatasharing.Item id="284" uuid="1da55ecf-201f-3e07-86bc-6eb374cc073f">
      <id>9138</id>
      <classname>org.openmrs.ConceptReferenceTerm</classname>
      <dateChanged id="285">2010-11-24 00:00:00</dateChanged>
      <retired>false</retired>
    </org.openmrs.module.metadatasharing.Item>
    <org.openmrs.module.metadatasharing.Item id="286" uuid="b25d1d48-4864-102e-96e9-000c29c2a5d7">
      <id>3349</id>
      <classname>org.openmrs.ConceptMap</classname>
      <dateChanged id="287">2012-06-21 16:49:52</dateChanged>
    </org.openmrs.module.metadatasharing.Item>
    <org.openmrs.module.metadatasharing.Item id="288" uuid="128af73e-067e-3fea-a01a-fc5196cd8525">
      <id>3349</id>
      <classname>org.openmrs.ConceptReferenceTerm</classname>
      <dateChanged id="289">2010-11-23 00:00:00</dateChanged>
      <retired>false</retired>
    </org.openmrs.module.metadatasharing.Item>
    <org.openmrs.module.metadatasharing.Item id="290" uuid="0b1e5a30-15f5-102d-96e4-000c29c2a5d7">
      <id>4828</id>
      <classname>org.openmrs.ConceptAnswer</classname>
      <dateChanged id="291">2008-06-24 15:12:45</dateChanged>
    </org.openmrs.module.metadatasharing.Item>
    <org.openmrs.module.metadatasharing.Item id="292" uuid="3cee7fb4-26fe-102b-80cb-0017a47871b2">
      <id>5622</id>
      <classname>org.openmrs.Concept</classname>
      <dateChanged id="293">2014-09-23 23:00:31</dateChanged>
      <retired>false</retired>
    </org.openmrs.module.metadatasharing.Item>
    <org.openmrs.module.metadatasharing.Item id="294" uuid="14a06afe-a240-4d52-8eda-a762857aabe8">
      <id>22361</id>
      <classname>org.openmrs.ConceptName</classname>
      <dateChanged id="295">2013-05-21 21:07:50</dateChanged>
    </org.openmrs.module.metadatasharing.Item>
    <org.openmrs.module.metadatasharing.Item id="296" uuid="f76ebd34-d5db-102d-ad2a-000c29c2a5d7">
      <id>13784</id>
      <classname>org.openmrs.ConceptName</classname>
      <dateChanged id="297">2012-09-21 15:56:40</dateChanged>
    </org.openmrs.module.metadatasharing.Item>
    <org.openmrs.module.metadatasharing.Item id="298" uuid="110860BBBBBBBBBBBBBBBBBBBBBBBBBBBBBB">
      <id>27021</id>
      <classname>org.openmrs.ConceptName</classname>
      <dateChanged id="299">2012-12-17 00:03:55</dateChanged>
    </org.openmrs.module.metadatasharing.Item>
    <org.openmrs.module.metadatasharing.Item id="300" uuid="110113BBBBBBBBBBBBBBBBBBBBBBBBBBBBBB">
      <id>27019</id>
      <classname>org.openmrs.ConceptName</classname>
      <dateChanged id="301">2012-08-10 23:17:27</dateChanged>
    </org.openmrs.module.metadatasharing.Item>
    <org.openmrs.module.metadatasharing.Item id="302" uuid="abc2ce9a-2a12-46b5-9bd7-cee4d9f61b08">
      <id>22519</id>
      <classname>org.openmrs.ConceptName</classname>
      <dateChanged id="303">2013-06-05 14:20:08</dateChanged>
    </org.openmrs.module.metadatasharing.Item>
    <org.openmrs.module.metadatasharing.Item id="304" uuid="ee0467a0-08a5-4a89-be32-911f1338012c">
      <id>17185</id>
      <classname>org.openmrs.ConceptName</classname>
      <dateChanged id="305">2013-06-05 14:20:08</dateChanged>
    </org.openmrs.module.metadatasharing.Item>
    <org.openmrs.module.metadatasharing.Item id="306" uuid="0b6f95da-15f5-102d-96e4-000c29c2a5d7">
      <id>3992</id>
      <classname>org.openmrs.ConceptName</classname>
      <dateChanged id="307">2012-09-21 15:56:40</dateChanged>
    </org.openmrs.module.metadatasharing.Item>
    <org.openmrs.module.metadatasharing.Item id="308" uuid="1724c34c-6f89-4bd0-8bf7-ec83c3ba53fb">
      <id>22518</id>
      <classname>org.openmrs.ConceptName</classname>
      <dateChanged id="309">2013-06-05 14:20:08</dateChanged>
    </org.openmrs.module.metadatasharing.Item>
    <org.openmrs.module.metadatasharing.Item id="310" uuid="af406c44-9ddb-4808-8caa-8361f7f95028">
      <id>17241</id>
      <classname>org.openmrs.ConceptName</classname>
      <dateChanged id="311">2006-06-07 17:27:54</dateChanged>
    </org.openmrs.module.metadatasharing.Item>
    <org.openmrs.module.metadatasharing.Item id="312" uuid="105802BBBBBBBBBBBBBBBBBBBBBBBBBBBBBB">
      <id>27020</id>
      <classname>org.openmrs.ConceptName</classname>
      <dateChanged id="313">2010-05-03 20:52:33</dateChanged>
    </org.openmrs.module.metadatasharing.Item>
    <org.openmrs.module.metadatasharing.Item id="314" uuid="5d856fe2-17fd-497f-b890-461270eef2bd">
      <id>17242</id>
      <classname>org.openmrs.ConceptName</classname>
      <dateChanged id="315">2013-05-21 21:07:50</dateChanged>
    </org.openmrs.module.metadatasharing.Item>
    <org.openmrs.module.metadatasharing.Item id="316" uuid="0b6f94ea-15f5-102d-96e4-000c29c2a5d7">
      <id>3991</id>
      <classname>org.openmrs.ConceptName</classname>
      <dateChanged id="317">2004-08-12 00:00:00</dateChanged>
    </org.openmrs.module.metadatasharing.Item>
    <org.openmrs.module.metadatasharing.Item id="318" uuid="0b40b634-15f5-102d-96e4-000c29c2a5d7">
      <id>3424</id>
      <classname>org.openmrs.ConceptDescription</classname>
      <dateChanged id="319">2012-06-21 18:44:18</dateChanged>
    </org.openmrs.module.metadatasharing.Item>
    <org.openmrs.module.metadatasharing.Item id="320" uuid="ed211c48-07fe-102c-b5fa-0017a47871b2">
      <id>3425</id>
      <classname>org.openmrs.ConceptDescription</classname>
      <dateChanged id="321">2012-01-25 22:19:06</dateChanged>
    </org.openmrs.module.metadatasharing.Item>
    <org.openmrs.module.metadatasharing.Item id="322" uuid="3204a934-0370-102d-b0e3-001ec94a0cc1">
      <id>5859</id>
      <classname>org.openmrs.ConceptDescription</classname>
      <dateChanged id="323">2012-08-10 12:02:26</dateChanged>
    </org.openmrs.module.metadatasharing.Item>
    <org.openmrs.module.metadatasharing.Item id="324" uuid="3204a858-0370-102d-b0e3-001ec94a0cc1">
      <id>5860</id>
      <classname>org.openmrs.ConceptDescription</classname>
      <dateChanged id="325">2012-08-10 12:02:26</dateChanged>
    </org.openmrs.module.metadatasharing.Item>
    <org.openmrs.module.metadatasharing.Item id="326" uuid="2253FFFFFFFFFFFFFFFFFFFFFFFFFFFFFFFF">
      <id>6539</id>
      <classname>org.openmrs.ConceptDescription</classname>
      <dateChanged id="327">2014-09-14 01:47:32</dateChanged>
    </org.openmrs.module.metadatasharing.Item>
    <org.openmrs.module.metadatasharing.Item id="328" uuid="4f37b2ff-7456-4db7-a8de-1d312f586ef2">
      <id>22824</id>
      <classname>org.openmrs.ConceptMap</classname>
      <dateChanged id="329">2014-09-23 22:59:47</dateChanged>
    </org.openmrs.module.metadatasharing.Item>
    <org.openmrs.module.metadatasharing.Item id="330" uuid="8ff418b3-394b-43a6-84dd-933dd2bdc56a">
      <id>22357</id>
      <classname>org.openmrs.ConceptReferenceTerm</classname>
      <dateChanged id="331">2014-09-23 22:57:57</dateChanged>
      <retired>false</retired>
    </org.openmrs.module.metadatasharing.Item>
    <org.openmrs.module.metadatasharing.Item id="332" uuid="13ADDDDDDDDDDDDDDDDDDDDDDDDDDDDDDDDD">
      <id>10</id>
      <classname>org.openmrs.ConceptSource</classname>
      <dateChanged id="333">2010-10-24 17:02:38</dateChanged>
      <retired>false</retired>
    </org.openmrs.module.metadatasharing.Item>
    <org.openmrs.module.metadatasharing.Item id="334" uuid="a567d7c3-7943-41e4-80d5-6090aedcb6b6">
      <id>13665</id>
      <classname>org.openmrs.ConceptMap</classname>
      <dateChanged id="335">2012-06-21 16:49:52</dateChanged>
    </org.openmrs.module.metadatasharing.Item>
    <org.openmrs.module.metadatasharing.Item id="336" uuid="68b6c991-c8b8-3310-9182-8133b938d47a">
      <id>13665</id>
      <classname>org.openmrs.ConceptReferenceTerm</classname>
      <dateChanged id="337">2010-12-01 00:00:00</dateChanged>
      <retired>false</retired>
    </org.openmrs.module.metadatasharing.Item>
    <org.openmrs.module.metadatasharing.Item id="338" uuid="6fb13061-8e19-432e-8678-5aa415cf0320">
      <id>22825</id>
      <classname>org.openmrs.ConceptMap</classname>
      <dateChanged id="339">2014-09-23 22:59:47</dateChanged>
    </org.openmrs.module.metadatasharing.Item>
    <org.openmrs.module.metadatasharing.Item id="340" uuid="353a6fbe-c2c4-4ade-b2bc-13319ac65a93">
      <id>22359</id>
      <classname>org.openmrs.ConceptReferenceTerm</classname>
      <dateChanged id="341">2014-09-23 22:59:24</dateChanged>
      <retired>false</retired>
    </org.openmrs.module.metadatasharing.Item>
    <org.openmrs.module.metadatasharing.Item id="342" uuid="12ADDDDDDDDDDDDDDDDDDDDDDDDDDDDDDDDD">
      <id>24</id>
      <classname>org.openmrs.ConceptSource</classname>
      <dateChanged id="343">2010-10-24 17:02:20</dateChanged>
      <retired>false</retired>
    </org.openmrs.module.metadatasharing.Item>
    <org.openmrs.module.metadatasharing.Item id="344" uuid="b299b5b4-4864-102e-96e9-000c29c2a5d7">
      <id>4693</id>
      <classname>org.openmrs.ConceptMap</classname>
      <dateChanged id="345">2012-06-21 16:49:52</dateChanged>
    </org.openmrs.module.metadatasharing.Item>
    <org.openmrs.module.metadatasharing.Item id="346" uuid="a2b5fae6-22c8-3da7-ab40-afdb28f8b6bd">
      <id>4693</id>
      <classname>org.openmrs.ConceptReferenceTerm</classname>
      <dateChanged id="347">2010-11-23 00:00:00</dateChanged>
      <retired>false</retired>
    </org.openmrs.module.metadatasharing.Item>
    <org.openmrs.module.metadatasharing.Item id="348" uuid="75aa9616-4943-102e-96e9-000c29c2a5d7">
      <id>10382</id>
      <classname>org.openmrs.ConceptMap</classname>
      <dateChanged id="349">2012-06-21 16:49:52</dateChanged>
    </org.openmrs.module.metadatasharing.Item>
    <org.openmrs.module.metadatasharing.Item id="350" uuid="7033a763-c711-3688-aa6c-39669fde989e">
      <id>10382</id>
      <classname>org.openmrs.ConceptReferenceTerm</classname>
      <dateChanged id="351">2010-11-24 00:00:00</dateChanged>
      <retired>false</retired>
    </org.openmrs.module.metadatasharing.Item>
    <org.openmrs.module.metadatasharing.Item id="352" uuid="141670ABBBBBBBBBBBBBBBBBBBBBBBBBBBBB">
      <id>22805</id>
      <classname>org.openmrs.ConceptMap</classname>
      <dateChanged id="353">2011-02-10 21:54:39</dateChanged>
    </org.openmrs.module.metadatasharing.Item>
    <org.openmrs.module.metadatasharing.Item id="354" uuid="cd9bed8e-d47a-38bd-a677-695644801d87">
      <id>22334</id>
      <classname>org.openmrs.ConceptReferenceTerm</classname>
      <dateChanged id="355">2011-02-10 05:00:00</dateChanged>
      <retired>false</retired>
    </org.openmrs.module.metadatasharing.Item>
    <org.openmrs.module.metadatasharing.Item id="356" uuid="14ADDDDDDDDDDDDDDDDDDDDDDDDDDDDDDDDD">
      <id>15</id>
      <classname>org.openmrs.ConceptSource</classname>
      <dateChanged id="357">2010-12-03 18:18:39</dateChanged>
      <retired>false</retired>
    </org.openmrs.module.metadatasharing.Item>
    <org.openmrs.module.metadatasharing.Item id="358" uuid="04ef5e6c-3062-432a-ad7f-0581a6cac76d">
      <id>22826</id>
      <classname>org.openmrs.ConceptMap</classname>
      <dateChanged id="359">2014-09-23 22:59:47</dateChanged>
    </org.openmrs.module.metadatasharing.Item>
    <org.openmrs.module.metadatasharing.Item id="360" uuid="532a6d41-613d-45f3-ad92-f4c1d983ef59">
      <id>22358</id>
      <classname>org.openmrs.ConceptReferenceTerm</classname>
      <dateChanged id="361">2014-09-23 22:58:29</dateChanged>
      <retired>false</retired>
    </org.openmrs.module.metadatasharing.Item>
    <org.openmrs.module.metadatasharing.Item id="362" uuid="21ADDDDDDDDDDDDDDDDDDDDDDDDDDDDDDDDD">
      <id>29</id>
      <classname>org.openmrs.ConceptSource</classname>
      <dateChanged id="363">2013-07-03 19:55:03</dateChanged>
      <retired>false</retired>
    </org.openmrs.module.metadatasharing.Item>
    <org.openmrs.module.metadatasharing.Item id="364" uuid="137766ABBBBBBBBBBBBBBBBBBBBBBBBBBBBB">
      <id>22806</id>
      <classname>org.openmrs.ConceptMap</classname>
      <dateChanged id="365">2011-01-15 18:27:39</dateChanged>
    </org.openmrs.module.metadatasharing.Item>
    <org.openmrs.module.metadatasharing.Item id="366" uuid="43ac5109-7d8c-11e1-909d-c80aa9edcf4e">
      <id>2</id>
      <classname>org.openmrs.ConceptMapType</classname>
      <dateChanged id="367">2012-06-21 00:00:00</dateChanged>
      <retired>false</retired>
    </org.openmrs.module.metadatasharing.Item>
    <org.openmrs.module.metadatasharing.Item id="368" uuid="17744715-bb7d-3022-96d3-2e2144a778d4">
      <id>22335</id>
      <classname>org.openmrs.ConceptReferenceTerm</classname>
      <dateChanged id="369">2011-01-15 05:00:00</dateChanged>
      <retired>false</retired>
    </org.openmrs.module.metadatasharing.Item>
    <org.openmrs.module.metadatasharing.Item id="370" uuid="2ADDDDDDDDDDDDDDDDDDDDDDDDDDDDDDDDDD">
      <id>8</id>
      <classname>org.openmrs.ConceptSource</classname>
      <dateChanged id="371">2010-04-25 11:12:44</dateChanged>
      <retired>false</retired>
    </org.openmrs.module.metadatasharing.Item>
    <org.openmrs.module.metadatasharing.Item id="372" uuid="137878ABBBBBBBBBBBBBBBBBBBBBBBBBBBBB">
      <id>22807</id>
      <classname>org.openmrs.ConceptMap</classname>
      <dateChanged id="373">2011-01-17 20:43:23</dateChanged>
    </org.openmrs.module.metadatasharing.Item>
    <org.openmrs.module.metadatasharing.Item id="374" uuid="a3f0e281-7488-3554-bc11-ef48292a7f26">
      <id>10034</id>
      <classname>org.openmrs.ConceptReferenceTerm</classname>
      <dateChanged id="375">2010-11-24 00:00:00</dateChanged>
      <retired>false</retired>
    </org.openmrs.module.metadatasharing.Item>
    <org.openmrs.module.metadatasharing.Item id="376" uuid="0b20006a-15f5-102d-96e4-000c29c2a5d7">
      <id>5123</id>
      <classname>org.openmrs.ConceptAnswer</classname>
      <dateChanged id="377">2008-09-17 16:05:43</dateChanged>
    </org.openmrs.module.metadatasharing.Item>
    <org.openmrs.module.metadatasharing.Item id="378" uuid="60eca8ce-777b-4556-8ea3-f7fa5a439ab2">
      <id>3628</id>
      <classname>org.openmrs.Concept</classname>
      <dateChanged id="379">2008-09-17 16:05:05</dateChanged>
      <retired>false</retired>
    </org.openmrs.module.metadatasharing.Item>
    <org.openmrs.module.metadatasharing.Item id="380" uuid="f71e3f26-d5db-102d-ad2a-000c29c2a5d7">
      <id>13139</id>
      <classname>org.openmrs.ConceptName</classname>
      <dateChanged id="381">2010-06-29 13:04:48</dateChanged>
    </org.openmrs.module.metadatasharing.Item>
    <org.openmrs.module.metadatasharing.Item id="382" uuid="0b78117e-15f5-102d-96e4-000c29c2a5d7">
      <id>4983</id>
      <classname>org.openmrs.ConceptName</classname>
      <dateChanged id="383">2008-09-17 16:05:05</dateChanged>
    </org.openmrs.module.metadatasharing.Item>
    <org.openmrs.module.metadatasharing.Item id="384" uuid="ed282fec-07fe-102c-b5fa-0017a47871b2">
      <id>4358</id>
      <classname>org.openmrs.ConceptDescription</classname>
      <dateChanged id="385">2008-09-17 16:05:05</dateChanged>
    </org.openmrs.module.metadatasharing.Item>
    <org.openmrs.module.metadatasharing.Item id="386" uuid="75a090d0-4943-102e-96e9-000c29c2a5d7">
      <id>9414</id>
      <classname>org.openmrs.ConceptMap</classname>
      <dateChanged id="387">2012-06-21 16:49:52</dateChanged>
    </org.openmrs.module.metadatasharing.Item>
    <org.openmrs.module.metadatasharing.Item id="388" uuid="28b9b343-6bfd-3b4e-8a65-083f58afb096">
      <id>9414</id>
      <classname>org.openmrs.ConceptReferenceTerm</classname>
      <dateChanged id="389">2010-11-24 00:00:00</dateChanged>
      <retired>false</retired>
    </org.openmrs.module.metadatasharing.Item>
    <org.openmrs.module.metadatasharing.Item id="390" uuid="b25f4aaa-4864-102e-96e9-000c29c2a5d7">
      <id>3630</id>
      <classname>org.openmrs.ConceptMap</classname>
      <dateChanged id="391">2012-06-21 16:49:52</dateChanged>
    </org.openmrs.module.metadatasharing.Item>
    <org.openmrs.module.metadatasharing.Item id="392" uuid="9c54be00-d429-30cd-a214-71d516a364df">
      <id>3630</id>
      <classname>org.openmrs.ConceptReferenceTerm</classname>
      <dateChanged id="393">2010-11-23 00:00:00</dateChanged>
      <retired>false</retired>
    </org.openmrs.module.metadatasharing.Item>
    <org.openmrs.module.metadatasharing.Item id="394" uuid="0b23bda4-15f5-102d-96e4-000c29c2a5d7">
      <id>5508</id>
      <classname>org.openmrs.ConceptAnswer</classname>
      <dateChanged id="395">2009-02-07 18:07:39</dateChanged>
    </org.openmrs.module.metadatasharing.Item>
    <org.openmrs.module.metadatasharing.Item id="396" uuid="94807725-b1cf-437e-b439-c5885440121e">
      <id>6139</id>
      <classname>org.openmrs.Concept</classname>
      <dateChanged id="397">2009-07-09 12:38:31</dateChanged>
      <retired>false</retired>
    </org.openmrs.module.metadatasharing.Item>
    <org.openmrs.module.metadatasharing.Item id="398" uuid="f7824dcc-d5db-102d-ad2a-000c29c2a5d7">
      <id>13928</id>
      <classname>org.openmrs.ConceptName</classname>
      <dateChanged id="399">2010-06-29 13:05:30</dateChanged>
    </org.openmrs.module.metadatasharing.Item>
    <org.openmrs.module.metadatasharing.Item id="400" uuid="beb20dec-9a7c-4e54-ab4c-6ee4d44b7879">
      <id>8425</id>
      <classname>org.openmrs.ConceptName</classname>
      <dateChanged id="401">2009-02-07 18:07:01</dateChanged>
    </org.openmrs.module.metadatasharing.Item>
    <org.openmrs.module.metadatasharing.Item id="402" uuid="b29d5c0a-4864-102e-96e9-000c29c2a5d7">
      <id>5209</id>
      <classname>org.openmrs.ConceptMap</classname>
      <dateChanged id="403">2012-06-21 16:49:52</dateChanged>
    </org.openmrs.module.metadatasharing.Item>
    <org.openmrs.module.metadatasharing.Item id="404" uuid="f5648acd-f0e2-38fc-a917-0403eaa34d07">
      <id>5209</id>
      <classname>org.openmrs.ConceptReferenceTerm</classname>
      <dateChanged id="405">2010-11-23 00:00:00</dateChanged>
      <retired>false</retired>
    </org.openmrs.module.metadatasharing.Item>
    <org.openmrs.module.metadatasharing.Item id="406" uuid="75ad1a44-4943-102e-96e9-000c29c2a5d7">
      <id>10795</id>
      <classname>org.openmrs.ConceptMap</classname>
      <dateChanged id="407">2012-06-21 16:49:52</dateChanged>
    </org.openmrs.module.metadatasharing.Item>
    <org.openmrs.module.metadatasharing.Item id="408" uuid="53a704ba-19ca-34ae-9735-61b33d897f2f">
      <id>10795</id>
      <classname>org.openmrs.ConceptReferenceTerm</classname>
      <dateChanged id="409">2010-11-24 00:00:00</dateChanged>
      <retired>false</retired>
    </org.openmrs.module.metadatasharing.Item>
    <org.openmrs.module.metadatasharing.Item id="410" uuid="ece42496-07fe-102c-b5fa-0017a47871b2">
      <id>1065</id>
      <classname>org.openmrs.ConceptDescription</classname>
      <dateChanged id="411">2011-04-13 16:51:07</dateChanged>
    </org.openmrs.module.metadatasharing.Item>
    <org.openmrs.module.metadatasharing.Item id="412" uuid="b20cff3e-4864-102e-96e9-000c29c2a5d7">
      <id>1056</id>
      <classname>org.openmrs.ConceptMap</classname>
      <dateChanged id="413">2012-06-21 16:49:52</dateChanged>
    </org.openmrs.module.metadatasharing.Item>
    <org.openmrs.module.metadatasharing.Item id="414" uuid="2b2479e8-1caa-3366-a282-e053bcec9e30">
      <id>1056</id>
      <classname>org.openmrs.ConceptReferenceTerm</classname>
      <dateChanged id="415">2010-11-23 00:00:00</dateChanged>
      <retired>false</retired>
    </org.openmrs.module.metadatasharing.Item>
    <org.openmrs.module.metadatasharing.Item id="416" uuid="6b1d3ea7-267d-4077-8b01-522489ca5a22">
      <id>12147</id>
      <classname>org.openmrs.ConceptMap</classname>
      <dateChanged id="417">2012-06-21 16:49:52</dateChanged>
    </org.openmrs.module.metadatasharing.Item>
    <org.openmrs.module.metadatasharing.Item id="418" uuid="ab329df2-9814-3d03-96d0-6e808a9543dc">
      <id>12147</id>
      <classname>org.openmrs.ConceptReferenceTerm</classname>
      <dateChanged id="419">2011-04-13 00:00:00</dateChanged>
      <retired>false</retired>
    </org.openmrs.module.metadatasharing.Item>
  </relatedItems>
</package>
