<?xml version="1.0" encoding="UTF-8"?>
<package id="1" uuid="3563e53f-d909-4e57-b23e-b6b1f32bee61">
  <dateCreated id="2">2014-02-21 21:08:19</dateCreated>
  <name>HUM Hospital Locations</name>
  <description>Locations at Mirebalais Hospital</description>
  <openmrsVersion>1.9.4 SNAPSHOT Build 7297fb</openmrsVersion>
  <version>32</version>
  <groupUuid>32d52080-13fa-413e-a23e-6ff9a23c7a69</groupUuid>
  <modules id="3">
    <entry>
      <string>uilibrary</string>
      <string>2.0.3.1</string>
    </entry>
    <entry>
      <string>reportingcompatibility</string>
      <string>1.5.8</string>
    </entry>
    <entry>
      <string>groovy</string>
      <string>2.2.4</string>
    </entry>
    <entry>
      <string>providermanagement</string>
      <string>2.0</string>
    </entry>
    <entry>
      <string>validation</string>
      <string>1.0.1</string>
    </entry>
    <entry>
      <string>uiframework</string>
      <string>3.1</string>
    </entry>
    <entry>
      <string>htmlformentry</string>
      <string>2.2.1</string>
    </entry>
    <entry>
      <string>htmlformentry19ext</string>
      <string>1.4</string>
    </entry>
    <entry>
      <string>metadatamapping</string>
      <string>1.0.1</string>
    </entry>
    <entry>
      <string>metadatasharing</string>
      <string>1.1.8</string>
    </entry>
    <entry>
      <string>logic</string>
      <string>0.5.2</string>
    </entry>
    <entry>
      <string>serialization.xstream</string>
      <string>0.2.7</string>
    </entry>
  </modules>
  <items class="linked-hash-set" id="4">
    <org.openmrs.module.metadatasharing.Item id="5" uuid="64f01c78-191d-4947-a201-7e0a7f0caf21">
      <id>2</id>
      <classname>org.openmrs.LocationAttributeType</classname>
      <dateChanged id="6">2013-02-18 17:32:50</dateChanged>
      <retired>false</retired>
    </org.openmrs.module.metadatasharing.Item>
    <org.openmrs.module.metadatasharing.Item id="7" uuid="a084f714-a536-473b-94e6-ec317b152b43">
      <id>55</id>
      <classname>org.openmrs.Location</classname>
      <dateChanged id="8">2012-07-16 14:59:16</dateChanged>
      <retired>false</retired>
    </org.openmrs.module.metadatasharing.Item>
    <org.openmrs.module.metadatasharing.Item id="9" uuid="272bd989-a8ee-4a16-b5aa-55bad4e84f5c">
      <id>77</id>
      <classname>org.openmrs.Location</classname>
      <dateChanged id="10">2012-11-13 19:03:36</dateChanged>
      <retired>false</retired>
    </org.openmrs.module.metadatasharing.Item>
    <org.openmrs.module.metadatasharing.Item id="11" uuid="950852f3-8a96-4d82-a5f8-a68a92043164">
      <id>78</id>
      <classname>org.openmrs.Location</classname>
      <dateChanged id="12">2012-11-13 19:04:06</dateChanged>
      <retired>false</retired>
    </org.openmrs.module.metadatasharing.Item>
    <org.openmrs.module.metadatasharing.Item id="13" uuid="8e4e930b-e801-44c5-8895-e7ef6feb6d73">
      <id>68</id>
      <classname>org.openmrs.Location</classname>
      <dateChanged id="14">2012-11-13 19:00:00</dateChanged>
      <retired>false</retired>
    </org.openmrs.module.metadatasharing.Item>
    <org.openmrs.module.metadatasharing.Item id="15" uuid="dcfefcb7-163b-47e5-84ae-f715cf3e0e92">
      <id>80</id>
      <classname>org.openmrs.Location</classname>
      <dateChanged id="16">2012-11-13 19:04:45</dateChanged>
      <retired>false</retired>
    </org.openmrs.module.metadatasharing.Item>
    <org.openmrs.module.metadatasharing.Item id="17" uuid="4ed8c0d3-8aed-4f80-96e8-55648abf51af">
      <id>97</id>
      <classname>org.openmrs.Location</classname>
      <dateChanged id="18">2013-11-27 00:15:18</dateChanged>
      <retired>false</retired>
    </org.openmrs.module.metadatasharing.Item>
    <org.openmrs.module.metadatasharing.Item id="19" uuid="7d6cc39d-a600-496f-a320-fd4985f07f0b">
      <id>73</id>
      <classname>org.openmrs.Location</classname>
      <dateChanged id="20">2012-11-13 19:02:01</dateChanged>
      <retired>false</retired>
    </org.openmrs.module.metadatasharing.Item>
    <org.openmrs.module.metadatasharing.Item id="21" uuid="4f2d9af1-7eec-4228-bbd6-7b0774c6c267">
      <id>65</id>
      <classname>org.openmrs.Location</classname>
      <dateChanged id="22">2012-11-13 15:14:40</dateChanged>
      <retired>false</retired>
    </org.openmrs.module.metadatasharing.Item>
    <org.openmrs.module.metadatasharing.Item id="23" uuid="53cd4959-5f4d-4ddc-9971-7fc27e0b7946">
      <id>83</id>
      <classname>org.openmrs.Location</classname>
      <dateChanged id="24">2012-11-13 19:05:53</dateChanged>
      <retired>false</retired>
    </org.openmrs.module.metadatasharing.Item>
    <org.openmrs.module.metadatasharing.Item id="25" uuid="109a13a9-029d-498d-b66e-bab5eb396996">
      <id>74</id>
      <classname>org.openmrs.Location</classname>
      <dateChanged id="26">2012-11-13 19:02:22</dateChanged>
      <retired>false</retired>
    </org.openmrs.module.metadatasharing.Item>
    <org.openmrs.module.metadatasharing.Item id="27" uuid="b6fcd85f-5995-43c9-875f-3bb2299087ff">
      <id>72</id>
      <classname>org.openmrs.Location</classname>
      <dateChanged id="28">2012-11-13 19:01:37</dateChanged>
      <retired>false</retired>
    </org.openmrs.module.metadatasharing.Item>
    <org.openmrs.module.metadatasharing.Item id="29" uuid="dc8413be-1075-48b5-9857-9bd4954686ed">
      <id>92</id>
      <classname>org.openmrs.Location</classname>
      <dateChanged id="30">2013-07-24 13:36:44</dateChanged>
      <retired>false</retired>
    </org.openmrs.module.metadatasharing.Item>
    <org.openmrs.module.metadatasharing.Item id="31" uuid="5fd9a9b6-a9af-47be-b5d8-f2d4239dfdc1">
      <id>98</id>
      <classname>org.openmrs.Location</classname>
      <dateChanged id="32">2014-01-16 23:37:44</dateChanged>
      <retired>false</retired>
    </org.openmrs.module.metadatasharing.Item>
    <org.openmrs.module.metadatasharing.Item id="33" uuid="09af1ef5-d664-4c1f-a9e3-9c8d69bd77c4">
      <id>99</id>
      <classname>org.openmrs.Location</classname>
      <dateChanged id="34">2014-01-30 19:54:00</dateChanged>
      <retired>false</retired>
    </org.openmrs.module.metadatasharing.Item>
    <org.openmrs.module.metadatasharing.Item id="35" uuid="79892ece-79f1-4674-abb5-a52c1898c762">
      <id>95</id>
      <classname>org.openmrs.Location</classname>
      <dateChanged id="36">2013-09-19 18:27:59</dateChanged>
      <retired>false</retired>
    </org.openmrs.module.metadatasharing.Item>
    <org.openmrs.module.metadatasharing.Item id="37" uuid="dce85b2e-6946-4798-9037-d00f123df7bd">
      <id>64</id>
      <classname>org.openmrs.Location</classname>
      <dateChanged id="38">2012-11-13 14:14:25</dateChanged>
      <retired>false</retired>
    </org.openmrs.module.metadatasharing.Item>
    <org.openmrs.module.metadatasharing.Item id="39" uuid="ec9d2302-b525-45ce-bebe-42ea1d38b251">
      <id>79</id>
      <classname>org.openmrs.Location</classname>
      <dateChanged id="40">2012-11-13 19:04:27</dateChanged>
      <retired>false</retired>
    </org.openmrs.module.metadatasharing.Item>
    <org.openmrs.module.metadatasharing.Item id="41" uuid="29437276-aeae-4ea8-8219-720886cdc87f">
      <id>82</id>
      <classname>org.openmrs.Location</classname>
      <dateChanged id="42">2012-11-13 19:05:26</dateChanged>
      <retired>false</retired>
    </org.openmrs.module.metadatasharing.Item>
    <org.openmrs.module.metadatasharing.Item id="43" uuid="787a2422-a7a2-400e-bdbb-5c54b2691af5">
      <id>87</id>
      <classname>org.openmrs.Location</classname>
      <dateChanged id="44">2013-03-03 23:20:51</dateChanged>
      <retired>false</retired>
    </org.openmrs.module.metadatasharing.Item>
    <org.openmrs.module.metadatasharing.Item id="45" uuid="195d0af1-3887-4a28-a542-b832099fe3ee">
      <id>69</id>
      <classname>org.openmrs.Location</classname>
      <dateChanged id="46">2012-11-13 19:00:21</dateChanged>
      <retired>false</retired>
    </org.openmrs.module.metadatasharing.Item>
    <org.openmrs.module.metadatasharing.Item id="47" uuid="9b2066a2-7087-47f6-9b3a-b001037432a3">
      <id>62</id>
      <classname>org.openmrs.Location</classname>
      <dateChanged id="48">2012-09-24 17:08:58</dateChanged>
      <retired>false</retired>
    </org.openmrs.module.metadatasharing.Item>
    <org.openmrs.module.metadatasharing.Item id="49" uuid="de8892ff-e755-4ef0-ae0a-c27d2c1e6a74">
      <id>96</id>
      <classname>org.openmrs.Location</classname>
      <dateChanged id="50">2013-09-19 20:11:53</dateChanged>
      <retired>false</retired>
    </org.openmrs.module.metadatasharing.Item>
    <org.openmrs.module.metadatasharing.Item id="51" uuid="c9ab4c5c-0a8a-4375-b986-f23c163b2f69">
      <id>90</id>
      <classname>org.openmrs.Location</classname>
      <dateChanged id="52">2013-05-16 13:14:54</dateChanged>
      <retired>false</retired>
    </org.openmrs.module.metadatasharing.Item>
    <org.openmrs.module.metadatasharing.Item id="53" uuid="e5db0599-89e8-44fa-bfa2-07e47d63546f">
      <id>89</id>
      <classname>org.openmrs.Location</classname>
      <dateChanged id="54">2013-05-16 13:12:35</dateChanged>
      <retired>false</retired>
    </org.openmrs.module.metadatasharing.Item>
    <org.openmrs.module.metadatasharing.Item id="55" uuid="23e7bb0d-51f9-4d5f-b34b-2fbbfeea1960">
      <id>57</id>
      <classname>org.openmrs.Location</classname>
      <dateChanged id="56">2012-01-24 14:53:28</dateChanged>
      <retired>false</retired>
    </org.openmrs.module.metadatasharing.Item>
    <org.openmrs.module.metadatasharing.Item id="57" uuid="3b6f010b-5d44-4ded-85b3-70ea7ba79fd5">
      <id>66</id>
      <classname>org.openmrs.Location</classname>
      <dateChanged id="58">2012-11-13 18:54:56</dateChanged>
      <retired>false</retired>
    </org.openmrs.module.metadatasharing.Item>
    <org.openmrs.module.metadatasharing.Item id="59" uuid="cfe92278-0181-4315-ab7d-1731753120f0">
      <id>85</id>
      <classname>org.openmrs.Location</classname>
      <dateChanged id="60">2012-11-13 19:14:22</dateChanged>
      <retired>false</retired>
    </org.openmrs.module.metadatasharing.Item>
    <org.openmrs.module.metadatasharing.Item id="61" uuid="41736d90-12f9-4c16-b5a1-5af170b7bf2a">
      <id>75</id>
      <classname>org.openmrs.Location</classname>
      <dateChanged id="62">2012-11-13 19:02:50</dateChanged>
      <retired>false</retired>
    </org.openmrs.module.metadatasharing.Item>
    <org.openmrs.module.metadatasharing.Item id="63" uuid="a296d225-0312-4ce5-836c-cb2d8e952f47">
      <id>67</id>
      <classname>org.openmrs.Location</classname>
      <dateChanged id="64">2012-11-13 18:56:58</dateChanged>
      <retired>false</retired>
    </org.openmrs.module.metadatasharing.Item>
    <org.openmrs.module.metadatasharing.Item id="65" uuid="f3a5586e-f06c-4dfb-96b0-6f3451a35e90">
      <id>63</id>
      <classname>org.openmrs.Location</classname>
      <dateChanged id="66">2012-09-24 17:10:31</dateChanged>
      <retired>false</retired>
    </org.openmrs.module.metadatasharing.Item>
    <org.openmrs.module.metadatasharing.Item id="67" uuid="2c93919d-7fc6-406d-a057-c0b640104790">
      <id>88</id>
      <classname>org.openmrs.Location</classname>
      <dateChanged id="68">2013-05-16 13:09:31</dateChanged>
      <retired>false</retired>
    </org.openmrs.module.metadatasharing.Item>
    <org.openmrs.module.metadatasharing.Item id="69" uuid="199e7d87-92a0-4398-a0f8-11d012178164">
      <id>61</id>
      <classname>org.openmrs.Location</classname>
      <dateChanged id="70">2012-09-24 17:07:04</dateChanged>
      <retired>false</retired>
    </org.openmrs.module.metadatasharing.Item>
    <org.openmrs.module.metadatasharing.Item id="71" uuid="62a9500e-a1a5-4235-844f-3a8cc0765d53">
      <id>76</id>
      <classname>org.openmrs.Location</classname>
      <dateChanged id="72">2012-11-13 19:03:14</dateChanged>
      <retired>false</retired>
    </org.openmrs.module.metadatasharing.Item>
    <org.openmrs.module.metadatasharing.Item id="73" uuid="d65eb8cf-d781-4ea8-9d9a-2b3e03c6074c">
      <id>81</id>
      <classname>org.openmrs.Location</classname>
      <dateChanged id="74">2012-11-13 19:05:07</dateChanged>
      <retired>false</retired>
    </org.openmrs.module.metadatasharing.Item>
    <org.openmrs.module.metadatasharing.Item id="75" uuid="e4ae2d28-d57c-42ba-b7aa-f6fcac421b2c">
      <id>70</id>
      <classname>org.openmrs.Location</classname>
      <dateChanged id="76">2012-11-13 19:00:46</dateChanged>
      <retired>false</retired>
    </org.openmrs.module.metadatasharing.Item>
    <org.openmrs.module.metadatasharing.Item id="77" uuid="e752ec51-5633-489f-aef1-01f285c03f38">
      <id>71</id>
      <classname>org.openmrs.Location</classname>
      <dateChanged id="78">2012-11-13 19:01:13</dateChanged>
      <retired>false</retired>
    </org.openmrs.module.metadatasharing.Item>
    <org.openmrs.module.metadatasharing.Item id="79" uuid="afa09010-43b6-4f19-89e0-58d09941bcbd">
      <id>91</id>
      <classname>org.openmrs.Location</classname>
      <dateChanged id="80">2013-05-16 13:23:44</dateChanged>
      <retired>false</retired>
    </org.openmrs.module.metadatasharing.Item>
    <org.openmrs.module.metadatasharing.Item id="81" uuid="0198d2c3-9c08-45b6-88df-cbb60446ef00">
      <id>84</id>
      <classname>org.openmrs.Location</classname>
      <dateChanged id="82">2012-11-13 19:06:18</dateChanged>
      <retired>false</retired>
    </org.openmrs.module.metadatasharing.Item>
    <org.openmrs.module.metadatasharing.Item id="83" uuid="c42b7bc3-b34d-4b8f-9796-09208f9dfd72">
      <id>9</id>
      <classname>org.openmrs.LocationTag</classname>
      <dateChanged id="84">2013-11-08 16:59:49</dateChanged>
      <retired>false</retired>
    </org.openmrs.module.metadatasharing.Item>
    <org.openmrs.module.metadatasharing.Item id="85" uuid="0967d73d-f3c9-492b-abed-356478610a94">
      <id>2</id>
      <classname>org.openmrs.LocationTag</classname>
      <dateChanged id="86">2012-10-23 16:13:45</dateChanged>
      <retired>false</retired>
    </org.openmrs.module.metadatasharing.Item>
    <org.openmrs.module.metadatasharing.Item id="87" uuid="f5b9737b-14d5-402b-8475-dd558808e172">
      <id>4</id>
      <classname>org.openmrs.LocationTag</classname>
      <dateChanged id="88">2013-08-14 14:07:13</dateChanged>
      <retired>true</retired>
    </org.openmrs.module.metadatasharing.Item>
    <org.openmrs.module.metadatasharing.Item id="89" uuid="b8bbf83e-645f-451f-8efe-a0db56f09676">
      <id>3</id>
      <classname>org.openmrs.LocationTag</classname>
      <dateChanged id="90">2012-11-03 21:39:44</dateChanged>
      <retired>false</retired>
    </org.openmrs.module.metadatasharing.Item>
    <org.openmrs.module.metadatasharing.Item id="91" uuid="9783aba6-df7b-4969-be6e-1e03e7a08965">
      <id>5</id>
      <classname>org.openmrs.LocationTag</classname>
      <dateChanged id="92">2013-05-28 17:37:05</dateChanged>
      <retired>false</retired>
    </org.openmrs.module.metadatasharing.Item>
    <org.openmrs.module.metadatasharing.Item id="93" uuid="71c99f93-bc0c-4a44-b573-a7ac096ff636">
      <id>1</id>
      <classname>org.openmrs.LocationTag</classname>
      <dateChanged id="94">2012-10-09 19:01:33</dateChanged>
      <retired>false</retired>
    </org.openmrs.module.metadatasharing.Item>
  </items>
  <relatedItems class="linked-hash-set" id="95">
    <org.openmrs.module.metadatasharing.Item id="96" uuid="19cddbbe-fe82-448f-b2ab-95c4b73bc6f5">
      <id>1</id>
      <classname>org.openmrs.LocationAttribute</classname>
      <dateChanged id="97">2012-12-07 20:46:44</dateChanged>
    </org.openmrs.module.metadatasharing.Item>
    <org.openmrs.module.metadatasharing.Item id="98" uuid="a5fb5770-409a-11e2-a25f-0800200c9a66">
      <id>1</id>
      <classname>org.openmrs.LocationAttributeType</classname>
      <dateChanged id="99">2012-12-07 15:22:34</dateChanged>
      <retired>false</retired>
    </org.openmrs.module.metadatasharing.Item>
    <org.openmrs.module.metadatasharing.Item id="100" uuid="be50d584-26b2-4371-8768-2b9565742b3b">
      <id>86</id>
      <classname>org.openmrs.Location</classname>
      <dateChanged id="101">2013-01-10 18:18:04</dateChanged>
      <retired>false</retired>
    </org.openmrs.module.metadatasharing.Item>
    <org.openmrs.module.metadatasharing.Item id="102" uuid="2705ac66-949e-461a-8f73-ea087ea28bb0">
      <id>3</id>
      <classname>org.openmrs.LocationAttribute</classname>
      <dateChanged id="103">2013-02-18 17:10:52</dateChanged>
    </org.openmrs.module.metadatasharing.Item>
    <org.openmrs.module.metadatasharing.Item id="104" uuid="8355ad15-c3c9-4471-a1e7-dc18b7983087">
      <id>93</id>
      <classname>org.openmrs.Location</classname>
      <dateChanged id="105">2013-08-09 14:15:27</dateChanged>
      <retired>false</retired>
    </org.openmrs.module.metadatasharing.Item>
    <org.openmrs.module.metadatasharing.Item id="106" uuid="f170427f-8cc7-421e-bd52-350c3580ea90">
      <id>34</id>
      <classname>org.openmrs.LocationAttribute</classname>
      <dateChanged id="107">2013-11-27 00:20:48</dateChanged>
    </org.openmrs.module.metadatasharing.Item>
    <org.openmrs.module.metadatasharing.Item id="108" uuid="459c97ba-8d90-485d-8993-9540c55166f6">
      <id>94</id>
      <classname>org.openmrs.Location</classname>
      <dateChanged id="109">2013-08-14 14:07:13</dateChanged>
      <retired>true</retired>
    </org.openmrs.module.metadatasharing.Item>
    <org.openmrs.module.metadatasharing.Item id="110" uuid="57f66e57-ddbf-41dd-b72b-734feb9cfc10">
      <id>2</id>
      <classname>org.openmrs.LocationAttribute</classname>
      <dateChanged id="111">2013-02-18 17:10:13</dateChanged>
    </org.openmrs.module.metadatasharing.Item>
    <org.openmrs.module.metadatasharing.Item id="112" uuid="dea8febf-0bbe-4111-8152-a9cf7df622b6">
      <id>6</id>
      <classname>org.openmrs.LocationTag</classname>
      <dateChanged id="113">2013-10-30 18:31:02</dateChanged>
      <retired>false</retired>
    </org.openmrs.module.metadatasharing.Item>
    <org.openmrs.module.metadatasharing.Item id="114" uuid="a01858fe-2f18-418d-8b4b-5d3f926efc4f">
      <id>19</id>
      <classname>org.openmrs.LocationAttribute</classname>
      <dateChanged id="115">2013-02-18 17:16:35</dateChanged>
    </org.openmrs.module.metadatasharing.Item>
    <org.openmrs.module.metadatasharing.Item id="116" uuid="8ce9abcb-b0d9-4897-bc65-d8d2d3362b67">
      <id>8</id>
      <classname>org.openmrs.LocationTag</classname>
      <dateChanged id="117">2013-10-30 18:32:13</dateChanged>
      <retired>false</retired>
    </org.openmrs.module.metadatasharing.Item>
    <org.openmrs.module.metadatasharing.Item id="118" uuid="4c7fe8b5-e965-4cd1-9021-dfa994c16838">
      <id>24</id>
      <classname>org.openmrs.LocationAttribute</classname>
      <dateChanged id="119">2013-02-18 17:18:10</dateChanged>
    </org.openmrs.module.metadatasharing.Item>
    <org.openmrs.module.metadatasharing.Item id="120" uuid="54750c8b-d979-4d3b-bd1d-57830009e064">
      <id>9</id>
      <classname>org.openmrs.LocationAttribute</classname>
      <dateChanged id="121">2013-02-18 17:13:09</dateChanged>
    </org.openmrs.module.metadatasharing.Item>
    <org.openmrs.module.metadatasharing.Item id="122" uuid="90307894-ec4a-4dad-bb00-d44f633e6e18">
      <id>37</id>
      <classname>org.openmrs.LocationAttribute</classname>
      <dateChanged id="123">2013-11-27 00:21:17</dateChanged>
    </org.openmrs.module.metadatasharing.Item>
    <org.openmrs.module.metadatasharing.Item id="124" uuid="162c86a7-5918-4311-ae98-25708541e97f">
      <id>22</id>
      <classname>org.openmrs.LocationAttribute</classname>
      <dateChanged id="125">2013-02-18 17:17:29</dateChanged>
    </org.openmrs.module.metadatasharing.Item>
    <org.openmrs.module.metadatasharing.Item id="126" uuid="41fec28b-dd0c-4011-be67-9ebca234ebfd">
      <id>5</id>
      <classname>org.openmrs.LocationAttribute</classname>
      <dateChanged id="127">2013-02-18 17:12:01</dateChanged>
    </org.openmrs.module.metadatasharing.Item>
    <org.openmrs.module.metadatasharing.Item id="128" uuid="f3d2b863-4524-40a1-8908-6646255e2e32">
      <id>10</id>
      <classname>org.openmrs.LocationAttribute</classname>
      <dateChanged id="129">2013-02-18 17:13:39</dateChanged>
    </org.openmrs.module.metadatasharing.Item>
    <org.openmrs.module.metadatasharing.Item id="130" uuid="01b1db36-bf5b-450e-a53d-a5ac6c50b5b2">
      <id>20</id>
      <classname>org.openmrs.LocationAttribute</classname>
      <dateChanged id="131">2013-02-18 17:16:52</dateChanged>
    </org.openmrs.module.metadatasharing.Item>
    <org.openmrs.module.metadatasharing.Item id="132" uuid="8b13c4c2-8c44-4faa-b385-2734594a8d44">
      <id>7</id>
      <classname>org.openmrs.LocationAttribute</classname>
      <dateChanged id="133">2013-02-18 17:12:33</dateChanged>
    </org.openmrs.module.metadatasharing.Item>
    <org.openmrs.module.metadatasharing.Item id="134" uuid="7df84969-3685-4894-84aa-17b58ad93a94">
      <id>42</id>
      <classname>org.openmrs.LocationAttribute</classname>
      <dateChanged id="135">2013-11-27 00:29:26</dateChanged>
    </org.openmrs.module.metadatasharing.Item>
    <org.openmrs.module.metadatasharing.Item id="136" uuid="8c20c565-d8b0-4345-9e32-22c58e6b8100">
      <id>33</id>
      <classname>org.openmrs.LocationAttribute</classname>
      <dateChanged id="137">2013-11-27 00:29:26</dateChanged>
    </org.openmrs.module.metadatasharing.Item>
    <org.openmrs.module.metadatasharing.Item id="138" uuid="0b2d83a4-7c45-417e-a08c-1e46dea54c73">
      <id>43</id>
      <classname>org.openmrs.LocationAttribute</classname>
      <dateChanged id="139">2014-01-16 23:43:06</dateChanged>
    </org.openmrs.module.metadatasharing.Item>
    <org.openmrs.module.metadatasharing.Item id="140" uuid="96af5ad1-c2c5-4cf4-9333-26f0c1f2e75b">
      <id>35</id>
      <classname>org.openmrs.LocationAttribute</classname>
      <dateChanged id="141">2013-11-27 00:21:00</dateChanged>
    </org.openmrs.module.metadatasharing.Item>
    <org.openmrs.module.metadatasharing.Item id="142" uuid="0b70293d-0995-404c-924c-e4f54d6860b5">
      <id>4</id>
      <classname>org.openmrs.LocationAttribute</classname>
      <dateChanged id="143">2013-02-18 17:11:46</dateChanged>
    </org.openmrs.module.metadatasharing.Item>
    <org.openmrs.module.metadatasharing.Item id="144" uuid="afa2909f-2b68-4923-9c29-07e8d37a99a1">
      <id>18</id>
      <classname>org.openmrs.LocationAttribute</classname>
      <dateChanged id="145">2013-02-18 17:16:19</dateChanged>
    </org.openmrs.module.metadatasharing.Item>
    <org.openmrs.module.metadatasharing.Item id="146" uuid="1f07a471-cd35-429d-a82b-7bff40650216">
      <id>8</id>
      <classname>org.openmrs.LocationAttribute</classname>
      <dateChanged id="147">2013-02-18 17:12:50</dateChanged>
    </org.openmrs.module.metadatasharing.Item>
    <org.openmrs.module.metadatasharing.Item id="148" uuid="58b76638-90b2-4e23-b0d9-b63f11c49e79">
      <id>28</id>
      <classname>org.openmrs.LocationAttribute</classname>
      <dateChanged id="149">2013-03-03 23:22:40</dateChanged>
    </org.openmrs.module.metadatasharing.Item>
    <org.openmrs.module.metadatasharing.Item id="150" uuid="bdae8ec9-3ed0-4b93-a38b-0c61674aae8a">
      <id>25</id>
      <classname>org.openmrs.LocationAttribute</classname>
      <dateChanged id="151">2013-02-18 17:18:19</dateChanged>
    </org.openmrs.module.metadatasharing.Item>
    <org.openmrs.module.metadatasharing.Item id="152" uuid="703614f6-c941-4ec1-a639-65e308762034">
      <id>23</id>
      <classname>org.openmrs.LocationAttribute</classname>
      <dateChanged id="153">2013-02-18 17:17:47</dateChanged>
    </org.openmrs.module.metadatasharing.Item>
    <org.openmrs.module.metadatasharing.Item id="154" uuid="d3906d5e-6b4e-4c2b-b19a-26e247d89209">
      <id>36</id>
      <classname>org.openmrs.LocationAttribute</classname>
      <dateChanged id="155">2013-11-27 00:21:09</dateChanged>
    </org.openmrs.module.metadatasharing.Item>
    <org.openmrs.module.metadatasharing.Item id="156" uuid="ebaa5b54-7405-4c99-a877-afdb8e199df4">
      <id>41</id>
      <classname>org.openmrs.LocationAttribute</classname>
      <dateChanged id="157">2013-11-27 00:29:09</dateChanged>
    </org.openmrs.module.metadatasharing.Item>
    <org.openmrs.module.metadatasharing.Item id="158" uuid="1fcb462b-ef11-4ca5-9692-0b6fc1aae2cc">
      <id>32</id>
      <classname>org.openmrs.LocationAttribute</classname>
      <dateChanged id="159">2013-11-27 00:29:09</dateChanged>
    </org.openmrs.module.metadatasharing.Item>
    <org.openmrs.module.metadatasharing.Item id="160" uuid="27f73024-9317-4b37-bc79-82ccad31fced">
      <id>40</id>
      <classname>org.openmrs.LocationAttribute</classname>
      <dateChanged id="161">2013-11-27 00:28:13</dateChanged>
    </org.openmrs.module.metadatasharing.Item>
    <org.openmrs.module.metadatasharing.Item id="162" uuid="8b382e74-5f8d-4792-8dbc-7957c20aa88c">
      <id>31</id>
      <classname>org.openmrs.LocationAttribute</classname>
      <dateChanged id="163">2013-11-27 00:28:13</dateChanged>
    </org.openmrs.module.metadatasharing.Item>
    <org.openmrs.module.metadatasharing.Item id="164" uuid="3d2220a6-2ed2-4f9d-a856-67f79ae9b1c9">
      <id>11</id>
      <classname>org.openmrs.LocationAttribute</classname>
      <dateChanged id="165">2013-02-18 17:13:59</dateChanged>
    </org.openmrs.module.metadatasharing.Item>
    <org.openmrs.module.metadatasharing.Item id="166" uuid="d8be457b-c418-4581-8673-50ca20d2ba42">
      <id>21</id>
      <classname>org.openmrs.LocationAttribute</classname>
      <dateChanged id="167">2013-02-18 17:17:12</dateChanged>
    </org.openmrs.module.metadatasharing.Item>
    <org.openmrs.module.metadatasharing.Item id="168" uuid="d08b49d0-be14-49bb-9319-02f4125834c8">
      <id>14</id>
      <classname>org.openmrs.LocationAttribute</classname>
      <dateChanged id="169">2013-02-18 17:14:56</dateChanged>
    </org.openmrs.module.metadatasharing.Item>
    <org.openmrs.module.metadatasharing.Item id="170" uuid="ec2b429b-6c73-4863-bd89-a6501d58d540">
      <id>12</id>
      <classname>org.openmrs.LocationAttribute</classname>
      <dateChanged id="171">2013-02-18 17:14:06</dateChanged>
    </org.openmrs.module.metadatasharing.Item>
    <org.openmrs.module.metadatasharing.Item id="172" uuid="82c82a3d-5153-4eaf-9ad5-154eeffe0f1b">
      <id>6</id>
      <classname>org.openmrs.LocationAttribute</classname>
      <dateChanged id="173">2013-02-18 17:12:17</dateChanged>
    </org.openmrs.module.metadatasharing.Item>
    <org.openmrs.module.metadatasharing.Item id="174" uuid="fe742fba-840a-4155-bfc4-a5b35ac1bb03">
      <id>7</id>
      <classname>org.openmrs.LocationTag</classname>
      <dateChanged id="175">2013-10-30 18:31:44</dateChanged>
      <retired>false</retired>
    </org.openmrs.module.metadatasharing.Item>
    <org.openmrs.module.metadatasharing.Item id="176" uuid="848120b5-a8ed-453d-b17c-3a1532f87e71">
      <id>39</id>
      <classname>org.openmrs.LocationAttribute</classname>
      <dateChanged id="177">2013-11-27 00:27:56</dateChanged>
    </org.openmrs.module.metadatasharing.Item>
    <org.openmrs.module.metadatasharing.Item id="178" uuid="9d6d04ad-35d9-4480-8989-3f1c4bdc7814">
      <id>30</id>
      <classname>org.openmrs.LocationAttribute</classname>
      <dateChanged id="179">2013-11-27 00:27:56</dateChanged>
    </org.openmrs.module.metadatasharing.Item>
    <org.openmrs.module.metadatasharing.Item id="180" uuid="350badbe-82a1-42f6-81a3-e2f7aaec5d1e">
      <id>15</id>
      <classname>org.openmrs.LocationAttribute</classname>
      <dateChanged id="181">2013-02-18 17:15:21</dateChanged>
    </org.openmrs.module.metadatasharing.Item>
    <org.openmrs.module.metadatasharing.Item id="182" uuid="f8eba8dc-8939-4c5e-a39b-110d833b86e6">
      <id>13</id>
      <classname>org.openmrs.LocationAttribute</classname>
      <dateChanged id="183">2013-02-18 17:14:41</dateChanged>
    </org.openmrs.module.metadatasharing.Item>
    <org.openmrs.module.metadatasharing.Item id="184" uuid="157c7f05-fa41-4ccb-a6cb-599d8c731aee">
      <id>27</id>
      <classname>org.openmrs.LocationAttribute</classname>
      <dateChanged id="185">2013-02-18 17:18:41</dateChanged>
    </org.openmrs.module.metadatasharing.Item>
    <org.openmrs.module.metadatasharing.Item id="186" uuid="d5827677-9adf-48b2-b6fa-e769af037873">
      <id>16</id>
      <classname>org.openmrs.LocationAttribute</classname>
      <dateChanged id="187">2013-02-18 17:15:36</dateChanged>
    </org.openmrs.module.metadatasharing.Item>
    <org.openmrs.module.metadatasharing.Item id="188" uuid="24f2c381-2aa9-44cf-aeca-165d7d0196e8">
      <id>17</id>
      <classname>org.openmrs.LocationAttribute</classname>
      <dateChanged id="189">2013-02-18 17:15:51</dateChanged>
    </org.openmrs.module.metadatasharing.Item>
    <org.openmrs.module.metadatasharing.Item id="190" uuid="709ee7f1-5d3d-493d-a931-6fca9a49b7ff">
      <id>38</id>
      <classname>org.openmrs.LocationAttribute</classname>
      <dateChanged id="191">2013-11-27 00:27:40</dateChanged>
    </org.openmrs.module.metadatasharing.Item>
    <org.openmrs.module.metadatasharing.Item id="192" uuid="9c165e85-9da2-47c3-99e6-95fad19ebaa4">
      <id>29</id>
      <classname>org.openmrs.LocationAttribute</classname>
      <dateChanged id="193">2013-11-27 00:27:40</dateChanged>
    </org.openmrs.module.metadatasharing.Item>
    <org.openmrs.module.metadatasharing.Item id="194" uuid="5d82d626-27a4-42f8-898c-236426810e40">
      <id>26</id>
      <classname>org.openmrs.LocationAttribute</classname>
      <dateChanged id="195">2013-02-18 17:18:32</dateChanged>
    </org.openmrs.module.metadatasharing.Item>
  </relatedItems>
  <incrementalVersion>false</incrementalVersion>
</package>
