<?xml version="1.0" encoding="UTF-8"?>
<package id="1" uuid="6f587b62-a159-4edf-912d-69f29ca9e445">
  <dateCreated id="2">2013-10-21 16:43:36</dateCreated>
  <name>HUM Dispensing Concepts</name>
  <description>Concepts related to dispensing medications at HUM</description>
  <openmrsVersion>1.9.4 SNAPSHOT Build 7297fb</openmrsVersion>
  <version>11</version>
  <groupUuid>c14e1736-c133-42b7-b421-cfe8cdefcbcb</groupUuid>
  <modules id="3">
    <entry>
      <string>uilibrary</string>
      <string>2.0.3.1</string>
    </entry>
    <entry>
      <string>reportingcompatibility</string>
      <string>1.5.4.1</string>
    </entry>
    <entry>
      <string>groovy</string>
      <string>2.2.1</string>
    </entry>
    <entry>
      <string>providermanagement</string>
      <string>1.1.1</string>
    </entry>
    <entry>
      <string>uiframework</string>
      <string>2.4</string>
    </entry>
    <entry>
      <string>validation</string>
      <string>1.0.1</string>
    </entry>
    <entry>
      <string>htmlformentry</string>
      <string>2.1-SNAPSHOT</string>
    </entry>
    <entry>
      <string>htmlformentry19ext</string>
      <string>1.0</string>
    </entry>
    <entry>
      <string>metadatamapping</string>
      <string>1.0.1</string>
    </entry>
    <entry>
      <string>metadatasharing</string>
      <string>1.1.7.1</string>
    </entry>
    <entry>
      <string>logic</string>
      <string>0.5.2</string>
    </entry>
    <entry>
      <string>serialization.xstream</string>
      <string>0.2.7</string>
    </entry>
  </modules>
  <items class="linked-hash-set" id="4">
    <org.openmrs.module.metadatasharing.Item id="5" uuid="277f42cd-6fba-470d-93bc-542c64faaee4">
      <id>9293</id>
      <classname>org.openmrs.Concept</classname>
      <dateChanged id="6">2013-10-16 20:11:23</dateChanged>
      <retired>false</retired>
    </org.openmrs.module.metadatasharing.Item>
    <org.openmrs.module.metadatasharing.Item id="7" uuid="cef4a703-8521-4c2d-9932-d1429a57e684">
      <id>9070</id>
      <classname>org.openmrs.Concept</classname>
      <dateChanged id="8">2013-10-21 16:43:14</dateChanged>
      <retired>false</retired>
    </org.openmrs.module.metadatasharing.Item>
    <org.openmrs.module.metadatasharing.Item id="9" uuid="563924d9-9b4b-488e-bf1a-d71fad45f7c9">
      <id>9292</id>
      <classname>org.openmrs.Concept</classname>
      <dateChanged id="10">2013-10-16 20:08:13</dateChanged>
      <retired>false</retired>
    </org.openmrs.module.metadatasharing.Item>
  </items>
  <relatedItems class="linked-hash-set" id="11">
    <org.openmrs.module.metadatasharing.Item id="12" uuid="8d4a4ab4-c2cc-11de-8d13-0010c6dffd0f">
      <id>3</id>
      <classname>org.openmrs.ConceptDatatype</classname>
      <dateChanged id="13">2004-02-02 00:00:00</dateChanged>
      <retired>false</retired>
    </org.openmrs.module.metadatasharing.Item>
    <org.openmrs.module.metadatasharing.Item id="14" uuid="8d491e50-c2cc-11de-8d13-0010c6dffd0f">
      <id>7</id>
      <classname>org.openmrs.ConceptClass</classname>
      <dateChanged id="15">2004-03-02 00:00:00</dateChanged>
      <retired>false</retired>
    </org.openmrs.module.metadatasharing.Item>
    <org.openmrs.module.metadatasharing.Item id="16" uuid="e6baf887-c91e-4c1d-97d3-23d5b5c9a493">
      <id>24629</id>
      <classname>org.openmrs.ConceptName</classname>
      <dateChanged id="17">2013-10-09 19:53:23</dateChanged>
    </org.openmrs.module.metadatasharing.Item>
    <org.openmrs.module.metadatasharing.Item id="18" uuid="5271f601-977b-4833-91d0-8a922340d1d9">
      <id>6396</id>
      <classname>org.openmrs.ConceptDescription</classname>
      <dateChanged id="19">2013-10-09 19:53:23</dateChanged>
    </org.openmrs.module.metadatasharing.Item>
    <org.openmrs.module.metadatasharing.Item id="20" uuid="34f10924-5e56-4138-89ec-38bd6e820034">
      <id>20078</id>
      <classname>org.openmrs.ConceptMap</classname>
      <dateChanged id="21">2013-10-09 19:53:23</dateChanged>
    </org.openmrs.module.metadatasharing.Item>
    <org.openmrs.module.metadatasharing.Item id="22" uuid="35543629-7d8c-11e1-909d-c80aa9edcf4e">
      <id>1</id>
      <classname>org.openmrs.ConceptMapType</classname>
      <dateChanged id="23">2012-06-21 00:00:00</dateChanged>
      <retired>false</retired>
    </org.openmrs.module.metadatasharing.Item>
    <org.openmrs.module.metadatasharing.Item id="24" uuid="3653b2de-86d5-40a4-962d-fc6c7175573c">
      <id>19952</id>
      <classname>org.openmrs.ConceptReferenceTerm</classname>
      <dateChanged id="25">2013-10-09 19:52:57</dateChanged>
      <retired>false</retired>
    </org.openmrs.module.metadatasharing.Item>
    <org.openmrs.module.metadatasharing.Item id="26" uuid="fb9aaaf1-65e2-4c18-b53c-16b575f2f385">
      <id>5</id>
      <classname>org.openmrs.ConceptSource</classname>
      <dateChanged id="27">2010-11-23 13:56:26</dateChanged>
      <retired>false</retired>
    </org.openmrs.module.metadatasharing.Item>
    <org.openmrs.module.metadatasharing.Item id="28" uuid="f2910652-2824-4b9f-8d87-0db871746263">
      <id>20079</id>
      <classname>org.openmrs.ConceptMap</classname>
      <dateChanged id="29">2013-10-09 19:53:23</dateChanged>
    </org.openmrs.module.metadatasharing.Item>
    <org.openmrs.module.metadatasharing.Item id="30" uuid="658bf63e-0a8b-4693-bd4a-7a08a90271a8">
      <id>19951</id>
      <classname>org.openmrs.ConceptReferenceTerm</classname>
      <dateChanged id="31">2013-10-09 19:52:49</dateChanged>
      <retired>false</retired>
    </org.openmrs.module.metadatasharing.Item>
    <org.openmrs.module.metadatasharing.Item id="32" uuid="20bf6c3a-8a91-461d-8ae3-5cf862aff283">
      <id>20081</id>
      <classname>org.openmrs.ConceptMap</classname>
      <dateChanged id="33">2013-10-16 20:11:23</dateChanged>
    </org.openmrs.module.metadatasharing.Item>
    <org.openmrs.module.metadatasharing.Item id="34" uuid="76867bea-75e6-4a6a-803c-b6bdf6fda322">
      <id>19954</id>
      <classname>org.openmrs.ConceptReferenceTerm</classname>
      <dateChanged id="35">2013-10-16 20:11:04</dateChanged>
      <retired>false</retired>
    </org.openmrs.module.metadatasharing.Item>
    <org.openmrs.module.metadatasharing.Item id="36" uuid="edd52713-8887-47b7-ba9e-6e1148824ca4">
      <id>31</id>
      <classname>org.openmrs.ConceptSource</classname>
      <dateChanged id="37">2013-09-04 19:50:05</dateChanged>
      <retired>false</retired>
    </org.openmrs.module.metadatasharing.Item>
    <org.openmrs.module.metadatasharing.Item id="38" uuid="8d4a4c94-c2cc-11de-8d13-0010c6dffd0f">
      <id>4</id>
      <classname>org.openmrs.ConceptDatatype</classname>
      <dateChanged id="39">2004-02-02 05:00:00</dateChanged>
      <retired>false</retired>
    </org.openmrs.module.metadatasharing.Item>
    <org.openmrs.module.metadatasharing.Item id="40" uuid="8d492594-c2cc-11de-8d13-0010c6dffd0f">
      <id>10</id>
      <classname>org.openmrs.ConceptClass</classname>
      <dateChanged id="41">2004-03-02 00:00:00</dateChanged>
      <retired>false</retired>
    </org.openmrs.module.metadatasharing.Item>
    <org.openmrs.module.metadatasharing.Item id="42" uuid="1b58c172-8deb-42b9-92ad-b80c7b016025">
      <id>23556</id>
      <classname>org.openmrs.ConceptName</classname>
      <dateChanged id="43">2013-08-29 20:10:39</dateChanged>
    </org.openmrs.module.metadatasharing.Item>
    <org.openmrs.module.metadatasharing.Item id="44" uuid="51fcb074-9b28-4125-a763-b2bf95d9e2fa">
      <id>4585</id>
      <classname>org.openmrs.ConceptSet</classname>
      <dateChanged id="45">2013-08-29 20:22:41</dateChanged>
    </org.openmrs.module.metadatasharing.Item>
    <org.openmrs.module.metadatasharing.Item id="46" uuid="3cd9491e-26fe-102b-80cb-0017a47871b2">
      <id>1282</id>
      <classname>org.openmrs.Concept</classname>
      <dateChanged id="47">2013-10-01 18:11:54</dateChanged>
      <retired>false</retired>
    </org.openmrs.module.metadatasharing.Item>
    <org.openmrs.module.metadatasharing.Item id="48" uuid="8d4a48b6-c2cc-11de-8d13-0010c6dffd0f">
      <id>2</id>
      <classname>org.openmrs.ConceptDatatype</classname>
      <dateChanged id="49">2004-02-02 00:00:00</dateChanged>
      <retired>false</retired>
    </org.openmrs.module.metadatasharing.Item>
    <org.openmrs.module.metadatasharing.Item id="50" uuid="8d492774-c2cc-11de-8d13-0010c6dffd0f">
      <id>11</id>
      <classname>org.openmrs.ConceptClass</classname>
      <dateChanged id="51">2004-03-02 05:00:00</dateChanged>
      <retired>false</retired>
    </org.openmrs.module.metadatasharing.Item>
    <org.openmrs.module.metadatasharing.Item id="52" uuid="f5fb5796-d5db-102d-ad2a-000c29c2a5d7">
      <id>10798</id>
      <classname>org.openmrs.ConceptName</classname>
      <dateChanged id="53">2010-06-29 13:03:17</dateChanged>
    </org.openmrs.module.metadatasharing.Item>
    <org.openmrs.module.metadatasharing.Item id="54" uuid="3e178b24-26fe-102b-80cb-0017a47871b2">
      <id>1320</id>
      <classname>org.openmrs.ConceptName</classname>
      <dateChanged id="55">2005-02-24 12:02:35</dateChanged>
    </org.openmrs.module.metadatasharing.Item>
    <org.openmrs.module.metadatasharing.Item id="56" uuid="ece6ee42-07fe-102c-b5fa-0017a47871b2">
      <id>1293</id>
      <classname>org.openmrs.ConceptDescription</classname>
      <dateChanged id="57">2005-02-24 12:02:35</dateChanged>
    </org.openmrs.module.metadatasharing.Item>
    <org.openmrs.module.metadatasharing.Item id="58" uuid="b2105bac-4864-102e-96e9-000c29c2a5d7">
      <id>1284</id>
      <classname>org.openmrs.ConceptMap</classname>
      <dateChanged id="59">2012-06-21 16:49:52</dateChanged>
    </org.openmrs.module.metadatasharing.Item>
    <org.openmrs.module.metadatasharing.Item id="60" uuid="7e4e5cb6-2124-3ff1-9811-015daef2e059">
      <id>1284</id>
      <classname>org.openmrs.ConceptReferenceTerm</classname>
      <dateChanged id="61">2010-11-23 00:00:00</dateChanged>
      <retired>false</retired>
    </org.openmrs.module.metadatasharing.Item>
    <org.openmrs.module.metadatasharing.Item id="62" uuid="75699fd0-4943-102e-96e9-000c29c2a5d7">
      <id>7130</id>
      <classname>org.openmrs.ConceptMap</classname>
      <dateChanged id="63">2012-06-21 16:49:52</dateChanged>
    </org.openmrs.module.metadatasharing.Item>
    <org.openmrs.module.metadatasharing.Item id="64" uuid="9bab7adc-de35-3a20-bb17-a3511068623c">
      <id>7130</id>
      <classname>org.openmrs.ConceptReferenceTerm</classname>
      <dateChanged id="65">2010-11-24 00:00:00</dateChanged>
      <retired>false</retired>
    </org.openmrs.module.metadatasharing.Item>
    <org.openmrs.module.metadatasharing.Item id="66" uuid="dbda0d21-1b5d-4d6b-ade6-8c0fba8918cc">
      <id>20059</id>
      <classname>org.openmrs.ConceptMap</classname>
      <dateChanged id="67">2013-10-01 18:11:54</dateChanged>
    </org.openmrs.module.metadatasharing.Item>
    <org.openmrs.module.metadatasharing.Item id="68" uuid="f4b2ccea-5fbd-44ca-8a37-bcbb740f10e9">
      <id>19932</id>
      <classname>org.openmrs.ConceptReferenceTerm</classname>
      <dateChanged id="69">2013-10-01 18:11:32</dateChanged>
      <retired>false</retired>
    </org.openmrs.module.metadatasharing.Item>
    <org.openmrs.module.metadatasharing.Item id="70" uuid="0f5d8670-dc82-4755-b0b2-7df416314c9a">
      <id>4587</id>
      <classname>org.openmrs.ConceptSet</classname>
      <dateChanged id="71">2013-08-29 20:22:41</dateChanged>
    </org.openmrs.module.metadatasharing.Item>
    <org.openmrs.module.metadatasharing.Item id="72" uuid="95d216d3-8683-4582-97bd-b3ca5131e18d">
      <id>9071</id>
      <classname>org.openmrs.ConceptNumeric</classname>
      <dateChanged id="73">2013-10-01 19:11:19</dateChanged>
      <retired>false</retired>
    </org.openmrs.module.metadatasharing.Item>
    <org.openmrs.module.metadatasharing.Item id="74" uuid="8d4a4488-c2cc-11de-8d13-0010c6dffd0f">
      <id>1</id>
      <classname>org.openmrs.ConceptDatatype</classname>
      <dateChanged id="75">2004-02-02 00:00:00</dateChanged>
      <retired>false</retired>
    </org.openmrs.module.metadatasharing.Item>
    <org.openmrs.module.metadatasharing.Item id="76" uuid="8d492ee0-c2cc-11de-8d13-0010c6dffd0f">
      <id>15</id>
      <classname>org.openmrs.ConceptClass</classname>
      <dateChanged id="77">2005-02-17 00:00:00</dateChanged>
      <retired>false</retired>
    </org.openmrs.module.metadatasharing.Item>
    <org.openmrs.module.metadatasharing.Item id="78" uuid="bc4020d9-fe70-4555-a250-0b8c2b3d9533">
      <id>23557</id>
      <classname>org.openmrs.ConceptName</classname>
      <dateChanged id="79">2013-08-29 20:22:26</dateChanged>
    </org.openmrs.module.metadatasharing.Item>
    <org.openmrs.module.metadatasharing.Item id="80" uuid="5ead284c-8a15-4edd-bea8-a262953a1a32">
      <id>6384</id>
      <classname>org.openmrs.ConceptDescription</classname>
      <dateChanged id="81">2013-08-29 20:22:26</dateChanged>
    </org.openmrs.module.metadatasharing.Item>
    <org.openmrs.module.metadatasharing.Item id="82" uuid="ff120a32-4c38-4699-b2f4-7ba115159c42">
      <id>20060</id>
      <classname>org.openmrs.ConceptMap</classname>
      <dateChanged id="83">2013-10-01 19:11:19</dateChanged>
    </org.openmrs.module.metadatasharing.Item>
    <org.openmrs.module.metadatasharing.Item id="84" uuid="bd2c8e7c-aac3-49e4-a033-9066b64774b2">
      <id>19933</id>
      <classname>org.openmrs.ConceptReferenceTerm</classname>
      <dateChanged id="85">2013-10-01 19:10:53</dateChanged>
      <retired>false</retired>
    </org.openmrs.module.metadatasharing.Item>
    <org.openmrs.module.metadatasharing.Item id="86" uuid="be1af7fa-82d2-4668-9bb0-728148d4099c">
      <id>19123</id>
      <classname>org.openmrs.ConceptMap</classname>
      <dateChanged id="87">2013-08-29 21:04:22</dateChanged>
    </org.openmrs.module.metadatasharing.Item>
    <org.openmrs.module.metadatasharing.Item id="88" uuid="27e7eca5-2777-4649-b6b7-ee9013e59605">
      <id>18969</id>
      <classname>org.openmrs.ConceptReferenceTerm</classname>
      <dateChanged id="89">2013-08-29 21:03:27</dateChanged>
      <retired>false</retired>
    </org.openmrs.module.metadatasharing.Item>
    <org.openmrs.module.metadatasharing.Item id="90" uuid="21ADDDDDDDDDDDDDDDDDDDDDDDDDDDDDDDDD">
      <id>29</id>
      <classname>org.openmrs.ConceptSource</classname>
      <dateChanged id="91">2013-07-03 19:55:03</dateChanged>
      <retired>false</retired>
    </org.openmrs.module.metadatasharing.Item>
    <org.openmrs.module.metadatasharing.Item id="92" uuid="b9152c32-50a0-4a11-aea9-79ff5f1fd456">
      <id>19122</id>
      <classname>org.openmrs.ConceptMap</classname>
      <dateChanged id="93">2013-08-29 21:04:00</dateChanged>
    </org.openmrs.module.metadatasharing.Item>
    <org.openmrs.module.metadatasharing.Item id="94" uuid="733375e2-df87-4d26-aef6-27dcb1794246">
      <id>18970</id>
      <classname>org.openmrs.ConceptReferenceTerm</classname>
      <dateChanged id="95">2013-08-29 21:03:34</dateChanged>
      <retired>false</retired>
    </org.openmrs.module.metadatasharing.Item>
    <org.openmrs.module.metadatasharing.Item id="96" uuid="adfa7432-c963-48c9-9aa7-6b072e57d5d3">
      <id>4586</id>
      <classname>org.openmrs.ConceptSet</classname>
      <dateChanged id="97">2013-08-29 20:22:41</dateChanged>
    </org.openmrs.module.metadatasharing.Item>
    <org.openmrs.module.metadatasharing.Item id="98" uuid="5e152a81-8635-41d6-aef2-2527a5f584f3">
      <id>3193</id>
      <classname>org.openmrs.Concept</classname>
      <dateChanged id="99">2013-10-01 19:15:24</dateChanged>
      <retired>false</retired>
    </org.openmrs.module.metadatasharing.Item>
    <org.openmrs.module.metadatasharing.Item id="100" uuid="f6ee0cb6-d5db-102d-ad2a-000c29c2a5d7">
      <id>12700</id>
      <classname>org.openmrs.ConceptName</classname>
      <dateChanged id="101">2010-06-29 13:04:46</dateChanged>
    </org.openmrs.module.metadatasharing.Item>
    <org.openmrs.module.metadatasharing.Item id="102" uuid="93c4e140-07d4-102c-b5fa-0017a47871b2">
      <id>6199</id>
      <classname>org.openmrs.ConceptName</classname>
      <dateChanged id="103">2008-06-17 14:18:25</dateChanged>
    </org.openmrs.module.metadatasharing.Item>
    <org.openmrs.module.metadatasharing.Item id="104" uuid="0b752946-15f5-102d-96e4-000c29c2a5d7">
      <id>4538</id>
      <classname>org.openmrs.ConceptName</classname>
      <dateChanged id="105">2008-06-17 14:18:25</dateChanged>
    </org.openmrs.module.metadatasharing.Item>
    <org.openmrs.module.metadatasharing.Item id="106" uuid="ed22e33e-07fe-102c-b5fa-0017a47871b2">
      <id>3930</id>
      <classname>org.openmrs.ConceptDescription</classname>
      <dateChanged id="107">2008-06-17 14:18:25</dateChanged>
    </org.openmrs.module.metadatasharing.Item>
    <org.openmrs.module.metadatasharing.Item id="108" uuid="759d6b44-4943-102e-96e9-000c29c2a5d7">
      <id>8989</id>
      <classname>org.openmrs.ConceptMap</classname>
      <dateChanged id="109">2012-06-21 16:49:52</dateChanged>
    </org.openmrs.module.metadatasharing.Item>
    <org.openmrs.module.metadatasharing.Item id="110" uuid="22707eec-c4c8-38e6-a46a-430662514fd4">
      <id>8989</id>
      <classname>org.openmrs.ConceptReferenceTerm</classname>
      <dateChanged id="111">2010-11-24 00:00:00</dateChanged>
      <retired>false</retired>
    </org.openmrs.module.metadatasharing.Item>
    <org.openmrs.module.metadatasharing.Item id="112" uuid="b25bc3ee-4864-102e-96e9-000c29c2a5d7">
      <id>3195</id>
      <classname>org.openmrs.ConceptMap</classname>
      <dateChanged id="113">2012-06-21 16:49:52</dateChanged>
    </org.openmrs.module.metadatasharing.Item>
    <org.openmrs.module.metadatasharing.Item id="114" uuid="84cacad1-571e-3727-9487-7ca1d45c293b">
      <id>3195</id>
      <classname>org.openmrs.ConceptReferenceTerm</classname>
      <dateChanged id="115">2010-11-23 00:00:00</dateChanged>
      <retired>false</retired>
    </org.openmrs.module.metadatasharing.Item>
    <org.openmrs.module.metadatasharing.Item id="116" uuid="574e41d3-1aa0-48ac-bbb7-897c8889f549">
      <id>20061</id>
      <classname>org.openmrs.ConceptMap</classname>
      <dateChanged id="117">2013-10-01 19:15:24</dateChanged>
    </org.openmrs.module.metadatasharing.Item>
    <org.openmrs.module.metadatasharing.Item id="118" uuid="4cb2204e-1458-4ca5-84f3-217ceb8a387e">
      <id>19934</id>
      <classname>org.openmrs.ConceptReferenceTerm</classname>
      <dateChanged id="119">2013-10-01 19:14:57</dateChanged>
      <retired>false</retired>
    </org.openmrs.module.metadatasharing.Item>
    <org.openmrs.module.metadatasharing.Item id="120" uuid="4a5c5b31-0dd0-42a0-9608-a77325c9cefa">
      <id>4590</id>
      <classname>org.openmrs.ConceptSet</classname>
      <dateChanged id="121">2013-09-09 19:32:32</dateChanged>
    </org.openmrs.module.metadatasharing.Item>
    <org.openmrs.module.metadatasharing.Item id="122" uuid="160856AAAAAAAAAAAAAAAAAAAAAAAAAAAAAA">
      <id>9073</id>
      <classname>org.openmrs.ConceptNumeric</classname>
      <dateChanged id="123">2013-10-01 19:29:14</dateChanged>
      <retired>false</retired>
    </org.openmrs.module.metadatasharing.Item>
    <org.openmrs.module.metadatasharing.Item id="124" uuid="109537BBBBBBBBBBBBBBBBBBBBBBBBBBBBBB">
      <id>23559</id>
      <classname>org.openmrs.ConceptName</classname>
      <dateChanged id="125">2012-07-16 05:20:27</dateChanged>
    </org.openmrs.module.metadatasharing.Item>
    <org.openmrs.module.metadatasharing.Item id="126" uuid="16909FFFFFFFFFFFFFFFFFFFFFFFFFFFFFFF">
      <id>6386</id>
      <classname>org.openmrs.ConceptDescription</classname>
      <dateChanged id="127">2013-03-10 05:01:01</dateChanged>
    </org.openmrs.module.metadatasharing.Item>
    <org.openmrs.module.metadatasharing.Item id="128" uuid="217974ABBBBBBBBBBBBBBBBBBBBBBBBBBBBB">
      <id>19133</id>
      <classname>org.openmrs.ConceptMap</classname>
      <dateChanged id="129">2013-07-03 22:53:08</dateChanged>
    </org.openmrs.module.metadatasharing.Item>
    <org.openmrs.module.metadatasharing.Item id="130" uuid="700be773-497c-3f47-a981-15407acf80ff">
      <id>18980</id>
      <classname>org.openmrs.ConceptReferenceTerm</classname>
      <dateChanged id="131">2013-07-03 04:00:00</dateChanged>
      <retired>false</retired>
    </org.openmrs.module.metadatasharing.Item>
    <org.openmrs.module.metadatasharing.Item id="132" uuid="145032ABBBBBBBBBBBBBBBBBBBBBBBBBBBBB">
      <id>19135</id>
      <classname>org.openmrs.ConceptMap</classname>
      <dateChanged id="133">2012-07-16 05:20:27</dateChanged>
    </org.openmrs.module.metadatasharing.Item>
    <org.openmrs.module.metadatasharing.Item id="134" uuid="43ac5109-7d8c-11e1-909d-c80aa9edcf4e">
      <id>2</id>
      <classname>org.openmrs.ConceptMapType</classname>
      <dateChanged id="135">2012-06-21 00:00:00</dateChanged>
      <retired>false</retired>
    </org.openmrs.module.metadatasharing.Item>
    <org.openmrs.module.metadatasharing.Item id="136" uuid="a14f90aa-5416-32fd-bd03-60bb4ad427e7">
      <id>18982</id>
      <classname>org.openmrs.ConceptReferenceTerm</classname>
      <dateChanged id="137">2012-07-05 04:00:00</dateChanged>
      <retired>false</retired>
    </org.openmrs.module.metadatasharing.Item>
    <org.openmrs.module.metadatasharing.Item id="138" uuid="2ADDDDDDDDDDDDDDDDDDDDDDDDDDDDDDDDDD">
      <id>8</id>
      <classname>org.openmrs.ConceptSource</classname>
      <dateChanged id="139">2010-04-25 11:12:44</dateChanged>
      <retired>false</retired>
    </org.openmrs.module.metadatasharing.Item>
    <org.openmrs.module.metadatasharing.Item id="140" uuid="10985628-a018-4033-8a99-d71f3f9a3a65">
      <id>20062</id>
      <classname>org.openmrs.ConceptMap</classname>
      <dateChanged id="141">2013-10-01 19:29:13</dateChanged>
    </org.openmrs.module.metadatasharing.Item>
    <org.openmrs.module.metadatasharing.Item id="142" uuid="3346d285-ffd3-466b-abc6-e82a9dc558e1">
      <id>19935</id>
      <classname>org.openmrs.ConceptReferenceTerm</classname>
      <dateChanged id="143">2013-10-01 19:28:42</dateChanged>
      <retired>false</retired>
    </org.openmrs.module.metadatasharing.Item>
    <org.openmrs.module.metadatasharing.Item id="144" uuid="188ef001-d12c-4e3d-be6a-f7b4a4629ddc">
      <id>4591</id>
      <classname>org.openmrs.ConceptSet</classname>
      <dateChanged id="145">2013-09-09 19:41:38</dateChanged>
    </org.openmrs.module.metadatasharing.Item>
    <org.openmrs.module.metadatasharing.Item id="146" uuid="51348cdb-1d3c-4714-aa22-729241503d5b">
      <id>9074</id>
      <classname>org.openmrs.Concept</classname>
      <dateChanged id="147">2013-10-01 19:33:04</dateChanged>
      <retired>false</retired>
    </org.openmrs.module.metadatasharing.Item>
    <org.openmrs.module.metadatasharing.Item id="148" uuid="5e18b138-7b4f-4b4c-81e4-d1401db4d61d">
      <id>23560</id>
      <classname>org.openmrs.ConceptName</classname>
      <dateChanged id="149">2013-09-09 19:40:08</dateChanged>
    </org.openmrs.module.metadatasharing.Item>
    <org.openmrs.module.metadatasharing.Item id="150" uuid="e91043ac-d16d-4021-b485-508fa265584d">
      <id>6387</id>
      <classname>org.openmrs.ConceptDescription</classname>
      <dateChanged id="151">2013-09-09 19:40:08</dateChanged>
    </org.openmrs.module.metadatasharing.Item>
    <org.openmrs.module.metadatasharing.Item id="152" uuid="f1dcef3f-33be-4178-99e2-f69c1650cd89">
      <id>20063</id>
      <classname>org.openmrs.ConceptMap</classname>
      <dateChanged id="153">2013-10-01 19:33:03</dateChanged>
    </org.openmrs.module.metadatasharing.Item>
    <org.openmrs.module.metadatasharing.Item id="154" uuid="dffce19d-323e-411d-a6f9-aed8ce30ff1e">
      <id>19936</id>
      <classname>org.openmrs.ConceptReferenceTerm</classname>
      <dateChanged id="155">2013-10-01 19:32:41</dateChanged>
      <retired>false</retired>
    </org.openmrs.module.metadatasharing.Item>
    <org.openmrs.module.metadatasharing.Item id="156" uuid="d3e2f5e2-b08e-49f1-9071-6daf3c720dd9">
      <id>19136</id>
      <classname>org.openmrs.ConceptMap</classname>
      <dateChanged id="157">2013-09-09 19:40:56</dateChanged>
    </org.openmrs.module.metadatasharing.Item>
    <org.openmrs.module.metadatasharing.Item id="158" uuid="4ff23c25-e20e-4f94-9dc9-874716be7ce7">
      <id>18983</id>
      <classname>org.openmrs.ConceptReferenceTerm</classname>
      <dateChanged id="159">2013-09-09 19:40:34</dateChanged>
      <retired>false</retired>
    </org.openmrs.module.metadatasharing.Item>
    <org.openmrs.module.metadatasharing.Item id="160" uuid="af13eb80-d503-48d4-a6ea-54cbd197c10c">
      <id>4592</id>
      <classname>org.openmrs.ConceptSet</classname>
      <dateChanged id="161">2013-09-09 19:54:10</dateChanged>
    </org.openmrs.module.metadatasharing.Item>
    <org.openmrs.module.metadatasharing.Item id="162" uuid="159368AAAAAAAAAAAAAAAAAAAAAAAAAAAAAA">
      <id>9075</id>
      <classname>org.openmrs.ConceptNumeric</classname>
      <dateChanged id="163">2013-10-01 19:39:32</dateChanged>
      <retired>false</retired>
    </org.openmrs.module.metadatasharing.Item>
    <org.openmrs.module.metadatasharing.Item id="164" uuid="106434BBBBBBBBBBBBBBBBBBBBBBBBBBBBBB">
      <id>23562</id>
      <classname>org.openmrs.ConceptName</classname>
      <dateChanged id="165">2010-08-23 23:10:11</dateChanged>
    </org.openmrs.module.metadatasharing.Item>
    <org.openmrs.module.metadatasharing.Item id="166" uuid="16000FFFFFFFFFFFFFFFFFFFFFFFFFFFFFFF">
      <id>6388</id>
      <classname>org.openmrs.ConceptDescription</classname>
      <dateChanged id="167">2010-08-23 23:10:11</dateChanged>
    </org.openmrs.module.metadatasharing.Item>
    <org.openmrs.module.metadatasharing.Item id="168" uuid="216526ABBBBBBBBBBBBBBBBBBBBBBBBBBBBB">
      <id>19138</id>
      <classname>org.openmrs.ConceptMap</classname>
      <dateChanged id="169">2013-07-03 22:53:08</dateChanged>
    </org.openmrs.module.metadatasharing.Item>
    <org.openmrs.module.metadatasharing.Item id="170" uuid="a30fea37-56f2-307c-a7bb-0b7f15e2e622">
      <id>18985</id>
      <classname>org.openmrs.ConceptReferenceTerm</classname>
      <dateChanged id="171">2013-07-03 04:00:00</dateChanged>
      <retired>false</retired>
    </org.openmrs.module.metadatasharing.Item>
    <org.openmrs.module.metadatasharing.Item id="172" uuid="138038ABBBBBBBBBBBBBBBBBBBBBBBBBBBBB">
      <id>19139</id>
      <classname>org.openmrs.ConceptMap</classname>
      <dateChanged id="173">2011-01-21 21:32:25</dateChanged>
    </org.openmrs.module.metadatasharing.Item>
    <org.openmrs.module.metadatasharing.Item id="174" uuid="f6b01633-c533-3d50-a497-b5f1cf0a9bd3">
      <id>18986</id>
      <classname>org.openmrs.ConceptReferenceTerm</classname>
      <dateChanged id="175">2011-01-21 05:00:00</dateChanged>
      <retired>false</retired>
    </org.openmrs.module.metadatasharing.Item>
    <org.openmrs.module.metadatasharing.Item id="176" uuid="1ADDDDDDDDDDDDDDDDDDDDDDDDDDDDDDDDDD">
      <id>6</id>
      <classname>org.openmrs.ConceptSource</classname>
      <dateChanged id="177">2009-11-20 01:19:16</dateChanged>
      <retired>false</retired>
    </org.openmrs.module.metadatasharing.Item>
    <org.openmrs.module.metadatasharing.Item id="178" uuid="135151ABBBBBBBBBBBBBBBBBBBBBBBBBBBBB">
      <id>19140</id>
      <classname>org.openmrs.ConceptMap</classname>
      <dateChanged id="179">2010-10-24 17:09:59</dateChanged>
    </org.openmrs.module.metadatasharing.Item>
    <org.openmrs.module.metadatasharing.Item id="180" uuid="41a5fe78-f2f8-3698-bb5f-82eea7863212">
      <id>18987</id>
      <classname>org.openmrs.ConceptReferenceTerm</classname>
      <dateChanged id="181">2010-10-24 04:00:00</dateChanged>
      <retired>false</retired>
    </org.openmrs.module.metadatasharing.Item>
    <org.openmrs.module.metadatasharing.Item id="182" uuid="13ADDDDDDDDDDDDDDDDDDDDDDDDDDDDDDDDD">
      <id>10</id>
      <classname>org.openmrs.ConceptSource</classname>
      <dateChanged id="183">2010-10-24 17:02:38</dateChanged>
      <retired>false</retired>
    </org.openmrs.module.metadatasharing.Item>
    <org.openmrs.module.metadatasharing.Item id="184" uuid="a4449338-f1d7-47f9-96e9-2301a597aebe">
      <id>20064</id>
      <classname>org.openmrs.ConceptMap</classname>
      <dateChanged id="185">2013-10-01 19:39:32</dateChanged>
    </org.openmrs.module.metadatasharing.Item>
    <org.openmrs.module.metadatasharing.Item id="186" uuid="6309411f-60da-4291-baea-918cc4a8154d">
      <id>19937</id>
      <classname>org.openmrs.ConceptReferenceTerm</classname>
      <dateChanged id="187">2013-10-01 19:39:19</dateChanged>
      <retired>false</retired>
    </org.openmrs.module.metadatasharing.Item>
    <org.openmrs.module.metadatasharing.Item id="188" uuid="cdffb143-b3ff-4466-9244-7ec7629ee03b">
      <id>4593</id>
      <classname>org.openmrs.ConceptSet</classname>
      <dateChanged id="189">2013-09-09 19:54:10</dateChanged>
    </org.openmrs.module.metadatasharing.Item>
    <org.openmrs.module.metadatasharing.Item id="190" uuid="f1904502-319d-4681-9030-e642111e7ce2">
      <id>6412</id>
      <classname>org.openmrs.Concept</classname>
      <dateChanged id="191">2013-10-01 19:54:51</dateChanged>
      <retired>false</retired>
    </org.openmrs.module.metadatasharing.Item>
    <org.openmrs.module.metadatasharing.Item id="192" uuid="0b957250-15f5-102d-96e4-000c29c2a5d7">
      <id>9457</id>
      <classname>org.openmrs.ConceptName</classname>
      <dateChanged id="193">2009-08-24 08:55:12</dateChanged>
    </org.openmrs.module.metadatasharing.Item>
    <org.openmrs.module.metadatasharing.Item id="194" uuid="754fa3f5-0dca-40e1-8534-2e750fa057bd">
      <id>14183</id>
      <classname>org.openmrs.ConceptName</classname>
      <dateChanged id="195">2010-11-17 12:00:12</dateChanged>
    </org.openmrs.module.metadatasharing.Item>
    <org.openmrs.module.metadatasharing.Item id="196" uuid="b1e545bb-d444-433d-afbb-b5fa212b61be">
      <id>24591</id>
      <classname>org.openmrs.ConceptName</classname>
      <dateChanged id="197">2013-09-20 14:26:30</dateChanged>
    </org.openmrs.module.metadatasharing.Item>
    <org.openmrs.module.metadatasharing.Item id="198" uuid="93673a93-dff7-4e64-8ed0-7a850f10eb7b">
      <id>23561</id>
      <classname>org.openmrs.ConceptName</classname>
      <dateChanged id="199">2013-09-20 14:26:30</dateChanged>
    </org.openmrs.module.metadatasharing.Item>
    <org.openmrs.module.metadatasharing.Item id="200" uuid="f6d1032e-3e53-426d-808d-d57273d6a17b">
      <id>24590</id>
      <classname>org.openmrs.ConceptName</classname>
      <dateChanged id="201">2013-09-20 14:26:30</dateChanged>
    </org.openmrs.module.metadatasharing.Item>
    <org.openmrs.module.metadatasharing.Item id="202" uuid="a199ef0a-79b9-452c-b13f-42236531323e">
      <id>14184</id>
      <classname>org.openmrs.ConceptName</classname>
      <dateChanged id="203">2013-09-09 19:44:24</dateChanged>
    </org.openmrs.module.metadatasharing.Item>
    <org.openmrs.module.metadatasharing.Item id="204" uuid="0b95734a-15f5-102d-96e4-000c29c2a5d7">
      <id>9458</id>
      <classname>org.openmrs.ConceptName</classname>
      <dateChanged id="205">2009-08-24 08:55:12</dateChanged>
    </org.openmrs.module.metadatasharing.Item>
    <org.openmrs.module.metadatasharing.Item id="206" uuid="0b24a340-15f5-102d-96e4-000c29c2a5d7">
      <id>5755</id>
      <classname>org.openmrs.ConceptAnswer</classname>
      <dateChanged id="207">2009-08-24 08:55:12</dateChanged>
    </org.openmrs.module.metadatasharing.Item>
    <org.openmrs.module.metadatasharing.Item id="208" uuid="3cd706b8-26fe-102b-80cb-0017a47871b2">
      <id>1072</id>
      <classname>org.openmrs.Concept</classname>
      <dateChanged id="209">2013-09-26 14:19:35</dateChanged>
      <retired>false</retired>
    </org.openmrs.module.metadatasharing.Item>
    <org.openmrs.module.metadatasharing.Item id="210" uuid="20617c4d-1313-4657-bc58-5c859fcabd79">
      <id>8118</id>
      <classname>org.openmrs.ConceptName</classname>
      <dateChanged id="211">2013-09-26 14:19:35</dateChanged>
    </org.openmrs.module.metadatasharing.Item>
    <org.openmrs.module.metadatasharing.Item id="212" uuid="b2a544c2-b5d8-4f09-930b-d192bbcc0ccd">
      <id>8117</id>
      <classname>org.openmrs.ConceptName</classname>
      <dateChanged id="213">2009-02-05 13:48:44</dateChanged>
    </org.openmrs.module.metadatasharing.Item>
    <org.openmrs.module.metadatasharing.Item id="214" uuid="e038fe1c-222b-44d2-a2ad-61adcc766976">
      <id>24603</id>
      <classname>org.openmrs.ConceptName</classname>
      <dateChanged id="215">2013-09-26 14:19:35</dateChanged>
    </org.openmrs.module.metadatasharing.Item>
    <org.openmrs.module.metadatasharing.Item id="216" uuid="5e3b006a-450a-4764-bc78-d79c138ad809">
      <id>24602</id>
      <classname>org.openmrs.ConceptName</classname>
      <dateChanged id="217">2013-09-26 14:07:40</dateChanged>
    </org.openmrs.module.metadatasharing.Item>
    <org.openmrs.module.metadatasharing.Item id="218" uuid="f5cc789a-d5db-102d-ad2a-000c29c2a5d7">
      <id>10590</id>
      <classname>org.openmrs.ConceptName</classname>
      <dateChanged id="219">2013-09-26 14:07:40</dateChanged>
    </org.openmrs.module.metadatasharing.Item>
    <org.openmrs.module.metadatasharing.Item id="220" uuid="ece44520-07fe-102c-b5fa-0017a47871b2">
      <id>1083</id>
      <classname>org.openmrs.ConceptDescription</classname>
      <dateChanged id="221">2011-03-21 14:58:17</dateChanged>
    </org.openmrs.module.metadatasharing.Item>
    <org.openmrs.module.metadatasharing.Item id="222" uuid="ea362870-0e4a-4a84-9fc1-8eb3cb69f124">
      <id>20027</id>
      <classname>org.openmrs.ConceptMap</classname>
      <dateChanged id="223">2013-09-26 14:08:29</dateChanged>
    </org.openmrs.module.metadatasharing.Item>
    <org.openmrs.module.metadatasharing.Item id="224" uuid="ebeb91f2-734b-4027-9ddd-f06cee420b4c">
      <id>19896</id>
      <classname>org.openmrs.ConceptReferenceTerm</classname>
      <dateChanged id="225">2013-09-26 14:08:14</dateChanged>
      <retired>false</retired>
    </org.openmrs.module.metadatasharing.Item>
    <org.openmrs.module.metadatasharing.Item id="226" uuid="b20d1b54-4864-102e-96e9-000c29c2a5d7">
      <id>1074</id>
      <classname>org.openmrs.ConceptMap</classname>
      <dateChanged id="227">2012-06-21 16:49:52</dateChanged>
    </org.openmrs.module.metadatasharing.Item>
    <org.openmrs.module.metadatasharing.Item id="228" uuid="49e42c67-81be-373d-bbfd-fda3d4da9a84">
      <id>1074</id>
      <classname>org.openmrs.ConceptReferenceTerm</classname>
      <dateChanged id="229">2010-11-23 00:00:00</dateChanged>
      <retired>false</retired>
    </org.openmrs.module.metadatasharing.Item>
    <org.openmrs.module.metadatasharing.Item id="230" uuid="0b24a41c-15f5-102d-96e4-000c29c2a5d7">
      <id>5756</id>
      <classname>org.openmrs.ConceptAnswer</classname>
      <dateChanged id="231">2009-08-24 08:55:12</dateChanged>
    </org.openmrs.module.metadatasharing.Item>
    <org.openmrs.module.metadatasharing.Item id="232" uuid="3cd70b68-26fe-102b-80cb-0017a47871b2">
      <id>1074</id>
      <classname>org.openmrs.Concept</classname>
      <dateChanged id="233">2013-09-26 14:21:49</dateChanged>
      <retired>false</retired>
    </org.openmrs.module.metadatasharing.Item>
    <org.openmrs.module.metadatasharing.Item id="234" uuid="3e1525c8-26fe-102b-80cb-0017a47871b2">
      <id>8181</id>
      <classname>org.openmrs.ConceptName</classname>
      <dateChanged id="235">2009-02-05 15:59:18</dateChanged>
    </org.openmrs.module.metadatasharing.Item>
    <org.openmrs.module.metadatasharing.Item id="236" uuid="b812c8f9-aa9a-4f17-a195-c8c330791bb8">
      <id>24604</id>
      <classname>org.openmrs.ConceptName</classname>
      <dateChanged id="237">2013-09-26 14:21:08</dateChanged>
    </org.openmrs.module.metadatasharing.Item>
    <org.openmrs.module.metadatasharing.Item id="238" uuid="76568d58-ff85-4c5b-9f04-1642eb227553">
      <id>8182</id>
      <classname>org.openmrs.ConceptName</classname>
      <dateChanged id="239">2013-09-26 14:21:08</dateChanged>
    </org.openmrs.module.metadatasharing.Item>
    <org.openmrs.module.metadatasharing.Item id="240" uuid="f5ccfdce-d5db-102d-ad2a-000c29c2a5d7">
      <id>10592</id>
      <classname>org.openmrs.ConceptName</classname>
      <dateChanged id="241">2013-09-26 14:21:08</dateChanged>
    </org.openmrs.module.metadatasharing.Item>
    <org.openmrs.module.metadatasharing.Item id="242" uuid="b44605bc-80a3-459c-858c-917d4fc2d879">
      <id>24605</id>
      <classname>org.openmrs.ConceptName</classname>
      <dateChanged id="243">2013-09-26 14:21:49</dateChanged>
    </org.openmrs.module.metadatasharing.Item>
    <org.openmrs.module.metadatasharing.Item id="244" uuid="ece448f4-07fe-102c-b5fa-0017a47871b2">
      <id>1085</id>
      <classname>org.openmrs.ConceptDescription</classname>
      <dateChanged id="245">2011-03-21 14:58:17</dateChanged>
    </org.openmrs.module.metadatasharing.Item>
    <org.openmrs.module.metadatasharing.Item id="246" uuid="9ceb47a8-e28a-4f6e-bd71-aa2e5715cd12">
      <id>4748</id>
      <classname>org.openmrs.ConceptDescription</classname>
      <dateChanged id="247">2011-03-21 14:58:17</dateChanged>
    </org.openmrs.module.metadatasharing.Item>
    <org.openmrs.module.metadatasharing.Item id="248" uuid="b20d1e9c-4864-102e-96e9-000c29c2a5d7">
      <id>1076</id>
      <classname>org.openmrs.ConceptMap</classname>
      <dateChanged id="249">2012-06-21 16:49:52</dateChanged>
    </org.openmrs.module.metadatasharing.Item>
    <org.openmrs.module.metadatasharing.Item id="250" uuid="5beb168a-d3be-318a-8c02-e847a52684bb">
      <id>1076</id>
      <classname>org.openmrs.ConceptReferenceTerm</classname>
      <dateChanged id="251">2010-11-23 00:00:00</dateChanged>
      <retired>false</retired>
    </org.openmrs.module.metadatasharing.Item>
    <org.openmrs.module.metadatasharing.Item id="252" uuid="91d7f5de-c105-42f7-8d76-cf8dc0c9c6b2">
      <id>20028</id>
      <classname>org.openmrs.ConceptMap</classname>
      <dateChanged id="253">2013-09-26 14:21:08</dateChanged>
    </org.openmrs.module.metadatasharing.Item>
    <org.openmrs.module.metadatasharing.Item id="254" uuid="fd919b2c-59db-4f76-82e6-2a14103bb860">
      <id>19898</id>
      <classname>org.openmrs.ConceptReferenceTerm</classname>
      <dateChanged id="255">2013-09-26 14:20:56</dateChanged>
      <retired>false</retired>
    </org.openmrs.module.metadatasharing.Item>
    <org.openmrs.module.metadatasharing.Item id="256" uuid="0b24a4f8-15f5-102d-96e4-000c29c2a5d7">
      <id>5757</id>
      <classname>org.openmrs.ConceptAnswer</classname>
      <dateChanged id="257">2009-08-24 08:55:12</dateChanged>
    </org.openmrs.module.metadatasharing.Item>
    <org.openmrs.module.metadatasharing.Item id="258" uuid="3cd7091a-26fe-102b-80cb-0017a47871b2">
      <id>1073</id>
      <classname>org.openmrs.Concept</classname>
      <dateChanged id="259">2013-09-26 14:24:59</dateChanged>
      <retired>false</retired>
    </org.openmrs.module.metadatasharing.Item>
    <org.openmrs.module.metadatasharing.Item id="260" uuid="8db89a65-af71-467e-87d8-4cb6da8d5642">
      <id>8119</id>
      <classname>org.openmrs.ConceptName</classname>
      <dateChanged id="261">2009-02-05 13:49:40</dateChanged>
    </org.openmrs.module.metadatasharing.Item>
    <org.openmrs.module.metadatasharing.Item id="262" uuid="15516191-654a-4cf0-b803-2b03dc093b0b">
      <id>24606</id>
      <classname>org.openmrs.ConceptName</classname>
      <dateChanged id="263">2013-09-26 14:24:02</dateChanged>
    </org.openmrs.module.metadatasharing.Item>
    <org.openmrs.module.metadatasharing.Item id="264" uuid="1ccf1e46-c52f-4e63-9b24-f6f5837f7fb0">
      <id>24607</id>
      <classname>org.openmrs.ConceptName</classname>
      <dateChanged id="265">2013-09-26 14:24:59</dateChanged>
    </org.openmrs.module.metadatasharing.Item>
    <org.openmrs.module.metadatasharing.Item id="266" uuid="f5ccb9f4-d5db-102d-ad2a-000c29c2a5d7">
      <id>10591</id>
      <classname>org.openmrs.ConceptName</classname>
      <dateChanged id="267">2013-09-26 14:24:02</dateChanged>
    </org.openmrs.module.metadatasharing.Item>
    <org.openmrs.module.metadatasharing.Item id="268" uuid="64582a38-ffd7-4e60-a3b6-c3204263dea7">
      <id>8120</id>
      <classname>org.openmrs.ConceptName</classname>
      <dateChanged id="269">2013-09-26 14:24:02</dateChanged>
    </org.openmrs.module.metadatasharing.Item>
    <org.openmrs.module.metadatasharing.Item id="270" uuid="ece44714-07fe-102c-b5fa-0017a47871b2">
      <id>1084</id>
      <classname>org.openmrs.ConceptDescription</classname>
      <dateChanged id="271">2011-03-21 14:58:17</dateChanged>
    </org.openmrs.module.metadatasharing.Item>
    <org.openmrs.module.metadatasharing.Item id="272" uuid="b20d1d2a-4864-102e-96e9-000c29c2a5d7">
      <id>1075</id>
      <classname>org.openmrs.ConceptMap</classname>
      <dateChanged id="273">2012-06-21 16:49:52</dateChanged>
    </org.openmrs.module.metadatasharing.Item>
    <org.openmrs.module.metadatasharing.Item id="274" uuid="d7a104dc-f9b1-37f6-91e5-4c1d99330144">
      <id>1075</id>
      <classname>org.openmrs.ConceptReferenceTerm</classname>
      <dateChanged id="275">2010-11-23 00:00:00</dateChanged>
      <retired>false</retired>
    </org.openmrs.module.metadatasharing.Item>
    <org.openmrs.module.metadatasharing.Item id="276" uuid="373994f4-b5b0-4c34-8926-7e47817c6cd9">
      <id>6336</id>
      <classname>org.openmrs.ConceptAnswer</classname>
      <dateChanged id="277">2010-11-17 12:01:08</dateChanged>
    </org.openmrs.module.metadatasharing.Item>
    <org.openmrs.module.metadatasharing.Item id="278" uuid="3ce28f4c-26fe-102b-80cb-0017a47871b2">
      <id>2287</id>
      <classname>org.openmrs.Concept</classname>
      <dateChanged id="279">2013-09-26 14:59:22</dateChanged>
      <retired>false</retired>
    </org.openmrs.module.metadatasharing.Item>
    <org.openmrs.module.metadatasharing.Item id="280" uuid="3e23d00a-26fe-102b-80cb-0017a47871b2">
      <id>2471</id>
      <classname>org.openmrs.ConceptName</classname>
      <dateChanged id="281">2007-05-18 13:10:40</dateChanged>
    </org.openmrs.module.metadatasharing.Item>
    <org.openmrs.module.metadatasharing.Item id="282" uuid="e41ac867-9683-4d95-932c-3b12bcd86e03">
      <id>24614</id>
      <classname>org.openmrs.ConceptName</classname>
      <dateChanged id="283">2013-09-26 14:53:13</dateChanged>
    </org.openmrs.module.metadatasharing.Item>
    <org.openmrs.module.metadatasharing.Item id="284" uuid="f6838440-d5db-102d-ad2a-000c29c2a5d7">
      <id>11787</id>
      <classname>org.openmrs.ConceptName</classname>
      <dateChanged id="285">2010-06-29 13:04:01</dateChanged>
    </org.openmrs.module.metadatasharing.Item>
    <org.openmrs.module.metadatasharing.Item id="286" uuid="30910222-9707-40e8-9687-6ddae2715ce4">
      <id>24613</id>
      <classname>org.openmrs.ConceptName</classname>
      <dateChanged id="287">2013-09-26 14:50:10</dateChanged>
    </org.openmrs.module.metadatasharing.Item>
    <org.openmrs.module.metadatasharing.Item id="288" uuid="ecf15d50-07fe-102c-b5fa-0017a47871b2">
      <id>2159</id>
      <classname>org.openmrs.ConceptDescription</classname>
      <dateChanged id="289">2011-03-21 14:58:17</dateChanged>
    </org.openmrs.module.metadatasharing.Item>
    <org.openmrs.module.metadatasharing.Item id="290" uuid="b224fcec-4864-102e-96e9-000c29c2a5d7">
      <id>2289</id>
      <classname>org.openmrs.ConceptMap</classname>
      <dateChanged id="291">2012-06-21 16:49:52</dateChanged>
    </org.openmrs.module.metadatasharing.Item>
    <org.openmrs.module.metadatasharing.Item id="292" uuid="c9549ebc-f00c-31e8-934e-05f71dcdc709">
      <id>2289</id>
      <classname>org.openmrs.ConceptReferenceTerm</classname>
      <dateChanged id="293">2010-11-23 00:00:00</dateChanged>
      <retired>false</retired>
    </org.openmrs.module.metadatasharing.Item>
    <org.openmrs.module.metadatasharing.Item id="294" uuid="758d4606-4943-102e-96e9-000c29c2a5d7">
      <id>8102</id>
      <classname>org.openmrs.ConceptMap</classname>
      <dateChanged id="295">2012-06-21 16:49:52</dateChanged>
    </org.openmrs.module.metadatasharing.Item>
    <org.openmrs.module.metadatasharing.Item id="296" uuid="aa9f10cc-474d-34ee-b0af-6fbe4fa2eba4">
      <id>8102</id>
      <classname>org.openmrs.ConceptReferenceTerm</classname>
      <dateChanged id="297">2010-11-24 00:00:00</dateChanged>
      <retired>false</retired>
    </org.openmrs.module.metadatasharing.Item>
    <org.openmrs.module.metadatasharing.Item id="298" uuid="39176fd1-11d1-488e-92ba-264c246969eb">
      <id>6337</id>
      <classname>org.openmrs.ConceptAnswer</classname>
      <dateChanged id="299">2010-11-17 12:05:05</dateChanged>
    </org.openmrs.module.metadatasharing.Item>
    <org.openmrs.module.metadatasharing.Item id="300" uuid="e0d31892-690e-4063-9570-73d103c8efb0">
      <id>6902</id>
      <classname>org.openmrs.Concept</classname>
      <dateChanged id="301">2013-09-26 14:37:49</dateChanged>
      <retired>false</retired>
    </org.openmrs.module.metadatasharing.Item>
    <org.openmrs.module.metadatasharing.Item id="302" uuid="0ef18ed0-1a83-4bbf-98ad-aedb10efd90a">
      <id>24611</id>
      <classname>org.openmrs.ConceptName</classname>
      <dateChanged id="303">2013-09-26 14:37:49</dateChanged>
    </org.openmrs.module.metadatasharing.Item>
    <org.openmrs.module.metadatasharing.Item id="304" uuid="c2c672c7-375f-42ad-a7fa-b8bef91d4440">
      <id>14190</id>
      <classname>org.openmrs.ConceptName</classname>
      <dateChanged id="305">2010-11-17 12:03:57</dateChanged>
    </org.openmrs.module.metadatasharing.Item>
    <org.openmrs.module.metadatasharing.Item id="306" uuid="5974007e-f810-4208-8983-3ec98c7f87ba">
      <id>14189</id>
      <classname>org.openmrs.ConceptName</classname>
      <dateChanged id="307">2010-11-17 12:03:57</dateChanged>
    </org.openmrs.module.metadatasharing.Item>
    <org.openmrs.module.metadatasharing.Item id="308" uuid="a30ab46a-4838-48b5-80eb-60268920005b">
      <id>14188</id>
      <classname>org.openmrs.ConceptName</classname>
      <dateChanged id="309">2010-11-17 12:03:57</dateChanged>
    </org.openmrs.module.metadatasharing.Item>
    <org.openmrs.module.metadatasharing.Item id="310" uuid="33cf9207-7aac-4fe5-b0fe-27146290dd75">
      <id>5351</id>
      <classname>org.openmrs.ConceptDescription</classname>
      <dateChanged id="311">2011-03-21 14:58:17</dateChanged>
    </org.openmrs.module.metadatasharing.Item>
    <org.openmrs.module.metadatasharing.Item id="312" uuid="b2b26eba-4864-102e-96e9-000c29c2a5d7">
      <id>5965</id>
      <classname>org.openmrs.ConceptMap</classname>
      <dateChanged id="313">2012-06-21 16:49:52</dateChanged>
    </org.openmrs.module.metadatasharing.Item>
    <org.openmrs.module.metadatasharing.Item id="314" uuid="e45517cd-9ecd-34fb-886b-35c510e6ad20">
      <id>5965</id>
      <classname>org.openmrs.ConceptReferenceTerm</classname>
      <dateChanged id="315">2010-11-23 00:00:00</dateChanged>
      <retired>false</retired>
    </org.openmrs.module.metadatasharing.Item>
    <org.openmrs.module.metadatasharing.Item id="316" uuid="75b230d8-4943-102e-96e9-000c29c2a5d7">
      <id>11529</id>
      <classname>org.openmrs.ConceptMap</classname>
      <dateChanged id="317">2012-06-21 16:49:52</dateChanged>
    </org.openmrs.module.metadatasharing.Item>
    <org.openmrs.module.metadatasharing.Item id="318" uuid="96b848bd-5722-3311-a831-cdc4458bc2ed">
      <id>11529</id>
      <classname>org.openmrs.ConceptReferenceTerm</classname>
      <dateChanged id="319">2010-11-24 00:00:00</dateChanged>
      <retired>false</retired>
    </org.openmrs.module.metadatasharing.Item>
    <org.openmrs.module.metadatasharing.Item id="320" uuid="e319a340-e6c9-4fc3-a7aa-e283ef961246">
      <id>6338</id>
      <classname>org.openmrs.ConceptAnswer</classname>
      <dateChanged id="321">2010-11-17 12:05:05</dateChanged>
    </org.openmrs.module.metadatasharing.Item>
    <org.openmrs.module.metadatasharing.Item id="322" uuid="03326b32-c15b-472d-91a0-597567657ea5">
      <id>6901</id>
      <classname>org.openmrs.Concept</classname>
      <dateChanged id="323">2013-09-26 14:27:42</dateChanged>
      <retired>false</retired>
    </org.openmrs.module.metadatasharing.Item>
    <org.openmrs.module.metadatasharing.Item id="324" uuid="b29e4c7c-f01b-4c6e-8144-2c8da2e01c44">
      <id>14186</id>
      <classname>org.openmrs.ConceptName</classname>
      <dateChanged id="325">2010-11-17 12:02:42</dateChanged>
    </org.openmrs.module.metadatasharing.Item>
    <org.openmrs.module.metadatasharing.Item id="326" uuid="e88c5454-10d0-461f-9922-df250be4afa2">
      <id>24608</id>
      <classname>org.openmrs.ConceptName</classname>
      <dateChanged id="327">2013-09-26 14:27:41</dateChanged>
    </org.openmrs.module.metadatasharing.Item>
    <org.openmrs.module.metadatasharing.Item id="328" uuid="7599bbfa-a7e2-43a0-9744-0fb4484957ce">
      <id>14187</id>
      <classname>org.openmrs.ConceptName</classname>
      <dateChanged id="329">2010-11-17 12:02:42</dateChanged>
    </org.openmrs.module.metadatasharing.Item>
    <org.openmrs.module.metadatasharing.Item id="330" uuid="330a7169-0172-4b89-9303-cdcbf716025e">
      <id>14185</id>
      <classname>org.openmrs.ConceptName</classname>
      <dateChanged id="331">2010-11-17 12:02:42</dateChanged>
    </org.openmrs.module.metadatasharing.Item>
    <org.openmrs.module.metadatasharing.Item id="332" uuid="9bfcfb79-145c-437e-96eb-80b50a57f670">
      <id>5350</id>
      <classname>org.openmrs.ConceptDescription</classname>
      <dateChanged id="333">2011-03-21 14:58:17</dateChanged>
    </org.openmrs.module.metadatasharing.Item>
    <org.openmrs.module.metadatasharing.Item id="334" uuid="b2b26d2a-4864-102e-96e9-000c29c2a5d7">
      <id>5964</id>
      <classname>org.openmrs.ConceptMap</classname>
      <dateChanged id="335">2012-06-21 16:49:52</dateChanged>
    </org.openmrs.module.metadatasharing.Item>
    <org.openmrs.module.metadatasharing.Item id="336" uuid="ed532742-1fb0-37b0-8ebc-d128836a2434">
      <id>5964</id>
      <classname>org.openmrs.ConceptReferenceTerm</classname>
      <dateChanged id="337">2010-11-23 00:00:00</dateChanged>
      <retired>false</retired>
    </org.openmrs.module.metadatasharing.Item>
    <org.openmrs.module.metadatasharing.Item id="338" uuid="75b22f7a-4943-102e-96e9-000c29c2a5d7">
      <id>11528</id>
      <classname>org.openmrs.ConceptMap</classname>
      <dateChanged id="339">2012-06-21 16:49:52</dateChanged>
    </org.openmrs.module.metadatasharing.Item>
    <org.openmrs.module.metadatasharing.Item id="340" uuid="cc2c7165-8fc0-3f0c-9ae5-57d560439499">
      <id>11528</id>
      <classname>org.openmrs.ConceptReferenceTerm</classname>
      <dateChanged id="341">2010-11-24 00:00:00</dateChanged>
      <retired>false</retired>
    </org.openmrs.module.metadatasharing.Item>
    <org.openmrs.module.metadatasharing.Item id="342" uuid="fe49af3d-489d-4ff1-aa07-cf162dab37d2">
      <id>6479</id>
      <classname>org.openmrs.ConceptAnswer</classname>
      <dateChanged id="343">2011-03-20 09:14:36</dateChanged>
    </org.openmrs.module.metadatasharing.Item>
    <org.openmrs.module.metadatasharing.Item id="344" uuid="811c60c8-197d-4ff3-8c7d-7875aa124965">
      <id>7046</id>
      <classname>org.openmrs.Concept</classname>
      <dateChanged id="345">2013-09-26 14:45:40</dateChanged>
      <retired>false</retired>
    </org.openmrs.module.metadatasharing.Item>
    <org.openmrs.module.metadatasharing.Item id="346" uuid="21ed53cb-d547-4678-bd50-0b692567a8ee">
      <id>24610</id>
      <classname>org.openmrs.ConceptName</classname>
      <dateChanged id="347">2013-09-26 14:45:40</dateChanged>
    </org.openmrs.module.metadatasharing.Item>
    <org.openmrs.module.metadatasharing.Item id="348" uuid="47c28586-43a4-4135-988d-4fa116898278">
      <id>14470</id>
      <classname>org.openmrs.ConceptName</classname>
      <dateChanged id="349">2011-03-20 09:14:16</dateChanged>
    </org.openmrs.module.metadatasharing.Item>
    <org.openmrs.module.metadatasharing.Item id="350" uuid="e7d9b41a-c72b-4d32-8d8a-af7e6dd39654">
      <id>24589</id>
      <classname>org.openmrs.ConceptName</classname>
      <dateChanged id="351">2013-09-19 22:48:01</dateChanged>
    </org.openmrs.module.metadatasharing.Item>
    <org.openmrs.module.metadatasharing.Item id="352" uuid="d75b5892-cafb-416f-9e12-bfa6ce6a64fa">
      <id>24612</id>
      <classname>org.openmrs.ConceptName</classname>
      <dateChanged id="353">2013-09-26 14:45:40</dateChanged>
    </org.openmrs.module.metadatasharing.Item>
    <org.openmrs.module.metadatasharing.Item id="354" uuid="33333f78-a0d9-4b43-a533-2d2fb189b528">
      <id>24609</id>
      <classname>org.openmrs.ConceptName</classname>
      <dateChanged id="355">2013-09-26 14:36:42</dateChanged>
    </org.openmrs.module.metadatasharing.Item>
    <org.openmrs.module.metadatasharing.Item id="356" uuid="0f276b1a-a543-102e-a00e-000c29c2a5d7">
      <id>12071</id>
      <classname>org.openmrs.ConceptMap</classname>
      <dateChanged id="357">2012-06-21 16:49:52</dateChanged>
    </org.openmrs.module.metadatasharing.Item>
    <org.openmrs.module.metadatasharing.Item id="358" uuid="9bdc6dc2-608c-3b1d-b337-77942ac271a4">
      <id>12071</id>
      <classname>org.openmrs.ConceptReferenceTerm</classname>
      <dateChanged id="359">2011-03-21 00:00:00</dateChanged>
      <retired>false</retired>
    </org.openmrs.module.metadatasharing.Item>
    <org.openmrs.module.metadatasharing.Item id="360" uuid="cf1aa1cc-a542-102e-a00e-000c29c2a5d7">
      <id>12006</id>
      <classname>org.openmrs.ConceptMap</classname>
      <dateChanged id="361">2012-06-21 16:49:52</dateChanged>
    </org.openmrs.module.metadatasharing.Item>
    <org.openmrs.module.metadatasharing.Item id="362" uuid="0878411a-35f2-3852-a59a-a266de9b8571">
      <id>12006</id>
      <classname>org.openmrs.ConceptReferenceTerm</classname>
      <dateChanged id="363">2011-03-21 00:00:00</dateChanged>
      <retired>false</retired>
    </org.openmrs.module.metadatasharing.Item>
    <org.openmrs.module.metadatasharing.Item id="364" uuid="16534d41-55b3-49f9-accf-3e6f45614f8b">
      <id>5004</id>
      <classname>org.openmrs.ConceptDescription</classname>
      <dateChanged id="365">2011-03-21 14:58:17</dateChanged>
    </org.openmrs.module.metadatasharing.Item>
    <org.openmrs.module.metadatasharing.Item id="366" uuid="70741a91-ffc9-4df8-9e55-dc3ef12f6f8d">
      <id>19137</id>
      <classname>org.openmrs.ConceptMap</classname>
      <dateChanged id="367">2013-09-09 19:44:24</dateChanged>
    </org.openmrs.module.metadatasharing.Item>
    <org.openmrs.module.metadatasharing.Item id="368" uuid="4b9d9421-7d8c-11e1-909d-c80aa9edcf4e">
      <id>3</id>
      <classname>org.openmrs.ConceptMapType</classname>
      <dateChanged id="369">2012-06-21 00:00:00</dateChanged>
      <retired>false</retired>
    </org.openmrs.module.metadatasharing.Item>
    <org.openmrs.module.metadatasharing.Item id="370" uuid="58463eca-b1e6-45d2-956e-06df66ff64e9">
      <id>18984</id>
      <classname>org.openmrs.ConceptReferenceTerm</classname>
      <dateChanged id="371">2013-09-09 19:44:08</dateChanged>
      <retired>false</retired>
    </org.openmrs.module.metadatasharing.Item>
    <org.openmrs.module.metadatasharing.Item id="372" uuid="108347de-d5f6-49b8-9eb2-71436a55bc0f">
      <id>20065</id>
      <classname>org.openmrs.ConceptMap</classname>
      <dateChanged id="373">2013-10-01 19:54:51</dateChanged>
    </org.openmrs.module.metadatasharing.Item>
    <org.openmrs.module.metadatasharing.Item id="374" uuid="0b624a73-17ec-4078-ba4d-18f25cbbaf74">
      <id>19938</id>
      <classname>org.openmrs.ConceptReferenceTerm</classname>
      <dateChanged id="375">2013-10-01 19:54:29</dateChanged>
      <retired>false</retired>
    </org.openmrs.module.metadatasharing.Item>
    <org.openmrs.module.metadatasharing.Item id="376" uuid="b2aef956-4864-102e-96e9-000c29c2a5d7">
      <id>5479</id>
      <classname>org.openmrs.ConceptMap</classname>
      <dateChanged id="377">2012-06-21 16:49:52</dateChanged>
    </org.openmrs.module.metadatasharing.Item>
    <org.openmrs.module.metadatasharing.Item id="378" uuid="7789e06f-103c-3f20-919f-64b61e35813a">
      <id>5479</id>
      <classname>org.openmrs.ConceptReferenceTerm</classname>
      <dateChanged id="379">2010-11-23 00:00:00</dateChanged>
      <retired>false</retired>
    </org.openmrs.module.metadatasharing.Item>
    <org.openmrs.module.metadatasharing.Item id="380" uuid="75af52aa-4943-102e-96e9-000c29c2a5d7">
      <id>11054</id>
      <classname>org.openmrs.ConceptMap</classname>
      <dateChanged id="381">2012-06-21 16:49:52</dateChanged>
    </org.openmrs.module.metadatasharing.Item>
    <org.openmrs.module.metadatasharing.Item id="382" uuid="46639f33-2e96-3ba9-b15c-36c67639eed0">
      <id>11054</id>
      <classname>org.openmrs.ConceptReferenceTerm</classname>
      <dateChanged id="383">2010-11-24 00:00:00</dateChanged>
      <retired>false</retired>
    </org.openmrs.module.metadatasharing.Item>
    <org.openmrs.module.metadatasharing.Item id="384" uuid="efa91828-90a2-441e-a01d-a992b7314b7a">
      <id>4589</id>
      <classname>org.openmrs.ConceptSet</classname>
      <dateChanged id="385">2013-09-04 21:57:14</dateChanged>
    </org.openmrs.module.metadatasharing.Item>
    <org.openmrs.module.metadatasharing.Item id="386" uuid="ef7f742b-76e6-4a83-84ca-534ad6705494">
      <id>9072</id>
      <classname>org.openmrs.Concept</classname>
      <dateChanged id="387">2013-09-04 21:55:57</dateChanged>
      <retired>false</retired>
    </org.openmrs.module.metadatasharing.Item>
    <org.openmrs.module.metadatasharing.Item id="388" uuid="4369a18f-1c8d-483e-a2b0-9b382964afc6">
      <id>23558</id>
      <classname>org.openmrs.ConceptName</classname>
      <dateChanged id="389">2013-09-04 21:55:11</dateChanged>
    </org.openmrs.module.metadatasharing.Item>
    <org.openmrs.module.metadatasharing.Item id="390" uuid="49dfe9e7-d6ee-4c2c-9155-4dab31668db4">
      <id>6385</id>
      <classname>org.openmrs.ConceptDescription</classname>
      <dateChanged id="391">2013-09-04 21:55:11</dateChanged>
    </org.openmrs.module.metadatasharing.Item>
    <org.openmrs.module.metadatasharing.Item id="392" uuid="01360d6f-6c8c-49e4-86dc-7521c0824cbe">
      <id>19132</id>
      <classname>org.openmrs.ConceptMap</classname>
      <dateChanged id="393">2013-09-04 21:55:57</dateChanged>
    </org.openmrs.module.metadatasharing.Item>
    <org.openmrs.module.metadatasharing.Item id="394" uuid="62b41654-ac12-470b-9c79-88cff1c63089">
      <id>18979</id>
      <classname>org.openmrs.ConceptReferenceTerm</classname>
      <dateChanged id="395">2013-09-04 21:55:36</dateChanged>
      <retired>false</retired>
    </org.openmrs.module.metadatasharing.Item>
    <org.openmrs.module.metadatasharing.Item id="396" uuid="5afacc24-a1d2-4670-9751-efbd5ca66b24">
      <id>6383</id>
      <classname>org.openmrs.ConceptDescription</classname>
      <dateChanged id="397">2013-08-29 20:10:39</dateChanged>
    </org.openmrs.module.metadatasharing.Item>
    <org.openmrs.module.metadatasharing.Item id="398" uuid="50639ccb-0d00-4ee8-a424-e07f8b8a6486">
      <id>19120</id>
      <classname>org.openmrs.ConceptMap</classname>
      <dateChanged id="399">2013-09-09 19:13:03</dateChanged>
    </org.openmrs.module.metadatasharing.Item>
    <org.openmrs.module.metadatasharing.Item id="400" uuid="23658bce-a623-4975-9523-a500e45b6a73">
      <id>18968</id>
      <classname>org.openmrs.ConceptReferenceTerm</classname>
      <dateChanged id="401">2013-08-29 21:01:43</dateChanged>
      <retired>false</retired>
    </org.openmrs.module.metadatasharing.Item>
    <org.openmrs.module.metadatasharing.Item id="402" uuid="74f42c5e-e996-40e2-bf90-374d97a8bad2">
      <id>19121</id>
      <classname>org.openmrs.ConceptMap</classname>
      <dateChanged id="403">2013-08-29 21:01:59</dateChanged>
    </org.openmrs.module.metadatasharing.Item>
    <org.openmrs.module.metadatasharing.Item id="404" uuid="c9bd00ea-20b6-47a7-bf2c-26cada992fe6">
      <id>18967</id>
      <classname>org.openmrs.ConceptReferenceTerm</classname>
      <dateChanged id="405">2013-08-29 21:00:50</dateChanged>
      <retired>false</retired>
    </org.openmrs.module.metadatasharing.Item>
    <org.openmrs.module.metadatasharing.Item id="406" uuid="c7e6a469-49f1-4562-ac85-4ee678cd02dc">
      <id>20058</id>
      <classname>org.openmrs.ConceptMap</classname>
      <dateChanged id="407">2013-10-01 16:39:50</dateChanged>
    </org.openmrs.module.metadatasharing.Item>
    <org.openmrs.module.metadatasharing.Item id="408" uuid="9ebe482a-38c7-4d62-8c5b-71c131972ac4">
      <id>19931</id>
      <classname>org.openmrs.ConceptReferenceTerm</classname>
      <dateChanged id="409">2013-10-01 16:38:37</dateChanged>
      <retired>false</retired>
    </org.openmrs.module.metadatasharing.Item>
    <org.openmrs.module.metadatasharing.Item id="410" uuid="b3a755e7-c841-446c-8716-4e32d86e3881">
      <id>24628</id>
      <classname>org.openmrs.ConceptName</classname>
      <dateChanged id="411">2013-10-09 19:23:14</dateChanged>
    </org.openmrs.module.metadatasharing.Item>
    <org.openmrs.module.metadatasharing.Item id="412" uuid="0797a45e-6274-4c63-91e6-47cdf1eeb01b">
      <id>24626</id>
      <classname>org.openmrs.ConceptName</classname>
      <dateChanged id="413">2013-10-09 19:23:14</dateChanged>
    </org.openmrs.module.metadatasharing.Item>
    <org.openmrs.module.metadatasharing.Item id="414" uuid="a1141dfb-537c-4d22-8341-79472aecaad6">
      <id>24627</id>
      <classname>org.openmrs.ConceptName</classname>
      <dateChanged id="415">2013-10-09 19:19:17</dateChanged>
    </org.openmrs.module.metadatasharing.Item>
    <org.openmrs.module.metadatasharing.Item id="416" uuid="d78ea406-1558-46ae-a3d0-d8d8f1536e30">
      <id>9032</id>
      <classname>org.openmrs.ConceptAnswer</classname>
      <dateChanged id="417">2013-10-09 19:19:17</dateChanged>
    </org.openmrs.module.metadatasharing.Item>
    <org.openmrs.module.metadatasharing.Item id="418" uuid="eefba61c-17c5-40ee-bddc-08e64d39e9b1">
      <id>7384</id>
      <classname>org.openmrs.Concept</classname>
      <dateChanged id="419">2011-08-04 18:45:34</dateChanged>
      <retired>false</retired>
    </org.openmrs.module.metadatasharing.Item>
    <org.openmrs.module.metadatasharing.Item id="420" uuid="f28e3009-1f5b-4e61-b5a1-fb6bb233fe6d">
      <id>15042</id>
      <classname>org.openmrs.ConceptName</classname>
      <dateChanged id="421">2011-08-04 18:45:16</dateChanged>
    </org.openmrs.module.metadatasharing.Item>
    <org.openmrs.module.metadatasharing.Item id="422" uuid="ec94bff6-a4a3-4955-98c4-bbf2dd20a24c">
      <id>5644</id>
      <classname>org.openmrs.ConceptDescription</classname>
      <dateChanged id="423">2011-08-04 18:45:34</dateChanged>
    </org.openmrs.module.metadatasharing.Item>
    <org.openmrs.module.metadatasharing.Item id="424" uuid="db2178f9-e8e0-42ca-8143-5bd8dd3b5472">
      <id>13019</id>
      <classname>org.openmrs.ConceptMap</classname>
      <dateChanged id="425">2012-06-21 16:49:52</dateChanged>
    </org.openmrs.module.metadatasharing.Item>
    <org.openmrs.module.metadatasharing.Item id="426" uuid="a98a7823-8991-3c85-947a-5e32dd2060d1">
      <id>13019</id>
      <classname>org.openmrs.ConceptReferenceTerm</classname>
      <dateChanged id="427">2011-08-04 00:00:00</dateChanged>
      <retired>false</retired>
    </org.openmrs.module.metadatasharing.Item>
    <org.openmrs.module.metadatasharing.Item id="428" uuid="75579eaa-1938-422d-b481-e3f19afcb954">
      <id>13020</id>
      <classname>org.openmrs.ConceptMap</classname>
      <dateChanged id="429">2012-06-21 16:49:52</dateChanged>
    </org.openmrs.module.metadatasharing.Item>
    <org.openmrs.module.metadatasharing.Item id="430" uuid="9578025a-2479-33bb-b731-6eecff04025c">
      <id>13020</id>
      <classname>org.openmrs.ConceptReferenceTerm</classname>
      <dateChanged id="431">2011-08-04 00:00:00</dateChanged>
      <retired>false</retired>
    </org.openmrs.module.metadatasharing.Item>
    <org.openmrs.module.metadatasharing.Item id="432" uuid="510dd2e3-7843-488c-971e-590f4cdd522b">
      <id>9033</id>
      <classname>org.openmrs.ConceptAnswer</classname>
      <dateChanged id="433">2013-10-09 19:22:30</dateChanged>
    </org.openmrs.module.metadatasharing.Item>
    <org.openmrs.module.metadatasharing.Item id="434" uuid="3cda41f2-26fe-102b-80cb-0017a47871b2">
      <id>1429</id>
      <classname>org.openmrs.Concept</classname>
      <dateChanged id="435">2013-10-09 19:24:26</dateChanged>
      <retired>false</retired>
    </org.openmrs.module.metadatasharing.Item>
    <org.openmrs.module.metadatasharing.Item id="436" uuid="f60f3ea0-d5db-102d-ad2a-000c29c2a5d7">
      <id>10942</id>
      <classname>org.openmrs.ConceptName</classname>
      <dateChanged id="437">2010-06-29 13:03:17</dateChanged>
    </org.openmrs.module.metadatasharing.Item>
    <org.openmrs.module.metadatasharing.Item id="438" uuid="3e19f602-26fe-102b-80cb-0017a47871b2">
      <id>1545</id>
      <classname>org.openmrs.ConceptName</classname>
      <dateChanged id="439">2006-09-27 19:58:49</dateChanged>
    </org.openmrs.module.metadatasharing.Item>
    <org.openmrs.module.metadatasharing.Item id="440" uuid="ece8a7fa-07fe-102c-b5fa-0017a47871b2">
      <id>1457</id>
      <classname>org.openmrs.ConceptDescription</classname>
      <dateChanged id="441">2006-09-27 19:58:49</dateChanged>
    </org.openmrs.module.metadatasharing.Item>
    <org.openmrs.module.metadatasharing.Item id="442" uuid="b21217ee-4864-102e-96e9-000c29c2a5d7">
      <id>1431</id>
      <classname>org.openmrs.ConceptMap</classname>
      <dateChanged id="443">2012-06-21 16:49:52</dateChanged>
    </org.openmrs.module.metadatasharing.Item>
    <org.openmrs.module.metadatasharing.Item id="444" uuid="13da6bf4-b785-30c9-83ed-3429de677b4d">
      <id>1431</id>
      <classname>org.openmrs.ConceptReferenceTerm</classname>
      <dateChanged id="445">2010-11-23 00:00:00</dateChanged>
      <retired>false</retired>
    </org.openmrs.module.metadatasharing.Item>
    <org.openmrs.module.metadatasharing.Item id="446" uuid="757207c4-4943-102e-96e9-000c29c2a5d7">
      <id>7262</id>
      <classname>org.openmrs.ConceptMap</classname>
      <dateChanged id="447">2012-06-21 16:49:52</dateChanged>
    </org.openmrs.module.metadatasharing.Item>
    <org.openmrs.module.metadatasharing.Item id="448" uuid="cc75a36c-41be-3aa3-8c6d-1997c898dd25">
      <id>7262</id>
      <classname>org.openmrs.ConceptReferenceTerm</classname>
      <dateChanged id="449">2010-11-24 00:00:00</dateChanged>
      <retired>false</retired>
    </org.openmrs.module.metadatasharing.Item>
    <org.openmrs.module.metadatasharing.Item id="450" uuid="8febd5bf-12e9-412a-b3b8-02c99526fd7a">
      <id>6395</id>
      <classname>org.openmrs.ConceptDescription</classname>
      <dateChanged id="451">2013-10-09 19:19:17</dateChanged>
    </org.openmrs.module.metadatasharing.Item>
    <org.openmrs.module.metadatasharing.Item id="452" uuid="9f8fa55d-4452-44d0-aa96-5df291797917">
      <id>20076</id>
      <classname>org.openmrs.ConceptMap</classname>
      <dateChanged id="453">2013-10-09 19:22:30</dateChanged>
    </org.openmrs.module.metadatasharing.Item>
    <org.openmrs.module.metadatasharing.Item id="454" uuid="69edd235-dae1-4e85-a241-edfb0087fca2">
      <id>19949</id>
      <classname>org.openmrs.ConceptReferenceTerm</classname>
      <dateChanged id="455">2013-10-09 19:21:33</dateChanged>
      <retired>false</retired>
    </org.openmrs.module.metadatasharing.Item>
    <org.openmrs.module.metadatasharing.Item id="456" uuid="5ec8180d-524c-414e-872a-e849022b919d">
      <id>20077</id>
      <classname>org.openmrs.ConceptMap</classname>
      <dateChanged id="457">2013-10-09 19:22:30</dateChanged>
    </org.openmrs.module.metadatasharing.Item>
    <org.openmrs.module.metadatasharing.Item id="458" uuid="b7b55643-9a1a-4bd7-b339-9f94bbfb9c60">
      <id>19950</id>
      <classname>org.openmrs.ConceptReferenceTerm</classname>
      <dateChanged id="459">2013-10-09 19:21:54</dateChanged>
      <retired>false</retired>
    </org.openmrs.module.metadatasharing.Item>
    <org.openmrs.module.metadatasharing.Item id="460" uuid="3bc2d2a3-1150-49a7-8810-cbda03fc5915">
      <id>20080</id>
      <classname>org.openmrs.ConceptMap</classname>
      <dateChanged id="461">2013-10-16 20:08:13</dateChanged>
    </org.openmrs.module.metadatasharing.Item>
    <org.openmrs.module.metadatasharing.Item id="462" uuid="73c93402-0ca6-4e2d-a8ab-86540ee5f6cf">
      <id>19953</id>
      <classname>org.openmrs.ConceptReferenceTerm</classname>
      <dateChanged id="463">2013-10-16 19:51:57</dateChanged>
      <retired>false</retired>
    </org.openmrs.module.metadatasharing.Item>
  </relatedItems>
  <incrementalVersion>false</incrementalVersion>
</package>
