<?xml version="1.0" encoding="UTF-8"?>
<list id="1">
  <org.openmrs.Concept id="2" uuid="a25c557d-fe86-415c-befe-a2b3713a59e8">
    <conceptId>11952</conceptId>
    <retired>false</retired>
    <datatype id="3" resolves-to="org.openmrs.ConceptDatatype" uuid="8d4a48b6-c2cc-11de-8d13-0010c6dffd0f">
      <name>Coded</name>
      <description>Value determined by term dictionary lookup (i.e., term identifier)</description>
      <creator/>
      <dateCreated id="4">2004-02-02 05:00:00</dateCreated>
      <retired>false</retired>
      <conceptDatatypeId>2</conceptDatatypeId>
      <hl7Abbreviation>CWE</hl7Abbreviation>
    </datatype>
    <conceptClass id="5" resolves-to="org.openmrs.ConceptClass" uuid="8d491e50-c2cc-11de-8d13-0010c6dffd0f">
      <name>Question</name>
      <description>Question (eg, patient history, SF36 items)</description>
      <creator/>
      <dateCreated id="6">2015-07-01 17:25:50</dateCreated>
      <retired>false</retired>
      <conceptClassId>7</conceptClassId>
    </conceptClass>
    <set>false</set>
    <creator/>
    <dateCreated id="7">2019-02-08 22:21:15</dateCreated>
    <changedBy/>
    <dateChanged id="8">2019-02-08 22:22:04</dateChanged>
    <names class="set" id="9">
      <org.openmrs.ConceptName id="10" uuid="43cbc6d9-0642-43af-950c-8de6faf707da">
        <conceptNameId>38080</conceptNameId>
        <concept reference="2"/>
        <name>Ebola survivor</name>
        <locale id="11">en</locale>
        <creator/>
        <dateCreated id="12">2019-02-08 22:21:15</dateCreated>
        <voided>false</voided>
        <tags class="set" id="13"/>
        <conceptNameType>FULLY_SPECIFIED</conceptNameType>
        <localePreferred>true</localePreferred>
      </org.openmrs.ConceptName>
    </names>
    <answers class="set" id="14">
      <org.openmrs.ConceptAnswer id="15" uuid="37415c02-572e-443a-bc3b-5c60bf43bb98">
        <conceptAnswerId>10667</conceptAnswerId>
        <concept reference="2"/>
        <answerConcept id="16" resolves-to="org.openmrs.Concept" uuid="3cd6f86c-26fe-102b-80cb-0017a47871b2">
          <conceptId>1066</conceptId>
          <retired>false</retired>
          <datatype id="17" resolves-to="org.openmrs.ConceptDatatype" uuid="8d4a4c94-c2cc-11de-8d13-0010c6dffd0f">
            <name>N/A</name>
            <description>Not associated with a datatype (e.g., term answers, sets)</description>
            <creator/>
            <dateCreated id="18">2004-02-02 05:00:00</dateCreated>
            <retired>false</retired>
            <conceptDatatypeId>4</conceptDatatypeId>
            <hl7Abbreviation>ZZ</hl7Abbreviation>
          </datatype>
          <conceptClass id="19" resolves-to="org.openmrs.ConceptClass" uuid="8d492774-c2cc-11de-8d13-0010c6dffd0f">
            <name>Misc</name>
            <description>Terms which don&apos;t fit other categories</description>
            <creator/>
            <dateCreated id="20">2015-07-01 17:25:50</dateCreated>
            <retired>false</retired>
            <conceptClassId>11</conceptClassId>
          </conceptClass>
          <set>false</set>
          <creator/>
          <dateCreated id="21">2015-04-22 14:28:45</dateCreated>
          <changedBy/>
          <dateChanged id="22">2018-12-19 21:06:35</dateChanged>
          <names class="set" id="23">
            <org.openmrs.ConceptName id="24" uuid="139803BBBBBBBBBBBBBBBBBBBBBBBBBBBBBB">
              <conceptNameId>32262</conceptNameId>
              <concept reference="16"/>
              <name>نہیں</name>
              <locale id="25">ur</locale>
              <creator/>
              <dateCreated id="26">2016-08-16 11:48:25</dateCreated>
              <voided>false</voided>
              <tags class="set" id="27"/>
              <conceptNameType>FULLY_SPECIFIED</conceptNameType>
              <localePreferred>true</localePreferred>
            </org.openmrs.ConceptName>
            <org.openmrs.ConceptName id="28" uuid="3e151786-26fe-102b-80cb-0017a47871b2">
              <conceptNameId>8310</conceptNameId>
              <concept reference="16"/>
              <name>No</name>
              <locale id="29">en</locale>
              <creator/>
              <dateCreated id="30">2015-04-22 14:28:45</dateCreated>
              <voided>false</voided>
              <tags class="set" id="31"/>
              <conceptNameType>FULLY_SPECIFIED</conceptNameType>
              <localePreferred>true</localePreferred>
            </org.openmrs.ConceptName>
            <org.openmrs.ConceptName id="32" uuid="126360BBBBBBBBBBBBBBBBBBBBBBBBBBBBBB">
              <conceptNameId>29715</conceptNameId>
              <concept reference="16"/>
              <name>Falso</name>
              <locale id="33">it</locale>
              <creator/>
              <dateCreated id="34">2014-10-11 19:48:46</dateCreated>
              <voided>false</voided>
              <tags class="set" id="35"/>
              <localePreferred>false</localePreferred>
            </org.openmrs.ConceptName>
            <org.openmrs.ConceptName id="36" uuid="108334BBBBBBBBBBBBBBBBBBBBBBBBBBBBBB">
              <conceptNameId>29712</conceptNameId>
              <concept reference="16"/>
              <name>No</name>
              <locale id="37">es</locale>
              <creator/>
              <dateCreated id="38">2012-03-04 23:58:47</dateCreated>
              <voided>false</voided>
              <tags class="set" id="39"/>
              <conceptNameType>FULLY_SPECIFIED</conceptNameType>
              <localePreferred>true</localePreferred>
            </org.openmrs.ConceptName>
            <org.openmrs.ConceptName id="40" uuid="111196BBBBBBBBBBBBBBBBBBBBBBBBBBBBBB">
              <conceptNameId>29717</conceptNameId>
              <concept reference="16"/>
              <name>Нет</name>
              <locale id="41">ru</locale>
              <creator/>
              <dateCreated id="42">2013-01-27 06:40:38</dateCreated>
              <voided>false</voided>
              <tags class="set" id="43"/>
              <conceptNameType>FULLY_SPECIFIED</conceptNameType>
              <localePreferred>true</localePreferred>
            </org.openmrs.ConceptName>
            <org.openmrs.ConceptName id="44" uuid="126357BBBBBBBBBBBBBBBBBBBBBBBBBBBBBB">
              <conceptNameId>29709</conceptNameId>
              <concept reference="16"/>
              <name>Faux</name>
              <locale id="45">fr</locale>
              <creator/>
              <dateCreated id="46">2014-10-11 19:48:46</dateCreated>
              <voided>false</voided>
              <tags class="set" id="47"/>
              <localePreferred>false</localePreferred>
            </org.openmrs.ConceptName>
            <org.openmrs.ConceptName id="48" uuid="5bcc9a17-0a17-4075-84d4-f09882cfaa18">
              <conceptNameId>17939</conceptNameId>
              <concept reference="16"/>
              <name>Non</name>
              <locale id="49">ht</locale>
              <creator/>
              <dateCreated id="50">2015-04-22 14:28:45</dateCreated>
              <voided>false</voided>
              <tags class="set" id="51"/>
              <conceptNameType>FULLY_SPECIFIED</conceptNameType>
              <localePreferred>true</localePreferred>
            </org.openmrs.ConceptName>
            <org.openmrs.ConceptName id="52" uuid="106917BBBBBBBBBBBBBBBBBBBBBBBBBBBBBB">
              <conceptNameId>29711</conceptNameId>
              <concept reference="16"/>
              <name>ኣይትጥቀምን</name>
              <locale id="53">ti</locale>
              <creator/>
              <dateCreated id="54">2010-10-24 20:04:03</dateCreated>
              <voided>false</voided>
              <tags class="set" id="55"/>
              <conceptNameType>FULLY_SPECIFIED</conceptNameType>
              <localePreferred>true</localePreferred>
            </org.openmrs.ConceptName>
            <org.openmrs.ConceptName id="56" uuid="126358BBBBBBBBBBBBBBBBBBBBBBBBBBBBBB">
              <conceptNameId>29718</conceptNameId>
              <concept reference="16"/>
              <name>Falso</name>
              <locale id="57">es</locale>
              <creator/>
              <dateCreated id="58">2014-10-11 19:48:46</dateCreated>
              <voided>false</voided>
              <tags class="set" id="59"/>
              <localePreferred>false</localePreferred>
            </org.openmrs.ConceptName>
            <org.openmrs.ConceptName id="60" uuid="743d14ca-dd31-4ed7-8bfb-b2e4c98a2609">
              <conceptNameId>17940</conceptNameId>
              <concept reference="16"/>
              <name>Non</name>
              <locale id="61">fr</locale>
              <creator/>
              <dateCreated id="62">2015-04-22 14:28:45</dateCreated>
              <voided>false</voided>
              <tags class="set" id="63"/>
              <conceptNameType>FULLY_SPECIFIED</conceptNameType>
              <localePreferred>true</localePreferred>
            </org.openmrs.ConceptName>
            <org.openmrs.ConceptName id="64" uuid="106308BBBBBBBBBBBBBBBBBBBBBBBBBBBBBB">
              <conceptNameId>29713</conceptNameId>
              <concept reference="16"/>
              <name>Muzima</name>
              <locale id="65">rw</locale>
              <creator/>
              <dateCreated id="66">2010-06-21 23:11:53</dateCreated>
              <voided>false</voided>
              <tags class="set" id="67"/>
              <conceptNameType>FULLY_SPECIFIED</conceptNameType>
              <localePreferred>true</localePreferred>
            </org.openmrs.ConceptName>
            <org.openmrs.ConceptName id="68" uuid="126362BBBBBBBBBBBBBBBBBBBBBBBBBBBBBB">
              <conceptNameId>29716</conceptNameId>
              <concept reference="16"/>
              <name>Falso</name>
              <locale id="69">pt</locale>
              <creator/>
              <dateCreated id="70">2014-10-11 19:48:46</dateCreated>
              <voided>false</voided>
              <tags class="set" id="71"/>
              <localePreferred>false</localePreferred>
            </org.openmrs.ConceptName>
            <org.openmrs.ConceptName id="72" uuid="137334BBBBBBBBBBBBBBBBBBBBBBBBBBBBBB">
              <conceptNameId>32261</conceptNameId>
              <concept reference="16"/>
              <name>Fo</name>
              <locale id="73">ht</locale>
              <creator/>
              <dateCreated id="74">2016-07-10 05:49:06</dateCreated>
              <voided>false</voided>
              <tags class="set" id="75"/>
              <localePreferred>false</localePreferred>
            </org.openmrs.ConceptName>
            <org.openmrs.ConceptName id="76" uuid="126359BBBBBBBBBBBBBBBBBBBBBBBBBBBBBB">
              <conceptNameId>29710</conceptNameId>
              <concept reference="16"/>
              <name>No</name>
              <locale id="77">it</locale>
              <creator/>
              <dateCreated id="78">2014-10-11 19:48:46</dateCreated>
              <voided>false</voided>
              <tags class="set" id="79"/>
              <conceptNameType>FULLY_SPECIFIED</conceptNameType>
              <localePreferred>true</localePreferred>
            </org.openmrs.ConceptName>
            <org.openmrs.ConceptName id="80" uuid="127333BBBBBBBBBBBBBBBBBBBBBBBBBBBBBB">
              <conceptNameId>29714</conceptNameId>
              <concept reference="16"/>
              <name>না</name>
              <locale id="81">bn</locale>
              <creator/>
              <dateCreated id="82">2015-04-24 21:18:07</dateCreated>
              <voided>false</voided>
              <tags class="set" id="83"/>
              <conceptNameType>FULLY_SPECIFIED</conceptNameType>
              <localePreferred>true</localePreferred>
            </org.openmrs.ConceptName>
            <org.openmrs.ConceptName id="84" uuid="126361BBBBBBBBBBBBBBBBBBBBBBBBBBBBBB">
              <conceptNameId>29708</conceptNameId>
              <concept reference="16"/>
              <name>Não</name>
              <locale id="85">pt</locale>
              <creator/>
              <dateCreated id="86">2014-10-11 19:48:46</dateCreated>
              <voided>false</voided>
              <tags class="set" id="87"/>
              <conceptNameType>FULLY_SPECIFIED</conceptNameType>
              <localePreferred>true</localePreferred>
            </org.openmrs.ConceptName>
            <org.openmrs.ConceptName id="88" uuid="126356BBBBBBBBBBBBBBBBBBBBBBBBBBBBBB">
              <conceptNameId>29719</conceptNameId>
              <concept reference="16"/>
              <name>False</name>
              <locale id="89">en</locale>
              <creator/>
              <dateCreated id="90">2014-10-11 19:48:46</dateCreated>
              <voided>false</voided>
              <tags class="set" id="91"/>
              <localePreferred>false</localePreferred>
            </org.openmrs.ConceptName>
          </names>
          <answers class="set" id="92"/>
          <conceptSets class="set" id="93"/>
          <descriptions class="set" id="94">
            <org.openmrs.ConceptDescription id="95" uuid="18159FFFFFFFFFFFFFFFFFFFFFFFFFFFFFFF">
              <conceptDescriptionId>7126</conceptDescriptionId>
              <concept reference="16"/>
              <description>کسی سوال کا عام جواب</description>
              <locale id="96">ur</locale>
              <creator/>
              <dateCreated id="97">2016-08-16 11:48:25</dateCreated>
            </org.openmrs.ConceptDescription>
            <org.openmrs.ConceptDescription id="98" uuid="d07abafd-ea95-4edd-9c84-ee85592fc91f">
              <conceptDescriptionId>1077</conceptDescriptionId>
              <concept reference="16"/>
              <description>Generic answer to question.</description>
              <locale id="99">en</locale>
              <creator/>
              <dateCreated id="100">2015-04-22 14:28:45</dateCreated>
              <changedBy/>
              <dateChanged id="101">2015-04-22 14:28:45</dateChanged>
            </org.openmrs.ConceptDescription>
            <org.openmrs.ConceptDescription id="102" uuid="1069FFFFFFFFFFFFFFFFFFFFFFFFFFFFFFFF">
              <conceptDescriptionId>6867</conceptDescriptionId>
              <concept reference="16"/>
              <description>Generic answer to a question.</description>
              <locale id="103">en</locale>
              <creator/>
              <dateCreated id="104">2005-01-06 05:00:00</dateCreated>
              <dateChanged id="105">2015-04-24 21:18:07</dateChanged>
            </org.openmrs.ConceptDescription>
          </descriptions>
          <conceptMappings class="set" id="106">
            <org.openmrs.ConceptMap id="107" uuid="aefacf53-8e8e-4ed0-9d32-cbd1d14c6639">
              <conceptMapType id="108" resolves-to="org.openmrs.ConceptMapType" uuid="35543629-7d8c-11e1-909d-c80aa9edcf4e">
                <name>SAME-AS</name>
                <creator/>
                <dateCreated id="109">2012-06-21 00:00:00</dateCreated>
                <retired>false</retired>
                <conceptMapTypeId>1</conceptMapTypeId>
                <isHidden>false</isHidden>
              </conceptMapType>
              <creator/>
              <changedBy/>
              <dateCreated id="110">2015-04-22 14:28:45</dateCreated>
              <dateChanged id="111">2015-04-22 14:28:45</dateChanged>
              <conceptMapId>12989</conceptMapId>
              <concept reference="16"/>
              <conceptReferenceTerm id="112" resolves-to="org.openmrs.ConceptReferenceTerm" uuid="bfdf9e0c-a208-31e8-9df4-45eccc2ea9e7">
                <creator/>
                <dateCreated id="113">2011-07-22 00:00:00</dateCreated>
                <retired>false</retired>
                <conceptReferenceTermId>12989</conceptReferenceTermId>
                <conceptSource id="114" resolves-to="org.openmrs.ConceptSource" uuid="fb9aaaf1-65e2-4c18-b53c-16b575f2f385">
                  <name>PIH</name>
                  <description>Partners In Health concept dictionary using concept ids and preferred English names</description>
                  <creator/>
                  <dateCreated id="115">2015-07-01 17:25:50</dateCreated>
                  <retired>false</retired>
                  <conceptSourceId>5</conceptSourceId>
                </conceptSource>
                <code>NO</code>
                <conceptReferenceTermMaps id="116"/>
              </conceptReferenceTerm>
            </org.openmrs.ConceptMap>
            <org.openmrs.ConceptMap id="117" uuid="144379ABBBBBBBBBBBBBBBBBBBBBBBBBBBBB">
              <conceptMapType reference="108"/>
              <creator/>
              <dateCreated id="118">2012-06-03 21:57:05</dateCreated>
              <conceptMapId>27572</conceptMapId>
              <concept reference="16"/>
              <conceptReferenceTerm id="119" resolves-to="org.openmrs.ConceptReferenceTerm" uuid="170e452e-c092-32c9-b974-23f0bca960bd">
                <creator/>
                <dateCreated id="120">2012-06-03 04:00:00</dateCreated>
                <retired>false</retired>
                <conceptReferenceTermId>26889</conceptReferenceTermId>
                <conceptSource id="121" resolves-to="org.openmrs.ConceptSource" uuid="12ADDDDDDDDDDDDDDDDDDDDDDDDDDDDDDDDD">
                  <name>PIH Malawi</name>
                  <description>Partners in Health Malawi concept dictionary</description>
                  <creator/>
                  <dateCreated id="122">2015-07-01 17:25:50</dateCreated>
                  <retired>false</retired>
                  <conceptSourceId>24</conceptSourceId>
                </conceptSource>
                <code>1066</code>
                <conceptReferenceTermMaps id="123"/>
              </conceptReferenceTerm>
            </org.openmrs.ConceptMap>
            <org.openmrs.ConceptMap id="124" uuid="134738ABBBBBBBBBBBBBBBBBBBBBBBBBBBBB">
              <conceptMapType reference="108"/>
              <creator/>
              <dateCreated id="125">2010-10-24 17:09:59</dateCreated>
              <conceptMapId>27571</conceptMapId>
              <concept reference="16"/>
              <conceptReferenceTerm id="126" resolves-to="org.openmrs.ConceptReferenceTerm" uuid="f2531812-ebad-3a19-bf74-9b35025659e5">
                <creator/>
                <dateCreated id="127">2010-10-24 04:00:00</dateCreated>
                <retired>false</retired>
                <conceptReferenceTermId>26888</conceptReferenceTermId>
                <conceptSource id="128" resolves-to="org.openmrs.ConceptSource" uuid="13ADDDDDDDDDDDDDDDDDDDDDDDDDDDDDDDDD">
                  <name>AMPATH</name>
                  <description>AMPATH concept dictionary</description>
                  <creator/>
                  <dateCreated id="129">2015-07-01 17:25:50</dateCreated>
                  <retired>false</retired>
                  <conceptSourceId>10</conceptSourceId>
                </conceptSource>
                <code>1066</code>
                <conceptReferenceTermMaps id="130"/>
              </conceptReferenceTerm>
            </org.openmrs.ConceptMap>
            <org.openmrs.ConceptMap id="131" uuid="87458183-630e-4235-aeec-696077464d49">
              <conceptMapType reference="108"/>
              <creator/>
              <dateCreated id="132">2017-03-04 21:45:32</dateCreated>
              <conceptMapId>27085</conceptMapId>
              <concept reference="16"/>
              <conceptReferenceTerm id="133" resolves-to="org.openmrs.ConceptReferenceTerm" uuid="70e47483-b669-4195-a33a-dc968d2af4af">
                <creator/>
                <dateCreated id="134">2017-03-04 21:44:34</dateCreated>
                <retired>false</retired>
                <conceptReferenceTermId>26242</conceptReferenceTermId>
                <conceptSource id="135" resolves-to="org.openmrs.ConceptSource" uuid="21ADDDDDDDDDDDDDDDDDDDDDDDDDDDDDDDDD">
                  <name>CIEL</name>
                  <description>Columbia International eHealth Laboratory concept ID</description>
                  <creator/>
                  <dateCreated id="136">2015-07-01 17:25:50</dateCreated>
                  <retired>false</retired>
                  <conceptSourceId>29</conceptSourceId>
                </conceptSource>
                <code>1066</code>
                <conceptReferenceTermMaps id="137"/>
              </conceptReferenceTerm>
            </org.openmrs.ConceptMap>
            <org.openmrs.ConceptMap id="138" uuid="b20d12bc-4864-102e-96e9-000c29c2a5d7">
              <conceptMapType reference="108"/>
              <creator/>
              <changedBy/>
              <dateCreated id="139">2015-04-22 14:28:45</dateCreated>
              <dateChanged id="140">2015-04-22 14:28:45</dateChanged>
              <conceptMapId>1068</conceptMapId>
              <concept reference="16"/>
              <conceptReferenceTerm id="141" resolves-to="org.openmrs.ConceptReferenceTerm" uuid="733a28fa-d244-3248-b654-09ffb442e6f2">
                <creator/>
                <dateCreated id="142">2010-11-23 00:00:00</dateCreated>
                <retired>false</retired>
                <conceptReferenceTermId>1068</conceptReferenceTermId>
                <conceptSource reference="114"/>
                <code>1066</code>
                <conceptReferenceTermMaps id="143"/>
              </conceptReferenceTerm>
            </org.openmrs.ConceptMap>
            <org.openmrs.ConceptMap id="144" uuid="133841ABBBBBBBBBBBBBBBBBBBBBBBBBBBBB">
              <conceptMapType reference="108"/>
              <creator/>
              <dateCreated id="145">2010-10-01 23:13:10</dateCreated>
              <conceptMapId>25515</conceptMapId>
              <concept reference="16"/>
              <conceptReferenceTerm id="146" resolves-to="org.openmrs.ConceptReferenceTerm" uuid="beaa27cb-dacc-3334-b7c4-9f230f2dd231">
                <creator/>
                <dateCreated id="147">2010-10-01 04:00:00</dateCreated>
                <retired>false</retired>
                <conceptReferenceTermId>24857</conceptReferenceTermId>
                <conceptSource id="148" resolves-to="org.openmrs.ConceptSource" uuid="1ADDDDDDDDDDDDDDDDDDDDDDDDDDDDDDDDDD">
                  <name>SNOMED CT</name>
                  <description>SNOMED Preferred mapping</description>
                  <creator/>
                  <dateCreated id="149">2015-07-01 17:25:50</dateCreated>
                  <retired>false</retired>
                  <conceptSourceId>6</conceptSourceId>
                  <hl7Code>SCT</hl7Code>
                </conceptSource>
                <code>373067005</code>
                <conceptReferenceTermMaps id="150"/>
              </conceptReferenceTerm>
            </org.openmrs.ConceptMap>
          </conceptMappings>
          <attributes id="151"/>
        </answerConcept>
        <creator/>
        <dateCreated id="152">2019-02-08 22:21:15</dateCreated>
        <sortWeight>2.0</sortWeight>
      </org.openmrs.ConceptAnswer>
      <org.openmrs.ConceptAnswer id="153" uuid="0975b5d7-0987-4285-9647-7fc70194f1ae">
        <conceptAnswerId>10668</conceptAnswerId>
        <concept reference="2"/>
        <answerConcept id="154" resolves-to="org.openmrs.Concept" uuid="3cd6f600-26fe-102b-80cb-0017a47871b2">
          <conceptId>1065</conceptId>
          <retired>false</retired>
          <datatype reference="17"/>
          <conceptClass reference="19"/>
          <set>false</set>
          <creator/>
          <dateCreated id="155">2015-04-22 14:28:44</dateCreated>
          <changedBy/>
          <dateChanged id="156">2018-12-19 21:06:35</dateChanged>
          <names class="set" id="157">
            <org.openmrs.ConceptName id="158" uuid="127332BBBBBBBBBBBBBBBBBBBBBBBBBBBBBB">
              <conceptNameId>29699</conceptNameId>
              <concept reference="154"/>
              <name>হ্যাঁ</name>
              <locale id="159">bn</locale>
              <creator/>
              <dateCreated id="160">2015-04-24 21:17:40</dateCreated>
              <voided>false</voided>
              <tags class="set" id="161"/>
              <conceptNameType>FULLY_SPECIFIED</conceptNameType>
              <localePreferred>true</localePreferred>
            </org.openmrs.ConceptName>
            <org.openmrs.ConceptName id="162" uuid="126316BBBBBBBBBBBBBBBBBBBBBBBBBBBBBB">
              <conceptNameId>29696</conceptNameId>
              <concept reference="154"/>
              <name>Sì</name>
              <locale id="163">it</locale>
              <creator/>
              <dateCreated id="164">2014-10-07 22:39:17</dateCreated>
              <voided>false</voided>
              <tags class="set" id="165"/>
              <conceptNameType>FULLY_SPECIFIED</conceptNameType>
              <localePreferred>true</localePreferred>
            </org.openmrs.ConceptName>
            <org.openmrs.ConceptName id="166" uuid="106307BBBBBBBBBBBBBBBBBBBBBBBBBBBBBB">
              <conceptNameId>29693</conceptNameId>
              <concept reference="154"/>
              <name>Yego</name>
              <locale id="167">rw</locale>
              <creator/>
              <dateCreated id="168">2010-06-21 23:11:26</dateCreated>
              <voided>false</voided>
              <tags class="set" id="169"/>
              <conceptNameType>FULLY_SPECIFIED</conceptNameType>
              <localePreferred>true</localePreferred>
            </org.openmrs.ConceptName>
            <org.openmrs.ConceptName id="170" uuid="126313BBBBBBBBBBBBBBBBBBBBBBBBBBBBBB">
              <conceptNameId>29692</conceptNameId>
              <concept reference="154"/>
              <name>True</name>
              <locale id="171">en</locale>
              <creator/>
              <dateCreated id="172">2014-10-07 22:36:00</dateCreated>
              <voided>false</voided>
              <tags class="set" id="173"/>
              <localePreferred>false</localePreferred>
            </org.openmrs.ConceptName>
            <org.openmrs.ConceptName id="174" uuid="3e15161e-26fe-102b-80cb-0017a47871b2">
              <conceptNameId>1102</conceptNameId>
              <concept reference="154"/>
              <name>Yes</name>
              <locale id="175">en</locale>
              <creator/>
              <dateCreated id="176">2015-04-22 14:28:44</dateCreated>
              <voided>false</voided>
              <tags class="set" id="177"/>
              <conceptNameType>FULLY_SPECIFIED</conceptNameType>
              <localePreferred>true</localePreferred>
            </org.openmrs.ConceptName>
            <org.openmrs.ConceptName id="178" uuid="137332BBBBBBBBBBBBBBBBBBBBBBBBBBBBBB">
              <conceptNameId>32263</conceptNameId>
              <concept reference="154"/>
              <name>Vre</name>
              <locale id="179">ht</locale>
              <creator/>
              <dateCreated id="180">2016-07-10 05:47:58</dateCreated>
              <voided>false</voided>
              <tags class="set" id="181"/>
              <localePreferred>false</localePreferred>
            </org.openmrs.ConceptName>
            <org.openmrs.ConceptName id="182" uuid="126317BBBBBBBBBBBBBBBBBBBBBBBBBBBBBB">
              <conceptNameId>29698</conceptNameId>
              <concept reference="154"/>
              <name>Vero</name>
              <locale id="183">it</locale>
              <creator/>
              <dateCreated id="184">2014-10-07 22:39:17</dateCreated>
              <voided>false</voided>
              <tags class="set" id="185"/>
              <localePreferred>false</localePreferred>
            </org.openmrs.ConceptName>
            <org.openmrs.ConceptName id="186" uuid="108333BBBBBBBBBBBBBBBBBBBBBBBBBBBBBB">
              <conceptNameId>29700</conceptNameId>
              <concept reference="154"/>
              <name>Sí</name>
              <locale id="187">es</locale>
              <creator/>
              <dateCreated id="188">2012-03-04 23:58:29</dateCreated>
              <voided>false</voided>
              <tags class="set" id="189"/>
              <conceptNameType>FULLY_SPECIFIED</conceptNameType>
              <localePreferred>true</localePreferred>
            </org.openmrs.ConceptName>
            <org.openmrs.ConceptName id="190" uuid="126314BBBBBBBBBBBBBBBBBBBBBBBBBBBBBB">
              <conceptNameId>29695</conceptNameId>
              <concept reference="154"/>
              <name>Vrai</name>
              <locale id="191">fr</locale>
              <creator/>
              <dateCreated id="192">2014-10-07 22:39:17</dateCreated>
              <voided>false</voided>
              <tags class="set" id="193"/>
              <localePreferred>false</localePreferred>
            </org.openmrs.ConceptName>
            <org.openmrs.ConceptName id="194" uuid="111198BBBBBBBBBBBBBBBBBBBBBBBBBBBBBB">
              <conceptNameId>29697</conceptNameId>
              <concept reference="154"/>
              <name>Да</name>
              <locale id="195">ru</locale>
              <creator/>
              <dateCreated id="196">2013-01-27 06:41:22</dateCreated>
              <voided>false</voided>
              <tags class="set" id="197"/>
              <conceptNameType>FULLY_SPECIFIED</conceptNameType>
              <localePreferred>true</localePreferred>
            </org.openmrs.ConceptName>
            <org.openmrs.ConceptName id="198" uuid="0b931af0-15f5-102d-96e4-000c29c2a5d7">
              <conceptNameId>9147</conceptNameId>
              <concept reference="154"/>
              <name>Oui</name>
              <locale id="199">fr</locale>
              <creator/>
              <dateCreated id="200">2015-04-22 14:28:44</dateCreated>
              <voided>false</voided>
              <tags class="set" id="201"/>
              <conceptNameType>FULLY_SPECIFIED</conceptNameType>
              <localePreferred>true</localePreferred>
            </org.openmrs.ConceptName>
            <org.openmrs.ConceptName id="202" uuid="126315BBBBBBBBBBBBBBBBBBBBBBBBBBBBBB">
              <conceptNameId>29691</conceptNameId>
              <concept reference="154"/>
              <name>Verdadero</name>
              <locale id="203">es</locale>
              <creator/>
              <dateCreated id="204">2014-10-07 22:39:17</dateCreated>
              <voided>false</voided>
              <tags class="set" id="205"/>
              <localePreferred>false</localePreferred>
            </org.openmrs.ConceptName>
            <org.openmrs.ConceptName id="206" uuid="126318BBBBBBBBBBBBBBBBBBBBBBBBBBBBBB">
              <conceptNameId>29689</conceptNameId>
              <concept reference="154"/>
              <name>Sim</name>
              <locale id="207">pt</locale>
              <creator/>
              <dateCreated id="208">2014-10-07 22:39:17</dateCreated>
              <voided>false</voided>
              <tags class="set" id="209"/>
              <conceptNameType>FULLY_SPECIFIED</conceptNameType>
              <localePreferred>true</localePreferred>
            </org.openmrs.ConceptName>
            <org.openmrs.ConceptName id="210" uuid="139802BBBBBBBBBBBBBBBBBBBBBBBBBBBBBB">
              <conceptNameId>32264</conceptNameId>
              <concept reference="154"/>
              <name>ہاں</name>
              <locale id="211">ur</locale>
              <creator/>
              <dateCreated id="212">2016-08-16 11:47:47</dateCreated>
              <voided>false</voided>
              <tags class="set" id="213"/>
              <conceptNameType>FULLY_SPECIFIED</conceptNameType>
              <localePreferred>true</localePreferred>
            </org.openmrs.ConceptName>
            <org.openmrs.ConceptName id="214" uuid="541f1720-0abe-49dd-b4f6-7de87ce05917">
              <conceptNameId>17941</conceptNameId>
              <concept reference="154"/>
              <name>Wi</name>
              <locale id="215">ht</locale>
              <creator/>
              <dateCreated id="216">2015-04-22 14:28:44</dateCreated>
              <voided>false</voided>
              <tags class="set" id="217"/>
              <conceptNameType>FULLY_SPECIFIED</conceptNameType>
              <localePreferred>true</localePreferred>
            </org.openmrs.ConceptName>
            <org.openmrs.ConceptName id="218" uuid="126319BBBBBBBBBBBBBBBBBBBBBBBBBBBBBB">
              <conceptNameId>29694</conceptNameId>
              <concept reference="154"/>
              <name>Verdadeiro</name>
              <locale id="219">pt</locale>
              <creator/>
              <dateCreated id="220">2014-10-07 22:39:17</dateCreated>
              <voided>false</voided>
              <tags class="set" id="221"/>
              <localePreferred>false</localePreferred>
            </org.openmrs.ConceptName>
            <org.openmrs.ConceptName id="222" uuid="106919BBBBBBBBBBBBBBBBBBBBBBBBBBBBBB">
              <conceptNameId>29690</conceptNameId>
              <concept reference="154"/>
              <name>እወ</name>
              <locale id="223">ti</locale>
              <creator/>
              <dateCreated id="224">2010-10-24 20:04:37</dateCreated>
              <voided>false</voided>
              <tags class="set" id="225"/>
              <conceptNameType>FULLY_SPECIFIED</conceptNameType>
              <localePreferred>true</localePreferred>
            </org.openmrs.ConceptName>
          </names>
          <answers class="set" id="226"/>
          <conceptSets class="set" id="227"/>
          <descriptions class="set" id="228">
            <org.openmrs.ConceptDescription id="229" uuid="1068FFFFFFFFFFFFFFFFFFFFFFFFFFFFFFFF">
              <conceptDescriptionId>6865</conceptDescriptionId>
              <concept reference="154"/>
              <description>Generic answer to a question.</description>
              <locale id="230">en</locale>
              <creator/>
              <dateCreated id="231">2005-01-06 05:00:00</dateCreated>
              <dateChanged id="232">2015-04-24 21:17:40</dateChanged>
            </org.openmrs.ConceptDescription>
            <org.openmrs.ConceptDescription id="233" uuid="ece437ba-07fe-102c-b5fa-0017a47871b2">
              <conceptDescriptionId>1076</conceptDescriptionId>
              <concept reference="154"/>
              <description>Generic answer to a question.</description>
              <locale id="234">en</locale>
              <creator/>
              <dateCreated id="235">2015-04-22 14:28:44</dateCreated>
              <changedBy/>
              <dateChanged id="236">2015-04-22 14:28:44</dateChanged>
            </org.openmrs.ConceptDescription>
            <org.openmrs.ConceptDescription id="237" uuid="18158FFFFFFFFFFFFFFFFFFFFFFFFFFFFFFF">
              <conceptDescriptionId>7125</conceptDescriptionId>
              <concept reference="154"/>
              <description>کسی سوال کا عام جواب</description>
              <locale id="238">ur</locale>
              <creator/>
              <dateCreated id="239">2016-08-16 11:47:47</dateCreated>
            </org.openmrs.ConceptDescription>
          </descriptions>
          <conceptMappings class="set" id="240">
            <org.openmrs.ConceptMap id="241" uuid="b20d114a-4864-102e-96e9-000c29c2a5d7">
              <conceptMapType reference="108"/>
              <creator/>
              <changedBy/>
              <dateCreated id="242">2015-04-22 14:28:44</dateCreated>
              <dateChanged id="243">2015-04-22 14:28:44</dateChanged>
              <conceptMapId>1067</conceptMapId>
              <concept reference="154"/>
              <conceptReferenceTerm id="244" resolves-to="org.openmrs.ConceptReferenceTerm" uuid="bbb5c16f-f127-32a4-97d5-7d7bed12bfd4">
                <creator/>
                <dateCreated id="245">2010-11-23 00:00:00</dateCreated>
                <retired>false</retired>
                <conceptReferenceTermId>1067</conceptReferenceTermId>
                <conceptSource reference="114"/>
                <code>1065</code>
                <conceptReferenceTermMaps id="246"/>
              </conceptReferenceTerm>
            </org.openmrs.ConceptMap>
            <org.openmrs.ConceptMap id="247" uuid="133840ABBBBBBBBBBBBBBBBBBBBBBBBBBBBB">
              <conceptMapType reference="108"/>
              <creator/>
              <dateCreated id="248">2010-10-01 23:11:47</dateCreated>
              <conceptMapId>25513</conceptMapId>
              <concept reference="154"/>
              <conceptReferenceTerm id="249" resolves-to="org.openmrs.ConceptReferenceTerm" uuid="d2d5f591-c1b5-308e-bbbb-2fb6dee0d2b2">
                <creator/>
                <dateCreated id="250">2010-10-01 04:00:00</dateCreated>
                <retired>false</retired>
                <conceptReferenceTermId>24855</conceptReferenceTermId>
                <conceptSource reference="148"/>
                <code>373066001</code>
                <conceptReferenceTermMaps id="251"/>
              </conceptReferenceTerm>
            </org.openmrs.ConceptMap>
            <org.openmrs.ConceptMap id="252" uuid="7568887a-4943-102e-96e9-000c29c2a5d7">
              <conceptMapType reference="108"/>
              <creator/>
              <changedBy/>
              <dateCreated id="253">2015-04-22 14:28:44</dateCreated>
              <dateChanged id="254">2015-04-22 14:28:44</dateChanged>
              <conceptMapId>6958</conceptMapId>
              <concept reference="154"/>
              <conceptReferenceTerm id="255" resolves-to="org.openmrs.ConceptReferenceTerm" uuid="43c590f7-f85f-376f-9083-d189b74ed37c">
                <creator/>
                <dateCreated id="256">2010-11-24 00:00:00</dateCreated>
                <retired>false</retired>
                <conceptReferenceTermId>6958</conceptReferenceTermId>
                <conceptSource reference="114"/>
                <code>YES</code>
                <conceptReferenceTermMaps id="257"/>
              </conceptReferenceTerm>
            </org.openmrs.ConceptMap>
            <org.openmrs.ConceptMap id="258" uuid="4c5c3b67-8cc9-4d59-9b8e-8c910e44d8a3">
              <conceptMapType reference="108"/>
              <creator/>
              <dateCreated id="259">2017-03-04 21:45:04</dateCreated>
              <conceptMapId>27084</conceptMapId>
              <concept reference="154"/>
              <conceptReferenceTerm id="260" resolves-to="org.openmrs.ConceptReferenceTerm" uuid="7df22b69-9a03-49e8-aa0a-063e61e1f9a5">
                <creator/>
                <dateCreated id="261">2017-03-04 21:44:26</dateCreated>
                <retired>false</retired>
                <conceptReferenceTermId>26241</conceptReferenceTermId>
                <conceptSource reference="135"/>
                <code>1065</code>
                <conceptReferenceTermMaps id="262"/>
              </conceptReferenceTerm>
            </org.openmrs.ConceptMap>
            <org.openmrs.ConceptMap id="263" uuid="144378ABBBBBBBBBBBBBBBBBBBBBBBBBBBBB">
              <conceptMapType reference="108"/>
              <creator/>
              <dateCreated id="264">2012-06-03 21:56:11</dateCreated>
              <conceptMapId>27570</conceptMapId>
              <concept reference="154"/>
              <conceptReferenceTerm id="265" resolves-to="org.openmrs.ConceptReferenceTerm" uuid="0a25554e-8e73-3431-a111-837291cbc771">
                <creator/>
                <dateCreated id="266">2012-06-03 04:00:00</dateCreated>
                <retired>false</retired>
                <conceptReferenceTermId>26891</conceptReferenceTermId>
                <conceptSource reference="121"/>
                <code>1065</code>
                <conceptReferenceTermMaps id="267"/>
              </conceptReferenceTerm>
            </org.openmrs.ConceptMap>
            <org.openmrs.ConceptMap id="268" uuid="134737ABBBBBBBBBBBBBBBBBBBBBBBBBBBBB">
              <conceptMapType reference="108"/>
              <creator/>
              <dateCreated id="269">2010-10-24 17:09:59</dateCreated>
              <conceptMapId>27569</conceptMapId>
              <concept reference="154"/>
              <conceptReferenceTerm id="270" resolves-to="org.openmrs.ConceptReferenceTerm" uuid="85fd20aa-8f0e-33c6-8d26-87087144d1f0">
                <creator/>
                <dateCreated id="271">2010-10-24 04:00:00</dateCreated>
                <retired>false</retired>
                <conceptReferenceTermId>26890</conceptReferenceTermId>
                <conceptSource reference="128"/>
                <code>1065</code>
                <conceptReferenceTermMaps id="272"/>
              </conceptReferenceTerm>
            </org.openmrs.ConceptMap>
          </conceptMappings>
          <attributes id="273"/>
        </answerConcept>
        <creator/>
        <dateCreated id="274">2019-02-08 22:21:15</dateCreated>
        <sortWeight>1.0</sortWeight>
      </org.openmrs.ConceptAnswer>
    </answers>
    <conceptSets class="set" id="275"/>
    <descriptions class="set" id="276"/>
    <conceptMappings class="set" id="277">
      <org.openmrs.ConceptMap id="278" uuid="28d152d8-86c4-4e96-b84a-1f97a276b5f8">
        <conceptMapType reference="108"/>
        <creator/>
        <dateCreated id="279">2019-02-08 22:22:04</dateCreated>
        <conceptMapId>31126</conceptMapId>
        <concept reference="2"/>
        <conceptReferenceTerm id="280" resolves-to="org.openmrs.ConceptReferenceTerm" uuid="34793204-9746-44c0-9110-42b69dd5d8e0">
          <creator/>
          <dateCreated id="281">2019-02-08 22:21:35</dateCreated>
          <retired>false</retired>
          <conceptReferenceTermId>30460</conceptReferenceTermId>
          <conceptSource reference="114"/>
          <code>Ebola survivor</code>
          <conceptReferenceTermMaps id="282"/>
        </conceptReferenceTerm>
      </org.openmrs.ConceptMap>
    </conceptMappings>
    <attributes id="283"/>
  </org.openmrs.Concept>
  <org.openmrs.Concept id="284" uuid="57bcb246-754f-4e43-bed9-a072388932b1">
    <conceptId>11953</conceptId>
    <retired>false</retired>
    <datatype reference="3"/>
    <conceptClass reference="5"/>
    <set>false</set>
    <creator/>
    <dateCreated id="285">2019-02-08 22:24:01</dateCreated>
    <changedBy/>
    <dateChanged id="286">2019-02-08 22:24:01</dateChanged>
    <names class="set" id="287">
      <org.openmrs.ConceptName id="288" uuid="7e5ed630-e552-4b76-8581-089d492cd8df">
        <conceptNameId>38081</conceptNameId>
        <concept reference="284"/>
        <name>Partner of ebola survivor</name>
        <locale id="289">en</locale>
        <creator/>
        <dateCreated id="290">2019-02-08 22:24:01</dateCreated>
        <voided>false</voided>
        <tags class="set" id="291"/>
        <conceptNameType>FULLY_SPECIFIED</conceptNameType>
        <localePreferred>true</localePreferred>
      </org.openmrs.ConceptName>
    </names>
    <answers class="set" id="292">
      <org.openmrs.ConceptAnswer id="293" uuid="fb017e5a-d83f-4241-a404-366294c9867e">
        <conceptAnswerId>10669</conceptAnswerId>
        <concept reference="284"/>
        <answerConcept reference="154"/>
        <creator/>
        <dateCreated id="294">2019-02-08 22:24:01</dateCreated>
        <sortWeight>1.0</sortWeight>
      </org.openmrs.ConceptAnswer>
      <org.openmrs.ConceptAnswer id="295" uuid="e0b6ed72-f94c-4c17-ba23-32846f6b3587">
        <conceptAnswerId>10670</conceptAnswerId>
        <concept reference="284"/>
        <answerConcept reference="16"/>
        <creator/>
        <dateCreated id="296">2019-02-08 22:24:01</dateCreated>
        <sortWeight>2.0</sortWeight>
      </org.openmrs.ConceptAnswer>
    </answers>
    <conceptSets class="set" id="297"/>
    <descriptions class="set" id="298"/>
    <conceptMappings class="set" id="299">
      <org.openmrs.ConceptMap id="300" uuid="25333cc7-a4a6-40ad-960f-e6c99d7802f9">
        <conceptMapType reference="108"/>
        <creator/>
        <dateCreated id="301">2019-02-08 22:24:01</dateCreated>
        <conceptMapId>31127</conceptMapId>
        <concept reference="284"/>
        <conceptReferenceTerm id="302" resolves-to="org.openmrs.ConceptReferenceTerm" uuid="26dec867-a620-4fee-aba1-8634bbf79090">
          <creator/>
          <dateCreated id="303">2019-02-08 22:21:53</dateCreated>
          <retired>false</retired>
          <conceptReferenceTermId>30461</conceptReferenceTermId>
          <conceptSource reference="114"/>
          <code>Partner of ebola survivor</code>
          <conceptReferenceTermMaps id="304"/>
        </conceptReferenceTerm>
      </org.openmrs.ConceptMap>
    </conceptMappings>
    <attributes id="305"/>
  </org.openmrs.Concept>
</list>
