<?xml version="1.0" encoding="UTF-8"?>
<package id="1" uuid="025b5430-2207-46ee-a595-559e271b0965">
  <dateCreated id="2">2017-06-19 18:29:12</dateCreated>
  <name>Haiti Zika</name>
  <description>Metadata for the zika study</description>
  <openmrsVersion>1.10.4  Build 76cba1</openmrsVersion>
  <version>3</version>
  <groupUuid>3027d2d3-fc12-44af-aaa7-0209175f7b32</groupUuid>
  <modules id="3">
    <entry>
      <string>uilibrary</string>
      <string>1.5</string>
    </entry>
    <entry>
      <string>providermanagement</string>
      <string>2.5.1-SNAPSHOT</string>
    </entry>
    <entry>
      <string>uiframework</string>
      <string>3.10.1-SNAPSHOT</string>
    </entry>
    <entry>
      <string>webservices.rest</string>
      <string>2.18.0.206531</string>
    </entry>
    <entry>
      <string>htmlformentry</string>
      <string>3.3.2</string>
    </entry>
    <entry>
      <string>idgen</string>
      <string>4.4.0</string>
    </entry>
    <entry>
      <string>metadatamapping</string>
      <string>1.3.2-SNAPSHOT</string>
    </entry>
    <entry>
      <string>metadatasharing</string>
      <string>1.2.2</string>
    </entry>
    <entry>
      <string>serialization.xstream</string>
      <string>0.2.12</string>
    </entry>
  </modules>
  <items class="linked-hash-set" id="4">
    <org.openmrs.module.metadatasharing.Item id="5" uuid="db2116b0-aa00-4e9b-b848-7f290a289fc9">
      <id>11397</id>
      <classname>org.openmrs.Concept</classname>
      <dateChanged id="6">2017-06-19 18:28:03</dateChanged>
      <retired>false</retired>
    </org.openmrs.module.metadatasharing.Item>
  </items>
  <relatedItems class="linked-hash-set" id="7">
    <org.openmrs.module.metadatasharing.Item id="8" uuid="8d4a4c94-c2cc-11de-8d13-0010c6dffd0f">
      <id>4</id>
      <classname>org.openmrs.ConceptDatatype</classname>
      <dateChanged id="9">2004-02-02 05:00:00</dateChanged>
      <retired>false</retired>
    </org.openmrs.module.metadatasharing.Item>
    <org.openmrs.module.metadatasharing.Item id="10" uuid="8d492594-c2cc-11de-8d13-0010c6dffd0f">
      <id>10</id>
      <classname>org.openmrs.ConceptClass</classname>
      <dateChanged id="11">2015-07-01 17:25:50</dateChanged>
      <retired>false</retired>
    </org.openmrs.module.metadatasharing.Item>
    <org.openmrs.module.metadatasharing.Item id="12" uuid="e0954fb9-0112-4ef5-a398-237c392d5a92">
      <id>34944</id>
      <classname>org.openmrs.ConceptName</classname>
      <dateChanged id="13">2017-05-24 16:18:47</dateChanged>
    </org.openmrs.module.metadatasharing.Item>
    <org.openmrs.module.metadatasharing.Item id="14" uuid="161505c4-e5b3-40bf-8bf6-5a76d91ca8f4">
      <id>7586</id>
      <classname>org.openmrs.ConceptSet</classname>
      <dateChanged id="15">2017-05-24 16:18:47</dateChanged>
    </org.openmrs.module.metadatasharing.Item>
    <org.openmrs.module.metadatasharing.Item id="16" uuid="e39310c1-2936-4395-83a5-f4d49061a117">
      <id>11396</id>
      <classname>org.openmrs.Concept</classname>
      <dateChanged id="17">2017-06-19 18:27:17</dateChanged>
      <retired>false</retired>
    </org.openmrs.module.metadatasharing.Item>
    <org.openmrs.module.metadatasharing.Item id="18" uuid="8d4a48b6-c2cc-11de-8d13-0010c6dffd0f">
      <id>2</id>
      <classname>org.openmrs.ConceptDatatype</classname>
      <dateChanged id="19">2004-02-02 05:00:00</dateChanged>
      <retired>false</retired>
    </org.openmrs.module.metadatasharing.Item>
    <org.openmrs.module.metadatasharing.Item id="20" uuid="3d72960a-26fe-102b-80cb-0017a47871b2">
      <id>17</id>
      <classname>org.openmrs.ConceptClass</classname>
      <dateChanged id="21">2006-08-16 02:04:21</dateChanged>
      <retired>false</retired>
    </org.openmrs.module.metadatasharing.Item>
    <org.openmrs.module.metadatasharing.Item id="22" uuid="8321ce7b-0650-4073-b342-25c296019cc9">
      <id>34943</id>
      <classname>org.openmrs.ConceptName</classname>
      <dateChanged id="23">2017-05-24 16:17:22</dateChanged>
    </org.openmrs.module.metadatasharing.Item>
    <org.openmrs.module.metadatasharing.Item id="24" uuid="9083491d-8888-4bf0-a6b8-9af1dcc14db4">
      <id>10204</id>
      <classname>org.openmrs.ConceptAnswer</classname>
      <dateChanged id="25">2017-06-19 18:27:17</dateChanged>
    </org.openmrs.module.metadatasharing.Item>
    <org.openmrs.module.metadatasharing.Item id="26" uuid="3ceb0ed8-26fe-102b-80cb-0017a47871b2">
      <id>5240</id>
      <classname>org.openmrs.Concept</classname>
      <dateChanged id="27">2017-05-24 19:06:08</dateChanged>
      <retired>false</retired>
    </org.openmrs.module.metadatasharing.Item>
    <org.openmrs.module.metadatasharing.Item id="28" uuid="3d7297ae-26fe-102b-80cb-0017a47871b2">
      <id>18</id>
      <classname>org.openmrs.ConceptClass</classname>
      <dateChanged id="29">2006-08-16 02:04:43</dateChanged>
      <retired>false</retired>
    </org.openmrs.module.metadatasharing.Item>
    <org.openmrs.module.metadatasharing.Item id="30" uuid="79ea3cbe-b22f-488e-8bcc-ecb0436dd177">
      <id>34945</id>
      <classname>org.openmrs.ConceptName</classname>
      <dateChanged id="31">2017-05-24 19:06:08</dateChanged>
    </org.openmrs.module.metadatasharing.Item>
    <org.openmrs.module.metadatasharing.Item id="32" uuid="f758e720-d5db-102d-ad2a-000c29c2a5d7">
      <id>13672</id>
      <classname>org.openmrs.ConceptName</classname>
      <dateChanged id="33">2017-05-24 19:06:08</dateChanged>
    </org.openmrs.module.metadatasharing.Item>
    <org.openmrs.module.metadatasharing.Item id="34" uuid="3e3cdbc2-26fe-102b-80cb-0017a47871b2">
      <id>3607</id>
      <classname>org.openmrs.ConceptName</classname>
      <dateChanged id="35">2004-08-12 00:00:00</dateChanged>
    </org.openmrs.module.metadatasharing.Item>
    <org.openmrs.module.metadatasharing.Item id="36" uuid="b608e9cb-f7ba-406a-a07b-b404e3186bcf">
      <id>3042</id>
      <classname>org.openmrs.ConceptDescription</classname>
      <dateChanged id="37">2004-08-12 00:00:00</dateChanged>
    </org.openmrs.module.metadatasharing.Item>
    <org.openmrs.module.metadatasharing.Item id="38" uuid="b2937b0e-4864-102e-96e9-000c29c2a5d7">
      <id>4311</id>
      <classname>org.openmrs.ConceptMap</classname>
      <dateChanged id="39">2012-06-21 16:49:52</dateChanged>
    </org.openmrs.module.metadatasharing.Item>
    <org.openmrs.module.metadatasharing.Item id="40" uuid="35543629-7d8c-11e1-909d-c80aa9edcf4e">
      <id>1</id>
      <classname>org.openmrs.ConceptMapType</classname>
      <dateChanged id="41">2012-06-21 00:00:00</dateChanged>
      <retired>false</retired>
    </org.openmrs.module.metadatasharing.Item>
    <org.openmrs.module.metadatasharing.Item id="42" uuid="2a1e29bd-09d6-3de6-995a-3a98e9d19bd7">
      <id>4311</id>
      <classname>org.openmrs.ConceptReferenceTerm</classname>
      <dateChanged id="43">2010-11-23 00:00:00</dateChanged>
      <retired>false</retired>
    </org.openmrs.module.metadatasharing.Item>
    <org.openmrs.module.metadatasharing.Item id="44" uuid="fb9aaaf1-65e2-4c18-b53c-16b575f2f385">
      <id>5</id>
      <classname>org.openmrs.ConceptSource</classname>
      <dateChanged id="45">2015-07-01 17:25:50</dateChanged>
      <retired>false</retired>
    </org.openmrs.module.metadatasharing.Item>
    <org.openmrs.module.metadatasharing.Item id="46" uuid="75a7da66-4943-102e-96e9-000c29c2a5d7">
      <id>10021</id>
      <classname>org.openmrs.ConceptMap</classname>
      <dateChanged id="47">2012-06-21 16:49:52</dateChanged>
    </org.openmrs.module.metadatasharing.Item>
    <org.openmrs.module.metadatasharing.Item id="48" uuid="d94364a0-627d-383c-af79-367fd653f25f">
      <id>10021</id>
      <classname>org.openmrs.ConceptReferenceTerm</classname>
      <dateChanged id="49">2010-11-24 00:00:00</dateChanged>
      <retired>false</retired>
    </org.openmrs.module.metadatasharing.Item>
    <org.openmrs.module.metadatasharing.Item id="50" uuid="9300de22-4df3-43be-b6fd-1be115cedcf0">
      <id>10205</id>
      <classname>org.openmrs.ConceptAnswer</classname>
      <dateChanged id="51">2017-06-19 18:27:17</dateChanged>
    </org.openmrs.module.metadatasharing.Item>
    <org.openmrs.module.metadatasharing.Item id="52" uuid="2897eddf-8f6e-4a3a-ae20-6669e024fd42">
      <id>11398</id>
      <classname>org.openmrs.Concept</classname>
      <dateChanged id="53">2017-05-24 19:09:42</dateChanged>
      <retired>false</retired>
    </org.openmrs.module.metadatasharing.Item>
    <org.openmrs.module.metadatasharing.Item id="54" uuid="d555a82f-07a7-4244-9ad5-067f2d8239bd">
      <id>34946</id>
      <classname>org.openmrs.ConceptName</classname>
      <dateChanged id="55">2017-05-24 19:09:07</dateChanged>
    </org.openmrs.module.metadatasharing.Item>
    <org.openmrs.module.metadatasharing.Item id="56" uuid="78946b53-246c-4f1f-a307-bd6cf1e115e7">
      <id>29337</id>
      <classname>org.openmrs.ConceptMap</classname>
      <dateChanged id="57">2017-05-24 19:09:42</dateChanged>
    </org.openmrs.module.metadatasharing.Item>
    <org.openmrs.module.metadatasharing.Item id="58" uuid="4975763f-47a1-45c0-bb8c-21a8d61c3efc">
      <id>28755</id>
      <classname>org.openmrs.ConceptReferenceTerm</classname>
      <dateChanged id="59">2017-05-24 19:09:27</dateChanged>
      <retired>false</retired>
    </org.openmrs.module.metadatasharing.Item>
    <org.openmrs.module.metadatasharing.Item id="60" uuid="49583002-ffd6-4dba-8f99-e7c318b8fee2">
      <id>29336</id>
      <classname>org.openmrs.ConceptMap</classname>
      <dateChanged id="61">2017-05-24 19:09:07</dateChanged>
    </org.openmrs.module.metadatasharing.Item>
    <org.openmrs.module.metadatasharing.Item id="62" uuid="e5590963-03ae-48b3-affe-bf12507c9783">
      <id>28754</id>
      <classname>org.openmrs.ConceptReferenceTerm</classname>
      <dateChanged id="63">2017-05-24 19:08:57</dateChanged>
      <retired>false</retired>
    </org.openmrs.module.metadatasharing.Item>
    <org.openmrs.module.metadatasharing.Item id="64" uuid="6a4dc77b-b9a0-4fae-9c69-51e8454d9351">
      <id>10206</id>
      <classname>org.openmrs.ConceptAnswer</classname>
      <dateChanged id="65">2017-06-19 18:27:17</dateChanged>
    </org.openmrs.module.metadatasharing.Item>
    <org.openmrs.module.metadatasharing.Item id="66" uuid="60f554e7-0feb-4cf1-843f-b1fff52307a8">
      <id>11399</id>
      <classname>org.openmrs.Concept</classname>
      <dateChanged id="67">2017-05-24 19:11:55</dateChanged>
      <retired>false</retired>
    </org.openmrs.module.metadatasharing.Item>
    <org.openmrs.module.metadatasharing.Item id="68" uuid="acaf4673-ab8d-4a56-b3a9-88354a95570e">
      <id>34947</id>
      <classname>org.openmrs.ConceptName</classname>
      <dateChanged id="69">2017-05-24 19:11:30</dateChanged>
    </org.openmrs.module.metadatasharing.Item>
    <org.openmrs.module.metadatasharing.Item id="70" uuid="8bdae90e-dc30-44e7-8370-079ae4ab1730">
      <id>29338</id>
      <classname>org.openmrs.ConceptMap</classname>
      <dateChanged id="71">2017-05-24 19:11:30</dateChanged>
    </org.openmrs.module.metadatasharing.Item>
    <org.openmrs.module.metadatasharing.Item id="72" uuid="db18941b-4542-46d7-b6bb-75d3a824798b">
      <id>28756</id>
      <classname>org.openmrs.ConceptReferenceTerm</classname>
      <dateChanged id="73">2017-05-24 19:11:15</dateChanged>
      <retired>false</retired>
    </org.openmrs.module.metadatasharing.Item>
    <org.openmrs.module.metadatasharing.Item id="74" uuid="3307d602-7c19-499e-9af5-d4c1a0066326">
      <id>29339</id>
      <classname>org.openmrs.ConceptMap</classname>
      <dateChanged id="75">2017-05-24 19:11:55</dateChanged>
    </org.openmrs.module.metadatasharing.Item>
    <org.openmrs.module.metadatasharing.Item id="76" uuid="acd7a1c3-c993-4f27-8b1e-f461852f42f5">
      <id>28757</id>
      <classname>org.openmrs.ConceptReferenceTerm</classname>
      <dateChanged id="77">2017-05-24 19:11:39</dateChanged>
      <retired>false</retired>
    </org.openmrs.module.metadatasharing.Item>
    <org.openmrs.module.metadatasharing.Item id="78" uuid="0ae276b8-d6fa-4a74-97f2-a7dd84449d5c">
      <id>10207</id>
      <classname>org.openmrs.ConceptAnswer</classname>
      <dateChanged id="79">2017-06-19 18:27:17</dateChanged>
    </org.openmrs.module.metadatasharing.Item>
    <org.openmrs.module.metadatasharing.Item id="80" uuid="3cdd446a-26fe-102b-80cb-0017a47871b2">
      <id>1742</id>
      <classname>org.openmrs.Concept</classname>
      <dateChanged id="81">2017-04-28 23:43:14</dateChanged>
      <retired>false</retired>
    </org.openmrs.module.metadatasharing.Item>
    <org.openmrs.module.metadatasharing.Item id="82" uuid="83a000f2-4a35-4689-adc4-8b5ba7a22520">
      <id>31953</id>
      <classname>org.openmrs.ConceptName</classname>
      <dateChanged id="83">2017-04-04 22:38:02</dateChanged>
    </org.openmrs.module.metadatasharing.Item>
    <org.openmrs.module.metadatasharing.Item id="84" uuid="1b6b03a2-4927-4d62-a1f3-965d206ad9f8">
      <id>34803</id>
      <classname>org.openmrs.ConceptName</classname>
      <dateChanged id="85">2017-04-28 23:43:14</dateChanged>
    </org.openmrs.module.metadatasharing.Item>
    <org.openmrs.module.metadatasharing.Item id="86" uuid="4b1e2b9d-c95b-43cf-974a-b69baf611e56">
      <id>31952</id>
      <classname>org.openmrs.ConceptName</classname>
      <dateChanged id="87">2017-04-28 23:16:33</dateChanged>
    </org.openmrs.module.metadatasharing.Item>
    <org.openmrs.module.metadatasharing.Item id="88" uuid="d599c335-9a18-44ba-b124-16a7dc28086e">
      <id>34804</id>
      <classname>org.openmrs.ConceptName</classname>
      <dateChanged id="89">2017-04-28 23:43:14</dateChanged>
    </org.openmrs.module.metadatasharing.Item>
    <org.openmrs.module.metadatasharing.Item id="90" uuid="dcf0b6f0-ee9e-48d8-856a-4b38bcd1299f">
      <id>26248</id>
      <classname>org.openmrs.ConceptName</classname>
      <dateChanged id="91">2017-04-28 23:16:33</dateChanged>
    </org.openmrs.module.metadatasharing.Item>
    <org.openmrs.module.metadatasharing.Item id="92" uuid="123559BBBBBBBBBBBBBBBBBBBBBBBBBBBBBB">
      <id>33112</id>
      <classname>org.openmrs.ConceptName</classname>
      <dateChanged id="93">2013-03-10 05:13:48</dateChanged>
    </org.openmrs.module.metadatasharing.Item>
    <org.openmrs.module.metadatasharing.Item id="94" uuid="5e929158-563f-46fe-a822-80158ee2e3ae">
      <id>34802</id>
      <classname>org.openmrs.ConceptName</classname>
      <dateChanged id="95">2017-04-28 23:43:14</dateChanged>
    </org.openmrs.module.metadatasharing.Item>
    <org.openmrs.module.metadatasharing.Item id="96" uuid="32785e49-6318-4dd5-935c-955794c71f49">
      <id>34805</id>
      <classname>org.openmrs.ConceptName</classname>
      <dateChanged id="97">2017-04-28 23:43:14</dateChanged>
    </org.openmrs.module.metadatasharing.Item>
    <org.openmrs.module.metadatasharing.Item id="98" uuid="a03d9cd9-4ce8-405f-b56a-643fd965e8da">
      <id>34544</id>
      <classname>org.openmrs.ConceptName</classname>
      <dateChanged id="99">2017-04-28 23:43:14</dateChanged>
    </org.openmrs.module.metadatasharing.Item>
    <org.openmrs.module.metadatasharing.Item id="100" uuid="3e1e2272-26fe-102b-80cb-0017a47871b2">
      <id>1902</id>
      <classname>org.openmrs.ConceptName</classname>
      <dateChanged id="101">2017-04-28 23:16:33</dateChanged>
    </org.openmrs.module.metadatasharing.Item>
    <org.openmrs.module.metadatasharing.Item id="102" uuid="3c857c92-aa1c-4027-abbf-41f1a2eff6f4">
      <id>34546</id>
      <classname>org.openmrs.ConceptName</classname>
      <dateChanged id="103">2017-04-28 23:43:14</dateChanged>
    </org.openmrs.module.metadatasharing.Item>
    <org.openmrs.module.metadatasharing.Item id="104" uuid="f63bc4b6-d5db-102d-ad2a-000c29c2a5d7">
      <id>11242</id>
      <classname>org.openmrs.ConceptName</classname>
      <dateChanged id="105">2014-05-28 18:02:13</dateChanged>
    </org.openmrs.module.metadatasharing.Item>
    <org.openmrs.module.metadatasharing.Item id="106" uuid="93f4e6ba-07d4-102c-b5fa-0017a47871b2">
      <id>6771</id>
      <classname>org.openmrs.ConceptName</classname>
      <dateChanged id="107">2017-04-28 23:16:33</dateChanged>
    </org.openmrs.module.metadatasharing.Item>
    <org.openmrs.module.metadatasharing.Item id="108" uuid="a5f11f13-b71b-44d6-b830-d46420218d56">
      <id>31954</id>
      <classname>org.openmrs.ConceptName</classname>
      <dateChanged id="109">2017-04-28 23:35:53</dateChanged>
    </org.openmrs.module.metadatasharing.Item>
    <org.openmrs.module.metadatasharing.Item id="110" uuid="bc9283d3-6e71-48da-af52-cd901378657f">
      <id>34545</id>
      <classname>org.openmrs.ConceptName</classname>
      <dateChanged id="111">2017-04-28 23:43:14</dateChanged>
    </org.openmrs.module.metadatasharing.Item>
    <org.openmrs.module.metadatasharing.Item id="112" uuid="ecec6994-07fe-102c-b5fa-0017a47871b2">
      <id>1762</id>
      <classname>org.openmrs.ConceptDescription</classname>
      <dateChanged id="113">2006-10-27 11:39:50</dateChanged>
    </org.openmrs.module.metadatasharing.Item>
    <org.openmrs.module.metadatasharing.Item id="114" uuid="fe4c95b4-5b68-102e-96e9-000c29c2a5d7">
      <id>11780</id>
      <classname>org.openmrs.ConceptMap</classname>
      <dateChanged id="115">2012-06-21 16:49:52</dateChanged>
    </org.openmrs.module.metadatasharing.Item>
    <org.openmrs.module.metadatasharing.Item id="116" uuid="6d379de3-42d8-3f88-b0cd-c286e8d87661">
      <id>11780</id>
      <classname>org.openmrs.ConceptReferenceTerm</classname>
      <dateChanged id="117">2010-12-17 00:00:00</dateChanged>
      <retired>false</retired>
    </org.openmrs.module.metadatasharing.Item>
    <org.openmrs.module.metadatasharing.Item id="118" uuid="ddb6b595-0b85-4a80-9243-efe4ba404eef">
      <id>4</id>
      <classname>org.openmrs.ConceptSource</classname>
      <dateChanged id="119">2015-07-01 17:25:50</dateChanged>
      <retired>false</retired>
    </org.openmrs.module.metadatasharing.Item>
    <org.openmrs.module.metadatasharing.Item id="120" uuid="27755f32-8254-4842-8481-74d0d74a25c0">
      <id>27315</id>
      <classname>org.openmrs.ConceptMap</classname>
      <dateChanged id="121">2017-04-04 22:38:02</dateChanged>
    </org.openmrs.module.metadatasharing.Item>
    <org.openmrs.module.metadatasharing.Item id="122" uuid="b6094f44-80c6-4c67-8897-a609970ce46f">
      <id>26554</id>
      <classname>org.openmrs.ConceptReferenceTerm</classname>
      <dateChanged id="123">2017-04-04 22:37:48</dateChanged>
      <retired>false</retired>
    </org.openmrs.module.metadatasharing.Item>
    <org.openmrs.module.metadatasharing.Item id="124" uuid="21ADDDDDDDDDDDDDDDDDDDDDDDDDDDDDDDDD">
      <id>29</id>
      <classname>org.openmrs.ConceptSource</classname>
      <dateChanged id="125">2015-07-01 17:25:50</dateChanged>
      <retired>false</retired>
    </org.openmrs.module.metadatasharing.Item>
    <org.openmrs.module.metadatasharing.Item id="126" uuid="7577c646-4943-102e-96e9-000c29c2a5d7">
      <id>7566</id>
      <classname>org.openmrs.ConceptMap</classname>
      <dateChanged id="127">2012-06-21 16:49:52</dateChanged>
    </org.openmrs.module.metadatasharing.Item>
    <org.openmrs.module.metadatasharing.Item id="128" uuid="13a877b1-e309-3aa3-9cbb-8065747e2d97">
      <id>7566</id>
      <classname>org.openmrs.ConceptReferenceTerm</classname>
      <dateChanged id="129">2010-11-24 00:00:00</dateChanged>
      <retired>false</retired>
    </org.openmrs.module.metadatasharing.Item>
    <org.openmrs.module.metadatasharing.Item id="130" uuid="137927ABBBBBBBBBBBBBBBBBBBBBBBBBBBBB">
      <id>28041</id>
      <classname>org.openmrs.ConceptMap</classname>
      <dateChanged id="131">2011-01-18 01:53:23</dateChanged>
    </org.openmrs.module.metadatasharing.Item>
    <org.openmrs.module.metadatasharing.Item id="132" uuid="7d45de87-1519-3fba-9941-05dab01b8da1">
      <id>27470</id>
      <classname>org.openmrs.ConceptReferenceTerm</classname>
      <dateChanged id="133">2010-12-05 05:00:00</dateChanged>
      <retired>false</retired>
    </org.openmrs.module.metadatasharing.Item>
    <org.openmrs.module.metadatasharing.Item id="134" uuid="1ADDDDDDDDDDDDDDDDDDDDDDDDDDDDDDDDDD">
      <id>6</id>
      <classname>org.openmrs.ConceptSource</classname>
      <dateChanged id="135">2015-07-01 17:25:50</dateChanged>
      <retired>false</retired>
    </org.openmrs.module.metadatasharing.Item>
    <org.openmrs.module.metadatasharing.Item id="136" uuid="b215125a-4864-102e-96e9-000c29c2a5d7">
      <id>1744</id>
      <classname>org.openmrs.ConceptMap</classname>
      <dateChanged id="137">2012-06-21 16:49:52</dateChanged>
    </org.openmrs.module.metadatasharing.Item>
    <org.openmrs.module.metadatasharing.Item id="138" uuid="3e13702d-6f6f-3aba-abe6-b9b6873c6cc5">
      <id>1744</id>
      <classname>org.openmrs.ConceptReferenceTerm</classname>
      <dateChanged id="139">2010-11-23 00:00:00</dateChanged>
      <retired>false</retired>
    </org.openmrs.module.metadatasharing.Item>
    <org.openmrs.module.metadatasharing.Item id="140" uuid="68f3a287-6762-48bc-b00c-67c9bf50c1ed">
      <id>29331</id>
      <classname>org.openmrs.ConceptMap</classname>
      <dateChanged id="141">2017-05-24 16:17:57</dateChanged>
    </org.openmrs.module.metadatasharing.Item>
    <org.openmrs.module.metadatasharing.Item id="142" uuid="c9284dd2-f9df-4054-bd86-c59ee74d9d8b">
      <id>28749</id>
      <classname>org.openmrs.ConceptReferenceTerm</classname>
      <dateChanged id="143">2017-05-24 16:17:36</dateChanged>
      <retired>false</retired>
    </org.openmrs.module.metadatasharing.Item>
    <org.openmrs.module.metadatasharing.Item id="144" uuid="af37724d-75c5-4cc1-8971-eef2aea37105">
      <id>29330</id>
      <classname>org.openmrs.ConceptMap</classname>
      <dateChanged id="145">2017-05-24 16:17:22</dateChanged>
    </org.openmrs.module.metadatasharing.Item>
    <org.openmrs.module.metadatasharing.Item id="146" uuid="1e5fdb88-a7c2-405d-bceb-83531bc41447">
      <id>28748</id>
      <classname>org.openmrs.ConceptReferenceTerm</classname>
      <dateChanged id="147">2017-05-24 16:17:11</dateChanged>
      <retired>false</retired>
    </org.openmrs.module.metadatasharing.Item>
    <org.openmrs.module.metadatasharing.Item id="148" uuid="9b503d1c-c5f3-4bad-8a1d-98b01c517c9f">
      <id>7590</id>
      <classname>org.openmrs.ConceptSet</classname>
      <dateChanged id="149">2017-05-24 20:04:29</dateChanged>
    </org.openmrs.module.metadatasharing.Item>
    <org.openmrs.module.metadatasharing.Item id="150" uuid="ae3d0e65-4fe5-45a8-939b-883e0a0094a0">
      <id>11400</id>
      <classname>org.openmrs.Concept</classname>
      <dateChanged id="151">2017-05-24 19:58:37</dateChanged>
      <retired>false</retired>
    </org.openmrs.module.metadatasharing.Item>
    <org.openmrs.module.metadatasharing.Item id="152" uuid="7ced7fb4-c29d-442c-9311-7633ca09738a">
      <id>34949</id>
      <classname>org.openmrs.ConceptName</classname>
      <dateChanged id="153">2017-05-24 19:58:37</dateChanged>
    </org.openmrs.module.metadatasharing.Item>
    <org.openmrs.module.metadatasharing.Item id="154" uuid="c926cac4-7425-4bdb-911c-05eedf8f2de5">
      <id>34948</id>
      <classname>org.openmrs.ConceptName</classname>
      <dateChanged id="155">2017-05-24 19:58:37</dateChanged>
    </org.openmrs.module.metadatasharing.Item>
    <org.openmrs.module.metadatasharing.Item id="156" uuid="69a6c50f-d378-49c0-bfa6-505770a8d4c8">
      <id>29340</id>
      <classname>org.openmrs.ConceptMap</classname>
      <dateChanged id="157">2017-05-24 19:58:37</dateChanged>
    </org.openmrs.module.metadatasharing.Item>
    <org.openmrs.module.metadatasharing.Item id="158" uuid="e66f6ae7-41f7-4232-b8f4-0fdf1e205ef3">
      <id>28758</id>
      <classname>org.openmrs.ConceptReferenceTerm</classname>
      <dateChanged id="159">2017-05-24 19:58:09</dateChanged>
      <retired>false</retired>
    </org.openmrs.module.metadatasharing.Item>
    <org.openmrs.module.metadatasharing.Item id="160" uuid="1c7bef63-982d-4e86-b239-4774c7a699e4">
      <id>29341</id>
      <classname>org.openmrs.ConceptMap</classname>
      <dateChanged id="161">2017-05-24 19:58:37</dateChanged>
    </org.openmrs.module.metadatasharing.Item>
    <org.openmrs.module.metadatasharing.Item id="162" uuid="8567928e-b70f-4abe-8969-8061a5777bb3">
      <id>28759</id>
      <classname>org.openmrs.ConceptReferenceTerm</classname>
      <dateChanged id="163">2017-05-24 19:58:19</dateChanged>
      <retired>false</retired>
    </org.openmrs.module.metadatasharing.Item>
    <org.openmrs.module.metadatasharing.Item id="164" uuid="39bccdf4-084f-4355-9e10-9e394d64f7db">
      <id>7591</id>
      <classname>org.openmrs.ConceptSet</classname>
      <dateChanged id="165">2017-05-24 20:04:29</dateChanged>
    </org.openmrs.module.metadatasharing.Item>
    <org.openmrs.module.metadatasharing.Item id="166" uuid="c1a26fe5-793e-45fc-875d-e895aa8646e6">
      <id>11401</id>
      <classname>org.openmrs.Concept</classname>
      <dateChanged id="167">2017-05-24 20:00:23</dateChanged>
      <retired>false</retired>
    </org.openmrs.module.metadatasharing.Item>
    <org.openmrs.module.metadatasharing.Item id="168" uuid="0d84540d-bf39-4513-b83c-af4fe3369bf5">
      <id>34950</id>
      <classname>org.openmrs.ConceptName</classname>
      <dateChanged id="169">2017-05-24 19:59:18</dateChanged>
    </org.openmrs.module.metadatasharing.Item>
    <org.openmrs.module.metadatasharing.Item id="170" uuid="acfac48c-6a7f-4f06-bf0b-4e071c580495">
      <id>29342</id>
      <classname>org.openmrs.ConceptMap</classname>
      <dateChanged id="171">2017-05-24 20:00:23</dateChanged>
    </org.openmrs.module.metadatasharing.Item>
    <org.openmrs.module.metadatasharing.Item id="172" uuid="a4968074-d9c5-4b8a-8fee-3819b478bffa">
      <id>28760</id>
      <classname>org.openmrs.ConceptReferenceTerm</classname>
      <dateChanged id="173">2017-05-24 19:59:35</dateChanged>
      <retired>false</retired>
    </org.openmrs.module.metadatasharing.Item>
    <org.openmrs.module.metadatasharing.Item id="174" uuid="5bda70b4-504c-4b44-ba7b-cdc3b49309e2">
      <id>29343</id>
      <classname>org.openmrs.ConceptMap</classname>
      <dateChanged id="175">2017-05-24 20:00:23</dateChanged>
    </org.openmrs.module.metadatasharing.Item>
    <org.openmrs.module.metadatasharing.Item id="176" uuid="0a7cd47f-9abf-48b0-b77a-29a9c977f224">
      <id>28761</id>
      <classname>org.openmrs.ConceptReferenceTerm</classname>
      <dateChanged id="177">2017-05-24 19:59:43</dateChanged>
      <retired>false</retired>
    </org.openmrs.module.metadatasharing.Item>
    <org.openmrs.module.metadatasharing.Item id="178" uuid="5fcf5e81-1798-4526-9c06-bd675eebec5a">
      <id>7592</id>
      <classname>org.openmrs.ConceptSet</classname>
      <dateChanged id="179">2017-05-24 20:04:29</dateChanged>
    </org.openmrs.module.metadatasharing.Item>
    <org.openmrs.module.metadatasharing.Item id="180" uuid="8ae634e5-444b-4b6c-8510-36e0a0b36342">
      <id>11402</id>
      <classname>org.openmrs.Concept</classname>
      <dateChanged id="181">2017-05-24 20:01:13</dateChanged>
      <retired>false</retired>
    </org.openmrs.module.metadatasharing.Item>
    <org.openmrs.module.metadatasharing.Item id="182" uuid="4db4b7f9-edd4-4142-af29-efdf969bffe4">
      <id>34951</id>
      <classname>org.openmrs.ConceptName</classname>
      <dateChanged id="183">2017-05-24 20:01:13</dateChanged>
    </org.openmrs.module.metadatasharing.Item>
    <org.openmrs.module.metadatasharing.Item id="184" uuid="4980efc7-f2d4-4e5a-9199-6bfb6910e53d">
      <id>29344</id>
      <classname>org.openmrs.ConceptMap</classname>
      <dateChanged id="185">2017-05-24 20:01:13</dateChanged>
    </org.openmrs.module.metadatasharing.Item>
    <org.openmrs.module.metadatasharing.Item id="186" uuid="aa87e9e0-596b-46a8-ac72-938d5b7fc00c">
      <id>28765</id>
      <classname>org.openmrs.ConceptReferenceTerm</classname>
      <dateChanged id="187">2017-05-24 20:01:04</dateChanged>
      <retired>false</retired>
    </org.openmrs.module.metadatasharing.Item>
    <org.openmrs.module.metadatasharing.Item id="188" uuid="be89f86c-9c02-4c85-bcaf-9c761274f562">
      <id>29345</id>
      <classname>org.openmrs.ConceptMap</classname>
      <dateChanged id="189">2017-05-24 20:01:13</dateChanged>
    </org.openmrs.module.metadatasharing.Item>
    <org.openmrs.module.metadatasharing.Item id="190" uuid="bf95d2f4-2910-4a3b-a334-0ad1b0e9b8b0">
      <id>28762</id>
      <classname>org.openmrs.ConceptReferenceTerm</classname>
      <dateChanged id="191">2017-05-24 19:59:50</dateChanged>
      <retired>false</retired>
    </org.openmrs.module.metadatasharing.Item>
    <org.openmrs.module.metadatasharing.Item id="192" uuid="bac6e428-7b6e-45f6-9fb1-993b61e175a7">
      <id>7593</id>
      <classname>org.openmrs.ConceptSet</classname>
      <dateChanged id="193">2017-05-24 20:04:29</dateChanged>
    </org.openmrs.module.metadatasharing.Item>
    <org.openmrs.module.metadatasharing.Item id="194" uuid="8a4ca8a2-236b-4536-81d5-c965952a1927">
      <id>11403</id>
      <classname>org.openmrs.Concept</classname>
      <dateChanged id="195">2017-05-24 20:02:09</dateChanged>
      <retired>false</retired>
    </org.openmrs.module.metadatasharing.Item>
    <org.openmrs.module.metadatasharing.Item id="196" uuid="a0bf960b-9a98-4f1e-8b3e-da0b64721bcb">
      <id>34952</id>
      <classname>org.openmrs.ConceptName</classname>
      <dateChanged id="197">2017-05-24 20:02:09</dateChanged>
    </org.openmrs.module.metadatasharing.Item>
    <org.openmrs.module.metadatasharing.Item id="198" uuid="c9768c25-06ea-46c0-8e7c-ac9895a1d675">
      <id>29346</id>
      <classname>org.openmrs.ConceptMap</classname>
      <dateChanged id="199">2017-05-24 20:02:09</dateChanged>
    </org.openmrs.module.metadatasharing.Item>
    <org.openmrs.module.metadatasharing.Item id="200" uuid="4ad278b1-a9d1-4053-a188-84081b2570f2">
      <id>28763</id>
      <classname>org.openmrs.ConceptReferenceTerm</classname>
      <dateChanged id="201">2017-05-24 19:59:58</dateChanged>
      <retired>false</retired>
    </org.openmrs.module.metadatasharing.Item>
    <org.openmrs.module.metadatasharing.Item id="202" uuid="ee70bf4d-53b6-444e-87ef-4f82ba7f0f1c">
      <id>29347</id>
      <classname>org.openmrs.ConceptMap</classname>
      <dateChanged id="203">2017-05-24 20:02:09</dateChanged>
    </org.openmrs.module.metadatasharing.Item>
    <org.openmrs.module.metadatasharing.Item id="204" uuid="47978772-f9d9-4781-a5ce-78d4fc8e9b42">
      <id>28766</id>
      <classname>org.openmrs.ConceptReferenceTerm</classname>
      <dateChanged id="205">2017-05-24 20:01:55</dateChanged>
      <retired>false</retired>
    </org.openmrs.module.metadatasharing.Item>
    <org.openmrs.module.metadatasharing.Item id="206" uuid="2aac6ba7-a40e-4604-bc0d-5f845bc0d1d8">
      <id>7594</id>
      <classname>org.openmrs.ConceptSet</classname>
      <dateChanged id="207">2017-05-24 20:04:29</dateChanged>
    </org.openmrs.module.metadatasharing.Item>
    <org.openmrs.module.metadatasharing.Item id="208" uuid="70aef195-0a00-4275-88cc-b446efe25e4a">
      <id>11404</id>
      <classname>org.openmrs.Concept</classname>
      <dateChanged id="209">2017-05-24 20:03:08</dateChanged>
      <retired>false</retired>
    </org.openmrs.module.metadatasharing.Item>
    <org.openmrs.module.metadatasharing.Item id="210" uuid="a9b9935f-5f93-4977-8d56-e80a88499426">
      <id>34953</id>
      <classname>org.openmrs.ConceptName</classname>
      <dateChanged id="211">2017-05-24 20:03:09</dateChanged>
    </org.openmrs.module.metadatasharing.Item>
    <org.openmrs.module.metadatasharing.Item id="212" uuid="4c57f88f-1ca6-4046-bf59-9867af37150a">
      <id>29348</id>
      <classname>org.openmrs.ConceptMap</classname>
      <dateChanged id="213">2017-05-24 20:03:09</dateChanged>
    </org.openmrs.module.metadatasharing.Item>
    <org.openmrs.module.metadatasharing.Item id="214" uuid="ccf67f65-41c0-4913-b8e7-0b3e24499ff6">
      <id>28764</id>
      <classname>org.openmrs.ConceptReferenceTerm</classname>
      <dateChanged id="215">2017-05-24 20:00:05</dateChanged>
      <retired>false</retired>
    </org.openmrs.module.metadatasharing.Item>
    <org.openmrs.module.metadatasharing.Item id="216" uuid="0eea6fd1-a330-4158-bc68-db85669bd05e">
      <id>29349</id>
      <classname>org.openmrs.ConceptMap</classname>
      <dateChanged id="217">2017-05-24 20:03:09</dateChanged>
    </org.openmrs.module.metadatasharing.Item>
    <org.openmrs.module.metadatasharing.Item id="218" uuid="962866ba-5fa8-4ede-811a-4ec20e558e54">
      <id>28767</id>
      <classname>org.openmrs.ConceptReferenceTerm</classname>
      <dateChanged id="219">2017-05-24 20:02:58</dateChanged>
      <retired>false</retired>
    </org.openmrs.module.metadatasharing.Item>
  </relatedItems>
  <incrementalVersion>false</incrementalVersion>
</package>
