<?xml version="1.0" encoding="UTF-8"?>
<list id="1">
  <org.openmrs.module.providermanagement.ProviderRole id="2" uuid="acda2647-8ff0-4599-8cf8-2500250cbc75">
    <name>Archivist/Clerk</name>
    <creator/>
    <dateCreated id="3">2013-02-14 23:09:43</dateCreated>
    <retired>false</retired>
    <providerRoleId>16</providerRoleId>
    <relationshipTypes id="4"/>
    <superviseeProviderRoles id="5"/>
    <providerAttributeTypes id="6"/>
  </org.openmrs.module.providermanagement.ProviderRole>
  <org.openmrs.module.providermanagement.ProviderRole id="7" uuid="28d3a004-40ea-4ea3-9446-b3e325305a79">
    <name>Paraclinical</name>
    <creator/>
    <dateCreated id="8">2015-04-07 18:07:36</dateCreated>
    <retired>false</retired>
    <providerRoleId>20</providerRoleId>
    <relationshipTypes id="9"/>
    <superviseeProviderRoles id="10"/>
    <providerAttributeTypes id="11"/>
  </org.openmrs.module.providermanagement.ProviderRole>
  <org.openmrs.module.providermanagement.ProviderRole id="12" uuid="7207ba62-027f-4f9b-be67-a9f7a8a3abcc">
    <name>Nurse (RN)</name>
    <creator/>
    <dateCreated id="13">2013-02-14 23:08:34</dateCreated>
    <retired>false</retired>
    <providerRoleId>9</providerRoleId>
    <relationshipTypes id="14"/>
    <superviseeProviderRoles id="15"/>
    <providerAttributeTypes id="16"/>
  </org.openmrs.module.providermanagement.ProviderRole>
  <org.openmrs.module.providermanagement.ProviderRole id="17" uuid="d85089d4-ee5b-4c2e-8f55-568038266db7">
    <name>Physical Therapist</name>
    <creator/>
    <dateCreated id="18">2015-04-07 18:09:45</dateCreated>
    <retired>false</retired>
    <providerRoleId>27</providerRoleId>
    <relationshipTypes id="19"/>
    <superviseeProviderRoles id="20"/>
    <providerAttributeTypes id="21"/>
  </org.openmrs.module.providermanagement.ProviderRole>
  <org.openmrs.module.providermanagement.ProviderRole id="22" uuid="61eed524-4547-4228-a3ac-631fe1628a5e">
    <name>General Admin</name>
    <creator/>
    <dateCreated id="23">2013-02-14 23:09:51</dateCreated>
    <retired>false</retired>
    <providerRoleId>17</providerRoleId>
    <relationshipTypes id="24"/>
    <superviseeProviderRoles id="25"/>
    <providerAttributeTypes id="26"/>
  </org.openmrs.module.providermanagement.ProviderRole>
  <org.openmrs.module.providermanagement.ProviderRole id="27" uuid="1474c25d-4fae-46d4-9fce-c77cb17b6610">
    <name>Nursing Auxiliary</name>
    <creator/>
    <dateCreated id="28">2013-02-14 23:08:42</dateCreated>
    <retired>false</retired>
    <providerRoleId>10</providerRoleId>
    <relationshipTypes id="29"/>
    <superviseeProviderRoles id="30"/>
    <providerAttributeTypes id="31"/>
  </org.openmrs.module.providermanagement.ProviderRole>
  <org.openmrs.module.providermanagement.ProviderRole id="32" uuid="d6c2343b-a02c-4664-b433-a1a212729291">
    <name>Social Worker</name>
    <creator/>
    <dateCreated id="33">2015-04-07 18:14:00</dateCreated>
    <changedBy/>
    <dateChanged id="34">2015-04-07 18:14:00</dateChanged>
    <retired>false</retired>
    <providerRoleId>18</providerRoleId>
    <relationshipTypes id="35"/>
    <superviseeProviderRoles id="36"/>
    <providerAttributeTypes id="37"/>
  </org.openmrs.module.providermanagement.ProviderRole>
  <org.openmrs.module.providermanagement.ProviderRole id="38" uuid="72a49488-2f7b-4cdc-a361-1f90cbb3d6bc">
    <name>Advance Practice Nurse</name>
    <creator/>
    <dateCreated id="39">2015-04-07 18:07:47</dateCreated>
    <retired>false</retired>
    <providerRoleId>21</providerRoleId>
    <relationshipTypes id="40"/>
    <superviseeProviderRoles id="41"/>
    <providerAttributeTypes id="42"/>
  </org.openmrs.module.providermanagement.ProviderRole>
  <org.openmrs.module.providermanagement.ProviderRole id="43" uuid="b22929dc-d40a-4f10-9a9b-1eb2ba319775">
    <name>Administrator</name>
    <creator/>
    <dateCreated id="44">2015-04-07 18:09:29</dateCreated>
    <retired>false</retired>
    <providerRoleId>26</providerRoleId>
    <relationshipTypes id="45"/>
    <superviseeProviderRoles id="46"/>
    <providerAttributeTypes id="47"/>
  </org.openmrs.module.providermanagement.ProviderRole>
  <org.openmrs.module.providermanagement.ProviderRole id="48" uuid="f2c00ccb-bc65-431d-a688-174146463cb7">
    <name>Assistant Social</name>
    <creator/>
    <dateCreated id="49">2015-04-07 18:09:10</dateCreated>
    <retired>false</retired>
    <providerRoleId>25</providerRoleId>
    <relationshipTypes id="50"/>
    <superviseeProviderRoles id="51"/>
    <providerAttributeTypes id="52"/>
  </org.openmrs.module.providermanagement.ProviderRole>
  <org.openmrs.module.providermanagement.ProviderRole id="53" uuid="58fa14e6-e336-4e03-8811-22117027f25a">
    <name>Medical Student</name>
    <creator/>
    <dateCreated id="54">2015-04-07 18:08:02</dateCreated>
    <retired>false</retired>
    <providerRoleId>22</providerRoleId>
    <relationshipTypes id="55"/>
    <superviseeProviderRoles id="56"/>
    <providerAttributeTypes id="57"/>
  </org.openmrs.module.providermanagement.ProviderRole>
  <org.openmrs.module.providermanagement.ProviderRole id="58" uuid="e92792de-006a-4dea-b078-cf3776638b0c">
    <name>Resident</name>
    <creator/>
    <dateCreated id="59">2015-04-07 18:08:36</dateCreated>
    <retired>false</retired>
    <providerRoleId>24</providerRoleId>
    <relationshipTypes id="60"/>
    <superviseeProviderRoles id="61"/>
    <providerAttributeTypes id="62"/>
  </org.openmrs.module.providermanagement.ProviderRole>
  <org.openmrs.module.providermanagement.ProviderRole id="63" uuid="62fbeae3-4e6f-4c35-8705-f3de10ab5b87">
    <name>Psychologist</name>
    <creator/>
    <dateCreated id="64">2013-05-31 15:03:51</dateCreated>
    <retired>false</retired>
    <providerRoleId>19</providerRoleId>
    <relationshipTypes id="65"/>
    <superviseeProviderRoles id="66"/>
    <providerAttributeTypes id="67"/>
  </org.openmrs.module.providermanagement.ProviderRole>
  <org.openmrs.module.providermanagement.ProviderRole id="68" uuid="96b15916-2d56-4f7b-9072-18c2a23d8ea2">
    <name>Lab Technician</name>
    <creator/>
    <dateCreated id="69">2013-02-14 23:09:34</dateCreated>
    <changedBy/>
    <dateChanged id="70">2013-02-14 23:09:34</dateChanged>
    <retired>false</retired>
    <providerRoleId>15</providerRoleId>
    <relationshipTypes id="71"/>
    <superviseeProviderRoles id="72"/>
    <providerAttributeTypes id="73"/>
  </org.openmrs.module.providermanagement.ProviderRole>
  <org.openmrs.module.providermanagement.ProviderRole id="74" uuid="7ec19cca-f563-4cee-940f-effec16b3b80">
    <name>Pharmacy Aide</name>
    <creator/>
    <dateCreated id="75">2015-04-07 18:08:20</dateCreated>
    <retired>false</retired>
    <providerRoleId>23</providerRoleId>
    <relationshipTypes id="76"/>
    <superviseeProviderRoles id="77"/>
    <providerAttributeTypes id="78"/>
  </org.openmrs.module.providermanagement.ProviderRole>
  <org.openmrs.module.providermanagement.ProviderRole id="79" uuid="248bc67b-4da1-4c50-b556-b8584c1c8d65">
    <name>Radiology Technician</name>
    <creator/>
    <dateCreated id="80">2013-02-14 23:09:14</dateCreated>
    <retired>false</retired>
    <providerRoleId>14</providerRoleId>
    <relationshipTypes id="81"/>
    <superviseeProviderRoles id="82"/>
    <providerAttributeTypes id="83"/>
  </org.openmrs.module.providermanagement.ProviderRole>
  <org.openmrs.module.providermanagement.ProviderRole id="84" uuid="8fd1552e-6cb9-4719-b198-23a2c512a073">
    <name>Pharmacist</name>
    <creator/>
    <dateCreated id="85">2013-02-14 23:09:07</dateCreated>
    <retired>false</retired>
    <providerRoleId>13</providerRoleId>
    <relationshipTypes id="86"/>
    <superviseeProviderRoles id="87"/>
    <providerAttributeTypes id="88"/>
  </org.openmrs.module.providermanagement.ProviderRole>
  <org.openmrs.module.providermanagement.ProviderRole id="89" uuid="3182ee51-b895-4804-a342-5f261e995222">
    <name>Surgeon</name>
    <creator/>
    <dateCreated id="90">2013-02-14 23:08:53</dateCreated>
    <retired>false</retired>
    <providerRoleId>11</providerRoleId>
    <relationshipTypes id="91"/>
    <superviseeProviderRoles id="92"/>
    <providerAttributeTypes id="93"/>
  </org.openmrs.module.providermanagement.ProviderRole>
  <org.openmrs.module.providermanagement.ProviderRole id="94" uuid="556ceee6-d899-43d4-a98b-7973ebc85b75">
    <name>Physician</name>
    <creator/>
    <dateCreated id="95">2015-04-07 18:08:48</dateCreated>
    <changedBy/>
    <dateChanged id="96">2015-04-07 18:08:48</dateChanged>
    <retired>false</retired>
    <providerRoleId>8</providerRoleId>
    <relationshipTypes id="97"/>
    <superviseeProviderRoles id="98"/>
    <providerAttributeTypes id="99"/>
  </org.openmrs.module.providermanagement.ProviderRole>
  <org.openmrs.module.providermanagement.ProviderRole id="100" uuid="39c28f78-6637-4c21-9bf4-db3e2398054f">
    <name>Anaesthetist</name>
    <creator/>
    <dateCreated id="101">2013-02-14 23:09:00</dateCreated>
    <retired>false</retired>
    <providerRoleId>12</providerRoleId>
    <relationshipTypes id="102"/>
    <superviseeProviderRoles id="103"/>
    <providerAttributeTypes id="104"/>
  </org.openmrs.module.providermanagement.ProviderRole>
</list>
