<?xml version="1.0" encoding="UTF-8"?>
<list id="1">
  <org.openmrs.Role id="2" uuid="5da08e21-efd6-497c-9ef5-d50d7e33a63a">
    <description>pharmacist</description>
    <retired>false</retired>
    <role>Application Role: pharmacist</role>
    <privileges id="3">
      <org.openmrs.Privilege id="4" uuid="1513d29a-15f5-102d-96e4-000c29c2a5d7">
        <description>Able to edit patient encounters</description>
        <retired>false</retired>
        <privilege>Edit Encounters</privilege>
      </org.openmrs.Privilege>
      <org.openmrs.Privilege id="5" uuid="cc9bcfd5-2bc8-489f-85a7-fbd65e5a8293">
        <description>Ability to dispense medicine.</description>
        <retired>false</retired>
        <privilege>Task: mirebalais.dispensing</privilege>
      </org.openmrs.Privilege>
      <org.openmrs.Privilege id="6" uuid="769a12c2-6ff0-42ba-888e-52e66ed16fb7">
        <description>Access to dispensing medication app.</description>
        <retired>false</retired>
        <privilege>App: dispensing.app.dispense</privilege>
      </org.openmrs.Privilege>
    </privileges>
    <inheritedRoles id="7"/>
    <childRoles id="8"/>
  </org.openmrs.Role>
  <org.openmrs.Role id="9" uuid="36fd044e-f76a-4a07-84b0-1af9d7ce0c59">
    <description>pharmacyAide</description>
    <retired>false</retired>
    <role>Application Role: pharmacyAide</role>
    <privileges id="10">
      <org.openmrs.Privilege reference="5"/>
      <org.openmrs.Privilege reference="6"/>
    </privileges>
    <inheritedRoles id="11"/>
    <childRoles id="12"/>
  </org.openmrs.Role>
</list>
