<?xml version="1.0" encoding="UTF-8"?>
<package id="1" uuid="715bb095-d466-4268-a5d5-b2ae544eeaf9">
  <dateCreated id="2">2015-08-07 17:00:55</dateCreated>
  <name>HUM NCD</name>
  <description>Non-communicable disease form for University Hospital at Mirebalais.</description>
  <openmrsVersion>1.9.8  Build fd241c</openmrsVersion>
  <version>3</version>
  <groupUuid>50102310-1d04-4070-a42c-185d7198acad</groupUuid>
  <modules id="3">
    <entry>
      <string>uilibrary</string>
      <string>2.0.3.1</string>
    </entry>
    <entry>
      <string>reportingcompatibility</string>
      <string>1.5.8</string>
    </entry>
    <entry>
      <string>groovy</string>
      <string>2.2.4</string>
    </entry>
    <entry>
      <string>metadatadeploy</string>
      <string>1.5-SNAPSHOT</string>
    </entry>
    <entry>
      <string>uiframework</string>
      <string>3.1</string>
    </entry>
    <entry>
      <string>validation</string>
      <string>1.0.1</string>
    </entry>
    <entry>
      <string>htmlformentry</string>
      <string>2.2.1</string>
    </entry>
    <entry>
      <string>metadatamapping</string>
      <string>1.0.1</string>
    </entry>
    <entry>
      <string>pihcore</string>
      <string>1.0-SNAPSHOT</string>
    </entry>
    <entry>
      <string>logic</string>
      <string>0.5.2</string>
    </entry>
    <entry>
      <string>providermanagement</string>
      <string>2.0</string>
    </entry>
    <entry>
      <string>htmlformentry19ext</string>
      <string>1.4</string>
    </entry>
    <entry>
      <string>metadatasharing</string>
      <string>1.1.8</string>
    </entry>
    <entry>
      <string>serialization.xstream</string>
      <string>0.2.7</string>
    </entry>
  </modules>
  <items class="linked-hash-set" id="4">
    <org.openmrs.module.metadatasharing.Item id="5" uuid="59166690-b88b-4cbd-92f7-31fb037bf2dc">
      <id>86</id>
      <classname>org.openmrs.module.htmlformentry.HtmlForm</classname>
      <dateChanged id="6">2015-08-07 17:00:03</dateChanged>
      <retired>false</retired>
    </org.openmrs.module.metadatasharing.Item>
  </items>
  <relatedItems class="linked-hash-set" id="7">
    <org.openmrs.module.metadatasharing.Item id="8" uuid="8bb13d24-e341-42e6-84ef-8fb73d1fce82">
      <id>215</id>
      <classname>org.openmrs.Form</classname>
      <dateChanged id="9">2015-08-06 17:00:13</dateChanged>
      <retired>false</retired>
    </org.openmrs.module.metadatasharing.Item>
    <org.openmrs.module.metadatasharing.Item id="10" uuid="ae06d311-1866-455b-8a64-126a9bd74171">
      <id>46</id>
      <classname>org.openmrs.EncounterType</classname>
      <dateChanged id="11">2015-08-06 16:59:36</dateChanged>
      <retired>false</retired>
    </org.openmrs.module.metadatasharing.Item>
    <org.openmrs.module.metadatasharing.Item id="12" uuid="b7104b35-3a72-43e8-9879-2ab5dc8ab2fb">
      <id>7412</id>
      <classname>org.openmrs.Concept</classname>
      <dateChanged id="13">2011-08-05 20:52:28</dateChanged>
      <retired>false</retired>
    </org.openmrs.module.metadatasharing.Item>
    <org.openmrs.module.metadatasharing.Item id="14" uuid="8d4a48b6-c2cc-11de-8d13-0010c6dffd0f">
      <id>2</id>
      <classname>org.openmrs.ConceptDatatype</classname>
      <dateChanged id="15">2004-02-02 00:00:00</dateChanged>
      <retired>false</retired>
    </org.openmrs.module.metadatasharing.Item>
    <org.openmrs.module.metadatasharing.Item id="16" uuid="8d491e50-c2cc-11de-8d13-0010c6dffd0f">
      <id>7</id>
      <classname>org.openmrs.ConceptClass</classname>
      <dateChanged id="17">2015-07-01 17:25:50</dateChanged>
      <retired>false</retired>
    </org.openmrs.module.metadatasharing.Item>
    <org.openmrs.module.metadatasharing.Item id="18" uuid="c04e4dba-8e08-4c00-86ab-3aa191ad59dd">
      <id>15081</id>
      <classname>org.openmrs.ConceptName</classname>
      <dateChanged id="19">2011-08-05 20:52:28</dateChanged>
    </org.openmrs.module.metadatasharing.Item>
    <org.openmrs.module.metadatasharing.Item id="20" uuid="9dee2ee6-4e87-4e8d-a001-12caec917b54">
      <id>7342</id>
      <classname>org.openmrs.ConceptAnswer</classname>
      <dateChanged id="21">2011-08-05 20:52:28</dateChanged>
    </org.openmrs.module.metadatasharing.Item>
    <org.openmrs.module.metadatasharing.Item id="22" uuid="3cd6f86c-26fe-102b-80cb-0017a47871b2">
      <id>1066</id>
      <classname>org.openmrs.Concept</classname>
      <dateChanged id="23">2015-05-21 19:56:36</dateChanged>
      <retired>false</retired>
    </org.openmrs.module.metadatasharing.Item>
    <org.openmrs.module.metadatasharing.Item id="24" uuid="8d4a4c94-c2cc-11de-8d13-0010c6dffd0f">
      <id>4</id>
      <classname>org.openmrs.ConceptDatatype</classname>
      <dateChanged id="25">2004-02-02 05:00:00</dateChanged>
      <retired>false</retired>
    </org.openmrs.module.metadatasharing.Item>
    <org.openmrs.module.metadatasharing.Item id="26" uuid="8d492774-c2cc-11de-8d13-0010c6dffd0f">
      <id>11</id>
      <classname>org.openmrs.ConceptClass</classname>
      <dateChanged id="27">2015-07-01 17:25:50</dateChanged>
      <retired>false</retired>
    </org.openmrs.module.metadatasharing.Item>
    <org.openmrs.module.metadatasharing.Item id="28" uuid="126358BBBBBBBBBBBBBBBBBBBBBBBBBBBBBB">
      <id>29718</id>
      <classname>org.openmrs.ConceptName</classname>
      <dateChanged id="29">2014-10-11 19:48:46</dateChanged>
    </org.openmrs.module.metadatasharing.Item>
    <org.openmrs.module.metadatasharing.Item id="30" uuid="126362BBBBBBBBBBBBBBBBBBBBBBBBBBBBBB">
      <id>29716</id>
      <classname>org.openmrs.ConceptName</classname>
      <dateChanged id="31">2014-10-11 19:48:46</dateChanged>
    </org.openmrs.module.metadatasharing.Item>
    <org.openmrs.module.metadatasharing.Item id="32" uuid="3e151786-26fe-102b-80cb-0017a47871b2">
      <id>8310</id>
      <classname>org.openmrs.ConceptName</classname>
      <dateChanged id="33">2015-04-22 14:28:45</dateChanged>
    </org.openmrs.module.metadatasharing.Item>
    <org.openmrs.module.metadatasharing.Item id="34" uuid="126357BBBBBBBBBBBBBBBBBBBBBBBBBBBBBB">
      <id>29709</id>
      <classname>org.openmrs.ConceptName</classname>
      <dateChanged id="35">2014-10-11 19:48:46</dateChanged>
    </org.openmrs.module.metadatasharing.Item>
    <org.openmrs.module.metadatasharing.Item id="36" uuid="111196BBBBBBBBBBBBBBBBBBBBBBBBBBBBBB">
      <id>29717</id>
      <classname>org.openmrs.ConceptName</classname>
      <dateChanged id="37">2013-01-27 06:40:38</dateChanged>
    </org.openmrs.module.metadatasharing.Item>
    <org.openmrs.module.metadatasharing.Item id="38" uuid="126361BBBBBBBBBBBBBBBBBBBBBBBBBBBBBB">
      <id>29708</id>
      <classname>org.openmrs.ConceptName</classname>
      <dateChanged id="39">2014-10-11 19:48:46</dateChanged>
    </org.openmrs.module.metadatasharing.Item>
    <org.openmrs.module.metadatasharing.Item id="40" uuid="126356BBBBBBBBBBBBBBBBBBBBBBBBBBBBBB">
      <id>29719</id>
      <classname>org.openmrs.ConceptName</classname>
      <dateChanged id="41">2014-10-11 19:48:46</dateChanged>
    </org.openmrs.module.metadatasharing.Item>
    <org.openmrs.module.metadatasharing.Item id="42" uuid="126360BBBBBBBBBBBBBBBBBBBBBBBBBBBBBB">
      <id>29715</id>
      <classname>org.openmrs.ConceptName</classname>
      <dateChanged id="43">2014-10-11 19:48:46</dateChanged>
    </org.openmrs.module.metadatasharing.Item>
    <org.openmrs.module.metadatasharing.Item id="44" uuid="126359BBBBBBBBBBBBBBBBBBBBBBBBBBBBBB">
      <id>29710</id>
      <classname>org.openmrs.ConceptName</classname>
      <dateChanged id="45">2014-10-11 19:48:46</dateChanged>
    </org.openmrs.module.metadatasharing.Item>
    <org.openmrs.module.metadatasharing.Item id="46" uuid="127333BBBBBBBBBBBBBBBBBBBBBBBBBBBBBB">
      <id>29714</id>
      <classname>org.openmrs.ConceptName</classname>
      <dateChanged id="47">2015-04-24 21:18:07</dateChanged>
    </org.openmrs.module.metadatasharing.Item>
    <org.openmrs.module.metadatasharing.Item id="48" uuid="106917BBBBBBBBBBBBBBBBBBBBBBBBBBBBBB">
      <id>29711</id>
      <classname>org.openmrs.ConceptName</classname>
      <dateChanged id="49">2010-10-24 20:04:03</dateChanged>
    </org.openmrs.module.metadatasharing.Item>
    <org.openmrs.module.metadatasharing.Item id="50" uuid="106308BBBBBBBBBBBBBBBBBBBBBBBBBBBBBB">
      <id>29713</id>
      <classname>org.openmrs.ConceptName</classname>
      <dateChanged id="51">2010-06-21 23:11:53</dateChanged>
    </org.openmrs.module.metadatasharing.Item>
    <org.openmrs.module.metadatasharing.Item id="52" uuid="5bcc9a17-0a17-4075-84d4-f09882cfaa18">
      <id>17939</id>
      <classname>org.openmrs.ConceptName</classname>
      <dateChanged id="53">2015-04-22 14:28:45</dateChanged>
    </org.openmrs.module.metadatasharing.Item>
    <org.openmrs.module.metadatasharing.Item id="54" uuid="743d14ca-dd31-4ed7-8bfb-b2e4c98a2609">
      <id>17940</id>
      <classname>org.openmrs.ConceptName</classname>
      <dateChanged id="55">2015-04-22 14:28:45</dateChanged>
    </org.openmrs.module.metadatasharing.Item>
    <org.openmrs.module.metadatasharing.Item id="56" uuid="108334BBBBBBBBBBBBBBBBBBBBBBBBBBBBBB">
      <id>29712</id>
      <classname>org.openmrs.ConceptName</classname>
      <dateChanged id="57">2012-03-04 23:58:47</dateChanged>
    </org.openmrs.module.metadatasharing.Item>
    <org.openmrs.module.metadatasharing.Item id="58" uuid="d07abafd-ea95-4edd-9c84-ee85592fc91f">
      <id>1077</id>
      <classname>org.openmrs.ConceptDescription</classname>
      <dateChanged id="59">2015-04-22 14:28:45</dateChanged>
    </org.openmrs.module.metadatasharing.Item>
    <org.openmrs.module.metadatasharing.Item id="60" uuid="1069FFFFFFFFFFFFFFFFFFFFFFFFFFFFFFFF">
      <id>6867</id>
      <classname>org.openmrs.ConceptDescription</classname>
      <dateChanged id="61">2015-04-24 21:18:07</dateChanged>
    </org.openmrs.module.metadatasharing.Item>
    <org.openmrs.module.metadatasharing.Item id="62" uuid="b20d12bc-4864-102e-96e9-000c29c2a5d7">
      <id>1068</id>
      <classname>org.openmrs.ConceptMap</classname>
      <dateChanged id="63">2015-04-22 14:28:45</dateChanged>
    </org.openmrs.module.metadatasharing.Item>
    <org.openmrs.module.metadatasharing.Item id="64" uuid="35543629-7d8c-11e1-909d-c80aa9edcf4e">
      <id>1</id>
      <classname>org.openmrs.ConceptMapType</classname>
      <dateChanged id="65">2012-06-21 00:00:00</dateChanged>
      <retired>false</retired>
    </org.openmrs.module.metadatasharing.Item>
    <org.openmrs.module.metadatasharing.Item id="66" uuid="733a28fa-d244-3248-b654-09ffb442e6f2">
      <id>1068</id>
      <classname>org.openmrs.ConceptReferenceTerm</classname>
      <dateChanged id="67">2010-11-23 00:00:00</dateChanged>
      <retired>false</retired>
    </org.openmrs.module.metadatasharing.Item>
    <org.openmrs.module.metadatasharing.Item id="68" uuid="fb9aaaf1-65e2-4c18-b53c-16b575f2f385">
      <id>5</id>
      <classname>org.openmrs.ConceptSource</classname>
      <dateChanged id="69">2015-07-01 17:25:50</dateChanged>
      <retired>false</retired>
    </org.openmrs.module.metadatasharing.Item>
    <org.openmrs.module.metadatasharing.Item id="70" uuid="aefacf53-8e8e-4ed0-9d32-cbd1d14c6639">
      <id>12989</id>
      <classname>org.openmrs.ConceptMap</classname>
      <dateChanged id="71">2015-04-22 14:28:45</dateChanged>
    </org.openmrs.module.metadatasharing.Item>
    <org.openmrs.module.metadatasharing.Item id="72" uuid="bfdf9e0c-a208-31e8-9df4-45eccc2ea9e7">
      <id>12989</id>
      <classname>org.openmrs.ConceptReferenceTerm</classname>
      <dateChanged id="73">2011-07-22 00:00:00</dateChanged>
      <retired>false</retired>
    </org.openmrs.module.metadatasharing.Item>
    <org.openmrs.module.metadatasharing.Item id="74" uuid="133841ABBBBBBBBBBBBBBBBBBBBBBBBBBBBB">
      <id>25515</id>
      <classname>org.openmrs.ConceptMap</classname>
      <dateChanged id="75">2010-10-01 23:13:10</dateChanged>
    </org.openmrs.module.metadatasharing.Item>
    <org.openmrs.module.metadatasharing.Item id="76" uuid="beaa27cb-dacc-3334-b7c4-9f230f2dd231">
      <id>24857</id>
      <classname>org.openmrs.ConceptReferenceTerm</classname>
      <dateChanged id="77">2010-10-01 04:00:00</dateChanged>
      <retired>false</retired>
    </org.openmrs.module.metadatasharing.Item>
    <org.openmrs.module.metadatasharing.Item id="78" uuid="1ADDDDDDDDDDDDDDDDDDDDDDDDDDDDDDDDDD">
      <id>6</id>
      <classname>org.openmrs.ConceptSource</classname>
      <dateChanged id="79">2015-07-01 17:25:50</dateChanged>
      <retired>false</retired>
    </org.openmrs.module.metadatasharing.Item>
    <org.openmrs.module.metadatasharing.Item id="80" uuid="6e7cd79d-d271-487c-abac-ed5a36f575eb">
      <id>7343</id>
      <classname>org.openmrs.ConceptAnswer</classname>
      <dateChanged id="81">2011-08-05 20:52:28</dateChanged>
    </org.openmrs.module.metadatasharing.Item>
    <org.openmrs.module.metadatasharing.Item id="82" uuid="3cd6f600-26fe-102b-80cb-0017a47871b2">
      <id>1065</id>
      <classname>org.openmrs.Concept</classname>
      <dateChanged id="83">2015-05-21 19:56:36</dateChanged>
      <retired>false</retired>
    </org.openmrs.module.metadatasharing.Item>
    <org.openmrs.module.metadatasharing.Item id="84" uuid="126315BBBBBBBBBBBBBBBBBBBBBBBBBBBBBB">
      <id>29691</id>
      <classname>org.openmrs.ConceptName</classname>
      <dateChanged id="85">2014-10-07 22:39:17</dateChanged>
    </org.openmrs.module.metadatasharing.Item>
    <org.openmrs.module.metadatasharing.Item id="86" uuid="126318BBBBBBBBBBBBBBBBBBBBBBBBBBBBBB">
      <id>29689</id>
      <classname>org.openmrs.ConceptName</classname>
      <dateChanged id="87">2014-10-07 22:39:17</dateChanged>
    </org.openmrs.module.metadatasharing.Item>
    <org.openmrs.module.metadatasharing.Item id="88" uuid="126316BBBBBBBBBBBBBBBBBBBBBBBBBBBBBB">
      <id>29696</id>
      <classname>org.openmrs.ConceptName</classname>
      <dateChanged id="89">2014-10-07 22:39:17</dateChanged>
    </org.openmrs.module.metadatasharing.Item>
    <org.openmrs.module.metadatasharing.Item id="90" uuid="541f1720-0abe-49dd-b4f6-7de87ce05917">
      <id>17941</id>
      <classname>org.openmrs.ConceptName</classname>
      <dateChanged id="91">2015-04-22 14:28:44</dateChanged>
    </org.openmrs.module.metadatasharing.Item>
    <org.openmrs.module.metadatasharing.Item id="92" uuid="106307BBBBBBBBBBBBBBBBBBBBBBBBBBBBBB">
      <id>29693</id>
      <classname>org.openmrs.ConceptName</classname>
      <dateChanged id="93">2010-06-21 23:11:26</dateChanged>
    </org.openmrs.module.metadatasharing.Item>
    <org.openmrs.module.metadatasharing.Item id="94" uuid="111198BBBBBBBBBBBBBBBBBBBBBBBBBBBBBB">
      <id>29697</id>
      <classname>org.openmrs.ConceptName</classname>
      <dateChanged id="95">2013-01-27 06:41:22</dateChanged>
    </org.openmrs.module.metadatasharing.Item>
    <org.openmrs.module.metadatasharing.Item id="96" uuid="3e15161e-26fe-102b-80cb-0017a47871b2">
      <id>1102</id>
      <classname>org.openmrs.ConceptName</classname>
      <dateChanged id="97">2015-04-22 14:28:44</dateChanged>
    </org.openmrs.module.metadatasharing.Item>
    <org.openmrs.module.metadatasharing.Item id="98" uuid="106919BBBBBBBBBBBBBBBBBBBBBBBBBBBBBB">
      <id>29690</id>
      <classname>org.openmrs.ConceptName</classname>
      <dateChanged id="99">2010-10-24 20:04:37</dateChanged>
    </org.openmrs.module.metadatasharing.Item>
    <org.openmrs.module.metadatasharing.Item id="100" uuid="126319BBBBBBBBBBBBBBBBBBBBBBBBBBBBBB">
      <id>29694</id>
      <classname>org.openmrs.ConceptName</classname>
      <dateChanged id="101">2014-10-07 22:39:17</dateChanged>
    </org.openmrs.module.metadatasharing.Item>
    <org.openmrs.module.metadatasharing.Item id="102" uuid="126314BBBBBBBBBBBBBBBBBBBBBBBBBBBBBB">
      <id>29695</id>
      <classname>org.openmrs.ConceptName</classname>
      <dateChanged id="103">2014-10-07 22:39:17</dateChanged>
    </org.openmrs.module.metadatasharing.Item>
    <org.openmrs.module.metadatasharing.Item id="104" uuid="108333BBBBBBBBBBBBBBBBBBBBBBBBBBBBBB">
      <id>29700</id>
      <classname>org.openmrs.ConceptName</classname>
      <dateChanged id="105">2012-03-04 23:58:29</dateChanged>
    </org.openmrs.module.metadatasharing.Item>
    <org.openmrs.module.metadatasharing.Item id="106" uuid="127332BBBBBBBBBBBBBBBBBBBBBBBBBBBBBB">
      <id>29699</id>
      <classname>org.openmrs.ConceptName</classname>
      <dateChanged id="107">2015-04-24 21:17:40</dateChanged>
    </org.openmrs.module.metadatasharing.Item>
    <org.openmrs.module.metadatasharing.Item id="108" uuid="0b931af0-15f5-102d-96e4-000c29c2a5d7">
      <id>9147</id>
      <classname>org.openmrs.ConceptName</classname>
      <dateChanged id="109">2015-04-22 14:28:44</dateChanged>
    </org.openmrs.module.metadatasharing.Item>
    <org.openmrs.module.metadatasharing.Item id="110" uuid="126313BBBBBBBBBBBBBBBBBBBBBBBBBBBBBB">
      <id>29692</id>
      <classname>org.openmrs.ConceptName</classname>
      <dateChanged id="111">2014-10-07 22:36:00</dateChanged>
    </org.openmrs.module.metadatasharing.Item>
    <org.openmrs.module.metadatasharing.Item id="112" uuid="126317BBBBBBBBBBBBBBBBBBBBBBBBBBBBBB">
      <id>29698</id>
      <classname>org.openmrs.ConceptName</classname>
      <dateChanged id="113">2014-10-07 22:39:17</dateChanged>
    </org.openmrs.module.metadatasharing.Item>
    <org.openmrs.module.metadatasharing.Item id="114" uuid="ece437ba-07fe-102c-b5fa-0017a47871b2">
      <id>1076</id>
      <classname>org.openmrs.ConceptDescription</classname>
      <dateChanged id="115">2015-04-22 14:28:44</dateChanged>
    </org.openmrs.module.metadatasharing.Item>
    <org.openmrs.module.metadatasharing.Item id="116" uuid="1068FFFFFFFFFFFFFFFFFFFFFFFFFFFFFFFF">
      <id>6865</id>
      <classname>org.openmrs.ConceptDescription</classname>
      <dateChanged id="117">2015-04-24 21:17:40</dateChanged>
    </org.openmrs.module.metadatasharing.Item>
    <org.openmrs.module.metadatasharing.Item id="118" uuid="7568887a-4943-102e-96e9-000c29c2a5d7">
      <id>6958</id>
      <classname>org.openmrs.ConceptMap</classname>
      <dateChanged id="119">2015-04-22 14:28:44</dateChanged>
    </org.openmrs.module.metadatasharing.Item>
    <org.openmrs.module.metadatasharing.Item id="120" uuid="43c590f7-f85f-376f-9083-d189b74ed37c">
      <id>6958</id>
      <classname>org.openmrs.ConceptReferenceTerm</classname>
      <dateChanged id="121">2010-11-24 00:00:00</dateChanged>
      <retired>false</retired>
    </org.openmrs.module.metadatasharing.Item>
    <org.openmrs.module.metadatasharing.Item id="122" uuid="133840ABBBBBBBBBBBBBBBBBBBBBBBBBBBBB">
      <id>25513</id>
      <classname>org.openmrs.ConceptMap</classname>
      <dateChanged id="123">2010-10-01 23:11:47</dateChanged>
    </org.openmrs.module.metadatasharing.Item>
    <org.openmrs.module.metadatasharing.Item id="124" uuid="d2d5f591-c1b5-308e-bbbb-2fb6dee0d2b2">
      <id>24855</id>
      <classname>org.openmrs.ConceptReferenceTerm</classname>
      <dateChanged id="125">2010-10-01 04:00:00</dateChanged>
      <retired>false</retired>
    </org.openmrs.module.metadatasharing.Item>
    <org.openmrs.module.metadatasharing.Item id="126" uuid="b20d114a-4864-102e-96e9-000c29c2a5d7">
      <id>1067</id>
      <classname>org.openmrs.ConceptMap</classname>
      <dateChanged id="127">2015-04-22 14:28:44</dateChanged>
    </org.openmrs.module.metadatasharing.Item>
    <org.openmrs.module.metadatasharing.Item id="128" uuid="bbb5c16f-f127-32a4-97d5-7d7bed12bfd4">
      <id>1067</id>
      <classname>org.openmrs.ConceptReferenceTerm</classname>
      <dateChanged id="129">2010-11-23 00:00:00</dateChanged>
      <retired>false</retired>
    </org.openmrs.module.metadatasharing.Item>
    <org.openmrs.module.metadatasharing.Item id="130" uuid="087ea171-944b-4877-9607-a0c58c079d2f">
      <id>5662</id>
      <classname>org.openmrs.ConceptDescription</classname>
      <dateChanged id="131">2011-08-05 20:52:28</dateChanged>
    </org.openmrs.module.metadatasharing.Item>
    <org.openmrs.module.metadatasharing.Item id="132" uuid="33908b9e-78c2-44b2-8115-b305aeafe05a">
      <id>13084</id>
      <classname>org.openmrs.ConceptMap</classname>
      <dateChanged id="133">2012-06-21 16:49:52</dateChanged>
    </org.openmrs.module.metadatasharing.Item>
    <org.openmrs.module.metadatasharing.Item id="134" uuid="e0fe15d9-02e5-3b78-8097-ca1d5ac2b3d6">
      <id>13084</id>
      <classname>org.openmrs.ConceptReferenceTerm</classname>
      <dateChanged id="135">2011-08-05 00:00:00</dateChanged>
      <retired>false</retired>
    </org.openmrs.module.metadatasharing.Item>
    <org.openmrs.module.metadatasharing.Item id="136" uuid="99adb73d-4cc3-4352-a207-c35b4c82e5ab">
      <id>13083</id>
      <classname>org.openmrs.ConceptMap</classname>
      <dateChanged id="137">2012-06-21 16:49:52</dateChanged>
    </org.openmrs.module.metadatasharing.Item>
    <org.openmrs.module.metadatasharing.Item id="138" uuid="c3c4173b-e6ca-3b9a-a212-c2320ddf0488">
      <id>13083</id>
      <classname>org.openmrs.ConceptReferenceTerm</classname>
      <dateChanged id="139">2011-08-05 00:00:00</dateChanged>
      <retired>false</retired>
    </org.openmrs.module.metadatasharing.Item>
    <org.openmrs.module.metadatasharing.Item id="140" uuid="e90416ff-65d8-4ab3-9fc6-8e16ae5f2caf">
      <id>3139</id>
      <classname>org.openmrs.Concept</classname>
      <dateChanged id="141">2015-08-06 20:32:35</dateChanged>
      <retired>false</retired>
    </org.openmrs.module.metadatasharing.Item>
    <org.openmrs.module.metadatasharing.Item id="142" uuid="8d4918b0-c2cc-11de-8d13-0010c6dffd0f">
      <id>4</id>
      <classname>org.openmrs.ConceptClass</classname>
      <dateChanged id="143">2015-07-01 17:25:50</dateChanged>
      <retired>false</retired>
    </org.openmrs.module.metadatasharing.Item>
    <org.openmrs.module.metadatasharing.Item id="144" uuid="0b6bbac8-15f5-102d-96e4-000c29c2a5d7">
      <id>3359</id>
      <classname>org.openmrs.ConceptName</classname>
      <dateChanged id="145">2008-05-30 15:35:53</dateChanged>
    </org.openmrs.module.metadatasharing.Item>
    <org.openmrs.module.metadatasharing.Item id="146" uuid="f6e7f060-d5db-102d-ad2a-000c29c2a5d7">
      <id>12641</id>
      <classname>org.openmrs.ConceptName</classname>
      <dateChanged id="147">2010-06-29 13:04:46</dateChanged>
    </org.openmrs.module.metadatasharing.Item>
    <org.openmrs.module.metadatasharing.Item id="148" uuid="ce37717b-dc07-4efa-af4e-a7610325b18d">
      <id>4313</id>
      <classname>org.openmrs.ConceptAnswer</classname>
      <dateChanged id="149">2008-06-05 09:07:49</dateChanged>
    </org.openmrs.module.metadatasharing.Item>
    <org.openmrs.module.metadatasharing.Item id="150" uuid="ef44dc83-7d6d-4e80-91c0-d9b447a689ff">
      <id>3135</id>
      <classname>org.openmrs.Concept</classname>
      <dateChanged id="151">2015-08-06 20:33:05</dateChanged>
      <retired>false</retired>
    </org.openmrs.module.metadatasharing.Item>
    <org.openmrs.module.metadatasharing.Item id="152" uuid="8d491a9a-c2cc-11de-8d13-0010c6dffd0f">
      <id>5</id>
      <classname>org.openmrs.ConceptClass</classname>
      <dateChanged id="153">2015-07-01 17:25:50</dateChanged>
      <retired>false</retired>
    </org.openmrs.module.metadatasharing.Item>
    <org.openmrs.module.metadatasharing.Item id="154" uuid="f6e6a124-d5db-102d-ad2a-000c29c2a5d7">
      <id>12633</id>
      <classname>org.openmrs.ConceptName</classname>
      <dateChanged id="155">2010-06-29 13:04:46</dateChanged>
    </org.openmrs.module.metadatasharing.Item>
    <org.openmrs.module.metadatasharing.Item id="156" uuid="d3f61f20-3999-4c49-88f7-429f70f40568">
      <id>8912</id>
      <classname>org.openmrs.ConceptName</classname>
      <dateChanged id="157">2009-04-15 11:01:10</dateChanged>
    </org.openmrs.module.metadatasharing.Item>
    <org.openmrs.module.metadatasharing.Item id="158" uuid="0b74d9d2-15f5-102d-96e4-000c29c2a5d7">
      <id>4482</id>
      <classname>org.openmrs.ConceptName</classname>
      <dateChanged id="159">2008-06-05 09:49:26</dateChanged>
    </org.openmrs.module.metadatasharing.Item>
    <org.openmrs.module.metadatasharing.Item id="160" uuid="ed214592-07fe-102c-b5fa-0017a47871b2">
      <id>2794</id>
      <classname>org.openmrs.ConceptDescription</classname>
      <dateChanged id="161">2010-12-06 14:40:15</dateChanged>
    </org.openmrs.module.metadatasharing.Item>
    <org.openmrs.module.metadatasharing.Item id="162" uuid="b25b6b92-4864-102e-96e9-000c29c2a5d7">
      <id>3137</id>
      <classname>org.openmrs.ConceptMap</classname>
      <dateChanged id="163">2012-06-21 16:49:52</dateChanged>
    </org.openmrs.module.metadatasharing.Item>
    <org.openmrs.module.metadatasharing.Item id="164" uuid="99fc8d20-ee5c-39e4-9091-e3c3d3a00dca">
      <id>3137</id>
      <classname>org.openmrs.ConceptReferenceTerm</classname>
      <dateChanged id="165">2010-11-23 00:00:00</dateChanged>
      <retired>false</retired>
    </org.openmrs.module.metadatasharing.Item>
    <org.openmrs.module.metadatasharing.Item id="166" uuid="be2b5c70-9eb4-4ef9-928f-64da753e019d">
      <id>11583</id>
      <classname>org.openmrs.ConceptMap</classname>
      <dateChanged id="167">2012-06-21 16:49:52</dateChanged>
    </org.openmrs.module.metadatasharing.Item>
    <org.openmrs.module.metadatasharing.Item id="168" uuid="4a75e26c-0440-32dd-b4a8-b6b51cb0f7cd">
      <id>11583</id>
      <classname>org.openmrs.ConceptReferenceTerm</classname>
      <dateChanged id="169">2010-12-06 00:00:00</dateChanged>
      <retired>false</retired>
    </org.openmrs.module.metadatasharing.Item>
    <org.openmrs.module.metadatasharing.Item id="170" uuid="70644a3b-55ff-44b1-8110-f3da4b20a369">
      <id>4314</id>
      <classname>org.openmrs.ConceptAnswer</classname>
      <dateChanged id="171">2008-06-05 09:07:49</dateChanged>
    </org.openmrs.module.metadatasharing.Item>
    <org.openmrs.module.metadatasharing.Item id="172" uuid="a2cb697a-a105-4d62-8f4a-7e2bcc942bb2">
      <id>3137</id>
      <classname>org.openmrs.Concept</classname>
      <dateChanged id="173">2015-08-06 20:33:29</dateChanged>
      <retired>false</retired>
    </org.openmrs.module.metadatasharing.Item>
    <org.openmrs.module.metadatasharing.Item id="174" uuid="0b74d6ee-15f5-102d-96e4-000c29c2a5d7">
      <id>4479</id>
      <classname>org.openmrs.ConceptName</classname>
      <dateChanged id="175">2008-06-05 09:09:22</dateChanged>
    </org.openmrs.module.metadatasharing.Item>
    <org.openmrs.module.metadatasharing.Item id="176" uuid="4c34b3be-e492-4e72-8364-de64b7edcf87">
      <id>8914</id>
      <classname>org.openmrs.ConceptName</classname>
      <dateChanged id="177">2009-04-15 11:01:56</dateChanged>
    </org.openmrs.module.metadatasharing.Item>
    <org.openmrs.module.metadatasharing.Item id="178" uuid="f6e76a6e-d5db-102d-ad2a-000c29c2a5d7">
      <id>12638</id>
      <classname>org.openmrs.ConceptName</classname>
      <dateChanged id="179">2010-06-29 13:04:46</dateChanged>
    </org.openmrs.module.metadatasharing.Item>
    <org.openmrs.module.metadatasharing.Item id="180" uuid="ed22d77c-07fe-102c-b5fa-0017a47871b2">
      <id>2796</id>
      <classname>org.openmrs.ConceptDescription</classname>
      <dateChanged id="181">2010-12-07 14:24:58</dateChanged>
    </org.openmrs.module.metadatasharing.Item>
    <org.openmrs.module.metadatasharing.Item id="182" uuid="f20ea474-4097-4571-8315-2f7808b55573">
      <id>11618</id>
      <classname>org.openmrs.ConceptMap</classname>
      <dateChanged id="183">2012-06-21 16:49:52</dateChanged>
    </org.openmrs.module.metadatasharing.Item>
    <org.openmrs.module.metadatasharing.Item id="184" uuid="49b9c3f1-0953-3f18-89d1-6e295dfea346">
      <id>11618</id>
      <classname>org.openmrs.ConceptReferenceTerm</classname>
      <dateChanged id="185">2010-12-07 00:00:00</dateChanged>
      <retired>false</retired>
    </org.openmrs.module.metadatasharing.Item>
    <org.openmrs.module.metadatasharing.Item id="186" uuid="b25b6eda-4864-102e-96e9-000c29c2a5d7">
      <id>3139</id>
      <classname>org.openmrs.ConceptMap</classname>
      <dateChanged id="187">2012-06-21 16:49:52</dateChanged>
    </org.openmrs.module.metadatasharing.Item>
    <org.openmrs.module.metadatasharing.Item id="188" uuid="e07c0314-b250-3262-8b91-1148e249334d">
      <id>3139</id>
      <classname>org.openmrs.ConceptReferenceTerm</classname>
      <dateChanged id="189">2010-11-23 00:00:00</dateChanged>
      <retired>false</retired>
    </org.openmrs.module.metadatasharing.Item>
    <org.openmrs.module.metadatasharing.Item id="190" uuid="80068acd-25ab-4ee9-babd-02ad965e2dae">
      <id>4315</id>
      <classname>org.openmrs.ConceptAnswer</classname>
      <dateChanged id="191">2008-06-05 09:07:49</dateChanged>
    </org.openmrs.module.metadatasharing.Item>
    <org.openmrs.module.metadatasharing.Item id="192" uuid="e10400f0-053f-48bb-9983-e52b6231ef41">
      <id>3136</id>
      <classname>org.openmrs.Concept</classname>
      <dateChanged id="193">2015-08-06 20:33:13</dateChanged>
      <retired>false</retired>
    </org.openmrs.module.metadatasharing.Item>
    <org.openmrs.module.metadatasharing.Item id="194" uuid="f6e740a2-d5db-102d-ad2a-000c29c2a5d7">
      <id>12637</id>
      <classname>org.openmrs.ConceptName</classname>
      <dateChanged id="195">2010-06-29 13:04:46</dateChanged>
    </org.openmrs.module.metadatasharing.Item>
    <org.openmrs.module.metadatasharing.Item id="196" uuid="f8a39a47-c84a-472b-8b9c-7cf5470b19e5">
      <id>8913</id>
      <classname>org.openmrs.ConceptName</classname>
      <dateChanged id="197">2009-04-15 11:01:36</dateChanged>
    </org.openmrs.module.metadatasharing.Item>
    <org.openmrs.module.metadatasharing.Item id="198" uuid="0b6bb7e4-15f5-102d-96e4-000c29c2a5d7">
      <id>3356</id>
      <classname>org.openmrs.ConceptName</classname>
      <dateChanged id="199">2008-05-30 15:31:00</dateChanged>
    </org.openmrs.module.metadatasharing.Item>
    <org.openmrs.module.metadatasharing.Item id="200" uuid="ed22d588-07fe-102c-b5fa-0017a47871b2">
      <id>2795</id>
      <classname>org.openmrs.ConceptDescription</classname>
      <dateChanged id="201">2008-05-30 15:31:00</dateChanged>
    </org.openmrs.module.metadatasharing.Item>
    <org.openmrs.module.metadatasharing.Item id="202" uuid="b25b6d4a-4864-102e-96e9-000c29c2a5d7">
      <id>3138</id>
      <classname>org.openmrs.ConceptMap</classname>
      <dateChanged id="203">2012-06-21 16:49:52</dateChanged>
    </org.openmrs.module.metadatasharing.Item>
    <org.openmrs.module.metadatasharing.Item id="204" uuid="e4197883-8d32-3257-8539-ec9981abe585">
      <id>3138</id>
      <classname>org.openmrs.ConceptReferenceTerm</classname>
      <dateChanged id="205">2010-11-23 00:00:00</dateChanged>
      <retired>false</retired>
    </org.openmrs.module.metadatasharing.Item>
    <org.openmrs.module.metadatasharing.Item id="206" uuid="759d1888-4943-102e-96e9-000c29c2a5d7">
      <id>8933</id>
      <classname>org.openmrs.ConceptMap</classname>
      <dateChanged id="207">2012-06-21 16:49:52</dateChanged>
    </org.openmrs.module.metadatasharing.Item>
    <org.openmrs.module.metadatasharing.Item id="208" uuid="bd1560c3-f609-3c89-b6a3-97942e1c5d65">
      <id>8933</id>
      <classname>org.openmrs.ConceptReferenceTerm</classname>
      <dateChanged id="209">2010-11-24 00:00:00</dateChanged>
      <retired>false</retired>
    </org.openmrs.module.metadatasharing.Item>
    <org.openmrs.module.metadatasharing.Item id="210" uuid="72be61de-ffdd-443c-8d7d-40cbe45a9f3b">
      <id>4316</id>
      <classname>org.openmrs.ConceptAnswer</classname>
      <dateChanged id="211">2008-06-05 09:07:49</dateChanged>
    </org.openmrs.module.metadatasharing.Item>
    <org.openmrs.module.metadatasharing.Item id="212" uuid="33f45cc0-fe1c-4731-8877-1e6b44dca288">
      <id>3138</id>
      <classname>org.openmrs.Concept</classname>
      <dateChanged id="213">2015-08-06 20:33:39</dateChanged>
      <retired>false</retired>
    </org.openmrs.module.metadatasharing.Item>
    <org.openmrs.module.metadatasharing.Item id="214" uuid="3c72b054-7d9b-4d4a-9655-eed05c7cc4b9">
      <id>8915</id>
      <classname>org.openmrs.ConceptName</classname>
      <dateChanged id="215">2009-04-15 11:02:20</dateChanged>
    </org.openmrs.module.metadatasharing.Item>
    <org.openmrs.module.metadatasharing.Item id="216" uuid="f6e7c324-d5db-102d-ad2a-000c29c2a5d7">
      <id>12640</id>
      <classname>org.openmrs.ConceptName</classname>
      <dateChanged id="217">2010-06-29 13:04:46</dateChanged>
    </org.openmrs.module.metadatasharing.Item>
    <org.openmrs.module.metadatasharing.Item id="218" uuid="0b6bb9ce-15f5-102d-96e4-000c29c2a5d7">
      <id>3358</id>
      <classname>org.openmrs.ConceptName</classname>
      <dateChanged id="219">2008-05-30 15:33:08</dateChanged>
    </org.openmrs.module.metadatasharing.Item>
    <org.openmrs.module.metadatasharing.Item id="220" uuid="ed22d394-07fe-102c-b5fa-0017a47871b2">
      <id>2797</id>
      <classname>org.openmrs.ConceptDescription</classname>
      <dateChanged id="221">2008-05-30 15:33:08</dateChanged>
    </org.openmrs.module.metadatasharing.Item>
    <org.openmrs.module.metadatasharing.Item id="222" uuid="b25b7056-4864-102e-96e9-000c29c2a5d7">
      <id>3140</id>
      <classname>org.openmrs.ConceptMap</classname>
      <dateChanged id="223">2012-06-21 16:49:52</dateChanged>
    </org.openmrs.module.metadatasharing.Item>
    <org.openmrs.module.metadatasharing.Item id="224" uuid="d8c282c9-373e-3dbd-bda9-01780916b2de">
      <id>3140</id>
      <classname>org.openmrs.ConceptReferenceTerm</classname>
      <dateChanged id="225">2010-11-23 00:00:00</dateChanged>
      <retired>false</retired>
    </org.openmrs.module.metadatasharing.Item>
    <org.openmrs.module.metadatasharing.Item id="226" uuid="759d19f0-4943-102e-96e9-000c29c2a5d7">
      <id>8934</id>
      <classname>org.openmrs.ConceptMap</classname>
      <dateChanged id="227">2012-06-21 16:49:52</dateChanged>
    </org.openmrs.module.metadatasharing.Item>
    <org.openmrs.module.metadatasharing.Item id="228" uuid="baf457d0-0373-316a-a08f-05543499c77e">
      <id>8934</id>
      <classname>org.openmrs.ConceptReferenceTerm</classname>
      <dateChanged id="229">2010-11-24 00:00:00</dateChanged>
      <retired>false</retired>
    </org.openmrs.module.metadatasharing.Item>
    <org.openmrs.module.metadatasharing.Item id="230" uuid="ed22ba44-07fe-102c-b5fa-0017a47871b2">
      <id>2798</id>
      <classname>org.openmrs.ConceptDescription</classname>
      <dateChanged id="231">2010-12-06 15:41:43</dateChanged>
    </org.openmrs.module.metadatasharing.Item>
    <org.openmrs.module.metadatasharing.Item id="232" uuid="4695d48d-6937-4f66-ad7d-9707e6c8c5e4">
      <id>11587</id>
      <classname>org.openmrs.ConceptMap</classname>
      <dateChanged id="233">2012-06-21 16:49:52</dateChanged>
    </org.openmrs.module.metadatasharing.Item>
    <org.openmrs.module.metadatasharing.Item id="234" uuid="1faefc8c-b3ca-31c6-bff6-3a814a89c29e">
      <id>11587</id>
      <classname>org.openmrs.ConceptReferenceTerm</classname>
      <dateChanged id="235">2010-12-06 00:00:00</dateChanged>
      <retired>false</retired>
    </org.openmrs.module.metadatasharing.Item>
    <org.openmrs.module.metadatasharing.Item id="236" uuid="b25b71d2-4864-102e-96e9-000c29c2a5d7">
      <id>3141</id>
      <classname>org.openmrs.ConceptMap</classname>
      <dateChanged id="237">2012-06-21 16:49:52</dateChanged>
    </org.openmrs.module.metadatasharing.Item>
    <org.openmrs.module.metadatasharing.Item id="238" uuid="3b3094c2-d6a0-3691-bee5-d5ba62b3642f">
      <id>3141</id>
      <classname>org.openmrs.ConceptReferenceTerm</classname>
      <dateChanged id="239">2010-11-23 00:00:00</dateChanged>
      <retired>false</retired>
    </org.openmrs.module.metadatasharing.Item>
    <org.openmrs.module.metadatasharing.Item id="240" uuid="3cdcee66-26fe-102b-80cb-0017a47871b2">
      <id>1715</id>
      <classname>org.openmrs.Concept</classname>
      <dateChanged id="241">2015-08-07 15:01:00</dateChanged>
      <retired>false</retired>
    </org.openmrs.module.metadatasharing.Item>
    <org.openmrs.module.metadatasharing.Item id="242" uuid="8d4a5cca-c2cc-11de-8d13-0010c6dffd0f">
      <id>10</id>
      <classname>org.openmrs.ConceptDatatype</classname>
      <dateChanged id="243">2004-08-26 00:00:00</dateChanged>
      <retired>false</retired>
    </org.openmrs.module.metadatasharing.Item>
    <org.openmrs.module.metadatasharing.Item id="244" uuid="f6386f46-d5db-102d-ad2a-000c29c2a5d7">
      <id>11215</id>
      <classname>org.openmrs.ConceptName</classname>
      <dateChanged id="245">2015-08-07 15:01:00</dateChanged>
    </org.openmrs.module.metadatasharing.Item>
    <org.openmrs.module.metadatasharing.Item id="246" uuid="3e1dc8d6-26fe-102b-80cb-0017a47871b2">
      <id>1869</id>
      <classname>org.openmrs.ConceptName</classname>
      <dateChanged id="247">2006-10-03 15:48:00</dateChanged>
    </org.openmrs.module.metadatasharing.Item>
    <org.openmrs.module.metadatasharing.Item id="248" uuid="3e1dcfa2-26fe-102b-80cb-0017a47871b2">
      <id>1870</id>
      <classname>org.openmrs.ConceptName</classname>
      <dateChanged id="249">2015-08-07 15:01:00</dateChanged>
    </org.openmrs.module.metadatasharing.Item>
    <org.openmrs.module.metadatasharing.Item id="250" uuid="9e29bc37-ccf5-4173-b9c4-60dbf31049a6">
      <id>30394</id>
      <classname>org.openmrs.ConceptName</classname>
      <dateChanged id="251">2015-08-07 15:01:00</dateChanged>
    </org.openmrs.module.metadatasharing.Item>
    <org.openmrs.module.metadatasharing.Item id="252" uuid="ecec3ef6-07fe-102c-b5fa-0017a47871b2">
      <id>1735</id>
      <classname>org.openmrs.ConceptDescription</classname>
      <dateChanged id="253">2006-10-03 15:48:00</dateChanged>
    </org.openmrs.module.metadatasharing.Item>
    <org.openmrs.module.metadatasharing.Item id="254" uuid="b214ea0a-4864-102e-96e9-000c29c2a5d7">
      <id>1717</id>
      <classname>org.openmrs.ConceptMap</classname>
      <dateChanged id="255">2012-06-21 16:49:52</dateChanged>
    </org.openmrs.module.metadatasharing.Item>
    <org.openmrs.module.metadatasharing.Item id="256" uuid="4742c1e2-45a1-3fa1-93cd-255a82e655fa">
      <id>1717</id>
      <classname>org.openmrs.ConceptReferenceTerm</classname>
      <dateChanged id="257">2010-11-23 00:00:00</dateChanged>
      <retired>false</retired>
    </org.openmrs.module.metadatasharing.Item>
    <org.openmrs.module.metadatasharing.Item id="258" uuid="75779e46-4943-102e-96e9-000c29c2a5d7">
      <id>7539</id>
      <classname>org.openmrs.ConceptMap</classname>
      <dateChanged id="259">2012-06-21 16:49:52</dateChanged>
    </org.openmrs.module.metadatasharing.Item>
    <org.openmrs.module.metadatasharing.Item id="260" uuid="25bd4971-a433-3805-a0ff-a28569478d5c">
      <id>7539</id>
      <classname>org.openmrs.ConceptReferenceTerm</classname>
      <dateChanged id="261">2010-11-24 00:00:00</dateChanged>
      <retired>false</retired>
    </org.openmrs.module.metadatasharing.Item>
    <org.openmrs.module.metadatasharing.Item id="262" uuid="f0b78514-e81b-44d6-83a8-c96b9abcf695">
      <id>7398</id>
      <classname>org.openmrs.ConceptNumeric</classname>
      <dateChanged id="263">2011-08-05 17:21:38</dateChanged>
      <retired>false</retired>
    </org.openmrs.module.metadatasharing.Item>
    <org.openmrs.module.metadatasharing.Item id="264" uuid="8d4a4488-c2cc-11de-8d13-0010c6dffd0f">
      <id>1</id>
      <classname>org.openmrs.ConceptDatatype</classname>
      <dateChanged id="265">2004-02-02 00:00:00</dateChanged>
      <retired>false</retired>
    </org.openmrs.module.metadatasharing.Item>
    <org.openmrs.module.metadatasharing.Item id="266" uuid="66cd85d3-82b9-4d4b-96a0-e5828d72b0b7">
      <id>15061</id>
      <classname>org.openmrs.ConceptName</classname>
      <dateChanged id="267">2011-08-05 17:20:57</dateChanged>
    </org.openmrs.module.metadatasharing.Item>
    <org.openmrs.module.metadatasharing.Item id="268" uuid="a67432ff-9c60-4b95-be29-9fc3eb21669a">
      <id>5655</id>
      <classname>org.openmrs.ConceptDescription</classname>
      <dateChanged id="269">2011-08-05 17:21:38</dateChanged>
    </org.openmrs.module.metadatasharing.Item>
    <org.openmrs.module.metadatasharing.Item id="270" uuid="982828f0-c0ca-461d-9b46-e697d32949c0">
      <id>13048</id>
      <classname>org.openmrs.ConceptMap</classname>
      <dateChanged id="271">2012-06-21 16:49:52</dateChanged>
    </org.openmrs.module.metadatasharing.Item>
    <org.openmrs.module.metadatasharing.Item id="272" uuid="453a90c3-55a8-3d55-a95c-b70dd8931af7">
      <id>13048</id>
      <classname>org.openmrs.ConceptReferenceTerm</classname>
      <dateChanged id="273">2011-08-05 00:00:00</dateChanged>
      <retired>false</retired>
    </org.openmrs.module.metadatasharing.Item>
    <org.openmrs.module.metadatasharing.Item id="274" uuid="ed254587-d9a2-4579-801a-16dbfc1b48f1">
      <id>13047</id>
      <classname>org.openmrs.ConceptMap</classname>
      <dateChanged id="275">2012-06-21 16:49:52</dateChanged>
    </org.openmrs.module.metadatasharing.Item>
    <org.openmrs.module.metadatasharing.Item id="276" uuid="6ed833fb-3994-3899-96c3-74f32bdfc7ad">
      <id>13047</id>
      <classname>org.openmrs.ConceptReferenceTerm</classname>
      <dateChanged id="277">2011-08-05 00:00:00</dateChanged>
      <retired>false</retired>
    </org.openmrs.module.metadatasharing.Item>
    <org.openmrs.module.metadatasharing.Item id="278" uuid="33c38f5b-0a68-4499-bd86-87ca792c868e">
      <id>7405</id>
      <classname>org.openmrs.Concept</classname>
      <dateChanged id="279">2015-08-07 14:50:25</dateChanged>
      <retired>false</retired>
    </org.openmrs.module.metadatasharing.Item>
    <org.openmrs.module.metadatasharing.Item id="280" uuid="9f3d6235-80f2-4c4c-8f42-a71f28bdc69c">
      <id>15071</id>
      <classname>org.openmrs.ConceptName</classname>
      <dateChanged id="281">2011-08-05 17:48:56</dateChanged>
    </org.openmrs.module.metadatasharing.Item>
    <org.openmrs.module.metadatasharing.Item id="282" uuid="fc869d77-d0b7-4c16-ac68-4af98ee05016">
      <id>7327</id>
      <classname>org.openmrs.ConceptAnswer</classname>
      <dateChanged id="283">2011-08-05 17:48:56</dateChanged>
    </org.openmrs.module.metadatasharing.Item>
    <org.openmrs.module.metadatasharing.Item id="284" uuid="0016512d-4388-44f0-a4b6-f6ad9e18fdcd">
      <id>7403</id>
      <classname>org.openmrs.Concept</classname>
      <dateChanged id="285">2013-11-26 19:29:26</dateChanged>
      <retired>false</retired>
    </org.openmrs.module.metadatasharing.Item>
    <org.openmrs.module.metadatasharing.Item id="286" uuid="93ac8399-a07e-4d03-bf26-0ef3282d8150">
      <id>15069</id>
      <classname>org.openmrs.ConceptName</classname>
      <dateChanged id="287">2011-08-05 17:44:33</dateChanged>
    </org.openmrs.module.metadatasharing.Item>
    <org.openmrs.module.metadatasharing.Item id="288" uuid="c16dc3c2-1a63-4609-bf1a-b3f234623a5c">
      <id>18295</id>
      <classname>org.openmrs.ConceptName</classname>
      <dateChanged id="289">2013-03-07 23:02:37</dateChanged>
    </org.openmrs.module.metadatasharing.Item>
    <org.openmrs.module.metadatasharing.Item id="290" uuid="f3ccdd9d-5b37-4ee3-a58f-a3a087088ae6">
      <id>18294</id>
      <classname>org.openmrs.ConceptName</classname>
      <dateChanged id="291">2013-03-07 23:02:37</dateChanged>
    </org.openmrs.module.metadatasharing.Item>
    <org.openmrs.module.metadatasharing.Item id="292" uuid="2e40114b-3f44-4fec-abdd-584cd8a9e316">
      <id>18296</id>
      <classname>org.openmrs.ConceptName</classname>
      <dateChanged id="293">2013-03-07 23:02:37</dateChanged>
    </org.openmrs.module.metadatasharing.Item>
    <org.openmrs.module.metadatasharing.Item id="294" uuid="54399f5f-8e07-478e-8f77-0c43c26436f1">
      <id>18297</id>
      <classname>org.openmrs.ConceptName</classname>
      <dateChanged id="295">2013-03-07 23:02:37</dateChanged>
    </org.openmrs.module.metadatasharing.Item>
    <org.openmrs.module.metadatasharing.Item id="296" uuid="e69a1c88-fc2e-47f0-b1c0-73bc88dd75ae">
      <id>5657</id>
      <classname>org.openmrs.ConceptDescription</classname>
      <dateChanged id="297">2011-08-05 17:45:01</dateChanged>
    </org.openmrs.module.metadatasharing.Item>
    <org.openmrs.module.metadatasharing.Item id="298" uuid="ff55e9f2-4960-4ced-a174-f9218827bc81">
      <id>13058</id>
      <classname>org.openmrs.ConceptMap</classname>
      <dateChanged id="299">2012-06-21 16:49:52</dateChanged>
    </org.openmrs.module.metadatasharing.Item>
    <org.openmrs.module.metadatasharing.Item id="300" uuid="949b7146-1601-3026-b354-816ad448c1f2">
      <id>13058</id>
      <classname>org.openmrs.ConceptReferenceTerm</classname>
      <dateChanged id="301">2011-08-05 00:00:00</dateChanged>
      <retired>false</retired>
    </org.openmrs.module.metadatasharing.Item>
    <org.openmrs.module.metadatasharing.Item id="302" uuid="e475dd48-baa3-4c04-be9b-41dc861a0562">
      <id>20581</id>
      <classname>org.openmrs.ConceptMap</classname>
      <dateChanged id="303">2013-11-26 19:29:26</dateChanged>
    </org.openmrs.module.metadatasharing.Item>
    <org.openmrs.module.metadatasharing.Item id="304" uuid="43ac5109-7d8c-11e1-909d-c80aa9edcf4e">
      <id>2</id>
      <classname>org.openmrs.ConceptMapType</classname>
      <dateChanged id="305">2012-06-21 00:00:00</dateChanged>
      <retired>false</retired>
    </org.openmrs.module.metadatasharing.Item>
    <org.openmrs.module.metadatasharing.Item id="306" uuid="1fa99fc8-ecc5-4be4-bbf8-9a69eb76d81e">
      <id>20400</id>
      <classname>org.openmrs.ConceptReferenceTerm</classname>
      <dateChanged id="307">2013-11-26 19:28:30</dateChanged>
      <retired>false</retired>
    </org.openmrs.module.metadatasharing.Item>
    <org.openmrs.module.metadatasharing.Item id="308" uuid="947a1410-1987-4399-8017-c1ea70f242d1">
      <id>28</id>
      <classname>org.openmrs.ConceptSource</classname>
      <dateChanged id="309">2013-04-24 12:57:01</dateChanged>
      <retired>false</retired>
    </org.openmrs.module.metadatasharing.Item>
    <org.openmrs.module.metadatasharing.Item id="310" uuid="7a58fadd-4067-46fa-a01f-6fdbf7d457bd">
      <id>13057</id>
      <classname>org.openmrs.ConceptMap</classname>
      <dateChanged id="311">2012-06-21 16:49:52</dateChanged>
    </org.openmrs.module.metadatasharing.Item>
    <org.openmrs.module.metadatasharing.Item id="312" uuid="6b684382-20f4-30d8-9a59-23cb35129593">
      <id>13057</id>
      <classname>org.openmrs.ConceptReferenceTerm</classname>
      <dateChanged id="313">2011-08-05 00:00:00</dateChanged>
      <retired>false</retired>
    </org.openmrs.module.metadatasharing.Item>
    <org.openmrs.module.metadatasharing.Item id="314" uuid="f24ce649-5fac-4568-8d8f-610714acc77b">
      <id>14895</id>
      <classname>org.openmrs.ConceptMap</classname>
      <dateChanged id="315">2013-03-10 20:36:16</dateChanged>
    </org.openmrs.module.metadatasharing.Item>
    <org.openmrs.module.metadatasharing.Item id="316" uuid="967e3b83-4f81-37a9-954e-7e372e3af466">
      <id>13053</id>
      <classname>org.openmrs.ConceptReferenceTerm</classname>
      <dateChanged id="317">2010-04-25 00:00:00</dateChanged>
      <retired>false</retired>
    </org.openmrs.module.metadatasharing.Item>
    <org.openmrs.module.metadatasharing.Item id="318" uuid="3f65bd34-26fe-102b-80cb-0017a47871b2">
      <id>3</id>
      <classname>org.openmrs.ConceptSource</classname>
      <dateChanged id="319">2015-07-01 17:25:50</dateChanged>
      <retired>false</retired>
    </org.openmrs.module.metadatasharing.Item>
    <org.openmrs.module.metadatasharing.Item id="320" uuid="1c959ed9-3e19-4ac2-8263-9ebc1608fca3">
      <id>18553</id>
      <classname>org.openmrs.ConceptMap</classname>
      <dateChanged id="321">2013-07-24 18:28:47</dateChanged>
    </org.openmrs.module.metadatasharing.Item>
    <org.openmrs.module.metadatasharing.Item id="322" uuid="2f01abf5-264b-4078-aec5-46b7b6fac70c">
      <id>18469</id>
      <classname>org.openmrs.ConceptReferenceTerm</classname>
      <dateChanged id="323">2013-07-24 18:28:13</dateChanged>
      <retired>false</retired>
    </org.openmrs.module.metadatasharing.Item>
    <org.openmrs.module.metadatasharing.Item id="324" uuid="a08e1ed5-2855-4562-9eaf-3c95f0f63b00">
      <id>7328</id>
      <classname>org.openmrs.ConceptAnswer</classname>
      <dateChanged id="325">2011-08-05 17:48:56</dateChanged>
    </org.openmrs.module.metadatasharing.Item>
    <org.openmrs.module.metadatasharing.Item id="326" uuid="153753AAAAAAAAAAAAAAAAAAAAAAAAAAAAAA">
      <id>7401</id>
      <classname>org.openmrs.Concept</classname>
      <dateChanged id="327">2013-03-10 20:43:13</dateChanged>
      <retired>false</retired>
    </org.openmrs.module.metadatasharing.Item>
    <org.openmrs.module.metadatasharing.Item id="328" uuid="53315BBBBBBBBBBBBBBBBBBBBBBBBBBBBBBB">
      <id>15066</id>
      <classname>org.openmrs.ConceptName</classname>
      <dateChanged id="329">2008-02-16 19:59:17</dateChanged>
    </org.openmrs.module.metadatasharing.Item>
    <org.openmrs.module.metadatasharing.Item id="330" uuid="7c505562-695f-47f1-a892-e153c135aed9">
      <id>18661</id>
      <classname>org.openmrs.ConceptName</classname>
      <dateChanged id="331">2013-03-10 20:43:13</dateChanged>
    </org.openmrs.module.metadatasharing.Item>
    <org.openmrs.module.metadatasharing.Item id="332" uuid="55200BBBBBBBBBBBBBBBBBBBBBBBBBBBBBBB">
      <id>15065</id>
      <classname>org.openmrs.ConceptName</classname>
      <dateChanged id="333">2009-08-18 20:03:14</dateChanged>
    </org.openmrs.module.metadatasharing.Item>
    <org.openmrs.module.metadatasharing.Item id="334" uuid="6a76fe5d-1510-4b3c-950b-db781d36f5df">
      <id>18662</id>
      <classname>org.openmrs.ConceptName</classname>
      <dateChanged id="335">2013-03-10 20:43:13</dateChanged>
    </org.openmrs.module.metadatasharing.Item>
    <org.openmrs.module.metadatasharing.Item id="336" uuid="39539ABBBBBBBBBBBBBBBBBBBBBBBBBBBBBB">
      <id>13054</id>
      <classname>org.openmrs.ConceptMap</classname>
      <dateChanged id="337">2012-06-21 16:49:52</dateChanged>
    </org.openmrs.module.metadatasharing.Item>
    <org.openmrs.module.metadatasharing.Item id="338" uuid="aac0678c-fa04-3e62-926f-daa989c2245f">
      <id>13054</id>
      <classname>org.openmrs.ConceptReferenceTerm</classname>
      <dateChanged id="339">2010-04-25 00:00:00</dateChanged>
      <retired>false</retired>
    </org.openmrs.module.metadatasharing.Item>
    <org.openmrs.module.metadatasharing.Item id="340" uuid="88276ABBBBBBBBBBBBBBBBBBBBBBBBBBBBBB">
      <id>13053</id>
      <classname>org.openmrs.ConceptMap</classname>
      <dateChanged id="341">2010-04-25 15:39:31</dateChanged>
    </org.openmrs.module.metadatasharing.Item>
    <org.openmrs.module.metadatasharing.Item id="342" uuid="41e40cf8-f586-11e3-9323-aa00f871a3e1">
      <id>22443</id>
      <classname>org.openmrs.ConceptMap</classname>
      <dateChanged id="343">2014-06-16 18:44:27</dateChanged>
    </org.openmrs.module.metadatasharing.Item>
    <org.openmrs.module.metadatasharing.Item id="344" uuid="075642f4-f586-11e3-9323-aa00f871a3e1">
      <id>22054</id>
      <classname>org.openmrs.ConceptReferenceTerm</classname>
      <dateChanged id="345">2014-06-16 18:42:54</dateChanged>
      <retired>false</retired>
    </org.openmrs.module.metadatasharing.Item>
    <org.openmrs.module.metadatasharing.Item id="346" uuid="21ADDDDDDDDDDDDDDDDDDDDDDDDDDDDDDDDD">
      <id>29</id>
      <classname>org.openmrs.ConceptSource</classname>
      <dateChanged id="347">2015-07-01 17:25:50</dateChanged>
      <retired>false</retired>
    </org.openmrs.module.metadatasharing.Item>
    <org.openmrs.module.metadatasharing.Item id="348" uuid="9d87d5ac-6495-4729-b1e9-64e81e26fe0a">
      <id>13063</id>
      <classname>org.openmrs.ConceptMap</classname>
      <dateChanged id="349">2012-06-21 16:49:52</dateChanged>
    </org.openmrs.module.metadatasharing.Item>
    <org.openmrs.module.metadatasharing.Item id="350" uuid="a6fad1e0-36cd-3eae-a983-b54f1d49cf5c">
      <id>13063</id>
      <classname>org.openmrs.ConceptReferenceTerm</classname>
      <dateChanged id="351">2011-08-05 00:00:00</dateChanged>
      <retired>false</retired>
    </org.openmrs.module.metadatasharing.Item>
    <org.openmrs.module.metadatasharing.Item id="352" uuid="793ea3a1-3cc4-4a6f-8a34-e8ff925bc540">
      <id>13064</id>
      <classname>org.openmrs.ConceptMap</classname>
      <dateChanged id="353">2012-06-21 16:49:52</dateChanged>
    </org.openmrs.module.metadatasharing.Item>
    <org.openmrs.module.metadatasharing.Item id="354" uuid="d9d7f288-b392-3ebf-bd36-a83f8f9d71eb">
      <id>13064</id>
      <classname>org.openmrs.ConceptReferenceTerm</classname>
      <dateChanged id="355">2011-08-05 00:00:00</dateChanged>
      <retired>false</retired>
    </org.openmrs.module.metadatasharing.Item>
    <org.openmrs.module.metadatasharing.Item id="356" uuid="83cd015c-ac2f-403d-834f-721ce2212705">
      <id>7329</id>
      <classname>org.openmrs.ConceptAnswer</classname>
      <dateChanged id="357">2011-08-05 17:48:56</dateChanged>
    </org.openmrs.module.metadatasharing.Item>
    <org.openmrs.module.metadatasharing.Item id="358" uuid="113018AAAAAAAAAAAAAAAAAAAAAAAAAAAAAA">
      <id>7402</id>
      <classname>org.openmrs.Concept</classname>
      <dateChanged id="359">2015-08-07 14:50:48</dateChanged>
      <retired>false</retired>
    </org.openmrs.module.metadatasharing.Item>
    <org.openmrs.module.metadatasharing.Item id="360" uuid="13653BBBBBBBBBBBBBBBBBBBBBBBBBBBBBBB">
      <id>15068</id>
      <classname>org.openmrs.ConceptName</classname>
      <dateChanged id="361">2007-10-18 08:28:24</dateChanged>
    </org.openmrs.module.metadatasharing.Item>
    <org.openmrs.module.metadatasharing.Item id="362" uuid="19df2038-d05f-443c-9a43-8fa66cbb9594">
      <id>18659</id>
      <classname>org.openmrs.ConceptName</classname>
      <dateChanged id="363">2013-03-10 20:41:04</dateChanged>
    </org.openmrs.module.metadatasharing.Item>
    <org.openmrs.module.metadatasharing.Item id="364" uuid="9074ad66-5df2-4fcf-becc-25ae4ec4b732">
      <id>18660</id>
      <classname>org.openmrs.ConceptName</classname>
      <dateChanged id="365">2013-03-10 20:41:04</dateChanged>
    </org.openmrs.module.metadatasharing.Item>
    <org.openmrs.module.metadatasharing.Item id="366" uuid="85661BBBBBBBBBBBBBBBBBBBBBBBBBBBBBBB">
      <id>15067</id>
      <classname>org.openmrs.ConceptName</classname>
      <dateChanged id="367">2009-08-18 20:03:14</dateChanged>
    </org.openmrs.module.metadatasharing.Item>
    <org.openmrs.module.metadatasharing.Item id="368" uuid="88278ABBBBBBBBBBBBBBBBBBBBBBBBBBBBBB">
      <id>13055</id>
      <classname>org.openmrs.ConceptMap</classname>
      <dateChanged id="369">2010-04-25 15:39:31</dateChanged>
    </org.openmrs.module.metadatasharing.Item>
    <org.openmrs.module.metadatasharing.Item id="370" uuid="eeeba502-2c12-46fd-a4e4-b379f63dc042">
      <id>13068</id>
      <classname>org.openmrs.ConceptMap</classname>
      <dateChanged id="371">2012-06-21 16:49:52</dateChanged>
    </org.openmrs.module.metadatasharing.Item>
    <org.openmrs.module.metadatasharing.Item id="372" uuid="3174caaf-c9b6-3a9b-8a62-b99553696fd8">
      <id>13068</id>
      <classname>org.openmrs.ConceptReferenceTerm</classname>
      <dateChanged id="373">2011-08-05 00:00:00</dateChanged>
      <retired>false</retired>
    </org.openmrs.module.metadatasharing.Item>
    <org.openmrs.module.metadatasharing.Item id="374" uuid="95b13d1c-c0c6-45c1-a1a0-3c190e84f789">
      <id>20583</id>
      <classname>org.openmrs.ConceptMap</classname>
      <dateChanged id="375">2013-11-26 19:30:11</dateChanged>
    </org.openmrs.module.metadatasharing.Item>
    <org.openmrs.module.metadatasharing.Item id="376" uuid="8f550df1-153a-46e7-bdd8-e458f0a006d0">
      <id>13067</id>
      <classname>org.openmrs.ConceptMap</classname>
      <dateChanged id="377">2012-06-21 16:49:52</dateChanged>
    </org.openmrs.module.metadatasharing.Item>
    <org.openmrs.module.metadatasharing.Item id="378" uuid="26225e6b-a6d8-35b1-b27a-ae8544b6526e">
      <id>13067</id>
      <classname>org.openmrs.ConceptReferenceTerm</classname>
      <dateChanged id="379">2011-08-05 00:00:00</dateChanged>
      <retired>false</retired>
    </org.openmrs.module.metadatasharing.Item>
    <org.openmrs.module.metadatasharing.Item id="380" uuid="41dcd5f0-f586-11e3-9323-aa00f871a3e1">
      <id>22360</id>
      <classname>org.openmrs.ConceptMap</classname>
      <dateChanged id="381">2014-06-16 18:44:27</dateChanged>
    </org.openmrs.module.metadatasharing.Item>
    <org.openmrs.module.metadatasharing.Item id="382" uuid="072913f6-f586-11e3-9323-aa00f871a3e1">
      <id>21907</id>
      <classname>org.openmrs.ConceptReferenceTerm</classname>
      <dateChanged id="383">2014-06-16 18:42:54</dateChanged>
      <retired>false</retired>
    </org.openmrs.module.metadatasharing.Item>
    <org.openmrs.module.metadatasharing.Item id="384" uuid="75306ABBBBBBBBBBBBBBBBBBBBBBBBBBBBBB">
      <id>13056</id>
      <classname>org.openmrs.ConceptMap</classname>
      <dateChanged id="385">2012-06-21 16:49:52</dateChanged>
    </org.openmrs.module.metadatasharing.Item>
    <org.openmrs.module.metadatasharing.Item id="386" uuid="fd0219d4-0779-35fa-ad10-4cd371c4fd68">
      <id>13056</id>
      <classname>org.openmrs.ConceptReferenceTerm</classname>
      <dateChanged id="387">2010-04-25 00:00:00</dateChanged>
      <retired>false</retired>
    </org.openmrs.module.metadatasharing.Item>
    <org.openmrs.module.metadatasharing.Item id="388" uuid="f9e4942a-9569-4ce1-8132-dc450c37c70c">
      <id>7330</id>
      <classname>org.openmrs.ConceptAnswer</classname>
      <dateChanged id="389">2011-08-05 17:48:56</dateChanged>
    </org.openmrs.module.metadatasharing.Item>
    <org.openmrs.module.metadatasharing.Item id="390" uuid="134026AAAAAAAAAAAAAAAAAAAAAAAAAAAAAA">
      <id>7400</id>
      <classname>org.openmrs.Concept</classname>
      <dateChanged id="391">2013-11-26 19:29:50</dateChanged>
      <retired>false</retired>
    </org.openmrs.module.metadatasharing.Item>
    <org.openmrs.module.metadatasharing.Item id="392" uuid="b9d0dae9-f298-4f84-9235-519a2ed5ff89">
      <id>18663</id>
      <classname>org.openmrs.ConceptName</classname>
      <dateChanged id="393">2013-03-10 20:43:55</dateChanged>
    </org.openmrs.module.metadatasharing.Item>
    <org.openmrs.module.metadatasharing.Item id="394" uuid="7bef1388-c89c-4d07-a14e-2ea9fcd9e04b">
      <id>18664</id>
      <classname>org.openmrs.ConceptName</classname>
      <dateChanged id="395">2013-03-10 20:43:55</dateChanged>
    </org.openmrs.module.metadatasharing.Item>
    <org.openmrs.module.metadatasharing.Item id="396" uuid="33907BBBBBBBBBBBBBBBBBBBBBBBBBBBBBBB">
      <id>15063</id>
      <classname>org.openmrs.ConceptName</classname>
      <dateChanged id="397">2007-10-18 08:28:24</dateChanged>
    </org.openmrs.module.metadatasharing.Item>
    <org.openmrs.module.metadatasharing.Item id="398" uuid="70662BBBBBBBBBBBBBBBBBBBBBBBBBBBBBBB">
      <id>15064</id>
      <classname>org.openmrs.ConceptName</classname>
      <dateChanged id="399">2009-08-18 20:03:14</dateChanged>
    </org.openmrs.module.metadatasharing.Item>
    <org.openmrs.module.metadatasharing.Item id="400" uuid="41e3eb4c-f586-11e3-9323-aa00f871a3e1">
      <id>22442</id>
      <classname>org.openmrs.ConceptMap</classname>
      <dateChanged id="401">2014-06-16 18:44:27</dateChanged>
    </org.openmrs.module.metadatasharing.Item>
    <org.openmrs.module.metadatasharing.Item id="402" uuid="073b88e2-f586-11e3-9323-aa00f871a3e1">
      <id>22005</id>
      <classname>org.openmrs.ConceptReferenceTerm</classname>
      <dateChanged id="403">2014-06-16 18:42:54</dateChanged>
      <retired>false</retired>
    </org.openmrs.module.metadatasharing.Item>
    <org.openmrs.module.metadatasharing.Item id="404" uuid="9b880945-7adf-4be3-bdcc-f52d676b4514">
      <id>13065</id>
      <classname>org.openmrs.ConceptMap</classname>
      <dateChanged id="405">2012-06-21 16:49:52</dateChanged>
    </org.openmrs.module.metadatasharing.Item>
    <org.openmrs.module.metadatasharing.Item id="406" uuid="bbf2d66f-8400-3a8f-ba29-2e6b94ba9d14">
      <id>13065</id>
      <classname>org.openmrs.ConceptReferenceTerm</classname>
      <dateChanged id="407">2011-08-05 00:00:00</dateChanged>
      <retired>false</retired>
    </org.openmrs.module.metadatasharing.Item>
    <org.openmrs.module.metadatasharing.Item id="408" uuid="5c1cf0c6-f193-4c88-9d74-b8fae4f29851">
      <id>13066</id>
      <classname>org.openmrs.ConceptMap</classname>
      <dateChanged id="409">2012-06-21 16:49:52</dateChanged>
    </org.openmrs.module.metadatasharing.Item>
    <org.openmrs.module.metadatasharing.Item id="410" uuid="63736a81-1660-38f8-bc05-e6f49caf7f1e">
      <id>13066</id>
      <classname>org.openmrs.ConceptReferenceTerm</classname>
      <dateChanged id="411">2011-08-05 00:00:00</dateChanged>
      <retired>false</retired>
    </org.openmrs.module.metadatasharing.Item>
    <org.openmrs.module.metadatasharing.Item id="412" uuid="88279ABBBBBBBBBBBBBBBBBBBBBBBBBBBBBB">
      <id>13051</id>
      <classname>org.openmrs.ConceptMap</classname>
      <dateChanged id="413">2010-04-25 15:39:31</dateChanged>
    </org.openmrs.module.metadatasharing.Item>
    <org.openmrs.module.metadatasharing.Item id="414" uuid="60181ABBBBBBBBBBBBBBBBBBBBBBBBBBBBBB">
      <id>13052</id>
      <classname>org.openmrs.ConceptMap</classname>
      <dateChanged id="415">2012-06-21 16:49:52</dateChanged>
    </org.openmrs.module.metadatasharing.Item>
    <org.openmrs.module.metadatasharing.Item id="416" uuid="cdfe8fee-860c-3b0b-a710-d8cf61d6bfba">
      <id>13052</id>
      <classname>org.openmrs.ConceptReferenceTerm</classname>
      <dateChanged id="417">2010-04-25 00:00:00</dateChanged>
      <retired>false</retired>
    </org.openmrs.module.metadatasharing.Item>
    <org.openmrs.module.metadatasharing.Item id="418" uuid="4be1aa36-79df-49da-9da5-9d8ec6bfc0c6">
      <id>20582</id>
      <classname>org.openmrs.ConceptMap</classname>
      <dateChanged id="419">2013-11-26 19:29:50</dateChanged>
    </org.openmrs.module.metadatasharing.Item>
    <org.openmrs.module.metadatasharing.Item id="420" uuid="fc56bddc-3834-42a6-98fa-ca658198411c">
      <id>5659</id>
      <classname>org.openmrs.ConceptDescription</classname>
      <dateChanged id="421">2011-09-20 17:48:23</dateChanged>
    </org.openmrs.module.metadatasharing.Item>
    <org.openmrs.module.metadatasharing.Item id="422" uuid="101cf3dc-5d56-4a13-a879-c2bf0c9b3453">
      <id>13061</id>
      <classname>org.openmrs.ConceptMap</classname>
      <dateChanged id="423">2012-06-21 16:49:52</dateChanged>
    </org.openmrs.module.metadatasharing.Item>
    <org.openmrs.module.metadatasharing.Item id="424" uuid="a858aaa2-2d1d-32bf-b99c-074a078eff77">
      <id>13061</id>
      <classname>org.openmrs.ConceptReferenceTerm</classname>
      <dateChanged id="425">2011-08-05 00:00:00</dateChanged>
      <retired>false</retired>
    </org.openmrs.module.metadatasharing.Item>
    <org.openmrs.module.metadatasharing.Item id="426" uuid="749d8d6a-08fd-4b67-ac83-024b58435ca2">
      <id>13062</id>
      <classname>org.openmrs.ConceptMap</classname>
      <dateChanged id="427">2012-06-21 16:49:52</dateChanged>
    </org.openmrs.module.metadatasharing.Item>
    <org.openmrs.module.metadatasharing.Item id="428" uuid="12909094-449b-34f4-951d-01806c785397">
      <id>13062</id>
      <classname>org.openmrs.ConceptReferenceTerm</classname>
      <dateChanged id="429">2011-08-05 00:00:00</dateChanged>
      <retired>false</retired>
    </org.openmrs.module.metadatasharing.Item>
    <org.openmrs.module.metadatasharing.Item id="430" uuid="027409bf-2b87-4860-a9da-3422d21c2030">
      <id>7435</id>
      <classname>org.openmrs.ConceptNumeric</classname>
      <dateChanged id="431">2011-09-08 20:15:22</dateChanged>
      <retired>false</retired>
    </org.openmrs.module.metadatasharing.Item>
    <org.openmrs.module.metadatasharing.Item id="432" uuid="37fc44c8-2751-4c86-9492-4968f87c058b">
      <id>15131</id>
      <classname>org.openmrs.ConceptName</classname>
      <dateChanged id="433">2011-09-08 20:15:15</dateChanged>
    </org.openmrs.module.metadatasharing.Item>
    <org.openmrs.module.metadatasharing.Item id="434" uuid="4f303f90-126f-434c-9282-19d5eb3b040f">
      <id>5672</id>
      <classname>org.openmrs.ConceptDescription</classname>
      <dateChanged id="435">2011-09-08 20:15:22</dateChanged>
    </org.openmrs.module.metadatasharing.Item>
    <org.openmrs.module.metadatasharing.Item id="436" uuid="cabca8a0-4cf6-406b-8bb0-3fea60406358">
      <id>13139</id>
      <classname>org.openmrs.ConceptMap</classname>
      <dateChanged id="437">2012-06-21 16:49:52</dateChanged>
    </org.openmrs.module.metadatasharing.Item>
    <org.openmrs.module.metadatasharing.Item id="438" uuid="b302101a-aeb5-337b-8e61-7ba157132489">
      <id>13139</id>
      <classname>org.openmrs.ConceptReferenceTerm</classname>
      <dateChanged id="439">2011-09-08 00:00:00</dateChanged>
      <retired>false</retired>
    </org.openmrs.module.metadatasharing.Item>
    <org.openmrs.module.metadatasharing.Item id="440" uuid="438f0103-ff99-424d-aacf-dee5b0d9732d">
      <id>13140</id>
      <classname>org.openmrs.ConceptMap</classname>
      <dateChanged id="441">2012-06-21 16:49:52</dateChanged>
    </org.openmrs.module.metadatasharing.Item>
    <org.openmrs.module.metadatasharing.Item id="442" uuid="3b75ab83-5c20-38b8-b104-ece3ed4c7580">
      <id>13140</id>
      <classname>org.openmrs.ConceptReferenceTerm</classname>
      <dateChanged id="443">2011-09-08 00:00:00</dateChanged>
      <retired>false</retired>
    </org.openmrs.module.metadatasharing.Item>
    <org.openmrs.module.metadatasharing.Item id="444" uuid="2effb850-0384-4a09-8ae0-a7b5f7e7289f">
      <id>6689</id>
      <classname>org.openmrs.Concept</classname>
      <dateChanged id="445">2010-03-02 17:21:38</dateChanged>
      <retired>false</retired>
    </org.openmrs.module.metadatasharing.Item>
    <org.openmrs.module.metadatasharing.Item id="446" uuid="443e7b55-f9ff-4d9c-9293-f1329806aab3">
      <id>9865</id>
      <classname>org.openmrs.ConceptName</classname>
      <dateChanged id="447">2010-03-02 17:20:47</dateChanged>
    </org.openmrs.module.metadatasharing.Item>
    <org.openmrs.module.metadatasharing.Item id="448" uuid="e377bf32-5cdb-4f12-aa9f-c136a5fa861e">
      <id>5164</id>
      <classname>org.openmrs.ConceptDescription</classname>
      <dateChanged id="449">2010-03-02 17:21:38</dateChanged>
    </org.openmrs.module.metadatasharing.Item>
    <org.openmrs.module.metadatasharing.Item id="450" uuid="75b0eb1a-4943-102e-96e9-000c29c2a5d7">
      <id>11320</id>
      <classname>org.openmrs.ConceptMap</classname>
      <dateChanged id="451">2012-06-21 16:49:52</dateChanged>
    </org.openmrs.module.metadatasharing.Item>
    <org.openmrs.module.metadatasharing.Item id="452" uuid="77d7b017-25ad-3d22-b9fd-be8b08b2677b">
      <id>11320</id>
      <classname>org.openmrs.ConceptReferenceTerm</classname>
      <dateChanged id="453">2010-11-24 00:00:00</dateChanged>
      <retired>false</retired>
    </org.openmrs.module.metadatasharing.Item>
    <org.openmrs.module.metadatasharing.Item id="454" uuid="b2b119fc-4864-102e-96e9-000c29c2a5d7">
      <id>5756</id>
      <classname>org.openmrs.ConceptMap</classname>
      <dateChanged id="455">2012-06-21 16:49:52</dateChanged>
    </org.openmrs.module.metadatasharing.Item>
    <org.openmrs.module.metadatasharing.Item id="456" uuid="e3be87d2-1ae6-3e1e-85f6-c6975df3f943">
      <id>5756</id>
      <classname>org.openmrs.ConceptReferenceTerm</classname>
      <dateChanged id="457">2010-11-23 00:00:00</dateChanged>
      <retired>false</retired>
    </org.openmrs.module.metadatasharing.Item>
    <org.openmrs.module.metadatasharing.Item id="458" uuid="dea8febf-0bbe-4111-8152-a9cf7df622b6">
      <id>6</id>
      <classname>org.openmrs.LocationTag</classname>
      <dateChanged id="459">2013-10-30 18:31:02</dateChanged>
      <retired>false</retired>
    </org.openmrs.module.metadatasharing.Item>
    <org.openmrs.module.metadatasharing.Item id="460" uuid="4f10ad1a-ec49-48df-98c7-1391c6ac7f05">
      <id>8</id>
      <classname>org.openmrs.EncounterRole</classname>
      <dateChanged id="461">2013-02-21 01:10:42</dateChanged>
      <retired>false</retired>
    </org.openmrs.module.metadatasharing.Item>
  </relatedItems>
  <incrementalVersion>false</incrementalVersion>
</package>
