<?xml version="1.0" encoding="UTF-8"?>
<list id="1">
  <org.openmrs.LocationAttributeType id="2" uuid="64f01c78-191d-4947-a201-7e0a7f0caf21">
    <name>Location Code</name>
    <description>Unique identifier assigned to the location.  (Currently used as a key when exchanging information with McKesson PACS via the PACS Integration module.)</description>
    <creator/>
    <dateCreated id="3">2013-02-18 17:09:38</dateCreated>
    <changedBy/>
    <dateChanged id="4">2013-02-18 17:32:50</dateChanged>
    <retired>false</retired>
    <minOccurs>0</minOccurs>
    <maxOccurs>1</maxOccurs>
    <datatypeClassname>org.openmrs.customdatatype.datatype.FreeTextDatatype</datatypeClassname>
    <locationAttributeTypeId>2</locationAttributeTypeId>
  </org.openmrs.LocationAttributeType>
  <org.openmrs.Location id="5" uuid="272bd989-a8ee-4a16-b5aa-55bad4e84f5c">
    <name>Antepartum Ward</name>
    <description>Antepartum ward at Mirebalais Hospital (Before giving birth)</description>
    <creator/>
    <dateCreated id="6">2012-11-13 19:03:36</dateCreated>
    <retired>false</retired>
    <attributes id="7">
      <org.openmrs.LocationAttribute id="8" uuid="57f66e57-ddbf-41dd-b72b-734feb9cfc10">
        <creator/>
        <dateCreated id="9">2013-02-18 17:10:13</dateCreated>
        <voided>false</voided>
        <owner class="org.openmrs.Location" reference="5"/>
        <attributeType class="org.openmrs.LocationAttributeType" reference="2"/>
        <valueReference>M006</valueReference>
        <locationAttributeId>2</locationAttributeId>
      </org.openmrs.LocationAttribute>
    </attributes>
    <locationId>77</locationId>
    <parentLocation id="10" resolves-to="org.openmrs.Location" uuid="a084f714-a536-473b-94e6-ec317b152b43">
      <name>Mirebalais Hospital</name>
      <description>Mirebalais (MoH code 62101)</description>
      <creator/>
      <dateCreated id="11">2012-07-16 14:59:16</dateCreated>
      <retired>false</retired>
      <attributes id="12">
        <org.openmrs.LocationAttribute id="13" uuid="19cddbbe-fe82-448f-b2ab-95c4b73bc6f5">
          <creator/>
          <dateCreated id="14">2012-12-07 20:46:44</dateCreated>
          <voided>false</voided>
          <owner class="org.openmrs.Location" reference="10"/>
          <attributeType class="org.openmrs.LocationAttributeType" id="15" uuid="a5fb5770-409a-11e2-a25f-0800200c9a66">
            <name>Name to print on ID card</name>
            <description>The name to use when printing a location on an id card</description>
            <creator/>
            <dateCreated id="16">2012-12-07 15:22:34</dateCreated>
            <retired>false</retired>
            <minOccurs>0</minOccurs>
            <maxOccurs>1</maxOccurs>
            <datatypeClassname>org.openmrs.customdatatype.datatype.FreeTextDatatype</datatypeClassname>
            <locationAttributeTypeId>1</locationAttributeTypeId>
          </attributeType>
          <valueReference>Mirebalais</valueReference>
          <locationAttributeId>1</locationAttributeId>
        </org.openmrs.LocationAttribute>
      </attributes>
      <locationId>55</locationId>
      <cityVillage>Mirebalais</cityVillage>
      <stateProvince>Centre</stateProvince>
      <country>Haiti</country>
      <childLocations id="17">
        <org.openmrs.Location id="18" uuid="53cd4959-5f4d-4ddc-9971-7fc27e0b7946">
          <name>Main Laboratory</name>
          <description>Main laboratory at Mirebalais Hospital</description>
          <creator/>
          <dateCreated id="19">2012-11-13 19:05:53</dateCreated>
          <retired>false</retired>
          <attributes id="20">
            <org.openmrs.LocationAttribute id="21" uuid="f3d2b863-4524-40a1-8908-6646255e2e32">
              <creator/>
              <dateCreated id="22">2013-02-18 17:13:39</dateCreated>
              <voided>false</voided>
              <owner class="org.openmrs.Location" reference="18"/>
              <attributeType class="org.openmrs.LocationAttributeType" reference="2"/>
              <valueReference>M007</valueReference>
              <locationAttributeId>10</locationAttributeId>
            </org.openmrs.LocationAttribute>
          </attributes>
          <locationId>83</locationId>
          <parentLocation reference="10"/>
          <childLocations id="23"/>
          <tags id="24">
            <org.openmrs.LocationTag id="25" uuid="b8bbf83e-645f-451f-8efe-a0db56f09676">
              <name>Login Location</name>
              <description>When a user logs in and chooses a session location, they may only choose one with this tag</description>
              <creator/>
              <dateCreated id="26">2012-11-03 21:39:44</dateCreated>
              <retired>false</retired>
              <locationTagId>3</locationTagId>
            </org.openmrs.LocationTag>
          </tags>
        </org.openmrs.Location>
        <org.openmrs.Location id="27" uuid="950852f3-8a96-4d82-a5f8-a68a92043164">
          <name>Postpartum Ward</name>
          <description>Postpartum ward at Mirebalais Hospital (After giving birth)</description>
          <creator/>
          <dateCreated id="28">2012-11-13 19:04:06</dateCreated>
          <retired>false</retired>
          <attributes id="29">
            <org.openmrs.LocationAttribute id="30" uuid="a01858fe-2f18-418d-8b4b-5d3f926efc4f">
              <creator/>
              <dateCreated id="31">2013-02-18 17:16:35</dateCreated>
              <voided>false</voided>
              <owner class="org.openmrs.Location" reference="27"/>
              <attributeType class="org.openmrs.LocationAttributeType" reference="2"/>
              <valueReference>M008</valueReference>
              <locationAttributeId>19</locationAttributeId>
            </org.openmrs.LocationAttribute>
          </attributes>
          <locationId>78</locationId>
          <parentLocation reference="10"/>
          <childLocations id="32"/>
          <tags id="33">
            <org.openmrs.LocationTag id="34" uuid="f5b9737b-14d5-402b-8475-dd558808e172">
              <name>Admission Location</name>
              <description>Patients may only be admitted to inpatient care in a location with this tag</description>
              <creator/>
              <dateCreated id="35">2013-05-13 23:10:48</dateCreated>
              <retired>true</retired>
              <dateRetired id="36">2013-08-14 14:07:13</dateRetired>
              <retiredBy/>
              <retireReason>Not an actual location</retireReason>
              <locationTagId>4</locationTagId>
            </org.openmrs.LocationTag>
            <org.openmrs.LocationTag id="37" uuid="dea8febf-0bbe-4111-8152-a9cf7df622b6">
              <name>Consult Note Location</name>
              <description>A location where a consult note can be written</description>
              <creator/>
              <dateCreated id="38">2013-10-30 18:31:02</dateCreated>
              <retired>false</retired>
              <locationTagId>6</locationTagId>
            </org.openmrs.LocationTag>
            <org.openmrs.LocationTag id="39" uuid="8ce9abcb-b0d9-4897-bc65-d8d2d3362b67">
              <name>Surgery Note Location</name>
              <description>A location where a surgery note can be written</description>
              <creator/>
              <dateCreated id="40">2013-10-30 18:32:13</dateCreated>
              <retired>false</retired>
              <locationTagId>8</locationTagId>
            </org.openmrs.LocationTag>
            <org.openmrs.LocationTag id="41" uuid="c42b7bc3-b34d-4b8f-9796-09208f9dfd72">
              <name>Dispensing Location</name>
              <description>A location where a pharmacist or pharmacist aide can dispensed medication.</description>
              <creator/>
              <dateCreated id="42">2013-11-08 16:59:49</dateCreated>
              <retired>false</retired>
              <locationTagId>9</locationTagId>
            </org.openmrs.LocationTag>
            <org.openmrs.LocationTag reference="25"/>
          </tags>
        </org.openmrs.Location>
        <org.openmrs.Location id="43" uuid="9b2066a2-7087-47f6-9b3a-b001037432a3">
          <name>Women&apos;s Clinic</name>
          <description>Women&apos;s Outpatient clinic at Mirebalais Hospital (Sante Fanm).</description>
          <creator/>
          <dateCreated id="44">2012-09-24 17:08:58</dateCreated>
          <retired>false</retired>
          <attributes id="45">
            <org.openmrs.LocationAttribute id="46" uuid="703614f6-c941-4ec1-a639-65e308762034">
              <creator/>
              <dateCreated id="47">2013-02-18 17:17:47</dateCreated>
              <voided>false</voided>
              <owner class="org.openmrs.Location" reference="43"/>
              <attributeType class="org.openmrs.LocationAttributeType" reference="2"/>
              <valueReference>M003</valueReference>
              <locationAttributeId>23</locationAttributeId>
            </org.openmrs.LocationAttribute>
          </attributes>
          <locationId>62</locationId>
          <parentLocation reference="10"/>
          <childLocations id="48">
            <org.openmrs.Location id="49" uuid="de8892ff-e755-4ef0-ae0a-c27d2c1e6a74">
              <name>Women and Children&apos;s Pharmacy</name>
              <description>Women and Children&apos;s Pharmacy at Mirebalais Hospital. (Famasi Famn ak Ti moun)</description>
              <creator/>
              <dateCreated id="50">2013-09-19 20:11:53</dateCreated>
              <retired>false</retired>
              <attributes id="51"/>
              <locationId>96</locationId>
              <parentLocation reference="43"/>
              <childLocations id="52"/>
              <tags id="53">
                <org.openmrs.LocationTag reference="25"/>
              </tags>
            </org.openmrs.Location>
          </childLocations>
          <tags id="54">
            <org.openmrs.LocationTag reference="37"/>
            <org.openmrs.LocationTag reference="41"/>
            <org.openmrs.LocationTag reference="25"/>
          </tags>
        </org.openmrs.Location>
        <org.openmrs.Location id="55" uuid="cfe92278-0181-4315-ab7d-1731753120f0">
          <name>Radiology</name>
          <description>Radiology at Mirebalais Hospital</description>
          <creator/>
          <dateCreated id="56">2012-11-13 19:14:22</dateCreated>
          <retired>false</retired>
          <attributes id="57">
            <org.openmrs.LocationAttribute id="58" uuid="d8be457b-c418-4581-8673-50ca20d2ba42">
              <creator/>
              <dateCreated id="59">2013-02-18 17:17:12</dateCreated>
              <voided>false</voided>
              <owner class="org.openmrs.Location" reference="55"/>
              <attributeType class="org.openmrs.LocationAttributeType" reference="2"/>
              <valueReference>M010</valueReference>
              <locationAttributeId>21</locationAttributeId>
            </org.openmrs.LocationAttribute>
          </attributes>
          <locationId>85</locationId>
          <parentLocation reference="10"/>
          <childLocations id="60"/>
          <tags id="61">
            <org.openmrs.LocationTag reference="25"/>
          </tags>
        </org.openmrs.Location>
        <org.openmrs.Location id="62" uuid="f3a5586e-f06c-4dfb-96b0-6f3451a35e90">
          <name>Emergency</name>
          <description>Emergency room at Mirebalais Hospital (Ijans)</description>
          <creator/>
          <dateCreated id="63">2012-09-24 17:10:31</dateCreated>
          <retired>false</retired>
          <attributes id="64">
            <org.openmrs.LocationAttribute id="65" uuid="82c82a3d-5153-4eaf-9ad5-154eeffe0f1b">
              <creator/>
              <dateCreated id="66">2013-02-18 17:12:17</dateCreated>
              <voided>false</voided>
              <owner class="org.openmrs.Location" reference="62"/>
              <attributeType class="org.openmrs.LocationAttributeType" reference="2"/>
              <valueReference>M004</valueReference>
              <locationAttributeId>6</locationAttributeId>
            </org.openmrs.LocationAttribute>
          </attributes>
          <locationId>63</locationId>
          <parentLocation reference="10"/>
          <childLocations id="67"/>
          <tags id="68">
            <org.openmrs.LocationTag id="69" uuid="fe742fba-840a-4155-bfc4-a5b35ac1bb03">
              <name>ED Note Location</name>
              <description>A location where an ED note can be written</description>
              <creator/>
              <dateCreated id="70">2013-10-30 18:31:44</dateCreated>
              <retired>false</retired>
              <locationTagId>7</locationTagId>
            </org.openmrs.LocationTag>
            <org.openmrs.LocationTag reference="41"/>
            <org.openmrs.LocationTag reference="25"/>
          </tags>
        </org.openmrs.Location>
        <org.openmrs.Location id="71" uuid="109a13a9-029d-498d-b66e-bab5eb396996">
          <name>Pre-op/PACU</name>
          <description>Pre-op/PACU at Mirebalais Hospital (Before surgery, and Post-Anesthesia Care Unit)</description>
          <creator/>
          <dateCreated id="72">2012-11-13 19:02:22</dateCreated>
          <retired>false</retired>
          <attributes id="73">
            <org.openmrs.LocationAttribute id="74" uuid="01b1db36-bf5b-450e-a53d-a5ac6c50b5b2">
              <creator/>
              <dateCreated id="75">2013-02-18 17:16:52</dateCreated>
              <voided>false</voided>
              <owner class="org.openmrs.Location" reference="71"/>
              <attributeType class="org.openmrs.LocationAttributeType" reference="2"/>
              <valueReference>M013</valueReference>
              <locationAttributeId>20</locationAttributeId>
            </org.openmrs.LocationAttribute>
          </attributes>
          <locationId>74</locationId>
          <parentLocation reference="10"/>
          <childLocations id="76"/>
          <tags id="77">
            <org.openmrs.LocationTag reference="34"/>
            <org.openmrs.LocationTag reference="25"/>
          </tags>
        </org.openmrs.Location>
        <org.openmrs.Location id="78" resolves-to="org.openmrs.Location" uuid="199e7d87-92a0-4398-a0f8-11d012178164">
          <name>Outpatient Clinic</name>
          <description>The outpatient clinic at Mirebalais Hospital (Klinik Extern).</description>
          <creator/>
          <dateCreated id="79">2012-09-24 17:07:04</dateCreated>
          <retired>false</retired>
          <attributes id="80">
            <org.openmrs.LocationAttribute id="81" uuid="350badbe-82a1-42f6-81a3-e2f7aaec5d1e">
              <creator/>
              <dateCreated id="82">2013-02-18 17:15:21</dateCreated>
              <voided>false</voided>
              <owner class="org.openmrs.Location" reference="78"/>
              <attributeType class="org.openmrs.LocationAttributeType" reference="2"/>
              <valueReference>M005</valueReference>
              <locationAttributeId>15</locationAttributeId>
            </org.openmrs.LocationAttribute>
          </attributes>
          <locationId>61</locationId>
          <parentLocation reference="10"/>
          <childLocations id="83">
            <org.openmrs.Location id="84" uuid="79892ece-79f1-4674-abb5-a52c1898c762">
              <name>Outpatient Clinic Pharmacy</name>
              <description>Outpatient Clinic Pharmacy at Mirebalais Hospital. For adults. Women with general medical conditions are also seen here.  (Klinik Exten Famasi)</description>
              <creator/>
              <dateCreated id="85">2013-09-19 18:27:59</dateCreated>
              <retired>false</retired>
              <attributes id="86"/>
              <locationId>95</locationId>
              <parentLocation reference="78"/>
              <childLocations id="87"/>
              <tags id="88">
                <org.openmrs.LocationTag reference="25"/>
              </tags>
            </org.openmrs.Location>
          </childLocations>
          <tags id="89">
            <org.openmrs.LocationTag reference="37"/>
            <org.openmrs.LocationTag reference="41"/>
            <org.openmrs.LocationTag reference="25"/>
          </tags>
        </org.openmrs.Location>
        <org.openmrs.Location id="90" uuid="afa09010-43b6-4f19-89e0-58d09941bcbd">
          <name>Emergency Department Reception</name>
          <description>Emergency registration and check-in</description>
          <creator/>
          <dateCreated id="91">2013-05-16 13:23:44</dateCreated>
          <retired>false</retired>
          <attributes id="92"/>
          <locationId>91</locationId>
          <parentLocation reference="10"/>
          <childLocations id="93"/>
          <tags id="94">
            <org.openmrs.LocationTag reference="25"/>
          </tags>
        </org.openmrs.Location>
        <org.openmrs.Location id="95" uuid="29437276-aeae-4ea8-8219-720886cdc87f">
          <name>Isolation</name>
          <description>Isolation at Mirebalais Hospital</description>
          <creator/>
          <dateCreated id="96">2012-11-13 19:05:26</dateCreated>
          <retired>false</retired>
          <attributes id="97">
            <org.openmrs.LocationAttribute id="98" uuid="1f07a471-cd35-429d-a82b-7bff40650216">
              <creator/>
              <dateCreated id="99">2013-02-18 17:12:50</dateCreated>
              <voided>false</voided>
              <owner class="org.openmrs.Location" reference="95"/>
              <attributeType class="org.openmrs.LocationAttributeType" reference="2"/>
              <valueReference>M017</valueReference>
              <locationAttributeId>8</locationAttributeId>
            </org.openmrs.LocationAttribute>
          </attributes>
          <locationId>82</locationId>
          <parentLocation reference="10"/>
          <childLocations id="100"/>
          <tags id="101">
            <org.openmrs.LocationTag reference="34"/>
            <org.openmrs.LocationTag reference="41"/>
            <org.openmrs.LocationTag reference="25"/>
          </tags>
        </org.openmrs.Location>
        <org.openmrs.Location id="102" uuid="4f2d9af1-7eec-4228-bbd6-7b0774c6c267">
          <name>Dental</name>
          <description>Dental clinic at Mirebalais Hospital (Dental Clinic).</description>
          <creator/>
          <dateCreated id="103">2012-11-13 15:14:40</dateCreated>
          <retired>false</retired>
          <attributes id="104">
            <org.openmrs.LocationAttribute id="105" uuid="41fec28b-dd0c-4011-be67-9ebca234ebfd">
              <creator/>
              <dateCreated id="106">2013-02-18 17:12:01</dateCreated>
              <voided>false</voided>
              <owner class="org.openmrs.Location" reference="102"/>
              <attributeType class="org.openmrs.LocationAttributeType" reference="2"/>
              <valueReference>M019</valueReference>
              <locationAttributeId>5</locationAttributeId>
            </org.openmrs.LocationAttribute>
          </attributes>
          <locationId>65</locationId>
          <parentLocation reference="10"/>
          <childLocations id="107"/>
          <tags id="108">
            <org.openmrs.LocationTag reference="34"/>
            <org.openmrs.LocationTag reference="37"/>
            <org.openmrs.LocationTag reference="41"/>
            <org.openmrs.LocationTag reference="25"/>
          </tags>
        </org.openmrs.Location>
        <org.openmrs.Location id="109" uuid="459c97ba-8d90-485d-8993-9540c55166f6">
          <name>ED Observation</name>
          <description>Emergency observation room at Mirebalais Hospital (Ijans Obsèvasyon)</description>
          <creator/>
          <dateCreated id="110">2013-08-09 14:16:23</dateCreated>
          <retired>true</retired>
          <dateRetired id="111">2013-08-14 14:07:13</dateRetired>
          <retiredBy/>
          <retireReason>Not an actual location</retireReason>
          <attributes id="112"/>
          <locationId>94</locationId>
          <parentLocation reference="10"/>
          <childLocations id="113"/>
          <tags id="114">
            <org.openmrs.LocationTag reference="34"/>
          </tags>
        </org.openmrs.Location>
        <org.openmrs.Location id="115" resolves-to="org.openmrs.Location" uuid="2c93919d-7fc6-406d-a057-c0b640104790">
          <name>Women’s Internal Medicine</name>
          <description>Women’s Internal Medicine at Mirebalais Hospital (Inpatient ward for women)</description>
          <creator/>
          <dateCreated id="116">2013-05-16 13:09:31</dateCreated>
          <retired>false</retired>
          <attributes id="117"/>
          <locationId>88</locationId>
          <parentLocation reference="10"/>
          <childLocations id="118">
            <org.openmrs.Location id="119" uuid="195d0af1-3887-4a28-a542-b832099fe3ee">
              <name>Women’s Internal Medicine B</name>
              <description>Women’s Internal Medicine B at Mirebalais Hospital (2nd Inpatient ward for women)</description>
              <creator/>
              <dateCreated id="120">2012-11-13 19:00:21</dateCreated>
              <retired>false</retired>
              <attributes id="121">
                <org.openmrs.LocationAttribute id="122" uuid="bdae8ec9-3ed0-4b93-a38b-0c61674aae8a">
                  <creator/>
                  <dateCreated id="123">2013-02-18 17:18:19</dateCreated>
                  <voided>false</voided>
                  <owner class="org.openmrs.Location" reference="119"/>
                  <attributeType class="org.openmrs.LocationAttributeType" reference="2"/>
                  <valueReference>M016</valueReference>
                  <locationAttributeId>25</locationAttributeId>
                </org.openmrs.LocationAttribute>
              </attributes>
              <locationId>69</locationId>
              <parentLocation reference="115"/>
              <childLocations id="124"/>
              <tags id="125">
                <org.openmrs.LocationTag reference="34"/>
                <org.openmrs.LocationTag reference="37"/>
              </tags>
            </org.openmrs.Location>
            <org.openmrs.Location id="126" uuid="8e4e930b-e801-44c5-8895-e7ef6feb6d73">
              <name>Women’s Internal Medicine A</name>
              <description>Women’s Internal Medicine A at Mirebalais Hospital (1st Inpatient ward for women)</description>
              <creator/>
              <dateCreated id="127">2012-11-13 19:00:00</dateCreated>
              <retired>false</retired>
              <attributes id="128">
                <org.openmrs.LocationAttribute id="129" uuid="4c7fe8b5-e965-4cd1-9021-dfa994c16838">
                  <creator/>
                  <dateCreated id="130">2013-02-18 17:18:10</dateCreated>
                  <voided>false</voided>
                  <owner class="org.openmrs.Location" reference="126"/>
                  <attributeType class="org.openmrs.LocationAttributeType" reference="2"/>
                  <valueReference>M026</valueReference>
                  <locationAttributeId>24</locationAttributeId>
                </org.openmrs.LocationAttribute>
              </attributes>
              <locationId>68</locationId>
              <parentLocation reference="115"/>
              <childLocations id="131"/>
              <tags id="132">
                <org.openmrs.LocationTag reference="34"/>
                <org.openmrs.LocationTag reference="37"/>
              </tags>
            </org.openmrs.Location>
          </childLocations>
          <tags id="133">
            <org.openmrs.LocationTag reference="34"/>
            <org.openmrs.LocationTag reference="37"/>
            <org.openmrs.LocationTag reference="41"/>
            <org.openmrs.LocationTag reference="25"/>
          </tags>
        </org.openmrs.Location>
        <org.openmrs.Location id="134" uuid="7d6cc39d-a600-496f-a320-fd4985f07f0b">
          <name>Surgical Ward</name>
          <description>Surgical Ward at Mirebalais Hospital(Surgery)</description>
          <creator/>
          <dateCreated id="135">2012-11-13 19:02:01</dateCreated>
          <retired>false</retired>
          <attributes id="136">
            <org.openmrs.LocationAttribute id="137" uuid="162c86a7-5918-4311-ae98-25708541e97f">
              <creator/>
              <dateCreated id="138">2013-02-18 17:17:29</dateCreated>
              <voided>false</voided>
              <owner class="org.openmrs.Location" reference="134"/>
              <attributeType class="org.openmrs.LocationAttributeType" reference="2"/>
              <valueReference>M025</valueReference>
              <locationAttributeId>22</locationAttributeId>
            </org.openmrs.LocationAttribute>
          </attributes>
          <locationId>73</locationId>
          <parentLocation reference="10"/>
          <childLocations id="139"/>
          <tags id="140">
            <org.openmrs.LocationTag reference="37"/>
            <org.openmrs.LocationTag reference="39"/>
            <org.openmrs.LocationTag reference="41"/>
            <org.openmrs.LocationTag reference="25"/>
          </tags>
        </org.openmrs.Location>
        <org.openmrs.Location id="141" uuid="ec9d2302-b525-45ce-bebe-42ea1d38b251">
          <name>Post-op GYN</name>
          <description>Post-op GYN at Mirebalais Hospital(Recovery after surgery related to gynecology)</description>
          <creator/>
          <dateCreated id="142">2012-11-13 19:04:27</dateCreated>
          <retired>false</retired>
          <attributes id="143">
            <org.openmrs.LocationAttribute id="144" uuid="afa2909f-2b68-4923-9c29-07e8d37a99a1">
              <creator/>
              <dateCreated id="145">2013-02-18 17:16:19</dateCreated>
              <voided>false</voided>
              <owner class="org.openmrs.Location" reference="141"/>
              <attributeType class="org.openmrs.LocationAttributeType" reference="2"/>
              <valueReference>M009</valueReference>
              <locationAttributeId>18</locationAttributeId>
            </org.openmrs.LocationAttribute>
          </attributes>
          <locationId>79</locationId>
          <parentLocation reference="10"/>
          <childLocations id="146"/>
          <tags id="147">
            <org.openmrs.LocationTag reference="34"/>
            <org.openmrs.LocationTag reference="25"/>
          </tags>
        </org.openmrs.Location>
        <org.openmrs.Location id="148" uuid="e5db0599-89e8-44fa-bfa2-07e47d63546f">
          <name>Men’s Internal Medicine</name>
          <description>Men’s Internal Medicine at Mirebalais Hospital (Inpatient ward for men)</description>
          <creator/>
          <dateCreated id="149">2013-05-16 13:12:35</dateCreated>
          <retired>false</retired>
          <attributes id="150"/>
          <locationId>89</locationId>
          <parentLocation reference="10"/>
          <childLocations id="151">
            <org.openmrs.Location id="152" uuid="3b6f010b-5d44-4ded-85b3-70ea7ba79fd5">
              <name>Men’s Internal Medicine A</name>
              <description>Men’s Internal Medicine A at Mirebalais Hospital (1st Inpatient ward for men)</description>
              <creator/>
              <dateCreated id="153">2012-11-13 18:54:56</dateCreated>
              <retired>false</retired>
              <attributes id="154">
                <org.openmrs.LocationAttribute id="155" uuid="3d2220a6-2ed2-4f9d-a856-67f79ae9b1c9">
                  <creator/>
                  <dateCreated id="156">2013-02-18 17:13:59</dateCreated>
                  <voided>false</voided>
                  <owner class="org.openmrs.Location" reference="152"/>
                  <attributeType class="org.openmrs.LocationAttributeType" reference="2"/>
                  <valueReference>M020</valueReference>
                  <locationAttributeId>11</locationAttributeId>
                </org.openmrs.LocationAttribute>
              </attributes>
              <locationId>66</locationId>
              <parentLocation reference="148"/>
              <childLocations id="157"/>
              <tags id="158">
                <org.openmrs.LocationTag reference="34"/>
                <org.openmrs.LocationTag reference="37"/>
              </tags>
            </org.openmrs.Location>
            <org.openmrs.Location id="159" uuid="a296d225-0312-4ce5-836c-cb2d8e952f47">
              <name>Men’s Internal Medicine B</name>
              <description>Men’s Internal Medicine B at Mirebalais Hospital (2nd Inpatient ward for men)</description>
              <creator/>
              <dateCreated id="160">2012-11-13 18:56:58</dateCreated>
              <retired>false</retired>
              <attributes id="161">
                <org.openmrs.LocationAttribute id="162" uuid="ec2b429b-6c73-4863-bd89-a6501d58d540">
                  <creator/>
                  <dateCreated id="163">2013-02-18 17:14:06</dateCreated>
                  <voided>false</voided>
                  <owner class="org.openmrs.Location" reference="159"/>
                  <attributeType class="org.openmrs.LocationAttributeType" reference="2"/>
                  <valueReference>M021</valueReference>
                  <locationAttributeId>12</locationAttributeId>
                </org.openmrs.LocationAttribute>
              </attributes>
              <locationId>67</locationId>
              <parentLocation reference="148"/>
              <childLocations id="164"/>
              <tags id="165">
                <org.openmrs.LocationTag reference="34"/>
                <org.openmrs.LocationTag reference="37"/>
              </tags>
            </org.openmrs.Location>
          </childLocations>
          <tags id="166">
            <org.openmrs.LocationTag reference="34"/>
            <org.openmrs.LocationTag reference="37"/>
            <org.openmrs.LocationTag reference="41"/>
            <org.openmrs.LocationTag reference="25"/>
          </tags>
        </org.openmrs.Location>
        <org.openmrs.Location id="167" uuid="dce85b2e-6946-4798-9037-d00f123df7bd">
          <name>Community Health</name>
          <description>Community Health clinic at Mirebalais Hospital (Community Health clinic).</description>
          <creator/>
          <dateCreated id="168">2012-11-13 14:14:25</dateCreated>
          <retired>false</retired>
          <attributes id="169">
            <org.openmrs.LocationAttribute id="170" uuid="0b70293d-0995-404c-924c-e4f54d6860b5">
              <creator/>
              <dateCreated id="171">2013-02-18 17:11:46</dateCreated>
              <voided>false</voided>
              <owner class="org.openmrs.Location" reference="167"/>
              <attributeType class="org.openmrs.LocationAttributeType" reference="2"/>
              <valueReference>M011</valueReference>
              <locationAttributeId>4</locationAttributeId>
            </org.openmrs.LocationAttribute>
          </attributes>
          <locationId>64</locationId>
          <parentLocation reference="10"/>
          <childLocations id="172"/>
          <tags id="173">
            <org.openmrs.LocationTag reference="37"/>
            <org.openmrs.LocationTag reference="41"/>
            <org.openmrs.LocationTag reference="25"/>
          </tags>
        </org.openmrs.Location>
        <org.openmrs.Location id="174" uuid="62a9500e-a1a5-4235-844f-3a8cc0765d53">
          <name>NICU</name>
          <description>NICU at Mirebalais Hospital (Neonatal Intensive Care Unit)</description>
          <creator/>
          <dateCreated id="175">2012-11-13 19:03:14</dateCreated>
          <retired>false</retired>
          <attributes id="176">
            <org.openmrs.LocationAttribute id="177" uuid="f8eba8dc-8939-4c5e-a39b-110d833b86e6">
              <creator/>
              <dateCreated id="178">2013-02-18 17:14:41</dateCreated>
              <voided>false</voided>
              <owner class="org.openmrs.Location" reference="174"/>
              <attributeType class="org.openmrs.LocationAttributeType" reference="2"/>
              <valueReference>M014</valueReference>
              <locationAttributeId>13</locationAttributeId>
            </org.openmrs.LocationAttribute>
          </attributes>
          <locationId>76</locationId>
          <parentLocation reference="10"/>
          <childLocations id="179"/>
          <tags id="180">
            <org.openmrs.LocationTag reference="34"/>
            <org.openmrs.LocationTag reference="37"/>
            <org.openmrs.LocationTag reference="41"/>
            <org.openmrs.LocationTag reference="25"/>
          </tags>
        </org.openmrs.Location>
        <org.openmrs.Location id="181" uuid="787a2422-a7a2-400e-bdbb-5c54b2691af5">
          <name>Clinic Registration</name>
          <description>Clinic Registration at Mirebalais Hospital</description>
          <creator/>
          <dateCreated id="182">2013-03-03 23:20:51</dateCreated>
          <retired>false</retired>
          <attributes id="183">
            <org.openmrs.LocationAttribute id="184" uuid="58b76638-90b2-4e23-b0d9-b63f11c49e79">
              <creator/>
              <dateCreated id="185">2013-03-03 23:22:40</dateCreated>
              <voided>false</voided>
              <owner class="org.openmrs.Location" reference="181"/>
              <attributeType class="org.openmrs.LocationAttributeType" reference="2"/>
              <valueReference>M029</valueReference>
              <locationAttributeId>28</locationAttributeId>
            </org.openmrs.LocationAttribute>
          </attributes>
          <locationId>87</locationId>
          <parentLocation reference="10"/>
          <childLocations id="186"/>
          <tags id="187">
            <org.openmrs.LocationTag reference="25"/>
          </tags>
        </org.openmrs.Location>
        <org.openmrs.Location id="188" uuid="41736d90-12f9-4c16-b5a1-5af170b7bf2a">
          <name>Operating Rooms</name>
          <description>Operating Rooms at Mirebalais Hospital (all six operating rooms)</description>
          <creator/>
          <dateCreated id="189">2012-11-13 19:02:50</dateCreated>
          <retired>false</retired>
          <attributes id="190">
            <org.openmrs.LocationAttribute id="191" uuid="d08b49d0-be14-49bb-9319-02f4125834c8">
              <creator/>
              <dateCreated id="192">2013-02-18 17:14:56</dateCreated>
              <voided>false</voided>
              <owner class="org.openmrs.Location" reference="188"/>
              <attributeType class="org.openmrs.LocationAttributeType" reference="2"/>
              <valueReference>M015</valueReference>
              <locationAttributeId>14</locationAttributeId>
            </org.openmrs.LocationAttribute>
          </attributes>
          <locationId>75</locationId>
          <parentLocation reference="10"/>
          <childLocations id="193"/>
          <tags id="194">
            <org.openmrs.LocationTag reference="39"/>
            <org.openmrs.LocationTag reference="25"/>
          </tags>
        </org.openmrs.Location>
        <org.openmrs.Location id="195" uuid="8355ad15-c3c9-4471-a1e7-dc18b7983087">
          <name>ED Boarding</name>
          <description>Emergency boarding room at Mirebalais Hospital (Ijans Annatant)</description>
          <creator/>
          <dateCreated id="196">2013-08-09 14:15:27</dateCreated>
          <retired>false</retired>
          <attributes id="197"/>
          <locationId>93</locationId>
          <parentLocation reference="10"/>
          <childLocations id="198"/>
          <tags id="199">
            <org.openmrs.LocationTag reference="34"/>
          </tags>
        </org.openmrs.Location>
        <org.openmrs.Location id="200" uuid="d65eb8cf-d781-4ea8-9d9a-2b3e03c6074c">
          <name>Women’s Triage</name>
          <description>Women’s Triage at Mirebalais Hospital</description>
          <creator/>
          <dateCreated id="201">2012-11-13 19:05:07</dateCreated>
          <retired>false</retired>
          <attributes id="202">
            <org.openmrs.LocationAttribute id="203" uuid="157c7f05-fa41-4ccb-a6cb-599d8c731aee">
              <creator/>
              <dateCreated id="204">2013-02-18 17:18:41</dateCreated>
              <voided>false</voided>
              <owner class="org.openmrs.Location" reference="200"/>
              <attributeType class="org.openmrs.LocationAttributeType" reference="2"/>
              <valueReference>M027</valueReference>
              <locationAttributeId>27</locationAttributeId>
            </org.openmrs.LocationAttribute>
          </attributes>
          <locationId>81</locationId>
          <parentLocation reference="10"/>
          <childLocations id="205"/>
          <tags id="206">
            <org.openmrs.LocationTag reference="37"/>
            <org.openmrs.LocationTag reference="25"/>
          </tags>
        </org.openmrs.Location>
        <org.openmrs.Location id="207" uuid="b6fcd85f-5995-43c9-875f-3bb2299087ff">
          <name>ICU</name>
          <description>ICU at Mirebalais Hospital (Intensive Care Unit)</description>
          <creator/>
          <dateCreated id="208">2012-11-13 19:01:37</dateCreated>
          <retired>false</retired>
          <attributes id="209">
            <org.openmrs.LocationAttribute id="210" uuid="8b13c4c2-8c44-4faa-b385-2734594a8d44">
              <creator/>
              <dateCreated id="211">2013-02-18 17:12:33</dateCreated>
              <voided>false</voided>
              <owner class="org.openmrs.Location" reference="207"/>
              <attributeType class="org.openmrs.LocationAttributeType" reference="2"/>
              <valueReference>M018</valueReference>
              <locationAttributeId>7</locationAttributeId>
            </org.openmrs.LocationAttribute>
          </attributes>
          <locationId>72</locationId>
          <parentLocation reference="10"/>
          <childLocations id="212"/>
          <tags id="213">
            <org.openmrs.LocationTag reference="34"/>
            <org.openmrs.LocationTag reference="41"/>
            <org.openmrs.LocationTag reference="25"/>
          </tags>
        </org.openmrs.Location>
        <org.openmrs.Location id="214" uuid="dc8413be-1075-48b5-9857-9bd4954686ed">
          <name>Chemotherapy</name>
          <description>Chemotherapy at Mirebalais Hospital</description>
          <creator/>
          <dateCreated id="215">2013-07-24 13:36:44</dateCreated>
          <retired>false</retired>
          <attributes id="216"/>
          <locationId>92</locationId>
          <parentLocation reference="10"/>
          <childLocations id="217"/>
          <tags id="218">
            <org.openmrs.LocationTag reference="37"/>
            <org.openmrs.LocationTag reference="41"/>
            <org.openmrs.LocationTag reference="25"/>
          </tags>
        </org.openmrs.Location>
        <org.openmrs.Location id="219" uuid="dcfefcb7-163b-47e5-84ae-f715cf3e0e92">
          <name>Labor and Delivery</name>
          <description>Labor and Delivery at Mirebalais Hospital (Births)</description>
          <creator/>
          <dateCreated id="220">2012-11-13 19:04:45</dateCreated>
          <retired>false</retired>
          <attributes id="221">
            <org.openmrs.LocationAttribute id="222" uuid="54750c8b-d979-4d3b-bd1d-57830009e064">
              <creator/>
              <dateCreated id="223">2013-02-18 17:13:09</dateCreated>
              <voided>false</voided>
              <owner class="org.openmrs.Location" reference="219"/>
              <attributeType class="org.openmrs.LocationAttributeType" reference="2"/>
              <valueReference>M023</valueReference>
              <locationAttributeId>9</locationAttributeId>
            </org.openmrs.LocationAttribute>
          </attributes>
          <locationId>80</locationId>
          <parentLocation reference="10"/>
          <childLocations id="224"/>
          <tags id="225">
            <org.openmrs.LocationTag reference="34"/>
            <org.openmrs.LocationTag reference="37"/>
            <org.openmrs.LocationTag reference="41"/>
            <org.openmrs.LocationTag reference="25"/>
          </tags>
        </org.openmrs.Location>
        <org.openmrs.Location id="226" uuid="c9ab4c5c-0a8a-4375-b986-f23c163b2f69">
          <name>Pediatrics</name>
          <description>Pediatrics at Mirebalais Hospital (Inpatient ward for children)</description>
          <creator/>
          <dateCreated id="227">2013-05-16 13:14:54</dateCreated>
          <retired>false</retired>
          <attributes id="228"/>
          <locationId>90</locationId>
          <parentLocation reference="10"/>
          <childLocations id="229">
            <org.openmrs.Location id="230" uuid="e752ec51-5633-489f-aef1-01f285c03f38">
              <name>Pediatrics B</name>
              <description>Pediatrics B at Mirebalais Hospital (2nd Inpatient ward for children)</description>
              <creator/>
              <dateCreated id="231">2012-11-13 19:01:13</dateCreated>
              <retired>false</retired>
              <attributes id="232">
                <org.openmrs.LocationAttribute id="233" uuid="24f2c381-2aa9-44cf-aeca-165d7d0196e8">
                  <creator/>
                  <dateCreated id="234">2013-02-18 17:15:51</dateCreated>
                  <voided>false</voided>
                  <owner class="org.openmrs.Location" reference="230"/>
                  <attributeType class="org.openmrs.LocationAttributeType" reference="2"/>
                  <valueReference>M022</valueReference>
                  <locationAttributeId>17</locationAttributeId>
                </org.openmrs.LocationAttribute>
              </attributes>
              <locationId>71</locationId>
              <parentLocation reference="226"/>
              <childLocations id="235"/>
              <tags id="236">
                <org.openmrs.LocationTag reference="34"/>
                <org.openmrs.LocationTag reference="37"/>
                <org.openmrs.LocationTag reference="41"/>
              </tags>
            </org.openmrs.Location>
            <org.openmrs.Location id="237" uuid="e4ae2d28-d57c-42ba-b7aa-f6fcac421b2c">
              <name>Pediatrics A</name>
              <description>Pediatrics A at Mirebalais Hospital (1st Inpatient ward for children)</description>
              <creator/>
              <dateCreated id="238">2012-11-13 19:00:46</dateCreated>
              <retired>false</retired>
              <attributes id="239">
                <org.openmrs.LocationAttribute id="240" uuid="d5827677-9adf-48b2-b6fa-e769af037873">
                  <creator/>
                  <dateCreated id="241">2013-02-18 17:15:36</dateCreated>
                  <voided>false</voided>
                  <owner class="org.openmrs.Location" reference="237"/>
                  <attributeType class="org.openmrs.LocationAttributeType" reference="2"/>
                  <valueReference>M012</valueReference>
                  <locationAttributeId>16</locationAttributeId>
                </org.openmrs.LocationAttribute>
              </attributes>
              <locationId>70</locationId>
              <parentLocation reference="226"/>
              <childLocations id="242"/>
              <tags id="243">
                <org.openmrs.LocationTag reference="34"/>
                <org.openmrs.LocationTag reference="37"/>
                <org.openmrs.LocationTag reference="41"/>
              </tags>
            </org.openmrs.Location>
          </childLocations>
          <tags id="244">
            <org.openmrs.LocationTag reference="34"/>
            <org.openmrs.LocationTag reference="37"/>
            <org.openmrs.LocationTag reference="25"/>
          </tags>
        </org.openmrs.Location>
        <org.openmrs.Location id="245" uuid="be50d584-26b2-4371-8768-2b9565742b3b">
          <name>Central Archives</name>
          <description>Central Archives room at Mirebalais Hospital</description>
          <creator/>
          <dateCreated id="246">2013-01-10 18:18:04</dateCreated>
          <retired>false</retired>
          <attributes id="247">
            <org.openmrs.LocationAttribute id="248" uuid="2705ac66-949e-461a-8f73-ea087ea28bb0">
              <creator/>
              <dateCreated id="249">2013-02-18 17:10:52</dateCreated>
              <voided>false</voided>
              <owner class="org.openmrs.Location" reference="245"/>
              <attributeType class="org.openmrs.LocationAttributeType" reference="2"/>
              <valueReference>M028</valueReference>
              <locationAttributeId>3</locationAttributeId>
            </org.openmrs.LocationAttribute>
          </attributes>
          <locationId>86</locationId>
          <parentLocation reference="10"/>
          <childLocations id="250"/>
          <tags id="251">
            <org.openmrs.LocationTag reference="25"/>
          </tags>
        </org.openmrs.Location>
        <org.openmrs.Location id="252" uuid="0198d2c3-9c08-45b6-88df-cbb60446ef00">
          <name>Women’s Outpatient Laboratory</name>
          <description>Women’s Outpatient Laboratory at Mirebalais Hospital</description>
          <creator/>
          <dateCreated id="253">2012-11-13 19:06:18</dateCreated>
          <retired>false</retired>
          <attributes id="254">
            <org.openmrs.LocationAttribute id="255" uuid="5d82d626-27a4-42f8-898c-236426810e40">
              <creator/>
              <dateCreated id="256">2013-02-18 17:18:32</dateCreated>
              <voided>false</voided>
              <owner class="org.openmrs.Location" reference="252"/>
              <attributeType class="org.openmrs.LocationAttributeType" reference="2"/>
              <valueReference>M024</valueReference>
              <locationAttributeId>26</locationAttributeId>
            </org.openmrs.LocationAttribute>
          </attributes>
          <locationId>84</locationId>
          <parentLocation reference="10"/>
          <childLocations id="257"/>
          <tags id="258">
            <org.openmrs.LocationTag reference="25"/>
          </tags>
        </org.openmrs.Location>
        <org.openmrs.Location reference="5"/>
      </childLocations>
      <tags id="259">
        <org.openmrs.LocationTag id="260" uuid="71c99f93-bc0c-4a44-b573-a7ac096ff636">
          <name>Medical Record Location</name>
          <description>Notes that this location is a valid identifier location for an identifier that references a paper medical record</description>
          <creator/>
          <dateCreated id="261">2012-10-09 19:01:33</dateCreated>
          <retired>false</retired>
          <locationTagId>1</locationTagId>
        </org.openmrs.LocationTag>
        <org.openmrs.LocationTag id="262" uuid="0967d73d-f3c9-492b-abed-356478610a94">
          <name>Visit Location</name>
          <description>Visits are only allowed to happen at locations tagged with this location tag or at locations that descend from a location tagged with this tag.</description>
          <creator/>
          <dateCreated id="263">2012-10-23 16:13:45</dateCreated>
          <retired>false</retired>
          <locationTagId>2</locationTagId>
        </org.openmrs.LocationTag>
      </tags>
    </parentLocation>
    <childLocations id="264"/>
    <tags id="265">
      <org.openmrs.LocationTag reference="34"/>
      <org.openmrs.LocationTag reference="37"/>
      <org.openmrs.LocationTag reference="41"/>
      <org.openmrs.LocationTag reference="25"/>
    </tags>
  </org.openmrs.Location>
  <org.openmrs.Location reference="10"/>
  <org.openmrs.Location reference="126"/>
  <org.openmrs.Location reference="27"/>
  <org.openmrs.Location reference="219"/>
  <org.openmrs.Location reference="134"/>
  <org.openmrs.Location reference="102"/>
  <org.openmrs.Location reference="18"/>
  <org.openmrs.Location reference="71"/>
  <org.openmrs.Location reference="207"/>
  <org.openmrs.Location reference="214"/>
  <org.openmrs.Location reference="84"/>
  <org.openmrs.Location reference="167"/>
  <org.openmrs.Location reference="141"/>
  <org.openmrs.Location reference="95"/>
  <org.openmrs.Location reference="181"/>
  <org.openmrs.Location reference="119"/>
  <org.openmrs.Location reference="43"/>
  <org.openmrs.Location reference="49"/>
  <org.openmrs.Location reference="226"/>
  <org.openmrs.Location reference="148"/>
  <org.openmrs.Location id="266" uuid="23e7bb0d-51f9-4d5f-b34b-2fbbfeea1960">
    <name>Lacolline</name>
    <description>Lacolline</description>
    <creator/>
    <dateCreated id="267">2012-01-24 14:53:28</dateCreated>
    <retired>false</retired>
    <attributes id="268"/>
    <locationId>57</locationId>
    <country>Haiti</country>
    <childLocations id="269"/>
    <tags id="270"/>
  </org.openmrs.Location>
  <org.openmrs.Location reference="152"/>
  <org.openmrs.Location reference="55"/>
  <org.openmrs.Location reference="188"/>
  <org.openmrs.Location reference="159"/>
  <org.openmrs.Location reference="115"/>
  <org.openmrs.Location reference="62"/>
  <org.openmrs.Location reference="78"/>
  <org.openmrs.Location reference="174"/>
  <org.openmrs.Location reference="237"/>
  <org.openmrs.Location reference="200"/>
  <org.openmrs.Location reference="230"/>
  <org.openmrs.Location reference="90"/>
  <org.openmrs.Location reference="252"/>
  <org.openmrs.LocationTag reference="41"/>
  <org.openmrs.LocationTag reference="262"/>
  <org.openmrs.LocationTag reference="34"/>
  <org.openmrs.LocationTag reference="25"/>
  <org.openmrs.LocationTag id="271" uuid="9783aba6-df7b-4969-be6e-1e03e7a08965">
    <name>Transfer Location</name>
    <description>Patients may only be transfer to inpatient care in a location with this tag</description>
    <creator/>
    <dateCreated id="272">2013-05-28 17:37:05</dateCreated>
    <retired>false</retired>
    <locationTagId>5</locationTagId>
  </org.openmrs.LocationTag>
  <org.openmrs.LocationTag reference="260"/>
</list>
