<?xml version="1.0" encoding="UTF-8"?>
<list id="1">
  <org.openmrs.Concept id="2" uuid="cef4a703-8521-4c2d-9932-d1429a57e684">
    <conceptId>9070</conceptId>
    <retired>false</retired>
    <datatype id="3" resolves-to="org.openmrs.ConceptDatatype" uuid="8d4a4c94-c2cc-11de-8d13-0010c6dffd0f">
      <name>N/A</name>
      <description>Not associated with a datatype (e.g., term answers, sets)</description>
      <creator/>
      <dateCreated id="4">2004-02-02 05:00:00</dateCreated>
      <retired>false</retired>
      <conceptDatatypeId>4</conceptDatatypeId>
      <hl7Abbreviation>ZZ</hl7Abbreviation>
    </datatype>
    <conceptClass id="5" resolves-to="org.openmrs.ConceptClass" uuid="8d492594-c2cc-11de-8d13-0010c6dffd0f">
      <name>ConvSet</name>
      <description>Term to describe convenience sets</description>
      <creator/>
      <dateCreated id="6">2004-03-02 00:00:00</dateCreated>
      <retired>false</retired>
      <conceptClassId>10</conceptClassId>
    </conceptClass>
    <set>true</set>
    <creator/>
    <dateCreated id="7">2013-08-29 20:10:39</dateCreated>
    <changedBy/>
    <dateChanged id="8">2013-09-09 19:54:10</dateChanged>
    <names class="set" id="9">
      <org.openmrs.ConceptName id="10" uuid="1b58c172-8deb-42b9-92ad-b80c7b016025">
        <conceptNameId>23556</conceptNameId>
        <concept reference="2"/>
        <name>Dispensing Construct</name>
        <locale id="11">en</locale>
        <creator/>
        <dateCreated id="12">2013-08-29 20:10:39</dateCreated>
        <voided>false</voided>
        <tags class="set" id="13"/>
        <conceptNameType>FULLY_SPECIFIED</conceptNameType>
        <localePreferred>true</localePreferred>
      </org.openmrs.ConceptName>
    </names>
    <answers class="set" id="14"/>
    <conceptSets class="set" id="15">
      <org.openmrs.ConceptSet id="16" uuid="af13eb80-d503-48d4-a6ea-54cbd197c10c">
        <conceptSetId>4592</conceptSetId>
        <concept id="17" resolves-to="org.openmrs.ConceptNumeric" uuid="159368AAAAAAAAAAAAAAAAAAAAAAAAAAAAAA">
          <conceptId>9075</conceptId>
          <retired>false</retired>
          <datatype id="18" resolves-to="org.openmrs.ConceptDatatype" uuid="8d4a4488-c2cc-11de-8d13-0010c6dffd0f">
            <name>Numeric</name>
            <description>Numeric value, including integer or float (e.g., creatinine, weight)</description>
            <creator/>
            <dateCreated id="19">2004-02-02 00:00:00</dateCreated>
            <retired>false</retired>
            <conceptDatatypeId>1</conceptDatatypeId>
            <hl7Abbreviation>NM</hl7Abbreviation>
          </datatype>
          <conceptClass id="20" resolves-to="org.openmrs.ConceptClass" uuid="8d491e50-c2cc-11de-8d13-0010c6dffd0f">
            <name>Question</name>
            <description>Question (eg, patient history, SF36 items)</description>
            <creator/>
            <dateCreated id="21">2004-03-02 00:00:00</dateCreated>
            <retired>false</retired>
            <conceptClassId>7</conceptClassId>
          </conceptClass>
          <set>false</set>
          <creator/>
          <dateCreated id="22">2010-08-23 23:10:11</dateCreated>
          <changedBy/>
          <dateChanged id="23">2013-09-09 19:51:02</dateChanged>
          <names class="set" id="24">
            <org.openmrs.ConceptName id="25" uuid="106434BBBBBBBBBBBBBBBBBBBBBBBBBBBBBB">
              <conceptNameId>23562</conceptNameId>
              <concept reference="17"/>
              <name>Medication duration</name>
              <locale id="26">en</locale>
              <creator/>
              <dateCreated id="27">2010-08-23 23:10:11</dateCreated>
              <voided>false</voided>
              <tags class="set" id="28"/>
              <conceptNameType>FULLY_SPECIFIED</conceptNameType>
              <localePreferred>true</localePreferred>
            </org.openmrs.ConceptName>
          </names>
          <answers class="set" id="29"/>
          <conceptSets class="set" id="30"/>
          <descriptions class="set" id="31">
            <org.openmrs.ConceptDescription id="32" uuid="16000FFFFFFFFFFFFFFFFFFFFFFFFFFFFFFF">
              <conceptDescriptionId>6388</conceptDescriptionId>
              <concept reference="17"/>
              <description>Length of time medication was taken for medication history. Use with duration units.</description>
              <locale id="33">en</locale>
              <creator/>
              <dateCreated id="34">2010-08-23 23:10:11</dateCreated>
            </org.openmrs.ConceptDescription>
          </descriptions>
          <conceptMappings class="set" id="35">
            <org.openmrs.ConceptMap id="36" uuid="216526ABBBBBBBBBBBBBBBBBBBBBBBBBBBBB">
              <conceptMapType id="37" resolves-to="org.openmrs.ConceptMapType" uuid="35543629-7d8c-11e1-909d-c80aa9edcf4e">
                <name>SAME-AS</name>
                <creator/>
                <dateCreated id="38">2012-06-21 00:00:00</dateCreated>
                <retired>false</retired>
                <conceptMapTypeId>1</conceptMapTypeId>
                <isHidden>false</isHidden>
              </conceptMapType>
              <creator/>
              <dateCreated id="39">2013-07-03 22:53:08</dateCreated>
              <conceptMapId>19138</conceptMapId>
              <concept reference="17"/>
              <conceptReferenceTerm id="40" resolves-to="org.openmrs.ConceptReferenceTerm" uuid="a30fea37-56f2-307c-a7bb-0b7f15e2e622">
                <creator/>
                <dateCreated id="41">2013-07-03 04:00:00</dateCreated>
                <retired>false</retired>
                <conceptReferenceTermId>18985</conceptReferenceTermId>
                <conceptSource id="42" resolves-to="org.openmrs.ConceptSource" uuid="21ADDDDDDDDDDDDDDDDDDDDDDDDDDDDDDDDD">
                  <name>CIEL</name>
                  <description>Columbia International eHealth Laboratory concept ID</description>
                  <creator/>
                  <dateCreated id="43">2013-07-03 19:55:03</dateCreated>
                  <retired>false</retired>
                  <conceptSourceId>29</conceptSourceId>
                </conceptSource>
                <code>159368</code>
                <conceptReferenceTermMaps id="44"/>
              </conceptReferenceTerm>
            </org.openmrs.ConceptMap>
            <org.openmrs.ConceptMap id="45" uuid="138038ABBBBBBBBBBBBBBBBBBBBBBBBBBBBB">
              <conceptMapType reference="37"/>
              <creator/>
              <dateCreated id="46">2011-01-21 21:32:25</dateCreated>
              <conceptMapId>19139</conceptMapId>
              <concept reference="17"/>
              <conceptReferenceTerm id="47" resolves-to="org.openmrs.ConceptReferenceTerm" uuid="f6b01633-c533-3d50-a497-b5f1cf0a9bd3">
                <creator/>
                <dateCreated id="48">2011-01-21 05:00:00</dateCreated>
                <retired>false</retired>
                <conceptReferenceTermId>18986</conceptReferenceTermId>
                <conceptSource id="49" resolves-to="org.openmrs.ConceptSource" uuid="1ADDDDDDDDDDDDDDDDDDDDDDDDDDDDDDDDDD">
                  <name>SNOMED CT</name>
                  <description>SNOMED Preferred mapping</description>
                  <creator/>
                  <dateCreated id="50">2009-11-20 01:19:16</dateCreated>
                  <retired>false</retired>
                  <conceptSourceId>6</conceptSourceId>
                </conceptSource>
                <code>261774000</code>
                <conceptReferenceTermMaps id="51"/>
              </conceptReferenceTerm>
            </org.openmrs.ConceptMap>
            <org.openmrs.ConceptMap id="52" uuid="135151ABBBBBBBBBBBBBBBBBBBBBBBBBBBBB">
              <conceptMapType reference="37"/>
              <creator/>
              <dateCreated id="53">2010-10-24 17:09:59</dateCreated>
              <conceptMapId>19140</conceptMapId>
              <concept reference="17"/>
              <conceptReferenceTerm id="54" resolves-to="org.openmrs.ConceptReferenceTerm" uuid="41a5fe78-f2f8-3698-bb5f-82eea7863212">
                <creator/>
                <dateCreated id="55">2010-10-24 04:00:00</dateCreated>
                <retired>false</retired>
                <conceptReferenceTermId>18987</conceptReferenceTermId>
                <conceptSource id="56" resolves-to="org.openmrs.ConceptSource" uuid="13ADDDDDDDDDDDDDDDDDDDDDDDDDDDDDDDDD">
                  <name>AMPATH</name>
                  <description>AMPATH concept dictionary</description>
                  <creator/>
                  <dateCreated id="57">2010-10-24 17:02:38</dateCreated>
                  <retired>false</retired>
                  <conceptSourceId>10</conceptSourceId>
                </conceptSource>
                <code>1897</code>
                <conceptReferenceTermMaps id="58"/>
              </conceptReferenceTerm>
            </org.openmrs.ConceptMap>
          </conceptMappings>
          <precise>false</precise>
        </concept>
        <conceptSet reference="2"/>
        <sortWeight>5.0</sortWeight>
        <creator/>
        <dateCreated id="59">2013-09-09 19:54:10</dateCreated>
      </org.openmrs.ConceptSet>
      <org.openmrs.ConceptSet id="60" uuid="0f5d8670-dc82-4755-b0b2-7df416314c9a">
        <conceptSetId>4587</conceptSetId>
        <concept id="61" resolves-to="org.openmrs.ConceptNumeric" uuid="95d216d3-8683-4582-97bd-b3ca5131e18d">
          <conceptId>9071</conceptId>
          <retired>false</retired>
          <datatype reference="18"/>
          <conceptClass id="62" resolves-to="org.openmrs.ConceptClass" uuid="8d492ee0-c2cc-11de-8d13-0010c6dffd0f">
            <name>Misc Order</name>
            <description>Orderable items which aren&apos;t tests or drugs</description>
            <creator/>
            <dateCreated id="63">2005-02-17 00:00:00</dateCreated>
            <retired>false</retired>
            <conceptClassId>15</conceptClassId>
          </conceptClass>
          <set>false</set>
          <creator/>
          <dateCreated id="64">2013-08-29 20:22:26</dateCreated>
          <changedBy/>
          <dateChanged id="65">2013-08-29 21:04:22</dateChanged>
          <names class="set" id="66">
            <org.openmrs.ConceptName id="67" uuid="bc4020d9-fe70-4555-a250-0b8c2b3d9533">
              <conceptNameId>23557</conceptNameId>
              <concept reference="61"/>
              <name>Quantity of medication dispensed</name>
              <locale id="68">en</locale>
              <creator/>
              <dateCreated id="69">2013-08-29 20:22:26</dateCreated>
              <voided>false</voided>
              <tags class="set" id="70"/>
              <conceptNameType>FULLY_SPECIFIED</conceptNameType>
              <localePreferred>true</localePreferred>
            </org.openmrs.ConceptName>
          </names>
          <answers class="set" id="71"/>
          <conceptSets class="set" id="72"/>
          <descriptions class="set" id="73">
            <org.openmrs.ConceptDescription id="74" uuid="5ead284c-8a15-4edd-bea8-a262953a1a32">
              <conceptDescriptionId>6384</conceptDescriptionId>
              <concept reference="61"/>
              <description>The number of pills/tablets/bottles of medication dispensed</description>
              <locale id="75">en</locale>
              <creator/>
              <dateCreated id="76">2013-08-29 20:22:26</dateCreated>
            </org.openmrs.ConceptDescription>
          </descriptions>
          <conceptMappings class="set" id="77">
            <org.openmrs.ConceptMap id="78" uuid="be1af7fa-82d2-4668-9bb0-728148d4099c">
              <conceptMapType reference="37"/>
              <creator/>
              <dateCreated id="79">2013-08-29 21:04:22</dateCreated>
              <conceptMapId>19123</conceptMapId>
              <concept reference="61"/>
              <conceptReferenceTerm id="80" resolves-to="org.openmrs.ConceptReferenceTerm" uuid="27e7eca5-2777-4649-b6b7-ee9013e59605">
                <creator/>
                <dateCreated id="81">2013-08-29 21:03:27</dateCreated>
                <retired>false</retired>
                <conceptReferenceTermId>18969</conceptReferenceTermId>
                <conceptSource reference="42"/>
                <code>1443</code>
                <conceptReferenceTermMaps id="82"/>
              </conceptReferenceTerm>
            </org.openmrs.ConceptMap>
            <org.openmrs.ConceptMap id="83" uuid="b9152c32-50a0-4a11-aea9-79ff5f1fd456">
              <conceptMapType reference="37"/>
              <creator/>
              <dateCreated id="84">2013-08-29 21:04:00</dateCreated>
              <conceptMapId>19122</conceptMapId>
              <concept reference="61"/>
              <conceptReferenceTerm id="85" resolves-to="org.openmrs.ConceptReferenceTerm" uuid="733375e2-df87-4d26-aef6-27dcb1794246">
                <creator/>
                <dateCreated id="86">2013-08-29 21:03:34</dateCreated>
                <retired>false</retired>
                <conceptReferenceTermId>18970</conceptReferenceTermId>
                <conceptSource id="87" resolves-to="org.openmrs.ConceptSource" uuid="fb9aaaf1-65e2-4c18-b53c-16b575f2f385">
                  <name>PIH</name>
                  <description>Partners In Health concept dictionary using concept ids and preferred English names</description>
                  <creator/>
                  <dateCreated id="88">2010-11-23 13:56:26</dateCreated>
                  <retired>false</retired>
                  <conceptSourceId>5</conceptSourceId>
                  <hl7Code>PIH</hl7Code>
                </conceptSource>
                <code>9071</code>
                <conceptReferenceTermMaps id="89"/>
              </conceptReferenceTerm>
            </org.openmrs.ConceptMap>
          </conceptMappings>
          <lowAbsolute>0.0</lowAbsolute>
          <precise>false</precise>
        </concept>
        <conceptSet reference="2"/>
        <sortWeight>1.0</sortWeight>
        <creator/>
        <dateCreated id="90">2013-08-29 20:22:41</dateCreated>
      </org.openmrs.ConceptSet>
      <org.openmrs.ConceptSet id="91" uuid="efa91828-90a2-441e-a01d-a992b7314b7a">
        <conceptSetId>4589</conceptSetId>
        <concept id="92" resolves-to="org.openmrs.Concept" uuid="ef7f742b-76e6-4a83-84ca-534ad6705494">
          <conceptId>9072</conceptId>
          <retired>false</retired>
          <datatype id="93" resolves-to="org.openmrs.ConceptDatatype" uuid="8d4a4ab4-c2cc-11de-8d13-0010c6dffd0f">
            <name>Text</name>
            <description>Free text</description>
            <creator/>
            <dateCreated id="94">2004-02-02 00:00:00</dateCreated>
            <retired>false</retired>
            <conceptDatatypeId>3</conceptDatatypeId>
            <hl7Abbreviation>ST</hl7Abbreviation>
          </datatype>
          <conceptClass reference="62"/>
          <set>false</set>
          <creator/>
          <dateCreated id="95">2013-09-04 21:55:11</dateCreated>
          <changedBy/>
          <dateChanged id="96">2013-09-04 21:55:57</dateChanged>
          <names class="set" id="97">
            <org.openmrs.ConceptName id="98" uuid="4369a18f-1c8d-483e-a2b0-9b382964afc6">
              <conceptNameId>23558</conceptNameId>
              <concept reference="92"/>
              <name>Prescription instructions, non-coded</name>
              <locale id="99">en</locale>
              <creator/>
              <dateCreated id="100">2013-09-04 21:55:11</dateCreated>
              <voided>false</voided>
              <tags class="set" id="101"/>
              <conceptNameType>FULLY_SPECIFIED</conceptNameType>
              <localePreferred>true</localePreferred>
            </org.openmrs.ConceptName>
          </names>
          <answers class="set" id="102"/>
          <conceptSets class="set" id="103"/>
          <descriptions class="set" id="104">
            <org.openmrs.ConceptDescription id="105" uuid="49dfe9e7-d6ee-4c2c-9155-4dab31668db4">
              <conceptDescriptionId>6385</conceptDescriptionId>
              <concept reference="92"/>
              <description>Instructions for how often, in what quantity, and in what form a prescribed medication should be administered.</description>
              <locale id="106">en</locale>
              <creator/>
              <dateCreated id="107">2013-09-04 21:55:11</dateCreated>
            </org.openmrs.ConceptDescription>
          </descriptions>
          <conceptMappings class="set" id="108">
            <org.openmrs.ConceptMap id="109" uuid="01360d6f-6c8c-49e4-86dc-7521c0824cbe">
              <conceptMapType reference="37"/>
              <creator/>
              <dateCreated id="110">2013-09-04 21:55:57</dateCreated>
              <conceptMapId>19132</conceptMapId>
              <concept reference="92"/>
              <conceptReferenceTerm id="111" resolves-to="org.openmrs.ConceptReferenceTerm" uuid="62b41654-ac12-470b-9c79-88cff1c63089">
                <creator/>
                <dateCreated id="112">2013-09-04 21:55:36</dateCreated>
                <retired>false</retired>
                <conceptReferenceTermId>18979</conceptReferenceTermId>
                <conceptSource reference="87"/>
                <code>9072</code>
                <conceptReferenceTermMaps id="113"/>
              </conceptReferenceTerm>
            </org.openmrs.ConceptMap>
          </conceptMappings>
        </concept>
        <conceptSet reference="2"/>
        <sortWeight>7.0</sortWeight>
        <creator/>
        <dateCreated id="114">2013-09-04 21:57:14</dateCreated>
      </org.openmrs.ConceptSet>
      <org.openmrs.ConceptSet id="115" uuid="4a5c5b31-0dd0-42a0-9608-a77325c9cefa">
        <conceptSetId>4590</conceptSetId>
        <concept id="116" resolves-to="org.openmrs.ConceptNumeric" uuid="160856AAAAAAAAAAAAAAAAAAAAAAAAAAAAAA">
          <conceptId>9073</conceptId>
          <retired>false</retired>
          <datatype reference="18"/>
          <conceptClass reference="20"/>
          <set>false</set>
          <creator/>
          <dateCreated id="117">2012-07-16 05:20:27</dateCreated>
          <changedBy/>
          <dateChanged id="118">2013-09-09 19:32:10</dateChanged>
          <names class="set" id="119">
            <org.openmrs.ConceptName id="120" uuid="109537BBBBBBBBBBBBBBBBBBBBBBBBBBBBBB">
              <conceptNameId>23559</conceptNameId>
              <concept reference="116"/>
              <name>Quantity of medication prescribed per dose</name>
              <locale id="121">en</locale>
              <creator/>
              <dateCreated id="122">2012-07-16 05:20:27</dateCreated>
              <voided>false</voided>
              <tags class="set" id="123"/>
              <conceptNameType>FULLY_SPECIFIED</conceptNameType>
              <localePreferred>true</localePreferred>
            </org.openmrs.ConceptName>
          </names>
          <answers class="set" id="124"/>
          <conceptSets class="set" id="125"/>
          <descriptions class="set" id="126">
            <org.openmrs.ConceptDescription id="127" uuid="16909FFFFFFFFFFFFFFFFFFFFFFFFFFFFFFF">
              <conceptDescriptionId>6386</conceptDescriptionId>
              <concept reference="116"/>
              <description>The amount of a medication to be taken in a given dose, for example, take 2 pills every four hours (2 is the quantity, pills are the form and every four hours is the frequency)</description>
              <locale id="128">en</locale>
              <creator/>
              <dateCreated id="129">2012-07-16 05:20:27</dateCreated>
              <dateChanged id="130">2013-03-10 05:01:01</dateChanged>
            </org.openmrs.ConceptDescription>
          </descriptions>
          <conceptMappings class="set" id="131">
            <org.openmrs.ConceptMap id="132" uuid="217974ABBBBBBBBBBBBBBBBBBBBBBBBBBBBB">
              <conceptMapType reference="37"/>
              <creator/>
              <dateCreated id="133">2013-07-03 22:53:08</dateCreated>
              <conceptMapId>19133</conceptMapId>
              <concept reference="116"/>
              <conceptReferenceTerm id="134" resolves-to="org.openmrs.ConceptReferenceTerm" uuid="700be773-497c-3f47-a981-15407acf80ff">
                <creator/>
                <dateCreated id="135">2013-07-03 04:00:00</dateCreated>
                <retired>false</retired>
                <conceptReferenceTermId>18980</conceptReferenceTermId>
                <conceptSource reference="42"/>
                <code>160856</code>
                <conceptReferenceTermMaps id="136"/>
              </conceptReferenceTerm>
            </org.openmrs.ConceptMap>
            <org.openmrs.ConceptMap id="137" uuid="145032ABBBBBBBBBBBBBBBBBBBBBBBBBBBBB">
              <conceptMapType id="138" resolves-to="org.openmrs.ConceptMapType" uuid="43ac5109-7d8c-11e1-909d-c80aa9edcf4e">
                <name>NARROWER-THAN</name>
                <creator/>
                <dateCreated id="139">2012-06-21 00:00:00</dateCreated>
                <retired>false</retired>
                <conceptMapTypeId>2</conceptMapTypeId>
                <isHidden>false</isHidden>
              </conceptMapType>
              <creator/>
              <dateCreated id="140">2012-07-16 05:20:27</dateCreated>
              <conceptMapId>19135</conceptMapId>
              <concept reference="116"/>
              <conceptReferenceTerm id="141" resolves-to="org.openmrs.ConceptReferenceTerm" uuid="a14f90aa-5416-32fd-bd03-60bb4ad427e7">
                <creator/>
                <dateCreated id="142">2012-07-05 04:00:00</dateCreated>
                <retired>false</retired>
                <conceptReferenceTermId>18982</conceptReferenceTermId>
                <conceptSource id="143" resolves-to="org.openmrs.ConceptSource" uuid="2ADDDDDDDDDDDDDDDDDDDDDDDDDDDDDDDDDD">
                  <name>SNOMED NP</name>
                  <description>Non-preferred SNOMED CT mappings</description>
                  <creator/>
                  <dateCreated id="144">2010-04-25 11:12:44</dateCreated>
                  <retired>false</retired>
                  <conceptSourceId>8</conceptSourceId>
                </conceptSource>
                <code>33633005</code>
                <conceptReferenceTermMaps id="145"/>
              </conceptReferenceTerm>
            </org.openmrs.ConceptMap>
          </conceptMappings>
          <precise>false</precise>
        </concept>
        <conceptSet reference="2"/>
        <sortWeight>3.0</sortWeight>
        <creator/>
        <dateCreated id="146">2013-09-09 19:32:32</dateCreated>
      </org.openmrs.ConceptSet>
      <org.openmrs.ConceptSet id="147" uuid="cdffb143-b3ff-4466-9244-7ec7629ee03b">
        <conceptSetId>4593</conceptSetId>
        <concept id="148" resolves-to="org.openmrs.Concept" uuid="f1904502-319d-4681-9030-e642111e7ce2">
          <conceptId>6412</conceptId>
          <retired>false</retired>
          <datatype id="149" resolves-to="org.openmrs.ConceptDatatype" uuid="8d4a48b6-c2cc-11de-8d13-0010c6dffd0f">
            <name>Coded</name>
            <description>Value determined by term dictionary lookup (i.e., term identifier)</description>
            <creator/>
            <dateCreated id="150">2004-02-02 00:00:00</dateCreated>
            <retired>false</retired>
            <conceptDatatypeId>2</conceptDatatypeId>
            <hl7Abbreviation>CWE</hl7Abbreviation>
          </datatype>
          <conceptClass reference="20"/>
          <set>false</set>
          <creator/>
          <dateCreated id="151">2009-08-24 08:55:12</dateCreated>
          <changedBy/>
          <dateChanged id="152">2013-09-20 14:26:30</dateChanged>
          <names class="set" id="153">
            <org.openmrs.ConceptName id="154" uuid="0b957250-15f5-102d-96e4-000c29c2a5d7">
              <conceptNameId>9457</conceptNameId>
              <concept reference="148"/>
              <name>Time units</name>
              <locale id="155">en</locale>
              <creator/>
              <dateCreated id="156">2009-08-24 08:55:12</dateCreated>
              <voided>false</voided>
              <tags class="set" id="157"/>
              <conceptNameType>FULLY_SPECIFIED</conceptNameType>
              <localePreferred>true</localePreferred>
            </org.openmrs.ConceptName>
            <org.openmrs.ConceptName id="158" uuid="754fa3f5-0dca-40e1-8534-2e750fa057bd">
              <conceptNameId>14183</conceptNameId>
              <concept reference="148"/>
              <name>Duration units</name>
              <locale id="159">en</locale>
              <creator/>
              <dateCreated id="160">2010-11-17 12:00:12</dateCreated>
              <voided>false</voided>
              <tags class="set" id="161"/>
              <localePreferred>false</localePreferred>
            </org.openmrs.ConceptName>
            <org.openmrs.ConceptName id="162" uuid="93673a93-dff7-4e64-8ed0-7a850f10eb7b">
              <conceptNameId>23561</conceptNameId>
              <concept reference="148"/>
              <name>DURÉE UNITAIRE</name>
              <locale id="163">fr</locale>
              <creator/>
              <dateCreated id="164">2013-09-09 19:44:24</dateCreated>
              <voided>true</voided>
              <voidedBy/>
              <dateVoided id="165">2013-09-20 14:26:30</dateVoided>
              <voidReason>Voided due to change of name</voidReason>
              <tags class="set" id="166"/>
              <localePreferred>false</localePreferred>
            </org.openmrs.ConceptName>
            <org.openmrs.ConceptName id="167" uuid="b1e545bb-d444-433d-afbb-b5fa212b61be">
              <conceptNameId>24591</conceptNameId>
              <concept reference="148"/>
              <name>Unité de durée</name>
              <locale id="168">fr</locale>
              <creator/>
              <dateCreated id="169">2013-09-20 14:26:30</dateCreated>
              <voided>false</voided>
              <tags class="set" id="170"/>
              <conceptNameType>FULLY_SPECIFIED</conceptNameType>
              <localePreferred>true</localePreferred>
            </org.openmrs.ConceptName>
            <org.openmrs.ConceptName id="171" uuid="f6d1032e-3e53-426d-808d-d57273d6a17b">
              <conceptNameId>24590</conceptNameId>
              <concept reference="148"/>
              <name>Unités de temps</name>
              <locale id="172">fr</locale>
              <creator/>
              <dateCreated id="173">2013-09-20 14:26:30</dateCreated>
              <voided>false</voided>
              <tags class="set" id="174"/>
              <localePreferred>false</localePreferred>
            </org.openmrs.ConceptName>
            <org.openmrs.ConceptName id="175" uuid="0b95734a-15f5-102d-96e4-000c29c2a5d7">
              <conceptNameId>9458</conceptNameId>
              <concept reference="148"/>
              <name>units</name>
              <locale id="176">en</locale>
              <creator/>
              <dateCreated id="177">2009-08-24 08:55:12</dateCreated>
              <voided>false</voided>
              <tags class="set" id="178"/>
              <conceptNameType>SHORT</conceptNameType>
              <localePreferred>false</localePreferred>
            </org.openmrs.ConceptName>
            <org.openmrs.ConceptName id="179" uuid="a199ef0a-79b9-452c-b13f-42236531323e">
              <conceptNameId>14184</conceptNameId>
              <concept reference="148"/>
              <name>DURÉE UNITAIRE</name>
              <locale id="180">fr</locale>
              <creator/>
              <dateCreated id="181">2010-11-17 12:00:12</dateCreated>
              <voided>true</voided>
              <voidedBy/>
              <dateVoided id="182">2013-09-09 19:44:24</dateVoided>
              <voidReason>Voided due to change of name</voidReason>
              <tags class="set" id="183"/>
              <localePreferred>false</localePreferred>
            </org.openmrs.ConceptName>
          </names>
          <answers class="set" id="184">
            <org.openmrs.ConceptAnswer id="185" uuid="39176fd1-11d1-488e-92ba-264c246969eb">
              <conceptAnswerId>6337</conceptAnswerId>
              <concept reference="148"/>
              <answerConcept id="186" resolves-to="org.openmrs.Concept" uuid="e0d31892-690e-4063-9570-73d103c8efb0">
                <conceptId>6902</conceptId>
                <retired>false</retired>
                <datatype reference="3"/>
                <conceptClass id="187" resolves-to="org.openmrs.ConceptClass" uuid="8d492774-c2cc-11de-8d13-0010c6dffd0f">
                  <name>Misc</name>
                  <description>Terms which don&apos;t fit other categories</description>
                  <creator/>
                  <dateCreated id="188">2004-03-02 05:00:00</dateCreated>
                  <retired>false</retired>
                  <conceptClassId>11</conceptClassId>
                </conceptClass>
                <set>false</set>
                <creator/>
                <dateCreated id="189">2010-11-17 12:03:57</dateCreated>
                <changedBy/>
                <dateChanged id="190">2013-09-26 14:37:49</dateChanged>
                <names class="set" id="191">
                  <org.openmrs.ConceptName id="192" uuid="0ef18ed0-1a83-4bbf-98ad-aedb10efd90a">
                    <conceptNameId>24611</conceptNameId>
                    <concept reference="186"/>
                    <name>Orè</name>
                    <locale id="193">ht</locale>
                    <creator/>
                    <dateCreated id="194">2013-09-26 14:37:49</dateCreated>
                    <voided>false</voided>
                    <tags class="set" id="195"/>
                    <conceptNameType>FULLY_SPECIFIED</conceptNameType>
                    <localePreferred>true</localePreferred>
                  </org.openmrs.ConceptName>
                  <org.openmrs.ConceptName id="196" uuid="c2c672c7-375f-42ad-a7fa-b8bef91d4440">
                    <conceptNameId>14190</conceptNameId>
                    <concept reference="186"/>
                    <name>Heures</name>
                    <locale id="197">fr</locale>
                    <creator/>
                    <dateCreated id="198">2010-11-17 12:03:57</dateCreated>
                    <voided>false</voided>
                    <tags class="set" id="199"/>
                    <conceptNameType>FULLY_SPECIFIED</conceptNameType>
                    <localePreferred>true</localePreferred>
                  </org.openmrs.ConceptName>
                  <org.openmrs.ConceptName id="200" uuid="5974007e-f810-4208-8983-3ec98c7f87ba">
                    <conceptNameId>14189</conceptNameId>
                    <concept reference="186"/>
                    <name>Hrs</name>
                    <locale id="201">en</locale>
                    <creator/>
                    <dateCreated id="202">2010-11-17 12:03:57</dateCreated>
                    <voided>false</voided>
                    <tags class="set" id="203"/>
                    <localePreferred>false</localePreferred>
                  </org.openmrs.ConceptName>
                  <org.openmrs.ConceptName id="204" uuid="a30ab46a-4838-48b5-80eb-60268920005b">
                    <conceptNameId>14188</conceptNameId>
                    <concept reference="186"/>
                    <name>Hours</name>
                    <locale id="205">en</locale>
                    <creator/>
                    <dateCreated id="206">2010-11-17 12:03:57</dateCreated>
                    <voided>false</voided>
                    <tags class="set" id="207"/>
                    <conceptNameType>FULLY_SPECIFIED</conceptNameType>
                    <localePreferred>true</localePreferred>
                  </org.openmrs.ConceptName>
                </names>
                <answers class="set" id="208"/>
                <conceptSets class="set" id="209"/>
                <descriptions class="set" id="210">
                  <org.openmrs.ConceptDescription id="211" uuid="33cf9207-7aac-4fe5-b0fe-27146290dd75">
                    <conceptDescriptionId>5351</conceptDescriptionId>
                    <concept reference="186"/>
                    <description>A duration unit, 60 minutes = 1 hour.</description>
                    <locale id="212">en</locale>
                    <creator/>
                    <dateCreated id="213">2010-11-17 12:03:57</dateCreated>
                    <changedBy/>
                    <dateChanged id="214">2011-03-21 14:58:17</dateChanged>
                  </org.openmrs.ConceptDescription>
                </descriptions>
                <conceptMappings class="set" id="215">
                  <org.openmrs.ConceptMap id="216" uuid="b2b26eba-4864-102e-96e9-000c29c2a5d7">
                    <conceptMapType reference="37"/>
                    <creator/>
                    <changedBy/>
                    <dateCreated id="217">2010-11-23 10:15:31</dateCreated>
                    <dateChanged id="218">2012-06-21 16:49:52</dateChanged>
                    <conceptMapId>5965</conceptMapId>
                    <concept reference="186"/>
                    <conceptReferenceTerm id="219" resolves-to="org.openmrs.ConceptReferenceTerm" uuid="e45517cd-9ecd-34fb-886b-35c510e6ad20">
                      <creator/>
                      <dateCreated id="220">2010-11-23 00:00:00</dateCreated>
                      <retired>false</retired>
                      <conceptReferenceTermId>5965</conceptReferenceTermId>
                      <conceptSource reference="87"/>
                      <code>6902</code>
                      <conceptReferenceTermMaps id="221"/>
                    </conceptReferenceTerm>
                  </org.openmrs.ConceptMap>
                  <org.openmrs.ConceptMap id="222" uuid="75b230d8-4943-102e-96e9-000c29c2a5d7">
                    <conceptMapType reference="37"/>
                    <creator/>
                    <changedBy/>
                    <dateCreated id="223">2010-11-24 12:49:58</dateCreated>
                    <dateChanged id="224">2012-06-21 16:49:52</dateChanged>
                    <conceptMapId>11529</conceptMapId>
                    <concept reference="186"/>
                    <conceptReferenceTerm id="225" resolves-to="org.openmrs.ConceptReferenceTerm" uuid="96b848bd-5722-3311-a831-cdc4458bc2ed">
                      <creator/>
                      <dateCreated id="226">2010-11-24 00:00:00</dateCreated>
                      <retired>false</retired>
                      <conceptReferenceTermId>11529</conceptReferenceTermId>
                      <conceptSource reference="87"/>
                      <code>Hours</code>
                      <conceptReferenceTermMaps id="227"/>
                    </conceptReferenceTerm>
                  </org.openmrs.ConceptMap>
                </conceptMappings>
              </answerConcept>
              <creator/>
              <dateCreated id="228">2010-11-17 12:05:05</dateCreated>
              <sortWeight>6337.0</sortWeight>
            </org.openmrs.ConceptAnswer>
            <org.openmrs.ConceptAnswer id="229" uuid="0b24a4f8-15f5-102d-96e4-000c29c2a5d7">
              <conceptAnswerId>5757</conceptAnswerId>
              <concept reference="148"/>
              <answerConcept id="230" resolves-to="org.openmrs.Concept" uuid="3cd7091a-26fe-102b-80cb-0017a47871b2">
                <conceptId>1073</conceptId>
                <retired>false</retired>
                <datatype reference="3"/>
                <conceptClass reference="187"/>
                <set>false</set>
                <creator/>
                <dateCreated id="231">2005-01-06 00:00:00</dateCreated>
                <changedBy/>
                <dateChanged id="232">2013-09-26 14:24:59</dateChanged>
                <names class="set" id="233">
                  <org.openmrs.ConceptName id="234" uuid="8db89a65-af71-467e-87d8-4cb6da8d5642">
                    <conceptNameId>8119</conceptNameId>
                    <concept reference="230"/>
                    <name>Weeks</name>
                    <locale id="235">en</locale>
                    <creator/>
                    <dateCreated id="236">2009-02-05 13:49:40</dateCreated>
                    <voided>false</voided>
                    <tags class="set" id="237"/>
                    <conceptNameType>FULLY_SPECIFIED</conceptNameType>
                    <localePreferred>true</localePreferred>
                  </org.openmrs.ConceptName>
                  <org.openmrs.ConceptName id="238" uuid="15516191-654a-4cf0-b803-2b03dc093b0b">
                    <conceptNameId>24606</conceptNameId>
                    <concept reference="230"/>
                    <name>Semaines</name>
                    <locale id="239">fr</locale>
                    <creator/>
                    <dateCreated id="240">2013-09-26 14:24:02</dateCreated>
                    <voided>false</voided>
                    <tags class="set" id="241"/>
                    <conceptNameType>FULLY_SPECIFIED</conceptNameType>
                    <localePreferred>true</localePreferred>
                  </org.openmrs.ConceptName>
                  <org.openmrs.ConceptName id="242" uuid="1ccf1e46-c52f-4e63-9b24-f6f5837f7fb0">
                    <conceptNameId>24607</conceptNameId>
                    <concept reference="230"/>
                    <name>Semèn</name>
                    <locale id="243">ht</locale>
                    <creator/>
                    <dateCreated id="244">2013-09-26 14:24:59</dateCreated>
                    <voided>false</voided>
                    <tags class="set" id="245"/>
                    <conceptNameType>FULLY_SPECIFIED</conceptNameType>
                    <localePreferred>true</localePreferred>
                  </org.openmrs.ConceptName>
                  <org.openmrs.ConceptName id="246" uuid="64582a38-ffd7-4e60-a3b6-c3204263dea7">
                    <conceptNameId>8120</conceptNameId>
                    <concept reference="230"/>
                    <name>Les Semaines</name>
                    <locale id="247">fr</locale>
                    <creator/>
                    <dateCreated id="248">2009-02-05 13:49:40</dateCreated>
                    <voided>true</voided>
                    <voidedBy/>
                    <dateVoided id="249">2013-09-26 14:24:02</dateVoided>
                    <voidReason>Removed from user interface</voidReason>
                    <tags class="set" id="250"/>
                    <localePreferred>true</localePreferred>
                  </org.openmrs.ConceptName>
                  <org.openmrs.ConceptName id="251" uuid="f5ccb9f4-d5db-102d-ad2a-000c29c2a5d7">
                    <conceptNameId>10591</conceptNameId>
                    <concept reference="230"/>
                    <name>SEMAINES</name>
                    <locale id="252">fr</locale>
                    <creator/>
                    <dateCreated id="253">2010-06-29 13:03:16</dateCreated>
                    <voided>true</voided>
                    <voidedBy/>
                    <dateVoided id="254">2013-09-26 14:24:02</dateVoided>
                    <voidReason>Removed from user interface</voidReason>
                    <tags class="set" id="255"/>
                    <localePreferred>false</localePreferred>
                  </org.openmrs.ConceptName>
                </names>
                <answers class="set" id="256"/>
                <conceptSets class="set" id="257"/>
                <descriptions class="set" id="258">
                  <org.openmrs.ConceptDescription id="259" uuid="ece44714-07fe-102c-b5fa-0017a47871b2">
                    <conceptDescriptionId>1084</conceptDescriptionId>
                    <concept reference="230"/>
                    <description>Generic temporal answer to question.</description>
                    <locale id="260">en</locale>
                    <creator/>
                    <dateCreated id="261">2005-01-06 00:00:00</dateCreated>
                    <changedBy/>
                    <dateChanged id="262">2011-03-21 14:58:17</dateChanged>
                  </org.openmrs.ConceptDescription>
                </descriptions>
                <conceptMappings class="set" id="263">
                  <org.openmrs.ConceptMap id="264" uuid="b20d1d2a-4864-102e-96e9-000c29c2a5d7">
                    <conceptMapType reference="37"/>
                    <creator/>
                    <changedBy/>
                    <dateCreated id="265">2010-11-23 10:15:31</dateCreated>
                    <dateChanged id="266">2012-06-21 16:49:52</dateChanged>
                    <conceptMapId>1075</conceptMapId>
                    <concept reference="230"/>
                    <conceptReferenceTerm id="267" resolves-to="org.openmrs.ConceptReferenceTerm" uuid="d7a104dc-f9b1-37f6-91e5-4c1d99330144">
                      <creator/>
                      <dateCreated id="268">2010-11-23 00:00:00</dateCreated>
                      <retired>false</retired>
                      <conceptReferenceTermId>1075</conceptReferenceTermId>
                      <conceptSource reference="87"/>
                      <code>1073</code>
                      <conceptReferenceTermMaps id="269"/>
                    </conceptReferenceTerm>
                  </org.openmrs.ConceptMap>
                </conceptMappings>
              </answerConcept>
              <creator/>
              <dateCreated id="270">2009-08-24 08:55:12</dateCreated>
              <sortWeight>5757.0</sortWeight>
            </org.openmrs.ConceptAnswer>
            <org.openmrs.ConceptAnswer id="271" uuid="0b24a41c-15f5-102d-96e4-000c29c2a5d7">
              <conceptAnswerId>5756</conceptAnswerId>
              <concept reference="148"/>
              <answerConcept id="272" resolves-to="org.openmrs.Concept" uuid="3cd70b68-26fe-102b-80cb-0017a47871b2">
                <conceptId>1074</conceptId>
                <retired>false</retired>
                <datatype reference="3"/>
                <conceptClass reference="187"/>
                <set>false</set>
                <creator/>
                <dateCreated id="273">2005-01-06 00:00:00</dateCreated>
                <changedBy/>
                <dateChanged id="274">2013-09-26 14:21:49</dateChanged>
                <names class="set" id="275">
                  <org.openmrs.ConceptName id="276" uuid="3e1525c8-26fe-102b-80cb-0017a47871b2">
                    <conceptNameId>8181</conceptNameId>
                    <concept reference="272"/>
                    <name>Months</name>
                    <locale id="277">en</locale>
                    <creator/>
                    <dateCreated id="278">2009-02-05 15:59:18</dateCreated>
                    <voided>false</voided>
                    <tags class="set" id="279"/>
                    <conceptNameType>FULLY_SPECIFIED</conceptNameType>
                    <localePreferred>true</localePreferred>
                  </org.openmrs.ConceptName>
                  <org.openmrs.ConceptName id="280" uuid="b812c8f9-aa9a-4f17-a195-c8c330791bb8">
                    <conceptNameId>24604</conceptNameId>
                    <concept reference="272"/>
                    <name>Mois</name>
                    <locale id="281">fr</locale>
                    <creator/>
                    <dateCreated id="282">2013-09-26 14:21:08</dateCreated>
                    <voided>false</voided>
                    <tags class="set" id="283"/>
                    <conceptNameType>FULLY_SPECIFIED</conceptNameType>
                    <localePreferred>true</localePreferred>
                  </org.openmrs.ConceptName>
                  <org.openmrs.ConceptName id="284" uuid="76568d58-ff85-4c5b-9f04-1642eb227553">
                    <conceptNameId>8182</conceptNameId>
                    <concept reference="272"/>
                    <name>les mois</name>
                    <locale id="285">fr</locale>
                    <creator/>
                    <dateCreated id="286">2009-02-05 15:59:18</dateCreated>
                    <voided>true</voided>
                    <voidedBy/>
                    <dateVoided id="287">2013-09-26 14:21:08</dateVoided>
                    <voidReason>Removed from user interface</voidReason>
                    <tags class="set" id="288"/>
                    <localePreferred>true</localePreferred>
                  </org.openmrs.ConceptName>
                  <org.openmrs.ConceptName id="289" uuid="f5ccfdce-d5db-102d-ad2a-000c29c2a5d7">
                    <conceptNameId>10592</conceptNameId>
                    <concept reference="272"/>
                    <name>MOIS</name>
                    <locale id="290">fr</locale>
                    <creator/>
                    <dateCreated id="291">2010-06-29 13:03:16</dateCreated>
                    <voided>true</voided>
                    <voidedBy/>
                    <dateVoided id="292">2013-09-26 14:21:08</dateVoided>
                    <voidReason>Removed from user interface</voidReason>
                    <tags class="set" id="293"/>
                    <localePreferred>false</localePreferred>
                  </org.openmrs.ConceptName>
                  <org.openmrs.ConceptName id="294" uuid="b44605bc-80a3-459c-858c-917d4fc2d879">
                    <conceptNameId>24605</conceptNameId>
                    <concept reference="272"/>
                    <name>Mwa</name>
                    <locale id="295">ht</locale>
                    <creator/>
                    <dateCreated id="296">2013-09-26 14:21:49</dateCreated>
                    <voided>false</voided>
                    <tags class="set" id="297"/>
                    <conceptNameType>FULLY_SPECIFIED</conceptNameType>
                    <localePreferred>true</localePreferred>
                  </org.openmrs.ConceptName>
                </names>
                <answers class="set" id="298"/>
                <conceptSets class="set" id="299"/>
                <descriptions class="set" id="300">
                  <org.openmrs.ConceptDescription id="301" uuid="ece448f4-07fe-102c-b5fa-0017a47871b2">
                    <conceptDescriptionId>1085</conceptDescriptionId>
                    <concept reference="272"/>
                    <description>Generic temporal answer to question.</description>
                    <locale id="302">en</locale>
                    <creator/>
                    <dateCreated id="303">2005-01-06 00:00:00</dateCreated>
                    <changedBy/>
                    <dateChanged id="304">2011-03-21 14:58:17</dateChanged>
                  </org.openmrs.ConceptDescription>
                  <org.openmrs.ConceptDescription id="305" uuid="9ceb47a8-e28a-4f6e-bd71-aa2e5715cd12">
                    <conceptDescriptionId>4748</conceptDescriptionId>
                    <concept reference="272"/>
                    <description>réponse générique à une question</description>
                    <locale id="306">fr</locale>
                    <creator/>
                    <dateCreated id="307">2009-02-05 15:58:51</dateCreated>
                    <changedBy/>
                    <dateChanged id="308">2011-03-21 14:58:17</dateChanged>
                  </org.openmrs.ConceptDescription>
                </descriptions>
                <conceptMappings class="set" id="309">
                  <org.openmrs.ConceptMap id="310" uuid="b20d1e9c-4864-102e-96e9-000c29c2a5d7">
                    <conceptMapType reference="37"/>
                    <creator/>
                    <changedBy/>
                    <dateCreated id="311">2010-11-23 10:15:31</dateCreated>
                    <dateChanged id="312">2012-06-21 16:49:52</dateChanged>
                    <conceptMapId>1076</conceptMapId>
                    <concept reference="272"/>
                    <conceptReferenceTerm id="313" resolves-to="org.openmrs.ConceptReferenceTerm" uuid="5beb168a-d3be-318a-8c02-e847a52684bb">
                      <creator/>
                      <dateCreated id="314">2010-11-23 00:00:00</dateCreated>
                      <retired>false</retired>
                      <conceptReferenceTermId>1076</conceptReferenceTermId>
                      <conceptSource reference="87"/>
                      <code>1074</code>
                      <conceptReferenceTermMaps id="315"/>
                    </conceptReferenceTerm>
                  </org.openmrs.ConceptMap>
                  <org.openmrs.ConceptMap id="316" uuid="91d7f5de-c105-42f7-8d76-cf8dc0c9c6b2">
                    <conceptMapType reference="37"/>
                    <creator/>
                    <dateCreated id="317">2013-09-26 14:21:08</dateCreated>
                    <conceptMapId>20028</conceptMapId>
                    <concept reference="272"/>
                    <conceptReferenceTerm id="318" resolves-to="org.openmrs.ConceptReferenceTerm" uuid="fd919b2c-59db-4f76-82e6-2a14103bb860">
                      <creator/>
                      <dateCreated id="319">2013-09-26 14:20:56</dateCreated>
                      <retired>false</retired>
                      <conceptReferenceTermId>19898</conceptReferenceTermId>
                      <conceptSource reference="87"/>
                      <code>Months</code>
                      <conceptReferenceTermMaps id="320"/>
                    </conceptReferenceTerm>
                  </org.openmrs.ConceptMap>
                </conceptMappings>
              </answerConcept>
              <creator/>
              <dateCreated id="321">2009-08-24 08:55:12</dateCreated>
              <sortWeight>5756.0</sortWeight>
            </org.openmrs.ConceptAnswer>
            <org.openmrs.ConceptAnswer id="322" uuid="0b24a340-15f5-102d-96e4-000c29c2a5d7">
              <conceptAnswerId>5755</conceptAnswerId>
              <concept reference="148"/>
              <answerConcept id="323" resolves-to="org.openmrs.Concept" uuid="3cd706b8-26fe-102b-80cb-0017a47871b2">
                <conceptId>1072</conceptId>
                <retired>false</retired>
                <datatype reference="3"/>
                <conceptClass reference="187"/>
                <set>false</set>
                <creator/>
                <dateCreated id="324">2005-01-06 00:00:00</dateCreated>
                <changedBy/>
                <dateChanged id="325">2013-09-26 14:19:35</dateChanged>
                <names class="set" id="326">
                  <org.openmrs.ConceptName id="327" uuid="20617c4d-1313-4657-bc58-5c859fcabd79">
                    <conceptNameId>8118</conceptNameId>
                    <concept reference="323"/>
                    <name>Les Jours</name>
                    <locale id="328">fr</locale>
                    <creator/>
                    <dateCreated id="329">2009-02-05 13:48:44</dateCreated>
                    <voided>true</voided>
                    <voidedBy/>
                    <dateVoided id="330">2013-09-26 14:19:35</dateVoided>
                    <voidReason>Removed from user interface</voidReason>
                    <tags class="set" id="331"/>
                    <localePreferred>false</localePreferred>
                  </org.openmrs.ConceptName>
                  <org.openmrs.ConceptName id="332" uuid="b2a544c2-b5d8-4f09-930b-d192bbcc0ccd">
                    <conceptNameId>8117</conceptNameId>
                    <concept reference="323"/>
                    <name>Days</name>
                    <locale id="333">en</locale>
                    <creator/>
                    <dateCreated id="334">2009-02-05 13:48:44</dateCreated>
                    <voided>false</voided>
                    <tags class="set" id="335"/>
                    <conceptNameType>FULLY_SPECIFIED</conceptNameType>
                    <localePreferred>true</localePreferred>
                  </org.openmrs.ConceptName>
                  <org.openmrs.ConceptName id="336" uuid="e038fe1c-222b-44d2-a2ad-61adcc766976">
                    <conceptNameId>24603</conceptNameId>
                    <concept reference="323"/>
                    <name>Jou</name>
                    <locale id="337">ht</locale>
                    <creator/>
                    <dateCreated id="338">2013-09-26 14:19:35</dateCreated>
                    <voided>false</voided>
                    <tags class="set" id="339"/>
                    <conceptNameType>FULLY_SPECIFIED</conceptNameType>
                    <localePreferred>true</localePreferred>
                  </org.openmrs.ConceptName>
                  <org.openmrs.ConceptName id="340" uuid="5e3b006a-450a-4764-bc78-d79c138ad809">
                    <conceptNameId>24602</conceptNameId>
                    <concept reference="323"/>
                    <name>Jours</name>
                    <locale id="341">fr</locale>
                    <creator/>
                    <dateCreated id="342">2013-09-26 14:07:40</dateCreated>
                    <voided>false</voided>
                    <tags class="set" id="343"/>
                    <conceptNameType>FULLY_SPECIFIED</conceptNameType>
                    <localePreferred>true</localePreferred>
                  </org.openmrs.ConceptName>
                  <org.openmrs.ConceptName id="344" uuid="f5cc789a-d5db-102d-ad2a-000c29c2a5d7">
                    <conceptNameId>10590</conceptNameId>
                    <concept reference="323"/>
                    <name>JOURS</name>
                    <locale id="345">fr</locale>
                    <creator/>
                    <dateCreated id="346">2010-06-29 13:03:16</dateCreated>
                    <voided>true</voided>
                    <voidedBy/>
                    <dateVoided id="347">2013-09-26 14:07:40</dateVoided>
                    <voidReason>Removed from user interface</voidReason>
                    <tags class="set" id="348"/>
                    <localePreferred>false</localePreferred>
                  </org.openmrs.ConceptName>
                </names>
                <answers class="set" id="349"/>
                <conceptSets class="set" id="350"/>
                <descriptions class="set" id="351">
                  <org.openmrs.ConceptDescription id="352" uuid="ece44520-07fe-102c-b5fa-0017a47871b2">
                    <conceptDescriptionId>1083</conceptDescriptionId>
                    <concept reference="323"/>
                    <description>Generic temporal answer to question.</description>
                    <locale id="353">en</locale>
                    <creator/>
                    <dateCreated id="354">2005-01-06 00:00:00</dateCreated>
                    <changedBy/>
                    <dateChanged id="355">2011-03-21 14:58:17</dateChanged>
                  </org.openmrs.ConceptDescription>
                </descriptions>
                <conceptMappings class="set" id="356">
                  <org.openmrs.ConceptMap id="357" uuid="ea362870-0e4a-4a84-9fc1-8eb3cb69f124">
                    <conceptMapType reference="37"/>
                    <creator/>
                    <dateCreated id="358">2013-09-26 14:08:29</dateCreated>
                    <conceptMapId>20027</conceptMapId>
                    <concept reference="323"/>
                    <conceptReferenceTerm id="359" resolves-to="org.openmrs.ConceptReferenceTerm" uuid="ebeb91f2-734b-4027-9ddd-f06cee420b4c">
                      <creator/>
                      <dateCreated id="360">2013-09-26 14:08:14</dateCreated>
                      <retired>false</retired>
                      <conceptReferenceTermId>19896</conceptReferenceTermId>
                      <conceptSource reference="87"/>
                      <code>Days</code>
                      <conceptReferenceTermMaps id="361"/>
                    </conceptReferenceTerm>
                  </org.openmrs.ConceptMap>
                  <org.openmrs.ConceptMap id="362" uuid="b20d1b54-4864-102e-96e9-000c29c2a5d7">
                    <conceptMapType reference="37"/>
                    <creator/>
                    <changedBy/>
                    <dateCreated id="363">2010-11-23 10:15:31</dateCreated>
                    <dateChanged id="364">2012-06-21 16:49:52</dateChanged>
                    <conceptMapId>1074</conceptMapId>
                    <concept reference="323"/>
                    <conceptReferenceTerm id="365" resolves-to="org.openmrs.ConceptReferenceTerm" uuid="49e42c67-81be-373d-bbfd-fda3d4da9a84">
                      <creator/>
                      <dateCreated id="366">2010-11-23 00:00:00</dateCreated>
                      <retired>false</retired>
                      <conceptReferenceTermId>1074</conceptReferenceTermId>
                      <conceptSource reference="87"/>
                      <code>1072</code>
                      <conceptReferenceTermMaps id="367"/>
                    </conceptReferenceTerm>
                  </org.openmrs.ConceptMap>
                </conceptMappings>
              </answerConcept>
              <creator/>
              <dateCreated id="368">2009-08-24 08:55:12</dateCreated>
              <sortWeight>5755.0</sortWeight>
            </org.openmrs.ConceptAnswer>
            <org.openmrs.ConceptAnswer id="369" uuid="e319a340-e6c9-4fc3-a7aa-e283ef961246">
              <conceptAnswerId>6338</conceptAnswerId>
              <concept reference="148"/>
              <answerConcept id="370" resolves-to="org.openmrs.Concept" uuid="03326b32-c15b-472d-91a0-597567657ea5">
                <conceptId>6901</conceptId>
                <retired>false</retired>
                <datatype reference="3"/>
                <conceptClass reference="187"/>
                <set>false</set>
                <creator/>
                <dateCreated id="371">2010-11-17 12:02:42</dateCreated>
                <changedBy/>
                <dateChanged id="372">2013-09-26 14:27:42</dateChanged>
                <names class="set" id="373">
                  <org.openmrs.ConceptName id="374" uuid="b29e4c7c-f01b-4c6e-8144-2c8da2e01c44">
                    <conceptNameId>14186</conceptNameId>
                    <concept reference="370"/>
                    <name>Minutes</name>
                    <locale id="375">en</locale>
                    <creator/>
                    <dateCreated id="376">2010-11-17 12:02:42</dateCreated>
                    <voided>false</voided>
                    <tags class="set" id="377"/>
                    <conceptNameType>FULLY_SPECIFIED</conceptNameType>
                    <localePreferred>true</localePreferred>
                  </org.openmrs.ConceptName>
                  <org.openmrs.ConceptName id="378" uuid="7599bbfa-a7e2-43a0-9744-0fb4484957ce">
                    <conceptNameId>14187</conceptNameId>
                    <concept reference="370"/>
                    <name>min</name>
                    <locale id="379">en</locale>
                    <creator/>
                    <dateCreated id="380">2010-11-17 12:02:42</dateCreated>
                    <voided>false</voided>
                    <tags class="set" id="381"/>
                    <localePreferred>false</localePreferred>
                  </org.openmrs.ConceptName>
                  <org.openmrs.ConceptName id="382" uuid="e88c5454-10d0-461f-9922-df250be4afa2">
                    <conceptNameId>24608</conceptNameId>
                    <concept reference="370"/>
                    <name>Minit</name>
                    <locale id="383">ht</locale>
                    <creator/>
                    <dateCreated id="384">2013-09-26 14:27:41</dateCreated>
                    <voided>false</voided>
                    <tags class="set" id="385"/>
                    <conceptNameType>FULLY_SPECIFIED</conceptNameType>
                    <localePreferred>true</localePreferred>
                  </org.openmrs.ConceptName>
                  <org.openmrs.ConceptName id="386" uuid="330a7169-0172-4b89-9303-cdcbf716025e">
                    <conceptNameId>14185</conceptNameId>
                    <concept reference="370"/>
                    <name>Minutes</name>
                    <locale id="387">fr</locale>
                    <creator/>
                    <dateCreated id="388">2010-11-17 12:02:42</dateCreated>
                    <voided>false</voided>
                    <tags class="set" id="389"/>
                    <conceptNameType>FULLY_SPECIFIED</conceptNameType>
                    <localePreferred>true</localePreferred>
                  </org.openmrs.ConceptName>
                </names>
                <answers class="set" id="390"/>
                <conceptSets class="set" id="391"/>
                <descriptions class="set" id="392">
                  <org.openmrs.ConceptDescription id="393" uuid="9bfcfb79-145c-437e-96eb-80b50a57f670">
                    <conceptDescriptionId>5350</conceptDescriptionId>
                    <concept reference="370"/>
                    <description>interval of duration</description>
                    <locale id="394">en</locale>
                    <creator/>
                    <dateCreated id="395">2010-11-17 12:02:42</dateCreated>
                    <changedBy/>
                    <dateChanged id="396">2011-03-21 14:58:17</dateChanged>
                  </org.openmrs.ConceptDescription>
                </descriptions>
                <conceptMappings class="set" id="397">
                  <org.openmrs.ConceptMap id="398" uuid="b2b26d2a-4864-102e-96e9-000c29c2a5d7">
                    <conceptMapType reference="37"/>
                    <creator/>
                    <changedBy/>
                    <dateCreated id="399">2010-11-23 10:15:31</dateCreated>
                    <dateChanged id="400">2012-06-21 16:49:52</dateChanged>
                    <conceptMapId>5964</conceptMapId>
                    <concept reference="370"/>
                    <conceptReferenceTerm id="401" resolves-to="org.openmrs.ConceptReferenceTerm" uuid="ed532742-1fb0-37b0-8ebc-d128836a2434">
                      <creator/>
                      <dateCreated id="402">2010-11-23 00:00:00</dateCreated>
                      <retired>false</retired>
                      <conceptReferenceTermId>5964</conceptReferenceTermId>
                      <conceptSource reference="87"/>
                      <code>6901</code>
                      <conceptReferenceTermMaps id="403"/>
                    </conceptReferenceTerm>
                  </org.openmrs.ConceptMap>
                  <org.openmrs.ConceptMap id="404" uuid="75b22f7a-4943-102e-96e9-000c29c2a5d7">
                    <conceptMapType reference="37"/>
                    <creator/>
                    <changedBy/>
                    <dateCreated id="405">2010-11-24 12:49:58</dateCreated>
                    <dateChanged id="406">2012-06-21 16:49:52</dateChanged>
                    <conceptMapId>11528</conceptMapId>
                    <concept reference="370"/>
                    <conceptReferenceTerm id="407" resolves-to="org.openmrs.ConceptReferenceTerm" uuid="cc2c7165-8fc0-3f0c-9ae5-57d560439499">
                      <creator/>
                      <dateCreated id="408">2010-11-24 00:00:00</dateCreated>
                      <retired>false</retired>
                      <conceptReferenceTermId>11528</conceptReferenceTermId>
                      <conceptSource reference="87"/>
                      <code>Minutes</code>
                      <conceptReferenceTermMaps id="409"/>
                    </conceptReferenceTerm>
                  </org.openmrs.ConceptMap>
                </conceptMappings>
              </answerConcept>
              <creator/>
              <dateCreated id="410">2010-11-17 12:05:05</dateCreated>
              <sortWeight>6338.0</sortWeight>
            </org.openmrs.ConceptAnswer>
            <org.openmrs.ConceptAnswer id="411" uuid="fe49af3d-489d-4ff1-aa07-cf162dab37d2">
              <conceptAnswerId>6479</conceptAnswerId>
              <concept reference="148"/>
              <answerConcept id="412" resolves-to="org.openmrs.Concept" uuid="811c60c8-197d-4ff3-8c7d-7875aa124965">
                <conceptId>7046</conceptId>
                <retired>false</retired>
                <datatype reference="3"/>
                <conceptClass reference="187"/>
                <set>false</set>
                <creator/>
                <dateCreated id="413">2011-03-20 09:14:16</dateCreated>
                <changedBy/>
                <dateChanged id="414">2013-09-26 14:45:40</dateChanged>
                <names class="set" id="415">
                  <org.openmrs.ConceptName id="416" uuid="47c28586-43a4-4135-988d-4fa116898278">
                    <conceptNameId>14470</conceptNameId>
                    <concept reference="412"/>
                    <name>Seconds</name>
                    <locale id="417">en</locale>
                    <creator/>
                    <dateCreated id="418">2011-03-20 09:14:16</dateCreated>
                    <voided>false</voided>
                    <tags class="set" id="419"/>
                    <conceptNameType>FULLY_SPECIFIED</conceptNameType>
                    <localePreferred>true</localePreferred>
                  </org.openmrs.ConceptName>
                  <org.openmrs.ConceptName id="420" uuid="21ed53cb-d547-4678-bd50-0b692567a8ee">
                    <conceptNameId>24610</conceptNameId>
                    <concept reference="412"/>
                    <name>Secondes</name>
                    <locale id="421">ht</locale>
                    <creator/>
                    <dateCreated id="422">2013-09-26 14:36:42</dateCreated>
                    <voided>true</voided>
                    <voidedBy/>
                    <dateVoided id="423">2013-09-26 14:45:40</dateVoided>
                    <voidReason>Voided due to change of name</voidReason>
                    <tags class="set" id="424"/>
                    <localePreferred>false</localePreferred>
                  </org.openmrs.ConceptName>
                  <org.openmrs.ConceptName id="425" uuid="e7d9b41a-c72b-4d32-8d8a-af7e6dd39654">
                    <conceptNameId>24589</conceptNameId>
                    <concept reference="412"/>
                    <name>Secondes</name>
                    <locale id="426">fr</locale>
                    <creator/>
                    <dateCreated id="427">2013-09-19 22:48:01</dateCreated>
                    <voided>false</voided>
                    <tags class="set" id="428"/>
                    <conceptNameType>FULLY_SPECIFIED</conceptNameType>
                    <localePreferred>true</localePreferred>
                  </org.openmrs.ConceptName>
                  <org.openmrs.ConceptName id="429" uuid="d75b5892-cafb-416f-9e12-bfa6ce6a64fa">
                    <conceptNameId>24612</conceptNameId>
                    <concept reference="412"/>
                    <name>Segond</name>
                    <locale id="430">ht</locale>
                    <creator/>
                    <dateCreated id="431">2013-09-26 14:45:40</dateCreated>
                    <voided>false</voided>
                    <tags class="set" id="432"/>
                    <conceptNameType>FULLY_SPECIFIED</conceptNameType>
                    <localePreferred>true</localePreferred>
                  </org.openmrs.ConceptName>
                  <org.openmrs.ConceptName id="433" uuid="33333f78-a0d9-4b43-a533-2d2fb189b528">
                    <conceptNameId>24609</conceptNameId>
                    <concept reference="412"/>
                    <name>Dezyèm</name>
                    <locale id="434">ht</locale>
                    <creator/>
                    <dateCreated id="435">2013-09-26 14:31:21</dateCreated>
                    <voided>true</voided>
                    <voidedBy/>
                    <dateVoided id="436">2013-09-26 14:36:42</dateVoided>
                    <voidReason>Voided due to change of name</voidReason>
                    <tags class="set" id="437"/>
                    <localePreferred>false</localePreferred>
                  </org.openmrs.ConceptName>
                </names>
                <answers class="set" id="438"/>
                <conceptSets class="set" id="439"/>
                <descriptions class="set" id="440"/>
                <conceptMappings class="set" id="441">
                  <org.openmrs.ConceptMap id="442" uuid="0f276b1a-a543-102e-a00e-000c29c2a5d7">
                    <conceptMapType reference="37"/>
                    <creator/>
                    <changedBy/>
                    <dateCreated id="443">2011-03-21 15:39:03</dateCreated>
                    <dateChanged id="444">2012-06-21 16:49:52</dateChanged>
                    <conceptMapId>12071</conceptMapId>
                    <concept reference="412"/>
                    <conceptReferenceTerm id="445" resolves-to="org.openmrs.ConceptReferenceTerm" uuid="9bdc6dc2-608c-3b1d-b337-77942ac271a4">
                      <creator/>
                      <dateCreated id="446">2011-03-21 00:00:00</dateCreated>
                      <retired>false</retired>
                      <conceptReferenceTermId>12071</conceptReferenceTermId>
                      <conceptSource reference="87"/>
                      <code>SECONDS</code>
                      <conceptReferenceTermMaps id="447"/>
                    </conceptReferenceTerm>
                  </org.openmrs.ConceptMap>
                  <org.openmrs.ConceptMap id="448" uuid="cf1aa1cc-a542-102e-a00e-000c29c2a5d7">
                    <conceptMapType reference="37"/>
                    <creator/>
                    <changedBy/>
                    <dateCreated id="449">2011-03-21 15:37:16</dateCreated>
                    <dateChanged id="450">2012-06-21 16:49:52</dateChanged>
                    <conceptMapId>12006</conceptMapId>
                    <concept reference="412"/>
                    <conceptReferenceTerm id="451" resolves-to="org.openmrs.ConceptReferenceTerm" uuid="0878411a-35f2-3852-a59a-a266de9b8571">
                      <creator/>
                      <dateCreated id="452">2011-03-21 00:00:00</dateCreated>
                      <retired>false</retired>
                      <conceptReferenceTermId>12006</conceptReferenceTermId>
                      <conceptSource reference="87"/>
                      <code>7046</code>
                      <conceptReferenceTermMaps id="453"/>
                    </conceptReferenceTerm>
                  </org.openmrs.ConceptMap>
                </conceptMappings>
              </answerConcept>
              <creator/>
              <dateCreated id="454">2011-03-20 09:14:36</dateCreated>
              <sortWeight>6479.0</sortWeight>
            </org.openmrs.ConceptAnswer>
            <org.openmrs.ConceptAnswer id="455" uuid="373994f4-b5b0-4c34-8926-7e47817c6cd9">
              <conceptAnswerId>6336</conceptAnswerId>
              <concept reference="148"/>
              <answerConcept id="456" resolves-to="org.openmrs.Concept" uuid="3ce28f4c-26fe-102b-80cb-0017a47871b2">
                <conceptId>2287</conceptId>
                <retired>false</retired>
                <datatype reference="3"/>
                <conceptClass reference="187"/>
                <set>false</set>
                <creator/>
                <dateCreated id="457">2007-05-18 13:10:40</dateCreated>
                <changedBy/>
                <dateChanged id="458">2013-09-26 14:59:22</dateChanged>
                <names class="set" id="459">
                  <org.openmrs.ConceptName id="460" uuid="3e23d00a-26fe-102b-80cb-0017a47871b2">
                    <conceptNameId>2471</conceptNameId>
                    <concept reference="456"/>
                    <name>Years</name>
                    <locale id="461">en</locale>
                    <creator/>
                    <dateCreated id="462">2007-05-18 13:10:40</dateCreated>
                    <voided>false</voided>
                    <tags class="set" id="463"/>
                    <conceptNameType>FULLY_SPECIFIED</conceptNameType>
                    <localePreferred>true</localePreferred>
                  </org.openmrs.ConceptName>
                  <org.openmrs.ConceptName id="464" uuid="f6838440-d5db-102d-ad2a-000c29c2a5d7">
                    <conceptNameId>11787</conceptNameId>
                    <concept reference="456"/>
                    <name>Années</name>
                    <locale id="465">fr</locale>
                    <creator/>
                    <dateCreated id="466">2010-06-29 13:04:01</dateCreated>
                    <voided>false</voided>
                    <tags class="set" id="467"/>
                    <localePreferred>true</localePreferred>
                  </org.openmrs.ConceptName>
                  <org.openmrs.ConceptName id="468" uuid="e41ac867-9683-4d95-932c-3b12bcd86e03">
                    <conceptNameId>24614</conceptNameId>
                    <concept reference="456"/>
                    <name>Ans</name>
                    <locale id="469">fr</locale>
                    <creator/>
                    <dateCreated id="470">2013-09-26 14:53:13</dateCreated>
                    <voided>false</voided>
                    <tags class="set" id="471"/>
                    <conceptNameType>FULLY_SPECIFIED</conceptNameType>
                    <localePreferred>false</localePreferred>
                  </org.openmrs.ConceptName>
                  <org.openmrs.ConceptName id="472" uuid="30910222-9707-40e8-9687-6ddae2715ce4">
                    <conceptNameId>24613</conceptNameId>
                    <concept reference="456"/>
                    <name>Ane</name>
                    <locale id="473">ht</locale>
                    <creator/>
                    <dateCreated id="474">2013-09-26 14:50:10</dateCreated>
                    <voided>false</voided>
                    <tags class="set" id="475"/>
                    <conceptNameType>FULLY_SPECIFIED</conceptNameType>
                    <localePreferred>true</localePreferred>
                  </org.openmrs.ConceptName>
                </names>
                <answers class="set" id="476"/>
                <conceptSets class="set" id="477"/>
                <descriptions class="set" id="478">
                  <org.openmrs.ConceptDescription id="479" uuid="ecf15d50-07fe-102c-b5fa-0017a47871b2">
                    <conceptDescriptionId>2159</conceptDescriptionId>
                    <concept reference="456"/>
                    <description>Temporal answer to question &quot;is that months, weeks, days, or years?&quot;</description>
                    <locale id="480">en</locale>
                    <creator/>
                    <dateCreated id="481">2007-05-18 13:10:40</dateCreated>
                    <changedBy/>
                    <dateChanged id="482">2011-03-21 14:58:17</dateChanged>
                  </org.openmrs.ConceptDescription>
                </descriptions>
                <conceptMappings class="set" id="483">
                  <org.openmrs.ConceptMap id="484" uuid="b224fcec-4864-102e-96e9-000c29c2a5d7">
                    <conceptMapType reference="37"/>
                    <creator/>
                    <changedBy/>
                    <dateCreated id="485">2010-11-23 10:15:31</dateCreated>
                    <dateChanged id="486">2012-06-21 16:49:52</dateChanged>
                    <conceptMapId>2289</conceptMapId>
                    <concept reference="456"/>
                    <conceptReferenceTerm id="487" resolves-to="org.openmrs.ConceptReferenceTerm" uuid="c9549ebc-f00c-31e8-934e-05f71dcdc709">
                      <creator/>
                      <dateCreated id="488">2010-11-23 00:00:00</dateCreated>
                      <retired>false</retired>
                      <conceptReferenceTermId>2289</conceptReferenceTermId>
                      <conceptSource reference="87"/>
                      <code>2287</code>
                      <conceptReferenceTermMaps id="489"/>
                    </conceptReferenceTerm>
                  </org.openmrs.ConceptMap>
                  <org.openmrs.ConceptMap id="490" uuid="758d4606-4943-102e-96e9-000c29c2a5d7">
                    <conceptMapType reference="37"/>
                    <creator/>
                    <changedBy/>
                    <dateCreated id="491">2010-11-24 12:49:58</dateCreated>
                    <dateChanged id="492">2012-06-21 16:49:52</dateChanged>
                    <conceptMapId>8102</conceptMapId>
                    <concept reference="456"/>
                    <conceptReferenceTerm id="493" resolves-to="org.openmrs.ConceptReferenceTerm" uuid="aa9f10cc-474d-34ee-b0af-6fbe4fa2eba4">
                      <creator/>
                      <dateCreated id="494">2010-11-24 00:00:00</dateCreated>
                      <retired>false</retired>
                      <conceptReferenceTermId>8102</conceptReferenceTermId>
                      <conceptSource reference="87"/>
                      <code>YEARS</code>
                      <conceptReferenceTermMaps id="495"/>
                    </conceptReferenceTerm>
                  </org.openmrs.ConceptMap>
                </conceptMappings>
              </answerConcept>
              <creator/>
              <dateCreated id="496">2010-11-17 12:01:08</dateCreated>
              <sortWeight>6336.0</sortWeight>
            </org.openmrs.ConceptAnswer>
          </answers>
          <conceptSets class="set" id="497"/>
          <descriptions class="set" id="498">
            <org.openmrs.ConceptDescription id="499" uuid="16534d41-55b3-49f9-accf-3e6f45614f8b">
              <conceptDescriptionId>5004</conceptDescriptionId>
              <concept reference="148"/>
              <description>generic concept used to answer questions such as: how long ago did you..., or when was the last time...</description>
              <locale id="500">en</locale>
              <creator/>
              <dateCreated id="501">2009-08-24 08:55:12</dateCreated>
              <changedBy/>
              <dateChanged id="502">2011-03-21 14:58:17</dateChanged>
            </org.openmrs.ConceptDescription>
          </descriptions>
          <conceptMappings class="set" id="503">
            <org.openmrs.ConceptMap id="504" uuid="70741a91-ffc9-4df8-9e55-dc3ef12f6f8d">
              <conceptMapType id="505" resolves-to="org.openmrs.ConceptMapType" uuid="4b9d9421-7d8c-11e1-909d-c80aa9edcf4e">
                <name>BROADER-THAN</name>
                <creator/>
                <dateCreated id="506">2012-06-21 00:00:00</dateCreated>
                <retired>false</retired>
                <conceptMapTypeId>3</conceptMapTypeId>
                <isHidden>false</isHidden>
              </conceptMapType>
              <creator/>
              <dateCreated id="507">2013-09-09 19:44:24</dateCreated>
              <conceptMapId>19137</conceptMapId>
              <concept reference="148"/>
              <conceptReferenceTerm id="508" resolves-to="org.openmrs.ConceptReferenceTerm" uuid="58463eca-b1e6-45d2-956e-06df66ff64e9">
                <creator/>
                <dateCreated id="509">2013-09-09 19:44:08</dateCreated>
                <retired>false</retired>
                <conceptReferenceTermId>18984</conceptReferenceTermId>
                <conceptSource reference="42"/>
                <code>1732</code>
                <conceptReferenceTermMaps id="510"/>
              </conceptReferenceTerm>
            </org.openmrs.ConceptMap>
            <org.openmrs.ConceptMap id="511" uuid="b2aef956-4864-102e-96e9-000c29c2a5d7">
              <conceptMapType reference="37"/>
              <creator/>
              <changedBy/>
              <dateCreated id="512">2010-11-23 10:15:31</dateCreated>
              <dateChanged id="513">2012-06-21 16:49:52</dateChanged>
              <conceptMapId>5479</conceptMapId>
              <concept reference="148"/>
              <conceptReferenceTerm id="514" resolves-to="org.openmrs.ConceptReferenceTerm" uuid="7789e06f-103c-3f20-919f-64b61e35813a">
                <creator/>
                <dateCreated id="515">2010-11-23 00:00:00</dateCreated>
                <retired>false</retired>
                <conceptReferenceTermId>5479</conceptReferenceTermId>
                <conceptSource reference="87"/>
                <code>6412</code>
                <conceptReferenceTermMaps id="516"/>
              </conceptReferenceTerm>
            </org.openmrs.ConceptMap>
            <org.openmrs.ConceptMap id="517" uuid="75af52aa-4943-102e-96e9-000c29c2a5d7">
              <conceptMapType reference="37"/>
              <creator/>
              <changedBy/>
              <dateCreated id="518">2010-11-24 12:49:58</dateCreated>
              <dateChanged id="519">2012-06-21 16:49:52</dateChanged>
              <conceptMapId>11054</conceptMapId>
              <concept reference="148"/>
              <conceptReferenceTerm id="520" resolves-to="org.openmrs.ConceptReferenceTerm" uuid="46639f33-2e96-3ba9-b15c-36c67639eed0">
                <creator/>
                <dateCreated id="521">2010-11-24 00:00:00</dateCreated>
                <retired>false</retired>
                <conceptReferenceTermId>11054</conceptReferenceTermId>
                <conceptSource reference="87"/>
                <code>TIME UNITS</code>
                <conceptReferenceTermMaps id="522"/>
              </conceptReferenceTerm>
            </org.openmrs.ConceptMap>
          </conceptMappings>
        </concept>
        <conceptSet reference="2"/>
        <sortWeight>6.0</sortWeight>
        <creator/>
        <dateCreated id="523">2013-09-09 19:54:10</dateCreated>
      </org.openmrs.ConceptSet>
      <org.openmrs.ConceptSet id="524" uuid="188ef001-d12c-4e3d-be6a-f7b4a4629ddc">
        <conceptSetId>4591</conceptSetId>
        <concept id="525" resolves-to="org.openmrs.Concept" uuid="51348cdb-1d3c-4714-aa22-729241503d5b">
          <conceptId>9074</conceptId>
          <retired>false</retired>
          <datatype reference="93"/>
          <conceptClass reference="20"/>
          <set>false</set>
          <creator/>
          <dateCreated id="526">2013-09-09 19:40:08</dateCreated>
          <changedBy/>
          <dateChanged id="527">2013-09-09 19:40:56</dateChanged>
          <names class="set" id="528">
            <org.openmrs.ConceptName id="529" uuid="5e18b138-7b4f-4b4c-81e4-d1401db4d61d">
              <conceptNameId>23560</conceptNameId>
              <concept reference="525"/>
              <name>Units of medication prescribed per dose</name>
              <locale id="530">en</locale>
              <creator/>
              <dateCreated id="531">2013-09-09 19:40:08</dateCreated>
              <voided>false</voided>
              <tags class="set" id="532"/>
              <conceptNameType>FULLY_SPECIFIED</conceptNameType>
              <localePreferred>true</localePreferred>
            </org.openmrs.ConceptName>
          </names>
          <answers class="set" id="533"/>
          <conceptSets class="set" id="534"/>
          <descriptions class="set" id="535">
            <org.openmrs.ConceptDescription id="536" uuid="e91043ac-d16d-4021-b485-508fa265584d">
              <conceptDescriptionId>6387</conceptDescriptionId>
              <concept reference="525"/>
              <description>Should be used in conjunction with &quot;Quantity of medication prescribed per dose&quot;.&#xd;
Example: &quot;take 400mg of ibuprofen twice a day&quot;, the units prescribed per dose is &quot;mg&quot;.</description>
              <locale id="537">en</locale>
              <creator/>
              <dateCreated id="538">2013-09-09 19:40:08</dateCreated>
            </org.openmrs.ConceptDescription>
          </descriptions>
          <conceptMappings class="set" id="539">
            <org.openmrs.ConceptMap id="540" uuid="d3e2f5e2-b08e-49f1-9071-6daf3c720dd9">
              <conceptMapType reference="37"/>
              <creator/>
              <dateCreated id="541">2013-09-09 19:40:56</dateCreated>
              <conceptMapId>19136</conceptMapId>
              <concept reference="525"/>
              <conceptReferenceTerm id="542" resolves-to="org.openmrs.ConceptReferenceTerm" uuid="4ff23c25-e20e-4f94-9dc9-874716be7ce7">
                <creator/>
                <dateCreated id="543">2013-09-09 19:40:34</dateCreated>
                <retired>false</retired>
                <conceptReferenceTermId>18983</conceptReferenceTermId>
                <conceptSource reference="87"/>
                <code>9074</code>
                <conceptReferenceTermMaps id="544"/>
              </conceptReferenceTerm>
            </org.openmrs.ConceptMap>
          </conceptMappings>
        </concept>
        <conceptSet reference="2"/>
        <sortWeight>4.0</sortWeight>
        <creator/>
        <dateCreated id="545">2013-09-09 19:41:38</dateCreated>
      </org.openmrs.ConceptSet>
      <org.openmrs.ConceptSet id="546" uuid="adfa7432-c963-48c9-9aa7-6b072e57d5d3">
        <conceptSetId>4586</conceptSetId>
        <concept id="547" resolves-to="org.openmrs.Concept" uuid="5e152a81-8635-41d6-aef2-2527a5f584f3">
          <conceptId>3193</conceptId>
          <retired>false</retired>
          <datatype reference="93"/>
          <conceptClass reference="20"/>
          <set>false</set>
          <version></version>
          <creator/>
          <dateCreated id="548">2008-06-17 14:18:25</dateCreated>
          <names class="set" id="549">
            <org.openmrs.ConceptName id="550" uuid="f6ee0cb6-d5db-102d-ad2a-000c29c2a5d7">
              <conceptNameId>12700</conceptNameId>
              <concept reference="547"/>
              <name>FRÉQUENCE GÉNÉRALE DE DROGUE</name>
              <locale id="551">fr</locale>
              <creator/>
              <dateCreated id="552">2010-06-29 13:04:46</dateCreated>
              <voided>false</voided>
              <tags class="set" id="553"/>
              <localePreferred>true</localePreferred>
            </org.openmrs.ConceptName>
            <org.openmrs.ConceptName id="554" uuid="93c4e140-07d4-102c-b5fa-0017a47871b2">
              <conceptNameId>6199</conceptNameId>
              <concept reference="547"/>
              <name>Frequency</name>
              <locale id="555">en</locale>
              <creator/>
              <dateCreated id="556">2008-06-17 14:18:25</dateCreated>
              <voided>false</voided>
              <tags class="set" id="557"/>
              <conceptNameType>SHORT</conceptNameType>
              <localePreferred>false</localePreferred>
            </org.openmrs.ConceptName>
            <org.openmrs.ConceptName id="558" uuid="0b752946-15f5-102d-96e4-000c29c2a5d7">
              <conceptNameId>4538</conceptNameId>
              <concept reference="547"/>
              <name>GENERAL DRUG FREQUENCY</name>
              <locale id="559">en</locale>
              <creator/>
              <dateCreated id="560">2008-06-17 14:18:25</dateCreated>
              <voided>false</voided>
              <tags class="set" id="561"/>
              <conceptNameType>FULLY_SPECIFIED</conceptNameType>
              <localePreferred>false</localePreferred>
            </org.openmrs.ConceptName>
          </names>
          <answers class="set" id="562"/>
          <conceptSets class="set" id="563"/>
          <descriptions class="set" id="564">
            <org.openmrs.ConceptDescription id="565" uuid="ed22e33e-07fe-102c-b5fa-0017a47871b2">
              <conceptDescriptionId>3930</conceptDescriptionId>
              <concept reference="547"/>
              <description>Prescribed frequency of drug consumption</description>
              <locale id="566">en</locale>
              <creator/>
              <dateCreated id="567">2008-06-17 14:18:25</dateCreated>
            </org.openmrs.ConceptDescription>
          </descriptions>
          <conceptMappings class="set" id="568">
            <org.openmrs.ConceptMap id="569" uuid="759d6b44-4943-102e-96e9-000c29c2a5d7">
              <conceptMapType reference="37"/>
              <creator/>
              <changedBy/>
              <dateCreated id="570">2010-11-24 12:49:58</dateCreated>
              <dateChanged id="571">2012-06-21 16:49:52</dateChanged>
              <conceptMapId>8989</conceptMapId>
              <concept reference="547"/>
              <conceptReferenceTerm id="572" resolves-to="org.openmrs.ConceptReferenceTerm" uuid="22707eec-c4c8-38e6-a46a-430662514fd4">
                <creator/>
                <dateCreated id="573">2010-11-24 00:00:00</dateCreated>
                <retired>false</retired>
                <conceptReferenceTermId>8989</conceptReferenceTermId>
                <conceptSource reference="87"/>
                <code>GENERAL DRUG FREQUENCY</code>
                <conceptReferenceTermMaps id="574"/>
              </conceptReferenceTerm>
            </org.openmrs.ConceptMap>
            <org.openmrs.ConceptMap id="575" uuid="b25bc3ee-4864-102e-96e9-000c29c2a5d7">
              <conceptMapType reference="37"/>
              <creator/>
              <changedBy/>
              <dateCreated id="576">2010-11-23 10:15:31</dateCreated>
              <dateChanged id="577">2012-06-21 16:49:52</dateChanged>
              <conceptMapId>3195</conceptMapId>
              <concept reference="547"/>
              <conceptReferenceTerm id="578" resolves-to="org.openmrs.ConceptReferenceTerm" uuid="84cacad1-571e-3727-9487-7ca1d45c293b">
                <creator/>
                <dateCreated id="579">2010-11-23 00:00:00</dateCreated>
                <retired>false</retired>
                <conceptReferenceTermId>3195</conceptReferenceTermId>
                <conceptSource reference="87"/>
                <code>3193</code>
                <conceptReferenceTermMaps id="580"/>
              </conceptReferenceTerm>
            </org.openmrs.ConceptMap>
          </conceptMappings>
        </concept>
        <conceptSet reference="2"/>
        <sortWeight>2.0</sortWeight>
        <creator/>
        <dateCreated id="581">2013-08-29 20:22:41</dateCreated>
      </org.openmrs.ConceptSet>
      <org.openmrs.ConceptSet id="582" uuid="51fcb074-9b28-4125-a763-b2bf95d9e2fa">
        <conceptSetId>4585</conceptSetId>
        <concept id="583" resolves-to="org.openmrs.Concept" uuid="3cd9491e-26fe-102b-80cb-0017a47871b2">
          <conceptId>1282</conceptId>
          <retired>false</retired>
          <datatype reference="149"/>
          <conceptClass reference="187"/>
          <set>false</set>
          <creator/>
          <dateCreated id="584">2005-02-24 12:02:35</dateCreated>
          <changedBy/>
          <dateChanged id="585">2013-09-04 21:52:40</dateChanged>
          <names class="set" id="586">
            <org.openmrs.ConceptName id="587" uuid="f5fb5796-d5db-102d-ad2a-000c29c2a5d7">
              <conceptNameId>10798</conceptNameId>
              <concept reference="583"/>
              <name>COMMANDES DE MÉDICAMENTS</name>
              <locale id="588">fr</locale>
              <creator/>
              <dateCreated id="589">2010-06-29 13:03:17</dateCreated>
              <voided>false</voided>
              <tags class="set" id="590"/>
              <localePreferred>true</localePreferred>
            </org.openmrs.ConceptName>
            <org.openmrs.ConceptName id="591" uuid="3e178b24-26fe-102b-80cb-0017a47871b2">
              <conceptNameId>1320</conceptNameId>
              <concept reference="583"/>
              <name>MEDICATION ORDERS</name>
              <locale id="592">en</locale>
              <creator/>
              <dateCreated id="593">2005-02-24 12:02:35</dateCreated>
              <voided>false</voided>
              <tags class="set" id="594"/>
              <conceptNameType>FULLY_SPECIFIED</conceptNameType>
              <localePreferred>true</localePreferred>
            </org.openmrs.ConceptName>
          </names>
          <answers class="set" id="595"/>
          <conceptSets class="set" id="596"/>
          <descriptions class="set" id="597">
            <org.openmrs.ConceptDescription id="598" uuid="ece6ee42-07fe-102c-b5fa-0017a47871b2">
              <conceptDescriptionId>1293</conceptDescriptionId>
              <concept reference="583"/>
              <description>Drugs that are ordered at a given patient encounter.</description>
              <locale id="599">en</locale>
              <creator/>
              <dateCreated id="600">2005-02-24 12:02:35</dateCreated>
            </org.openmrs.ConceptDescription>
          </descriptions>
          <conceptMappings class="set" id="601">
            <org.openmrs.ConceptMap id="602" uuid="b2105bac-4864-102e-96e9-000c29c2a5d7">
              <conceptMapType reference="37"/>
              <creator/>
              <changedBy/>
              <dateCreated id="603">2010-11-23 10:15:31</dateCreated>
              <dateChanged id="604">2012-06-21 16:49:52</dateChanged>
              <conceptMapId>1284</conceptMapId>
              <concept reference="583"/>
              <conceptReferenceTerm id="605" resolves-to="org.openmrs.ConceptReferenceTerm" uuid="7e4e5cb6-2124-3ff1-9811-015daef2e059">
                <creator/>
                <dateCreated id="606">2010-11-23 00:00:00</dateCreated>
                <retired>false</retired>
                <conceptReferenceTermId>1284</conceptReferenceTermId>
                <conceptSource reference="87"/>
                <code>1282</code>
                <conceptReferenceTermMaps id="607"/>
              </conceptReferenceTerm>
            </org.openmrs.ConceptMap>
            <org.openmrs.ConceptMap id="608" uuid="75699fd0-4943-102e-96e9-000c29c2a5d7">
              <conceptMapType reference="37"/>
              <creator/>
              <changedBy/>
              <dateCreated id="609">2010-11-24 12:49:58</dateCreated>
              <dateChanged id="610">2012-06-21 16:49:52</dateChanged>
              <conceptMapId>7130</conceptMapId>
              <concept reference="583"/>
              <conceptReferenceTerm id="611" resolves-to="org.openmrs.ConceptReferenceTerm" uuid="9bab7adc-de35-3a20-bb17-a3511068623c">
                <creator/>
                <dateCreated id="612">2010-11-24 00:00:00</dateCreated>
                <retired>false</retired>
                <conceptReferenceTermId>7130</conceptReferenceTermId>
                <conceptSource reference="87"/>
                <code>MEDICATION ORDERS</code>
                <conceptReferenceTermMaps id="613"/>
              </conceptReferenceTerm>
            </org.openmrs.ConceptMap>
          </conceptMappings>
        </concept>
        <conceptSet reference="2"/>
        <sortWeight>0.0</sortWeight>
        <creator/>
        <dateCreated id="614">2013-08-29 20:22:41</dateCreated>
      </org.openmrs.ConceptSet>
    </conceptSets>
    <descriptions class="set" id="615">
      <org.openmrs.ConceptDescription id="616" uuid="5afacc24-a1d2-4670-9751-efbd5ca66b24">
        <conceptDescriptionId>6383</conceptDescriptionId>
        <concept reference="2"/>
        <description>Collects all pieces of information about a medication or product that was dispensed to the patient, e.g. at a pharmacy</description>
        <locale id="617">en</locale>
        <creator/>
        <dateCreated id="618">2013-08-29 20:10:39</dateCreated>
      </org.openmrs.ConceptDescription>
    </descriptions>
    <conceptMappings class="set" id="619">
      <org.openmrs.ConceptMap id="620" uuid="50639ccb-0d00-4ee8-a424-e07f8b8a6486">
        <conceptMapType reference="505"/>
        <creator/>
        <changedBy/>
        <dateCreated id="621">2013-08-29 21:01:59</dateCreated>
        <dateChanged id="622">2013-09-09 19:13:03</dateChanged>
        <conceptMapId>19120</conceptMapId>
        <concept reference="2"/>
        <conceptReferenceTerm id="623" resolves-to="org.openmrs.ConceptReferenceTerm" uuid="23658bce-a623-4975-9523-a500e45b6a73">
          <creator/>
          <dateCreated id="624">2013-08-29 21:01:43</dateCreated>
          <retired>false</retired>
          <conceptReferenceTermId>18968</conceptReferenceTermId>
          <conceptSource reference="42"/>
          <code>1442</code>
          <conceptReferenceTermMaps id="625"/>
        </conceptReferenceTerm>
      </org.openmrs.ConceptMap>
      <org.openmrs.ConceptMap id="626" uuid="74f42c5e-e996-40e2-bf90-374d97a8bad2">
        <conceptMapType reference="37"/>
        <creator/>
        <dateCreated id="627">2013-08-29 21:01:59</dateCreated>
        <conceptMapId>19121</conceptMapId>
        <concept reference="2"/>
        <conceptReferenceTerm id="628" resolves-to="org.openmrs.ConceptReferenceTerm" uuid="c9bd00ea-20b6-47a7-bf2c-26cada992fe6">
          <creator/>
          <dateCreated id="629">2013-08-29 21:00:50</dateCreated>
          <retired>false</retired>
          <conceptReferenceTermId>18967</conceptReferenceTermId>
          <conceptSource reference="87"/>
          <code>9070</code>
          <conceptReferenceTermMaps id="630"/>
        </conceptReferenceTerm>
      </org.openmrs.ConceptMap>
    </conceptMappings>
  </org.openmrs.Concept>
</list>
