<?xml version="1.0" encoding="UTF-8"?>
<list id="1">
  <org.openmrs.Concept id="2" uuid="931ccc79-3522-497b-b22a-50432e78b651">
    <conceptId>10766</conceptId>
    <retired>false</retired>
    <datatype id="3" resolves-to="org.openmrs.ConceptDatatype" uuid="8d4a4c94-c2cc-11de-8d13-0010c6dffd0f">
      <name>N/A</name>
      <description>Not associated with a datatype (e.g., term answers, sets)</description>
      <creator/>
      <dateCreated id="4">2004-02-02 05:00:00</dateCreated>
      <retired>false</retired>
      <conceptDatatypeId>4</conceptDatatypeId>
      <hl7Abbreviation>ZZ</hl7Abbreviation>
    </datatype>
    <conceptClass id="5" resolves-to="org.openmrs.ConceptClass" uuid="8d492594-c2cc-11de-8d13-0010c6dffd0f">
      <name>ConvSet</name>
      <description>Term to describe convenience sets</description>
      <creator/>
      <dateCreated id="6">2015-07-01 17:25:50</dateCreated>
      <retired>false</retired>
      <conceptClassId>10</conceptClassId>
    </conceptClass>
    <set>true</set>
    <creator/>
    <dateCreated id="7">2016-12-21 00:14:28</dateCreated>
    <changedBy/>
    <dateChanged id="8">2016-12-21 00:15:02</dateChanged>
    <names class="set" id="9">
      <org.openmrs.ConceptName id="10" uuid="7e9a0f18-5bbd-4bc6-9091-3d3e410b3469">
        <conceptNameId>31521</conceptNameId>
        <concept reference="2"/>
        <name>Diagnosis prior to pathology construct</name>
        <locale id="11">en</locale>
        <creator/>
        <dateCreated id="12">2016-12-21 00:14:28</dateCreated>
        <voided>false</voided>
        <tags class="set" id="13"/>
        <localePreferred>false</localePreferred>
      </org.openmrs.ConceptName>
      <org.openmrs.ConceptName id="14" uuid="ac3bbd50-4251-4caa-a06e-999afe32dccd">
        <conceptNameId>31522</conceptNameId>
        <concept reference="2"/>
        <name>Pre-pathology diagnosis construct</name>
        <locale id="15">en</locale>
        <creator/>
        <dateCreated id="16">2016-12-21 00:14:28</dateCreated>
        <voided>false</voided>
        <tags class="set" id="17"/>
        <conceptNameType>FULLY_SPECIFIED</conceptNameType>
        <localePreferred>true</localePreferred>
      </org.openmrs.ConceptName>
    </names>
    <answers class="set" id="18"/>
    <conceptSets class="set" id="19">
      <org.openmrs.ConceptSet id="20" uuid="f0f053bc-bb57-472c-b878-bc9fb64b3518">
        <conceptSetId>6910</conceptSetId>
        <concept id="21" resolves-to="org.openmrs.Concept" uuid="3cd9ef9a-26fe-102b-80cb-0017a47871b2">
          <conceptId>1379</conceptId>
          <retired>false</retired>
          <datatype id="22" resolves-to="org.openmrs.ConceptDatatype" uuid="8d4a48b6-c2cc-11de-8d13-0010c6dffd0f">
            <name>Coded</name>
            <description>Value determined by term dictionary lookup (i.e., term identifier)</description>
            <creator/>
            <dateCreated id="23">2004-02-02 00:00:00</dateCreated>
            <retired>false</retired>
            <conceptDatatypeId>2</conceptDatatypeId>
            <hl7Abbreviation>CWE</hl7Abbreviation>
          </datatype>
          <conceptClass id="24" resolves-to="org.openmrs.ConceptClass" uuid="8d491e50-c2cc-11de-8d13-0010c6dffd0f">
            <name>Question</name>
            <description>Question (eg, patient history, SF36 items)</description>
            <creator/>
            <dateCreated id="25">2015-07-01 17:25:50</dateCreated>
            <retired>false</retired>
            <conceptClassId>7</conceptClassId>
          </conceptClass>
          <set>false</set>
          <creator/>
          <dateCreated id="26">2006-06-14 19:16:35</dateCreated>
          <changedBy/>
          <dateChanged id="27">2015-03-27 17:23:19</dateChanged>
          <names class="set" id="28">
            <org.openmrs.ConceptName id="29" uuid="5966217f-b7a9-4724-b1be-3960b09173aa">
              <conceptNameId>15215</conceptNameId>
              <concept reference="21"/>
              <name>Diagnosis certainty</name>
              <locale id="30">en</locale>
              <creator/>
              <dateCreated id="31">2011-10-20 07:26:11</dateCreated>
              <voided>false</voided>
              <tags class="set" id="32"/>
              <conceptNameType>FULLY_SPECIFIED</conceptNameType>
              <localePreferred>true</localePreferred>
            </org.openmrs.ConceptName>
            <org.openmrs.ConceptName id="33" uuid="3e18f2f2-26fe-102b-80cb-0017a47871b2">
              <conceptNameId>1474</conceptNameId>
              <concept reference="21"/>
              <name>CLINICAL IMPRESSION DIAGNOSIS CONFIRMED</name>
              <locale id="34">en</locale>
              <creator/>
              <dateCreated id="35">2006-06-14 19:16:35</dateCreated>
              <voided>true</voided>
              <voidedBy/>
              <dateVoided id="36">2013-04-10 02:07:51</dateVoided>
              <voidReason>bad name</voidReason>
              <tags class="set" id="37"/>
              <conceptNameType>FULLY_SPECIFIED</conceptNameType>
              <localePreferred>false</localePreferred>
            </org.openmrs.ConceptName>
            <org.openmrs.ConceptName id="38" uuid="3e18f55e-26fe-102b-80cb-0017a47871b2">
              <conceptNameId>1475</conceptNameId>
              <concept reference="21"/>
              <name>IMPRESSIONS CLINIQUES CONFIRMÉE</name>
              <locale id="39">fr</locale>
              <creator/>
              <dateCreated id="40">2006-06-14 19:17:59</dateCreated>
              <voided>true</voided>
              <voidedBy/>
              <dateVoided id="41">2014-01-03 23:37:51</dateVoided>
              <voidReason>Voided due to change of name</voidReason>
              <tags class="set" id="42"/>
              <localePreferred>false</localePreferred>
            </org.openmrs.ConceptName>
            <org.openmrs.ConceptName id="43" uuid="f6091c8c-d5db-102d-ad2a-000c29c2a5d7">
              <conceptNameId>10893</conceptNameId>
              <concept reference="21"/>
              <name>IMPRESSIONS CLINIQUES CONFIRMÉES</name>
              <locale id="44">fr</locale>
              <creator/>
              <dateCreated id="45">2010-06-29 13:03:17</dateCreated>
              <voided>true</voided>
              <voidedBy/>
              <dateVoided id="46">2014-01-03 23:37:51</dateVoided>
              <voidReason>Removed from user interface</voidReason>
              <tags class="set" id="47"/>
              <localePreferred>true</localePreferred>
            </org.openmrs.ConceptName>
            <org.openmrs.ConceptName id="48" uuid="9e6d5e21-ac4b-4aea-836e-75305d1ecaa5">
              <conceptNameId>25734</conceptNameId>
              <concept reference="21"/>
              <name>Certitude de diagnostic</name>
              <locale id="49">fr</locale>
              <creator/>
              <dateCreated id="50">2014-01-03 23:37:51</dateCreated>
              <voided>false</voided>
              <tags class="set" id="51"/>
              <conceptNameType>FULLY_SPECIFIED</conceptNameType>
              <localePreferred>true</localePreferred>
            </org.openmrs.ConceptName>
          </names>
          <answers class="set" id="52">
            <org.openmrs.ConceptAnswer id="53" uuid="3d3f417e-26fe-102b-80cb-0017a47871b2">
              <conceptAnswerId>958</conceptAnswerId>
              <concept reference="21"/>
              <answerConcept id="54" resolves-to="org.openmrs.Concept" uuid="3cd9be80-26fe-102b-80cb-0017a47871b2">
                <conceptId>1346</conceptId>
                <retired>false</retired>
                <datatype reference="3"/>
                <conceptClass id="55" resolves-to="org.openmrs.ConceptClass" uuid="8d492774-c2cc-11de-8d13-0010c6dffd0f">
                  <name>Misc</name>
                  <description>Terms which don&apos;t fit other categories</description>
                  <creator/>
                  <dateCreated id="56">2015-07-01 17:25:50</dateCreated>
                  <retired>false</retired>
                  <conceptClassId>11</conceptClassId>
                </conceptClass>
                <set>false</set>
                <creator/>
                <dateCreated id="57">2006-06-09 17:14:47</dateCreated>
                <changedBy/>
                <dateChanged id="58">2015-03-27 17:23:05</dateChanged>
                <names class="set" id="59">
                  <org.openmrs.ConceptName id="60" uuid="3e186bde-26fe-102b-80cb-0017a47871b2">
                    <conceptNameId>1412</conceptNameId>
                    <concept reference="54"/>
                    <name>Presumed</name>
                    <locale id="61">en</locale>
                    <creator/>
                    <dateCreated id="62">2006-06-09 17:14:47</dateCreated>
                    <voided>false</voided>
                    <tags class="set" id="63"/>
                    <conceptNameType>FULLY_SPECIFIED</conceptNameType>
                    <localePreferred>true</localePreferred>
                  </org.openmrs.ConceptName>
                  <org.openmrs.ConceptName id="64" uuid="3e186e2c-26fe-102b-80cb-0017a47871b2">
                    <conceptNameId>1413</conceptNameId>
                    <concept reference="54"/>
                    <name>Présumée</name>
                    <locale id="65">fr</locale>
                    <creator/>
                    <dateCreated id="66">2006-06-09 17:14:47</dateCreated>
                    <voided>false</voided>
                    <tags class="set" id="67"/>
                    <conceptNameType>FULLY_SPECIFIED</conceptNameType>
                    <localePreferred>false</localePreferred>
                  </org.openmrs.ConceptName>
                  <org.openmrs.ConceptName id="68" uuid="f604afd0-d5db-102d-ad2a-000c29c2a5d7">
                    <conceptNameId>10861</conceptNameId>
                    <concept reference="54"/>
                    <name>Présumé</name>
                    <locale id="69">fr</locale>
                    <creator/>
                    <dateCreated id="70">2010-06-29 13:03:17</dateCreated>
                    <voided>false</voided>
                    <tags class="set" id="71"/>
                    <localePreferred>true</localePreferred>
                  </org.openmrs.ConceptName>
                </names>
                <answers class="set" id="72"/>
                <conceptSets class="set" id="73"/>
                <descriptions class="set" id="74">
                  <org.openmrs.ConceptDescription id="75" uuid="ece7f04e-07fe-102c-b5fa-0017a47871b2">
                    <conceptDescriptionId>1377</conceptDescriptionId>
                    <concept reference="54"/>
                    <description>A presumed diagnosis CF confirmed</description>
                    <locale id="76">en</locale>
                    <creator/>
                    <dateCreated id="77">2006-06-09 17:14:47</dateCreated>
                    <changedBy/>
                    <dateChanged id="78">2011-10-31 16:51:03</dateChanged>
                  </org.openmrs.ConceptDescription>
                </descriptions>
                <conceptMappings class="set" id="79">
                  <org.openmrs.ConceptMap id="80" uuid="b2112d20-4864-102e-96e9-000c29c2a5d7">
                    <conceptMapType id="81" resolves-to="org.openmrs.ConceptMapType" uuid="35543629-7d8c-11e1-909d-c80aa9edcf4e">
                      <name>SAME-AS</name>
                      <creator/>
                      <dateCreated id="82">2012-06-21 00:00:00</dateCreated>
                      <retired>false</retired>
                      <conceptMapTypeId>1</conceptMapTypeId>
                      <isHidden>false</isHidden>
                    </conceptMapType>
                    <creator/>
                    <changedBy/>
                    <dateCreated id="83">2010-11-23 10:15:31</dateCreated>
                    <dateChanged id="84">2012-06-21 16:49:52</dateChanged>
                    <conceptMapId>1348</conceptMapId>
                    <concept reference="54"/>
                    <conceptReferenceTerm id="85" resolves-to="org.openmrs.ConceptReferenceTerm" uuid="d85c74ad-0aff-3962-8c8e-100e2801048a">
                      <creator/>
                      <dateCreated id="86">2010-08-24 00:00:00</dateCreated>
                      <retired>false</retired>
                      <conceptReferenceTermId>13520</conceptReferenceTermId>
                      <conceptSource id="87" resolves-to="org.openmrs.ConceptSource" uuid="fb9aaaf1-65e2-4c18-b53c-16b575f2f385">
                        <name>PIH</name>
                        <description>Partners In Health concept dictionary using concept ids and preferred English names</description>
                        <creator/>
                        <dateCreated id="88">2015-07-01 17:25:50</dateCreated>
                        <retired>false</retired>
                        <conceptSourceId>5</conceptSourceId>
                      </conceptSource>
                      <code>1346</code>
                      <conceptReferenceTermMaps id="89"/>
                    </conceptReferenceTerm>
                  </org.openmrs.ConceptMap>
                  <org.openmrs.ConceptMap id="90" uuid="132795ABBBBBBBBBBBBBBBBBBBBBBBBBBBBB">
                    <conceptMapType reference="81"/>
                    <creator/>
                    <changedBy/>
                    <dateCreated id="91">2010-08-24 18:49:47</dateCreated>
                    <dateChanged id="92">2012-06-21 16:49:52</dateChanged>
                    <conceptMapId>13521</conceptMapId>
                    <concept reference="54"/>
                    <conceptReferenceTerm id="93" resolves-to="org.openmrs.ConceptReferenceTerm" uuid="b9c22911-7ff8-3608-a322-1420caa93026">
                      <creator/>
                      <dateCreated id="94">2010-08-24 00:00:00</dateCreated>
                      <retired>false</retired>
                      <conceptReferenceTermId>13521</conceptReferenceTermId>
                      <conceptSource id="95" resolves-to="org.openmrs.ConceptSource" uuid="1ADDDDDDDDDDDDDDDDDDDDDDDDDDDDDDDDDD">
                        <name>SNOMED CT</name>
                        <description>SNOMED Preferred mapping</description>
                        <creator/>
                        <dateCreated id="96">2015-07-01 17:25:50</dateCreated>
                        <retired>false</retired>
                        <conceptSourceId>6</conceptSourceId>
                        <hl7Code>SCT</hl7Code>
                      </conceptSource>
                      <code>410596003</code>
                      <conceptReferenceTermMaps id="97"/>
                    </conceptReferenceTerm>
                  </org.openmrs.ConceptMap>
                  <org.openmrs.ConceptMap id="98" uuid="990a4471-83e9-4021-b1ce-fd88266e99f0">
                    <conceptMapType reference="81"/>
                    <creator/>
                    <dateCreated id="99">2013-09-26 19:57:14</dateCreated>
                    <conceptMapId>20038</conceptMapId>
                    <concept reference="54"/>
                    <conceptReferenceTerm id="100" resolves-to="org.openmrs.ConceptReferenceTerm" uuid="1e3d5745-065b-493d-8e2f-a265d0ef44d7">
                      <creator/>
                      <dateCreated id="101">2013-09-26 19:38:23</dateCreated>
                      <retired>false</retired>
                      <conceptReferenceTermId>19913</conceptReferenceTermId>
                      <conceptSource id="102" resolves-to="org.openmrs.ConceptSource" uuid="edd52713-8887-47b7-ba9e-6e1148824ca4">
                        <name>org.openmrs.module.emrapi</name>
                        <description>Source used to tag concepts used in the emr-api module</description>
                        <creator/>
                        <dateCreated id="103">2015-07-01 17:25:50</dateCreated>
                        <retired>false</retired>
                        <conceptSourceId>31</conceptSourceId>
                      </conceptSource>
                      <code>Presumed</code>
                      <conceptReferenceTermMaps id="104"/>
                    </conceptReferenceTerm>
                  </org.openmrs.ConceptMap>
                  <org.openmrs.ConceptMap id="105" uuid="75719870-4943-102e-96e9-000c29c2a5d7">
                    <conceptMapType reference="81"/>
                    <creator/>
                    <changedBy/>
                    <dateCreated id="106">2010-11-24 12:49:58</dateCreated>
                    <dateChanged id="107">2012-06-21 16:49:52</dateChanged>
                    <conceptMapId>7189</conceptMapId>
                    <concept reference="54"/>
                    <conceptReferenceTerm id="108" resolves-to="org.openmrs.ConceptReferenceTerm" uuid="d95ef27d-5090-3918-acfd-dc324df429b1">
                      <creator/>
                      <dateCreated id="109">2010-11-24 00:00:00</dateCreated>
                      <retired>false</retired>
                      <conceptReferenceTermId>7189</conceptReferenceTermId>
                      <conceptSource reference="87"/>
                      <code>PRESUMED</code>
                      <conceptReferenceTermMaps id="110"/>
                    </conceptReferenceTerm>
                  </org.openmrs.ConceptMap>
                  <org.openmrs.ConceptMap id="111" uuid="368710db-35b7-4718-aa0c-8719db7b6caf">
                    <conceptMapType reference="81"/>
                    <creator/>
                    <changedBy/>
                    <dateCreated id="112">2011-10-31 12:07:46</dateCreated>
                    <dateChanged id="113">2012-06-21 16:49:52</dateChanged>
                    <conceptMapId>13522</conceptMapId>
                    <concept reference="54"/>
                    <conceptReferenceTerm id="114" resolves-to="org.openmrs.ConceptReferenceTerm" uuid="0cee399e-a746-39c2-9f1b-dc40cc8a7f2f">
                      <creator/>
                      <dateCreated id="115">2011-10-31 00:00:00</dateCreated>
                      <retired>false</retired>
                      <conceptReferenceTermId>13522</conceptReferenceTermId>
                      <conceptSource id="116" resolves-to="org.openmrs.ConceptSource" uuid="21ADDDDDDDDDDDDDDDDDDDDDDDDDDDDDDDDD">
                        <name>CIEL</name>
                        <description>Columbia International eHealth Laboratory concept ID</description>
                        <creator/>
                        <dateCreated id="117">2015-07-01 17:25:50</dateCreated>
                        <retired>false</retired>
                        <conceptSourceId>29</conceptSourceId>
                      </conceptSource>
                      <code>159393</code>
                      <conceptReferenceTermMaps id="118"/>
                    </conceptReferenceTerm>
                  </org.openmrs.ConceptMap>
                </conceptMappings>
              </answerConcept>
              <creator/>
              <dateCreated id="119">2006-06-14 19:17:03</dateCreated>
              <sortWeight>958.0</sortWeight>
            </org.openmrs.ConceptAnswer>
            <org.openmrs.ConceptAnswer id="120" uuid="3d3f403e-26fe-102b-80cb-0017a47871b2">
              <conceptAnswerId>957</conceptAnswerId>
              <concept reference="21"/>
              <answerConcept id="121" resolves-to="org.openmrs.Concept" uuid="3cd9bd04-26fe-102b-80cb-0017a47871b2">
                <conceptId>1345</conceptId>
                <retired>false</retired>
                <datatype reference="3"/>
                <conceptClass reference="55"/>
                <set>false</set>
                <creator/>
                <dateCreated id="122">2006-06-09 17:11:06</dateCreated>
                <changedBy/>
                <dateChanged id="123">2015-03-27 17:22:53</dateChanged>
                <names class="set" id="124">
                  <org.openmrs.ConceptName id="125" uuid="3e1868b4-26fe-102b-80cb-0017a47871b2">
                    <conceptNameId>1411</conceptNameId>
                    <concept reference="121"/>
                    <name>Confirmée</name>
                    <locale id="126">fr</locale>
                    <creator/>
                    <dateCreated id="127">2006-06-09 17:11:06</dateCreated>
                    <voided>false</voided>
                    <tags class="set" id="128"/>
                    <conceptNameType>FULLY_SPECIFIED</conceptNameType>
                    <localePreferred>false</localePreferred>
                  </org.openmrs.ConceptName>
                  <org.openmrs.ConceptName id="129" uuid="3e1862c4-26fe-102b-80cb-0017a47871b2">
                    <conceptNameId>1410</conceptNameId>
                    <concept reference="121"/>
                    <name>Confirmed</name>
                    <locale id="130">en</locale>
                    <creator/>
                    <dateCreated id="131">2006-06-09 17:11:06</dateCreated>
                    <voided>false</voided>
                    <tags class="set" id="132"/>
                    <conceptNameType>FULLY_SPECIFIED</conceptNameType>
                    <localePreferred>true</localePreferred>
                  </org.openmrs.ConceptName>
                  <org.openmrs.ConceptName id="133" uuid="f604892e-d5db-102d-ad2a-000c29c2a5d7">
                    <conceptNameId>10860</conceptNameId>
                    <concept reference="121"/>
                    <name>Confirmé</name>
                    <locale id="134">fr</locale>
                    <creator/>
                    <dateCreated id="135">2010-06-29 13:03:17</dateCreated>
                    <voided>false</voided>
                    <tags class="set" id="136"/>
                    <localePreferred>true</localePreferred>
                  </org.openmrs.ConceptName>
                </names>
                <answers class="set" id="137"/>
                <conceptSets class="set" id="138"/>
                <descriptions class="set" id="139">
                  <org.openmrs.ConceptDescription id="140" uuid="0567cd47-4785-4231-9fcb-9f377021d8ee">
                    <conceptDescriptionId>1376</conceptDescriptionId>
                    <concept reference="121"/>
                    <description>Confirmed diagnosis (as opposed to presumed)</description>
                    <locale id="141">en</locale>
                    <creator/>
                    <dateCreated id="142">2006-06-09 17:11:06</dateCreated>
                    <changedBy/>
                    <dateChanged id="143">2013-04-10 02:09:12</dateChanged>
                  </org.openmrs.ConceptDescription>
                </descriptions>
                <conceptMappings class="set" id="144">
                  <org.openmrs.ConceptMap id="145" uuid="e0095dbf-7244-4005-8caf-0cf751d20f71">
                    <conceptMapType reference="81"/>
                    <creator/>
                    <changedBy/>
                    <dateCreated id="146">2011-10-31 12:07:46</dateCreated>
                    <dateChanged id="147">2012-06-21 16:49:52</dateChanged>
                    <conceptMapId>13523</conceptMapId>
                    <concept reference="121"/>
                    <conceptReferenceTerm id="148" resolves-to="org.openmrs.ConceptReferenceTerm" uuid="466a3369-3bfc-39f7-a24e-7ce6e6ddc6c3">
                      <creator/>
                      <dateCreated id="149">2011-10-31 00:00:00</dateCreated>
                      <retired>false</retired>
                      <conceptReferenceTermId>13523</conceptReferenceTermId>
                      <conceptSource reference="116"/>
                      <code>159392</code>
                      <conceptReferenceTermMaps id="150"/>
                    </conceptReferenceTerm>
                  </org.openmrs.ConceptMap>
                  <org.openmrs.ConceptMap id="151" uuid="b2112bb8-4864-102e-96e9-000c29c2a5d7">
                    <conceptMapType reference="81"/>
                    <creator/>
                    <changedBy/>
                    <dateCreated id="152">2010-11-23 10:15:31</dateCreated>
                    <dateChanged id="153">2012-06-21 16:49:52</dateChanged>
                    <conceptMapId>1347</conceptMapId>
                    <concept reference="121"/>
                    <conceptReferenceTerm id="154" resolves-to="org.openmrs.ConceptReferenceTerm" uuid="1b0a2f3d-1e0a-3ffc-a415-ff1ddc2787ba">
                      <creator/>
                      <dateCreated id="155">2010-08-24 00:00:00</dateCreated>
                      <retired>false</retired>
                      <conceptReferenceTermId>13525</conceptReferenceTermId>
                      <conceptSource reference="87"/>
                      <code>1345</code>
                      <conceptReferenceTermMaps id="156"/>
                    </conceptReferenceTerm>
                  </org.openmrs.ConceptMap>
                  <org.openmrs.ConceptMap id="157" uuid="75719712-4943-102e-96e9-000c29c2a5d7">
                    <conceptMapType reference="81"/>
                    <creator/>
                    <changedBy/>
                    <dateCreated id="158">2010-11-24 12:49:58</dateCreated>
                    <dateChanged id="159">2012-06-21 16:49:52</dateChanged>
                    <conceptMapId>7188</conceptMapId>
                    <concept reference="121"/>
                    <conceptReferenceTerm id="160" resolves-to="org.openmrs.ConceptReferenceTerm" uuid="33f09f21-6902-39c7-b08c-ef0259881623">
                      <creator/>
                      <dateCreated id="161">2010-11-24 00:00:00</dateCreated>
                      <retired>false</retired>
                      <conceptReferenceTermId>7188</conceptReferenceTermId>
                      <conceptSource reference="87"/>
                      <code>CONFIRMED</code>
                      <conceptReferenceTermMaps id="162"/>
                    </conceptReferenceTerm>
                  </org.openmrs.ConceptMap>
                  <org.openmrs.ConceptMap id="163" uuid="136261ABBBBBBBBBBBBBBBBBBBBBBBBBBBBB">
                    <conceptMapType reference="81"/>
                    <creator/>
                    <changedBy/>
                    <dateCreated id="164">2010-10-27 13:17:14</dateCreated>
                    <dateChanged id="165">2012-06-21 16:49:52</dateChanged>
                    <conceptMapId>13526</conceptMapId>
                    <concept reference="121"/>
                    <conceptReferenceTerm id="166" resolves-to="org.openmrs.ConceptReferenceTerm" uuid="e9844c60-5139-3ff2-bacc-806eb1da4ac1">
                      <creator/>
                      <dateCreated id="167">2010-10-27 00:00:00</dateCreated>
                      <retired>false</retired>
                      <conceptReferenceTermId>13526</conceptReferenceTermId>
                      <conceptSource id="168" resolves-to="org.openmrs.ConceptSource" uuid="13ADDDDDDDDDDDDDDDDDDDDDDDDDDDDDDDDD">
                        <name>AMPATH</name>
                        <description>AMPATH concept dictionary</description>
                        <creator/>
                        <dateCreated id="169">2015-07-01 17:25:50</dateCreated>
                        <retired>false</retired>
                        <conceptSourceId>10</conceptSourceId>
                      </conceptSource>
                      <code>6137</code>
                      <conceptReferenceTermMaps id="170"/>
                    </conceptReferenceTerm>
                  </org.openmrs.ConceptMap>
                  <org.openmrs.ConceptMap id="171" uuid="b4ce49bf-a4d3-446e-9438-fd18c6b7f8c9">
                    <conceptMapType reference="81"/>
                    <creator/>
                    <dateCreated id="172">2013-09-26 19:57:13</dateCreated>
                    <conceptMapId>20037</conceptMapId>
                    <concept reference="121"/>
                    <conceptReferenceTerm id="173" resolves-to="org.openmrs.ConceptReferenceTerm" uuid="169cad7e-107b-47ab-bce6-4e1018326f4f">
                      <creator/>
                      <dateCreated id="174">2013-09-26 19:38:22</dateCreated>
                      <retired>false</retired>
                      <conceptReferenceTermId>19903</conceptReferenceTermId>
                      <conceptSource reference="102"/>
                      <code>Confirmed</code>
                      <conceptReferenceTermMaps id="175"/>
                    </conceptReferenceTerm>
                  </org.openmrs.ConceptMap>
                  <org.openmrs.ConceptMap id="176" uuid="132793ABBBBBBBBBBBBBBBBBBBBBBBBBBBBB">
                    <conceptMapType reference="81"/>
                    <creator/>
                    <changedBy/>
                    <dateCreated id="177">2010-08-24 18:31:58</dateCreated>
                    <dateChanged id="178">2012-06-21 16:49:52</dateChanged>
                    <conceptMapId>13524</conceptMapId>
                    <concept reference="121"/>
                    <conceptReferenceTerm id="179" resolves-to="org.openmrs.ConceptReferenceTerm" uuid="a69dafbf-5b89-3c59-a7e2-8c0477ca4bc0">
                      <creator/>
                      <dateCreated id="180">2010-08-24 00:00:00</dateCreated>
                      <retired>false</retired>
                      <conceptReferenceTermId>13524</conceptReferenceTermId>
                      <conceptSource reference="95"/>
                      <code>410605003</code>
                      <conceptReferenceTermMaps id="181"/>
                    </conceptReferenceTerm>
                  </org.openmrs.ConceptMap>
                </conceptMappings>
              </answerConcept>
              <creator/>
              <dateCreated id="182">2006-06-14 19:17:03</dateCreated>
              <sortWeight>957.0</sortWeight>
            </org.openmrs.ConceptAnswer>
          </answers>
          <conceptSets class="set" id="183"/>
          <descriptions class="set" id="184">
            <org.openmrs.ConceptDescription id="185" uuid="ece82d48-07fe-102c-b5fa-0017a47871b2">
              <conceptDescriptionId>1408</conceptDescriptionId>
              <concept reference="21"/>
              <description>The assessment as to whether the clinical impression has been confirmed or is just presumed</description>
              <locale id="186">en</locale>
              <creator/>
              <dateCreated id="187">2006-06-14 19:16:35</dateCreated>
              <changedBy/>
              <dateChanged id="188">2011-10-31 16:51:10</dateChanged>
            </org.openmrs.ConceptDescription>
          </descriptions>
          <conceptMappings class="set" id="189">
            <org.openmrs.ConceptMap id="190" uuid="132876ABBBBBBBBBBBBBBBBBBBBBBBBBBBBB">
              <conceptMapType reference="81"/>
              <creator/>
              <changedBy/>
              <dateCreated id="191">2010-08-28 21:35:19</dateCreated>
              <dateChanged id="192">2012-06-21 16:49:52</dateChanged>
              <conceptMapId>13528</conceptMapId>
              <concept reference="21"/>
              <conceptReferenceTerm id="193" resolves-to="org.openmrs.ConceptReferenceTerm" uuid="2f275b63-a79c-32ca-a6dd-2f9fc41361a8">
                <creator/>
                <dateCreated id="194">2010-08-28 00:00:00</dateCreated>
                <retired>false</retired>
                <conceptReferenceTermId>13528</conceptReferenceTermId>
                <conceptSource reference="95"/>
                <code>106230009</code>
                <conceptReferenceTermMaps id="195"/>
              </conceptReferenceTerm>
            </org.openmrs.ConceptMap>
            <org.openmrs.ConceptMap id="196" uuid="450d398f-9c42-4d5b-9be3-74ea781038ea">
              <conceptMapType reference="81"/>
              <creator/>
              <dateCreated id="197">2013-09-26 19:57:12</dateCreated>
              <conceptMapId>20036</conceptMapId>
              <concept reference="21"/>
              <conceptReferenceTerm id="198" resolves-to="org.openmrs.ConceptReferenceTerm" uuid="09abb68f-58ad-434b-ac9d-04380476b8d2">
                <creator/>
                <dateCreated id="199">2013-09-26 19:38:23</dateCreated>
                <retired>false</retired>
                <conceptReferenceTermId>19905</conceptReferenceTermId>
                <conceptSource reference="102"/>
                <code>Diagnosis Certainty</code>
                <conceptReferenceTermMaps id="200"/>
              </conceptReferenceTerm>
            </org.openmrs.ConceptMap>
            <org.openmrs.ConceptMap id="201" uuid="b2115c96-4864-102e-96e9-000c29c2a5d7">
              <conceptMapType reference="81"/>
              <creator/>
              <changedBy/>
              <dateCreated id="202">2010-11-23 10:15:31</dateCreated>
              <dateChanged id="203">2012-06-21 16:49:52</dateChanged>
              <conceptMapId>1381</conceptMapId>
              <concept reference="21"/>
              <conceptReferenceTerm id="204" resolves-to="org.openmrs.ConceptReferenceTerm" uuid="295b5606-bdf4-3a49-952b-e072eb11c26a">
                <creator/>
                <dateCreated id="205">2010-11-23 00:00:00</dateCreated>
                <retired>false</retired>
                <conceptReferenceTermId>1381</conceptReferenceTermId>
                <conceptSource reference="87"/>
                <code>1379</code>
                <conceptReferenceTermMaps id="206"/>
              </conceptReferenceTerm>
            </org.openmrs.ConceptMap>
            <org.openmrs.ConceptMap id="207" uuid="7571c386-4943-102e-96e9-000c29c2a5d7">
              <conceptMapType reference="81"/>
              <creator/>
              <changedBy/>
              <dateCreated id="208">2010-11-24 12:49:58</dateCreated>
              <dateChanged id="209">2012-06-21 16:49:52</dateChanged>
              <conceptMapId>7220</conceptMapId>
              <concept reference="21"/>
              <conceptReferenceTerm id="210" resolves-to="org.openmrs.ConceptReferenceTerm" uuid="94ed81fb-e428-36a9-bd04-2799a8676f04">
                <creator/>
                <dateCreated id="211">2010-11-24 00:00:00</dateCreated>
                <retired>false</retired>
                <conceptReferenceTermId>7220</conceptReferenceTermId>
                <conceptSource reference="87"/>
                <code>CLINICAL IMPRESSION DIAGNOSIS CONFIRMED</code>
                <conceptReferenceTermMaps id="212"/>
              </conceptReferenceTerm>
            </org.openmrs.ConceptMap>
            <org.openmrs.ConceptMap id="213" uuid="3d5608f8-d076-49d5-b2b2-2b8e9b725d9b">
              <conceptMapType reference="81"/>
              <creator/>
              <changedBy/>
              <dateCreated id="214">2011-10-31 12:07:46</dateCreated>
              <dateChanged id="215">2012-06-21 16:49:52</dateChanged>
              <conceptMapId>13527</conceptMapId>
              <concept reference="21"/>
              <conceptReferenceTerm id="216" resolves-to="org.openmrs.ConceptReferenceTerm" uuid="a4252d65-3354-37a7-b5b1-ff7e06f51b50">
                <creator/>
                <dateCreated id="217">2011-10-31 00:00:00</dateCreated>
                <retired>false</retired>
                <conceptReferenceTermId>13527</conceptReferenceTermId>
                <conceptSource reference="116"/>
                <code>159394</code>
                <conceptReferenceTermMaps id="218"/>
              </conceptReferenceTerm>
            </org.openmrs.ConceptMap>
          </conceptMappings>
        </concept>
        <conceptSet reference="2"/>
        <sortWeight>1.0</sortWeight>
        <creator/>
        <dateCreated id="219">2016-12-21 00:14:28</dateCreated>
      </org.openmrs.ConceptSet>
      <org.openmrs.ConceptSet id="220" uuid="804d7fc3-b27d-4ad5-a2c1-f72bbeafe267">
        <conceptSetId>6909</conceptSetId>
        <concept id="221" resolves-to="org.openmrs.Concept" uuid="226ed7ad-b776-4b99-966d-fd818d3302c2">
          <conceptId>3064</conceptId>
          <retired>false</retired>
          <datatype reference="22"/>
          <conceptClass reference="24"/>
          <set>false</set>
          <creator/>
          <dateCreated id="222">2008-04-29 13:23:13</dateCreated>
          <changedBy/>
          <dateChanged id="223">2015-03-27 17:28:13</dateChanged>
          <names class="set" id="224">
            <org.openmrs.ConceptName id="225" uuid="0b6b2c5c-15f5-102d-96e4-000c29c2a5d7">
              <conceptNameId>3284</conceptNameId>
              <concept reference="221"/>
              <name>Diagnosis</name>
              <locale id="226">en</locale>
              <creator/>
              <dateCreated id="227">2008-04-29 13:23:13</dateCreated>
              <voided>false</voided>
              <tags class="set" id="228"/>
              <conceptNameType>FULLY_SPECIFIED</conceptNameType>
              <localePreferred>true</localePreferred>
            </org.openmrs.ConceptName>
            <org.openmrs.ConceptName id="229" uuid="80def83f-8ad6-49ca-b8a4-87e549c81adf">
              <conceptNameId>17998</conceptNameId>
              <concept reference="221"/>
              <name>Diagnostique</name>
              <locale id="230">fr</locale>
              <creator/>
              <dateCreated id="231">2013-02-21 00:38:10</dateCreated>
              <voided>false</voided>
              <tags class="set" id="232"/>
              <conceptNameType>FULLY_SPECIFIED</conceptNameType>
              <localePreferred>true</localePreferred>
            </org.openmrs.ConceptName>
            <org.openmrs.ConceptName id="233" uuid="f6dbbcc8-d5db-102d-ad2a-000c29c2a5d7">
              <conceptNameId>12564</conceptNameId>
              <concept reference="221"/>
              <name>DIAGNOSTIQUE</name>
              <locale id="234">fr</locale>
              <creator/>
              <dateCreated id="235">2010-06-29 13:04:46</dateCreated>
              <voided>true</voided>
              <voidedBy/>
              <dateVoided id="236">2013-02-21 00:38:10</dateVoided>
              <voidReason>Removed from user interface</voidReason>
              <tags class="set" id="237"/>
              <localePreferred>true</localePreferred>
            </org.openmrs.ConceptName>
            <org.openmrs.ConceptName id="238" uuid="fd4f7c24-c9eb-4a92-8936-28c1b85d8ff7">
              <conceptNameId>17999</conceptNameId>
              <concept reference="221"/>
              <name>Dyagnostik</name>
              <locale id="239">ht</locale>
              <creator/>
              <dateCreated id="240">2013-02-21 00:38:49</dateCreated>
              <voided>false</voided>
              <tags class="set" id="241"/>
              <conceptNameType>FULLY_SPECIFIED</conceptNameType>
              <localePreferred>true</localePreferred>
            </org.openmrs.ConceptName>
            <org.openmrs.ConceptName id="242" uuid="93c47642-07d4-102c-b5fa-0017a47871b2">
              <conceptNameId>6149</conceptNameId>
              <concept reference="221"/>
              <name>Diagnosis</name>
              <locale id="243">en</locale>
              <creator/>
              <dateCreated id="244">2008-04-29 13:23:13</dateCreated>
              <voided>false</voided>
              <tags class="set" id="245"/>
              <conceptNameType>SHORT</conceptNameType>
              <localePreferred>false</localePreferred>
            </org.openmrs.ConceptName>
          </names>
          <answers class="set" id="246"/>
          <conceptSets class="set" id="247"/>
          <descriptions class="set" id="248">
            <org.openmrs.ConceptDescription id="249" uuid="ed212044-07fe-102c-b5fa-0017a47871b2">
              <conceptDescriptionId>2731</conceptDescriptionId>
              <concept reference="221"/>
              <description>Generic diagnosis, chief complaint, or problems that is used for coded diagnoses.  There should be no coded answers attached to this concept in the dictionary, but it would be used with form entry.</description>
              <locale id="250">en</locale>
              <creator/>
              <dateCreated id="251">2008-04-29 13:23:13</dateCreated>
              <changedBy/>
              <dateChanged id="252">2013-02-21 00:41:48</dateChanged>
            </org.openmrs.ConceptDescription>
          </descriptions>
          <conceptMappings class="set" id="253">
            <org.openmrs.ConceptMap id="254" uuid="759cb00a-4943-102e-96e9-000c29c2a5d7">
              <conceptMapType reference="81"/>
              <creator/>
              <changedBy/>
              <dateCreated id="255">2010-11-24 12:49:58</dateCreated>
              <dateChanged id="256">2012-06-21 16:49:52</dateChanged>
              <conceptMapId>8863</conceptMapId>
              <concept reference="221"/>
              <conceptReferenceTerm id="257" resolves-to="org.openmrs.ConceptReferenceTerm" uuid="9ccc5e6f-fe18-38f5-a061-52172966d49a">
                <creator/>
                <dateCreated id="258">2010-11-24 00:00:00</dateCreated>
                <retired>false</retired>
                <conceptReferenceTermId>8863</conceptReferenceTermId>
                <conceptSource reference="87"/>
                <code>DIAGNOSIS</code>
                <conceptReferenceTermMaps id="259"/>
              </conceptReferenceTerm>
            </org.openmrs.ConceptMap>
            <org.openmrs.ConceptMap id="260" uuid="b25af932-4864-102e-96e9-000c29c2a5d7">
              <conceptMapType reference="81"/>
              <creator/>
              <changedBy/>
              <dateCreated id="261">2010-11-23 10:15:31</dateCreated>
              <dateChanged id="262">2012-06-21 16:49:52</dateChanged>
              <conceptMapId>3066</conceptMapId>
              <concept reference="221"/>
              <conceptReferenceTerm id="263" resolves-to="org.openmrs.ConceptReferenceTerm" uuid="60fe0368-f1eb-3b1f-9690-35127fb72def">
                <creator/>
                <dateCreated id="264">2010-11-23 00:00:00</dateCreated>
                <retired>false</retired>
                <conceptReferenceTermId>3066</conceptReferenceTermId>
                <conceptSource reference="87"/>
                <code>3064</code>
                <conceptReferenceTermMaps id="265"/>
              </conceptReferenceTerm>
            </org.openmrs.ConceptMap>
            <org.openmrs.ConceptMap id="266" uuid="e2e3a64b-5c9c-4326-b391-7602ab39de0e">
              <conceptMapType reference="81"/>
              <creator/>
              <dateCreated id="267">2013-09-26 19:57:09</dateCreated>
              <conceptMapId>20030</conceptMapId>
              <concept reference="221"/>
              <conceptReferenceTerm id="268" resolves-to="org.openmrs.ConceptReferenceTerm" uuid="6de954bf-3b60-4abe-8910-2b8f8a399d83">
                <creator/>
                <dateCreated id="269">2013-09-26 19:38:22</dateCreated>
                <retired>false</retired>
                <conceptReferenceTermId>19902</conceptReferenceTermId>
                <conceptSource reference="102"/>
                <code>Coded Diagnosis</code>
                <conceptReferenceTermMaps id="270"/>
              </conceptReferenceTerm>
            </org.openmrs.ConceptMap>
          </conceptMappings>
        </concept>
        <conceptSet reference="2"/>
        <sortWeight>0.0</sortWeight>
        <creator/>
        <dateCreated id="271">2016-12-21 00:14:28</dateCreated>
      </org.openmrs.ConceptSet>
    </conceptSets>
    <descriptions class="set" id="272">
      <org.openmrs.ConceptDescription id="273" uuid="52075b57-cf33-4d9e-8f41-d0b612bb7a13">
        <conceptDescriptionId>7059</conceptDescriptionId>
        <concept reference="2"/>
        <description>Diagnosis prior to pathology testing</description>
        <locale id="274">en</locale>
        <creator/>
        <dateCreated id="275">2016-12-21 00:14:28</dateCreated>
      </org.openmrs.ConceptDescription>
    </descriptions>
    <conceptMappings class="set" id="276">
      <org.openmrs.ConceptMap id="277" uuid="7006f0af-ab76-4055-b0e9-6a678e26927d">
        <conceptMapType reference="81"/>
        <creator/>
        <dateCreated id="278">2016-12-21 00:15:02</dateCreated>
        <conceptMapId>26906</conceptMapId>
        <concept reference="2"/>
        <conceptReferenceTerm id="279" resolves-to="org.openmrs.ConceptReferenceTerm" uuid="9ea080e9-ae7f-4e74-9e6c-967efd697d7d">
          <creator/>
          <dateCreated id="280">2016-12-21 00:14:44</dateCreated>
          <retired>false</retired>
          <conceptReferenceTermId>26083</conceptReferenceTermId>
          <conceptSource reference="87"/>
          <code>10766</code>
          <conceptReferenceTermMaps id="281"/>
        </conceptReferenceTerm>
      </org.openmrs.ConceptMap>
      <org.openmrs.ConceptMap id="282" uuid="3011a2a3-0297-438f-861b-2afd0244f532">
        <conceptMapType reference="81"/>
        <creator/>
        <dateCreated id="283">2016-12-21 00:14:28</dateCreated>
        <conceptMapId>26905</conceptMapId>
        <concept reference="2"/>
        <conceptReferenceTerm id="284" resolves-to="org.openmrs.ConceptReferenceTerm" uuid="97c92e93-312b-45aa-bc63-9e38549d5e4d">
          <creator/>
          <dateCreated id="285">2016-12-21 00:14:15</dateCreated>
          <retired>false</retired>
          <conceptReferenceTermId>26082</conceptReferenceTermId>
          <conceptSource reference="87"/>
          <code>Pre-pathology diagnosis construct</code>
          <conceptReferenceTermMaps id="286"/>
        </conceptReferenceTerm>
      </org.openmrs.ConceptMap>
    </conceptMappings>
  </org.openmrs.Concept>
</list>
