<?xml version="1.0" encoding="UTF-8"?>
<list id="1">
  <org.openmrs.Concept id="2" uuid="281b101f-fefb-4682-9dc4-872f6a75d33b">
    <conceptId>10592</conceptId>
    <retired>false</retired>
    <datatype id="3" resolves-to="org.openmrs.ConceptDatatype" uuid="8d4a4c94-c2cc-11de-8d13-0010c6dffd0f">
      <name>N/A</name>
      <description>Not associated with a datatype (e.g., term answers, sets)</description>
      <creator/>
      <dateCreated id="4">2004-02-02 05:00:00</dateCreated>
      <retired>false</retired>
      <conceptDatatypeId>4</conceptDatatypeId>
      <hl7Abbreviation>ZZ</hl7Abbreviation>
    </datatype>
    <conceptClass id="5" resolves-to="org.openmrs.ConceptClass" uuid="8d492594-c2cc-11de-8d13-0010c6dffd0f">
      <name>ConvSet</name>
      <description>Term to describe convenience sets</description>
      <creator/>
      <dateCreated id="6">2015-07-01 17:25:50</dateCreated>
      <retired>false</retired>
      <conceptClassId>10</conceptClassId>
    </conceptClass>
    <set>true</set>
    <creator/>
    <dateCreated id="7">2016-02-08 18:12:47</dateCreated>
    <changedBy/>
    <dateChanged id="8">2016-02-08 18:20:04</dateChanged>
    <names class="set" id="9">
      <org.openmrs.ConceptName id="10" uuid="12695f93-6fa2-4145-a4ce-f63a9eaed158">
        <conceptNameId>30620</conceptNameId>
        <concept reference="2"/>
        <name>ZL Mental health scores</name>
        <locale id="11">en</locale>
        <creator/>
        <dateCreated id="12">2016-02-08 18:12:47</dateCreated>
        <voided>false</voided>
        <tags class="set" id="13"/>
        <localePreferred>true</localePreferred>
      </org.openmrs.ConceptName>
      <org.openmrs.ConceptName id="14" uuid="1c7803b4-5aa9-43ea-9e7f-b3b3fb148301">
        <conceptNameId>30621</conceptNameId>
        <concept reference="2"/>
        <name>Zanmi Lasante Mental Health score set</name>
        <locale id="15">en</locale>
        <creator/>
        <dateCreated id="16">2016-02-08 18:12:47</dateCreated>
        <voided>false</voided>
        <tags class="set" id="17"/>
        <conceptNameType>FULLY_SPECIFIED</conceptNameType>
        <localePreferred>false</localePreferred>
      </org.openmrs.ConceptName>
    </names>
    <answers class="set" id="18"/>
    <conceptSets class="set" id="19">
      <org.openmrs.ConceptSet id="20" uuid="b1b31d01-1b2d-4945-a8bf-ba9ba59b3f97">
        <conceptSetId>6374</conceptSetId>
        <concept id="21" resolves-to="org.openmrs.ConceptNumeric" uuid="163225AAAAAAAAAAAAAAAAAAAAAAAAAAAAAA">
          <conceptId>10584</conceptId>
          <retired>false</retired>
          <datatype id="22" resolves-to="org.openmrs.ConceptDatatype" uuid="8d4a4488-c2cc-11de-8d13-0010c6dffd0f">
            <name>Numeric</name>
            <description>Numeric value, including integer or float (e.g., creatinine, weight)</description>
            <creator/>
            <dateCreated id="23">2004-02-02 00:00:00</dateCreated>
            <retired>false</retired>
            <conceptDatatypeId>1</conceptDatatypeId>
            <hl7Abbreviation>NM</hl7Abbreviation>
          </datatype>
          <conceptClass id="24" resolves-to="org.openmrs.ConceptClass" uuid="8d491a9a-c2cc-11de-8d13-0010c6dffd0f">
            <name>Finding</name>
            <description>Practitioner observation/finding</description>
            <creator/>
            <dateCreated id="25">2015-07-01 17:25:50</dateCreated>
            <retired>false</retired>
            <conceptClassId>5</conceptClassId>
          </conceptClass>
          <set>false</set>
          <creator/>
          <dateCreated id="26">2016-01-25 08:55:07</dateCreated>
          <changedBy/>
          <dateChanged id="27">2016-02-08 18:19:59</dateChanged>
          <names class="set" id="28">
            <org.openmrs.ConceptName id="29" uuid="135433BBBBBBBBBBBBBBBBBBBBBBBBBBBBBB">
              <conceptNameId>30583</conceptNameId>
              <concept reference="21"/>
              <name>Zanmi La Sante Envantè Sou Sentòm Depresyon</name>
              <locale id="30">ht</locale>
              <creator/>
              <dateCreated id="31">2016-01-25 08:55:07</dateCreated>
              <voided>false</voided>
              <tags class="set" id="32"/>
              <conceptNameType>FULLY_SPECIFIED</conceptNameType>
              <localePreferred>true</localePreferred>
            </org.openmrs.ConceptName>
            <org.openmrs.ConceptName id="33" uuid="135435BBBBBBBBBBBBBBBBBBBBBBBBBBBBBB">
              <conceptNameId>30584</conceptNameId>
              <concept reference="21"/>
              <name>ZLDSI</name>
              <locale id="34">fr</locale>
              <creator/>
              <dateCreated id="35">2016-01-25 08:55:07</dateCreated>
              <voided>false</voided>
              <tags class="set" id="36"/>
              <conceptNameType>FULLY_SPECIFIED</conceptNameType>
              <localePreferred>true</localePreferred>
            </org.openmrs.ConceptName>
            <org.openmrs.ConceptName id="37" uuid="135432BBBBBBBBBBBBBBBBBBBBBBBBBBBBBB">
              <conceptNameId>30585</conceptNameId>
              <concept reference="21"/>
              <name>ZLDSI score</name>
              <locale id="38">en</locale>
              <creator/>
              <dateCreated id="39">2016-01-25 08:55:07</dateCreated>
              <voided>false</voided>
              <tags class="set" id="40"/>
              <conceptNameType>SHORT</conceptNameType>
              <localePreferred>false</localePreferred>
            </org.openmrs.ConceptName>
            <org.openmrs.ConceptName id="41" uuid="135434BBBBBBBBBBBBBBBBBBBBBBBBBBBBBB">
              <conceptNameId>30586</conceptNameId>
              <concept reference="21"/>
              <name>Zamni Lasante Depression Symptom Inventory Score</name>
              <locale id="42">en</locale>
              <creator/>
              <dateCreated id="43">2016-01-25 08:55:07</dateCreated>
              <voided>false</voided>
              <tags class="set" id="44"/>
              <conceptNameType>FULLY_SPECIFIED</conceptNameType>
              <localePreferred>true</localePreferred>
            </org.openmrs.ConceptName>
          </names>
          <answers class="set" id="45"/>
          <conceptSets class="set" id="46"/>
          <descriptions class="set" id="47">
            <org.openmrs.ConceptDescription id="48" uuid="17645FFFFFFFFFFFFFFFFFFFFFFFFFFFFFFF">
              <conceptDescriptionId>6984</conceptDescriptionId>
              <concept reference="21"/>
              <description>Clinical screening tool specific to depression. It can be used in a way similar to the PHQ-9 score. This tool use calibrated to capture depression specifically in the Haitian context.</description>
              <locale id="49">en</locale>
              <creator/>
              <dateCreated id="50">2016-01-25 08:55:07</dateCreated>
              <dateChanged id="51">2016-01-25 08:55:47</dateChanged>
            </org.openmrs.ConceptDescription>
          </descriptions>
          <conceptMappings class="set" id="52">
            <org.openmrs.ConceptMap id="53" uuid="279409ABBBBBBBBBBBBBBBBBBBBBBBBBBBBB">
              <conceptMapType id="54" resolves-to="org.openmrs.ConceptMapType" uuid="43ac5109-7d8c-11e1-909d-c80aa9edcf4e">
                <name>NARROWER-THAN</name>
                <creator/>
                <dateCreated id="55">2012-06-21 00:00:00</dateCreated>
                <retired>false</retired>
                <conceptMapTypeId>2</conceptMapTypeId>
                <isHidden>false</isHidden>
              </conceptMapType>
              <creator/>
              <dateCreated id="56">2016-01-25 08:55:39</dateCreated>
              <conceptMapId>26098</conceptMapId>
              <concept reference="21"/>
              <conceptReferenceTerm id="57" resolves-to="org.openmrs.ConceptReferenceTerm" uuid="16acde86-dfef-3ae6-ae1a-0496125e564c">
                <creator/>
                <dateCreated id="58">2016-01-25 05:00:00</dateCreated>
                <retired>false</retired>
                <conceptReferenceTermId>25442</conceptReferenceTermId>
                <conceptSource id="59" resolves-to="org.openmrs.ConceptSource" uuid="2ADDDDDDDDDDDDDDDDDDDDDDDDDDDDDDDDDD">
                  <name>SNOMED NP</name>
                  <description>Non-preferred SNOMED CT mappings</description>
                  <creator/>
                  <dateCreated id="60">2015-07-01 17:25:50</dateCreated>
                  <retired>false</retired>
                  <conceptSourceId>8</conceptSourceId>
                </conceptSource>
                <code>416767005</code>
                <conceptReferenceTermMaps id="61"/>
              </conceptReferenceTerm>
            </org.openmrs.ConceptMap>
            <org.openmrs.ConceptMap id="62" uuid="279410ABBBBBBBBBBBBBBBBBBBBBBBBBBBBB">
              <conceptMapType id="63" resolves-to="org.openmrs.ConceptMapType" uuid="35543629-7d8c-11e1-909d-c80aa9edcf4e">
                <name>SAME-AS</name>
                <creator/>
                <dateCreated id="64">2012-06-21 00:00:00</dateCreated>
                <retired>false</retired>
                <conceptMapTypeId>1</conceptMapTypeId>
                <isHidden>false</isHidden>
              </conceptMapType>
              <creator/>
              <dateCreated id="65">2016-01-25 08:55:47</dateCreated>
              <conceptMapId>26099</conceptMapId>
              <concept reference="21"/>
              <conceptReferenceTerm id="66" resolves-to="org.openmrs.ConceptReferenceTerm" uuid="cc0abc1d-89d2-3cb7-b494-b59a849ccacd">
                <creator/>
                <dateCreated id="67">2016-01-25 05:00:00</dateCreated>
                <retired>false</retired>
                <conceptReferenceTermId>25443</conceptReferenceTermId>
                <conceptSource id="68" resolves-to="org.openmrs.ConceptSource" uuid="21ADDDDDDDDDDDDDDDDDDDDDDDDDDDDDDDDD">
                  <name>CIEL</name>
                  <description>Columbia International eHealth Laboratory concept ID</description>
                  <creator/>
                  <dateCreated id="69">2015-07-01 17:25:50</dateCreated>
                  <retired>false</retired>
                  <conceptSourceId>29</conceptSourceId>
                </conceptSource>
                <code>163225</code>
                <conceptReferenceTermMaps id="70"/>
              </conceptReferenceTerm>
            </org.openmrs.ConceptMap>
          </conceptMappings>
          <hiAbsolute>39.0</hiAbsolute>
          <lowAbsolute>0.0</lowAbsolute>
          <precise>false</precise>
        </concept>
        <conceptSet reference="2"/>
        <sortWeight>4.0</sortWeight>
        <creator/>
        <dateCreated id="71">2016-02-08 18:12:47</dateCreated>
      </org.openmrs.ConceptSet>
      <org.openmrs.ConceptSet id="72" uuid="138cdc17-0f46-4557-a7c7-afedfc44303c">
        <conceptSetId>6375</conceptSetId>
        <concept id="73" resolves-to="org.openmrs.Concept" uuid="163221AAAAAAAAAAAAAAAAAAAAAAAAAAAAAA">
          <conceptId>10588</conceptId>
          <retired>false</retired>
          <datatype reference="3"/>
          <conceptClass reference="5"/>
          <set>true</set>
          <creator/>
          <dateCreated id="74">2016-01-25 08:43:09</dateCreated>
          <changedBy/>
          <dateChanged id="75">2016-02-08 18:20:00</dateChanged>
          <names class="set" id="76">
            <org.openmrs.ConceptName id="77" uuid="135423BBBBBBBBBBBBBBBBBBBBBBBBBBBBBB">
              <conceptNameId>30593</conceptNameId>
              <concept reference="73"/>
              <name>CGI</name>
              <locale id="78">fr</locale>
              <creator/>
              <dateCreated id="79">2016-01-25 08:44:47</dateCreated>
              <voided>false</voided>
              <tags class="set" id="80"/>
              <conceptNameType>FULLY_SPECIFIED</conceptNameType>
              <localePreferred>true</localePreferred>
            </org.openmrs.ConceptName>
            <org.openmrs.ConceptName id="81" uuid="135425BBBBBBBBBBBBBBBBBBBBBBBBBBBBBB">
              <conceptNameId>30594</conceptNameId>
              <concept reference="73"/>
              <name>CGI</name>
              <locale id="82">ht</locale>
              <creator/>
              <dateCreated id="83">2016-01-25 08:44:47</dateCreated>
              <voided>false</voided>
              <tags class="set" id="84"/>
              <localePreferred>false</localePreferred>
            </org.openmrs.ConceptName>
            <org.openmrs.ConceptName id="85" uuid="135422BBBBBBBBBBBBBBBBBBBBBBBBBBBBBB">
              <conceptNameId>30595</conceptNameId>
              <concept reference="73"/>
              <name>CGI Scale</name>
              <locale id="86">en</locale>
              <creator/>
              <dateCreated id="87">2016-01-25 08:44:47</dateCreated>
              <voided>false</voided>
              <tags class="set" id="88"/>
              <conceptNameType>SHORT</conceptNameType>
              <localePreferred>false</localePreferred>
            </org.openmrs.ConceptName>
            <org.openmrs.ConceptName id="89" uuid="135421BBBBBBBBBBBBBBBBBBBBBBBBBBBBBB">
              <conceptNameId>30596</conceptNameId>
              <concept reference="73"/>
              <name>Clinical Global Impressions Scale</name>
              <locale id="90">en</locale>
              <creator/>
              <dateCreated id="91">2016-01-25 08:43:09</dateCreated>
              <voided>false</voided>
              <tags class="set" id="92"/>
              <conceptNameType>FULLY_SPECIFIED</conceptNameType>
              <localePreferred>true</localePreferred>
            </org.openmrs.ConceptName>
            <org.openmrs.ConceptName id="93" uuid="135424BBBBBBBBBBBBBBBBBBBBBBBBBBBBBB">
              <conceptNameId>30597</conceptNameId>
              <concept reference="73"/>
              <name>Echèl Enpresyon Global Klinik</name>
              <locale id="94">ht</locale>
              <creator/>
              <dateCreated id="95">2016-01-25 08:44:47</dateCreated>
              <voided>false</voided>
              <tags class="set" id="96"/>
              <conceptNameType>FULLY_SPECIFIED</conceptNameType>
              <localePreferred>true</localePreferred>
            </org.openmrs.ConceptName>
          </names>
          <answers class="set" id="97"/>
          <conceptSets class="set" id="98">
            <org.openmrs.ConceptSet id="99" uuid="2018AEEEEEEEEEEEEEEEEEEEEEEEEEEEEEEE">
              <conceptSetId>6371</conceptSetId>
              <concept id="100" resolves-to="org.openmrs.ConceptNumeric" uuid="163224AAAAAAAAAAAAAAAAAAAAAAAAAAAAAA">
                <conceptId>10585</conceptId>
                <retired>false</retired>
                <datatype reference="22"/>
                <conceptClass reference="24"/>
                <set>false</set>
                <creator/>
                <dateCreated id="101">2016-01-25 08:51:22</dateCreated>
                <changedBy/>
                <dateChanged id="102">2016-02-08 18:19:59</dateChanged>
                <names class="set" id="103">
                  <org.openmrs.ConceptName id="104" uuid="135431BBBBBBBBBBBBBBBBBBBBBBBBBBBBBB">
                    <conceptNameId>30587</conceptNameId>
                    <concept reference="100"/>
                    <name>CGI-E Score</name>
                    <locale id="105">en</locale>
                    <creator/>
                    <dateCreated id="106">2016-01-25 08:51:22</dateCreated>
                    <voided>false</voided>
                    <tags class="set" id="107"/>
                    <localePreferred>false</localePreferred>
                  </org.openmrs.ConceptName>
                  <org.openmrs.ConceptName id="108" uuid="135430BBBBBBBBBBBBBBBBBBBBBBBBBBBBBB">
                    <conceptNameId>30588</conceptNameId>
                    <concept reference="100"/>
                    <name>Clinical Global Impressions Efficacy Score</name>
                    <locale id="109">en</locale>
                    <creator/>
                    <dateCreated id="110">2016-01-25 08:51:22</dateCreated>
                    <voided>false</voided>
                    <tags class="set" id="111"/>
                    <conceptNameType>FULLY_SPECIFIED</conceptNameType>
                    <localePreferred>true</localePreferred>
                  </org.openmrs.ConceptName>
                </names>
                <answers class="set" id="112"/>
                <conceptSets class="set" id="113"/>
                <descriptions class="set" id="114">
                  <org.openmrs.ConceptDescription id="115" uuid="17644FFFFFFFFFFFFFFFFFFFFFFFFFFFFFFF">
                    <conceptDescriptionId>6985</conceptDescriptionId>
                    <concept reference="100"/>
                    <description>The Clinical Global Impression efficacy rating scale measures efficacy of patient treatment with mental disorders.</description>
                    <locale id="116">en</locale>
                    <creator/>
                    <dateCreated id="117">2016-01-25 08:51:22</dateCreated>
                    <dateChanged id="118">2016-01-25 08:51:31</dateChanged>
                  </org.openmrs.ConceptDescription>
                </descriptions>
                <conceptMappings class="set" id="119">
                  <org.openmrs.ConceptMap id="120" uuid="279407ABBBBBBBBBBBBBBBBBBBBBBBBBBBBB">
                    <conceptMapType reference="54"/>
                    <creator/>
                    <dateCreated id="121">2016-01-25 08:51:22</dateCreated>
                    <conceptMapId>26100</conceptMapId>
                    <concept reference="100"/>
                    <conceptReferenceTerm id="122" resolves-to="org.openmrs.ConceptReferenceTerm" uuid="f20ffed5-61c2-3b15-a28e-61ce74344377">
                      <creator/>
                      <dateCreated id="123">2016-01-25 05:00:00</dateCreated>
                      <retired>false</retired>
                      <conceptReferenceTermId>25444</conceptReferenceTermId>
                      <conceptSource reference="59"/>
                      <code>450326007</code>
                      <conceptReferenceTermMaps id="124"/>
                    </conceptReferenceTerm>
                  </org.openmrs.ConceptMap>
                  <org.openmrs.ConceptMap id="125" uuid="279408ABBBBBBBBBBBBBBBBBBBBBBBBBBBBB">
                    <conceptMapType reference="63"/>
                    <creator/>
                    <dateCreated id="126">2016-01-25 08:51:31</dateCreated>
                    <conceptMapId>26101</conceptMapId>
                    <concept reference="100"/>
                    <conceptReferenceTerm id="127" resolves-to="org.openmrs.ConceptReferenceTerm" uuid="de62df7a-684c-32e5-a0ac-01f76f506f2a">
                      <creator/>
                      <dateCreated id="128">2016-01-25 05:00:00</dateCreated>
                      <retired>false</retired>
                      <conceptReferenceTermId>25445</conceptReferenceTermId>
                      <conceptSource reference="68"/>
                      <code>163224</code>
                      <conceptReferenceTermMaps id="129"/>
                    </conceptReferenceTerm>
                  </org.openmrs.ConceptMap>
                </conceptMappings>
                <hiAbsolute>7.0</hiAbsolute>
                <lowAbsolute>0.0</lowAbsolute>
                <precise>false</precise>
              </concept>
              <conceptSet reference="73"/>
              <sortWeight>2.0</sortWeight>
              <creator/>
              <dateCreated id="130">2016-01-25 08:51:55</dateCreated>
            </org.openmrs.ConceptSet>
            <org.openmrs.ConceptSet id="131" uuid="2016AEEEEEEEEEEEEEEEEEEEEEEEEEEEEEEE">
              <conceptSetId>6372</conceptSetId>
              <concept id="132" resolves-to="org.openmrs.ConceptNumeric" uuid="163222AAAAAAAAAAAAAAAAAAAAAAAAAAAAAA">
                <conceptId>10586</conceptId>
                <retired>false</retired>
                <datatype reference="22"/>
                <conceptClass reference="24"/>
                <set>false</set>
                <creator/>
                <dateCreated id="133">2016-01-25 08:48:22</dateCreated>
                <changedBy/>
                <dateChanged id="134">2016-02-08 18:19:59</dateChanged>
                <names class="set" id="135">
                  <org.openmrs.ConceptName id="136" uuid="135427BBBBBBBBBBBBBBBBBBBBBBBBBBBBBB">
                    <conceptNameId>30589</conceptNameId>
                    <concept reference="132"/>
                    <name>Clinical Global Impressions Severity Score</name>
                    <locale id="137">en</locale>
                    <creator/>
                    <dateCreated id="138">2016-01-25 08:48:22</dateCreated>
                    <voided>false</voided>
                    <tags class="set" id="139"/>
                    <conceptNameType>FULLY_SPECIFIED</conceptNameType>
                    <localePreferred>true</localePreferred>
                  </org.openmrs.ConceptName>
                  <org.openmrs.ConceptName id="140" uuid="135426BBBBBBBBBBBBBBBBBBBBBBBBBBBBBB">
                    <conceptNameId>30590</conceptNameId>
                    <concept reference="132"/>
                    <name>CGI-S Score</name>
                    <locale id="141">en</locale>
                    <creator/>
                    <dateCreated id="142">2016-01-25 08:48:22</dateCreated>
                    <voided>false</voided>
                    <tags class="set" id="143"/>
                    <conceptNameType>SHORT</conceptNameType>
                    <localePreferred>false</localePreferred>
                  </org.openmrs.ConceptName>
                </names>
                <answers class="set" id="144"/>
                <conceptSets class="set" id="145"/>
                <descriptions class="set" id="146">
                  <org.openmrs.ConceptDescription id="147" uuid="17642FFFFFFFFFFFFFFFFFFFFFFFFFFFFFFF">
                    <conceptDescriptionId>6986</conceptDescriptionId>
                    <concept reference="132"/>
                    <description>The Clinical Global Impression severity rating scale measures of symptom severity in treatment studies of patients with mental disorders.</description>
                    <locale id="148">en</locale>
                    <creator/>
                    <dateCreated id="149">2016-01-25 08:48:22</dateCreated>
                    <dateChanged id="150">2016-01-25 08:50:34</dateChanged>
                  </org.openmrs.ConceptDescription>
                </descriptions>
                <conceptMappings class="set" id="151">
                  <org.openmrs.ConceptMap id="152" uuid="279404ABBBBBBBBBBBBBBBBBBBBBBBBBBBBB">
                    <conceptMapType reference="63"/>
                    <creator/>
                    <dateCreated id="153">2016-01-25 08:48:33</dateCreated>
                    <conceptMapId>26102</conceptMapId>
                    <concept reference="132"/>
                    <conceptReferenceTerm id="154" resolves-to="org.openmrs.ConceptReferenceTerm" uuid="e4b84dd5-4c36-3810-bd5a-603c4280ffc1">
                      <creator/>
                      <dateCreated id="155">2016-01-25 05:00:00</dateCreated>
                      <retired>false</retired>
                      <conceptReferenceTermId>25446</conceptReferenceTermId>
                      <conceptSource reference="68"/>
                      <code>163222</code>
                      <conceptReferenceTermMaps id="156"/>
                    </conceptReferenceTerm>
                  </org.openmrs.ConceptMap>
                  <org.openmrs.ConceptMap id="157" uuid="279403ABBBBBBBBBBBBBBBBBBBBBBBBBBBBB">
                    <conceptMapType reference="54"/>
                    <creator/>
                    <dateCreated id="158">2016-01-25 08:48:22</dateCreated>
                    <conceptMapId>26103</conceptMapId>
                    <concept reference="132"/>
                    <conceptReferenceTerm reference="122"/>
                  </org.openmrs.ConceptMap>
                </conceptMappings>
                <hiAbsolute>7.0</hiAbsolute>
                <lowAbsolute>0.0</lowAbsolute>
                <precise>false</precise>
              </concept>
              <conceptSet reference="73"/>
              <sortWeight>0.0</sortWeight>
              <creator/>
              <dateCreated id="159">2016-01-25 08:51:55</dateCreated>
            </org.openmrs.ConceptSet>
            <org.openmrs.ConceptSet id="160" uuid="2017AEEEEEEEEEEEEEEEEEEEEEEEEEEEEEEE">
              <conceptSetId>6373</conceptSetId>
              <concept id="161" resolves-to="org.openmrs.ConceptNumeric" uuid="163223AAAAAAAAAAAAAAAAAAAAAAAAAAAAAA">
                <conceptId>10587</conceptId>
                <retired>false</retired>
                <datatype reference="22"/>
                <conceptClass reference="24"/>
                <set>false</set>
                <creator/>
                <dateCreated id="162">2016-01-25 08:49:50</dateCreated>
                <changedBy/>
                <dateChanged id="163">2016-02-08 18:19:59</dateChanged>
                <names class="set" id="164">
                  <org.openmrs.ConceptName id="165" uuid="135429BBBBBBBBBBBBBBBBBBBBBBBBBBBBBB">
                    <conceptNameId>30591</conceptNameId>
                    <concept reference="161"/>
                    <name>CGI-I Score</name>
                    <locale id="166">en</locale>
                    <creator/>
                    <dateCreated id="167">2016-01-25 08:50:08</dateCreated>
                    <voided>false</voided>
                    <tags class="set" id="168"/>
                    <localePreferred>false</localePreferred>
                  </org.openmrs.ConceptName>
                  <org.openmrs.ConceptName id="169" uuid="135428BBBBBBBBBBBBBBBBBBBBBBBBBBBBBB">
                    <conceptNameId>30592</conceptNameId>
                    <concept reference="161"/>
                    <name>Clinical Global Impressions Improvement Score</name>
                    <locale id="170">en</locale>
                    <creator/>
                    <dateCreated id="171">2016-01-25 08:49:50</dateCreated>
                    <voided>false</voided>
                    <tags class="set" id="172"/>
                    <conceptNameType>FULLY_SPECIFIED</conceptNameType>
                    <localePreferred>true</localePreferred>
                  </org.openmrs.ConceptName>
                </names>
                <answers class="set" id="173"/>
                <conceptSets class="set" id="174"/>
                <descriptions class="set" id="175">
                  <org.openmrs.ConceptDescription id="176" uuid="17643FFFFFFFFFFFFFFFFFFFFFFFFFFFFFFF">
                    <conceptDescriptionId>6987</conceptDescriptionId>
                    <concept reference="161"/>
                    <description>The Clinical Global Impression impressions rating scale measures of impressions in treatment studies of patients with mental disorders.</description>
                    <locale id="177">en</locale>
                    <creator/>
                    <dateCreated id="178">2016-01-25 08:49:50</dateCreated>
                    <dateChanged id="179">2016-01-25 08:50:20</dateChanged>
                  </org.openmrs.ConceptDescription>
                </descriptions>
                <conceptMappings class="set" id="180">
                  <org.openmrs.ConceptMap id="181" uuid="279406ABBBBBBBBBBBBBBBBBBBBBBBBBBBBB">
                    <conceptMapType reference="63"/>
                    <creator/>
                    <dateCreated id="182">2016-01-25 08:50:20</dateCreated>
                    <conceptMapId>26104</conceptMapId>
                    <concept reference="161"/>
                    <conceptReferenceTerm id="183" resolves-to="org.openmrs.ConceptReferenceTerm" uuid="3a327e97-493d-36a6-814d-73b6acf3fea0">
                      <creator/>
                      <dateCreated id="184">2016-01-25 05:00:00</dateCreated>
                      <retired>false</retired>
                      <conceptReferenceTermId>25447</conceptReferenceTermId>
                      <conceptSource reference="68"/>
                      <code>163223</code>
                      <conceptReferenceTermMaps id="185"/>
                    </conceptReferenceTerm>
                  </org.openmrs.ConceptMap>
                  <org.openmrs.ConceptMap id="186" uuid="279405ABBBBBBBBBBBBBBBBBBBBBBBBBBBBB">
                    <conceptMapType reference="54"/>
                    <creator/>
                    <dateCreated id="187">2016-01-25 08:49:50</dateCreated>
                    <conceptMapId>26105</conceptMapId>
                    <concept reference="161"/>
                    <conceptReferenceTerm reference="122"/>
                  </org.openmrs.ConceptMap>
                </conceptMappings>
                <hiAbsolute>7.0</hiAbsolute>
                <lowAbsolute>0.0</lowAbsolute>
                <precise>false</precise>
              </concept>
              <conceptSet reference="73"/>
              <sortWeight>1.0</sortWeight>
              <creator/>
              <dateCreated id="188">2016-01-25 08:51:55</dateCreated>
            </org.openmrs.ConceptSet>
          </conceptSets>
          <descriptions class="set" id="189">
            <org.openmrs.ConceptDescription id="190" uuid="17641FFFFFFFFFFFFFFFFFFFFFFFFFFFFFFF">
              <conceptDescriptionId>6988</conceptDescriptionId>
              <concept reference="73"/>
              <description>The Clinical Global Impression rating scales are commonly used measures of symptom severity, treatment response and the efficacy of treatments in treatment studies of patients with mental disorders.  3 scores- Severity, Improvement, Side effects.  NOT summed, but all should be tracked over time.</description>
              <locale id="191">en</locale>
              <creator/>
              <dateCreated id="192">2016-01-25 08:44:47</dateCreated>
              <dateChanged id="193">2016-01-25 08:51:55</dateChanged>
            </org.openmrs.ConceptDescription>
          </descriptions>
          <conceptMappings class="set" id="194">
            <org.openmrs.ConceptMap id="195" uuid="279402ABBBBBBBBBBBBBBBBBBBBBBBBBBBBB">
              <conceptMapType reference="63"/>
              <creator/>
              <dateCreated id="196">2016-01-25 08:44:47</dateCreated>
              <conceptMapId>26106</conceptMapId>
              <concept reference="73"/>
              <conceptReferenceTerm id="197" resolves-to="org.openmrs.ConceptReferenceTerm" uuid="b6cb3256-e1fe-3095-a062-95236d9be464">
                <creator/>
                <dateCreated id="198">2016-01-25 05:00:00</dateCreated>
                <retired>false</retired>
                <conceptReferenceTermId>25448</conceptReferenceTermId>
                <conceptSource reference="68"/>
                <code>163221</code>
                <conceptReferenceTermMaps id="199"/>
              </conceptReferenceTerm>
            </org.openmrs.ConceptMap>
            <org.openmrs.ConceptMap id="200" uuid="279401ABBBBBBBBBBBBBBBBBBBBBBBBBBBBB">
              <conceptMapType reference="54"/>
              <creator/>
              <dateCreated id="201">2016-01-25 08:43:09</dateCreated>
              <conceptMapId>26107</conceptMapId>
              <concept reference="73"/>
              <conceptReferenceTerm id="202" resolves-to="org.openmrs.ConceptReferenceTerm" uuid="e7898eab-91ea-32ac-a88f-7714c9a4e009">
                <creator/>
                <dateCreated id="203">2012-05-24 04:00:00</dateCreated>
                <retired>false</retired>
                <conceptReferenceTermId>25449</conceptReferenceTermId>
                <conceptSource reference="59"/>
                <code>273249006</code>
                <conceptReferenceTermMaps id="204"/>
              </conceptReferenceTerm>
            </org.openmrs.ConceptMap>
          </conceptMappings>
        </concept>
        <conceptSet reference="2"/>
        <sortWeight>0.0</sortWeight>
        <creator/>
        <dateCreated id="205">2016-02-08 18:12:47</dateCreated>
      </org.openmrs.ConceptSet>
      <org.openmrs.ConceptSet id="206" uuid="aac9f40b-7345-49b4-a6bc-99157909ee65">
        <conceptSetId>6376</conceptSetId>
        <concept id="207" resolves-to="org.openmrs.ConceptNumeric" uuid="163226AAAAAAAAAAAAAAAAAAAAAAAAAAAAAA">
          <conceptId>10589</conceptId>
          <retired>false</retired>
          <datatype reference="22"/>
          <conceptClass reference="24"/>
          <set>false</set>
          <creator/>
          <dateCreated id="208">2016-01-25 08:58:30</dateCreated>
          <changedBy/>
          <dateChanged id="209">2016-02-08 18:20:00</dateChanged>
          <names class="set" id="210">
            <org.openmrs.ConceptName id="211" uuid="135437BBBBBBBBBBBBBBBBBBBBBBBBBBBBBB">
              <conceptNameId>30598</conceptNameId>
              <concept reference="207"/>
              <name>WHODAS</name>
              <locale id="212">ht</locale>
              <creator/>
              <dateCreated id="213">2016-01-25 08:58:30</dateCreated>
              <voided>false</voided>
              <tags class="set" id="214"/>
              <conceptNameType>FULLY_SPECIFIED</conceptNameType>
              <localePreferred>true</localePreferred>
            </org.openmrs.ConceptName>
            <org.openmrs.ConceptName id="215" uuid="135438BBBBBBBBBBBBBBBBBBBBBBBBBBBBBB">
              <conceptNameId>30599</conceptNameId>
              <concept reference="207"/>
              <name>WHODAS</name>
              <locale id="216">fr</locale>
              <creator/>
              <dateCreated id="217">2016-01-25 08:58:30</dateCreated>
              <voided>false</voided>
              <tags class="set" id="218"/>
              <conceptNameType>FULLY_SPECIFIED</conceptNameType>
              <localePreferred>true</localePreferred>
            </org.openmrs.ConceptName>
            <org.openmrs.ConceptName id="219" uuid="135436BBBBBBBBBBBBBBBBBBBBBBBBBBBBBB">
              <conceptNameId>30600</conceptNameId>
              <concept reference="207"/>
              <name>WHODAS score</name>
              <locale id="220">en</locale>
              <creator/>
              <dateCreated id="221">2016-01-25 08:58:30</dateCreated>
              <voided>false</voided>
              <tags class="set" id="222"/>
              <localePreferred>false</localePreferred>
            </org.openmrs.ConceptName>
            <org.openmrs.ConceptName id="223" uuid="135439BBBBBBBBBBBBBBBBBBBBBBBBBBBBBB">
              <conceptNameId>30601</conceptNameId>
              <concept reference="207"/>
              <name>World Health Organization Disability Assessment Schedule 2.0 Score</name>
              <locale id="224">en</locale>
              <creator/>
              <dateCreated id="225">2016-01-25 08:58:30</dateCreated>
              <voided>false</voided>
              <tags class="set" id="226"/>
              <conceptNameType>FULLY_SPECIFIED</conceptNameType>
              <localePreferred>true</localePreferred>
            </org.openmrs.ConceptName>
          </names>
          <answers class="set" id="227"/>
          <conceptSets class="set" id="228"/>
          <descriptions class="set" id="229">
            <org.openmrs.ConceptDescription id="230" uuid="17646FFFFFFFFFFFFFFFFFFFFFFFFFFFFFFF">
              <conceptDescriptionId>6989</conceptDescriptionId>
              <concept reference="207"/>
              <description>WHODAS 2.0 is a generic assessment instrument for health and disability assessment.  It is used across all diseases, including mental, neurological and addictive disorders.</description>
              <locale id="231">en</locale>
              <creator/>
              <dateCreated id="232">2016-01-25 08:58:30</dateCreated>
              <dateChanged id="233">2016-01-25 08:58:39</dateChanged>
            </org.openmrs.ConceptDescription>
          </descriptions>
          <conceptMappings class="set" id="234">
            <org.openmrs.ConceptMap id="235" uuid="279411ABBBBBBBBBBBBBBBBBBBBBBBBBBBBB">
              <conceptMapType reference="54"/>
              <creator/>
              <dateCreated id="236">2016-01-25 08:58:30</dateCreated>
              <conceptMapId>26108</conceptMapId>
              <concept reference="207"/>
              <conceptReferenceTerm id="237" resolves-to="org.openmrs.ConceptReferenceTerm" uuid="e6aa757f-dd8a-3031-8456-4351502bb9e4">
                <creator/>
                <dateCreated id="238">2016-01-25 05:00:00</dateCreated>
                <retired>false</retired>
                <conceptReferenceTermId>25450</conceptReferenceTermId>
                <conceptSource reference="59"/>
                <code>268391007</code>
                <conceptReferenceTermMaps id="239"/>
              </conceptReferenceTerm>
            </org.openmrs.ConceptMap>
            <org.openmrs.ConceptMap id="240" uuid="279412ABBBBBBBBBBBBBBBBBBBBBBBBBBBBB">
              <conceptMapType reference="63"/>
              <creator/>
              <dateCreated id="241">2016-01-25 08:58:39</dateCreated>
              <conceptMapId>26109</conceptMapId>
              <concept reference="207"/>
              <conceptReferenceTerm id="242" resolves-to="org.openmrs.ConceptReferenceTerm" uuid="1002c652-6c44-3af4-a404-d913b3995c54">
                <creator/>
                <dateCreated id="243">2016-01-25 05:00:00</dateCreated>
                <retired>false</retired>
                <conceptReferenceTermId>25451</conceptReferenceTermId>
                <conceptSource reference="68"/>
                <code>163226</code>
                <conceptReferenceTermMaps id="244"/>
              </conceptReferenceTerm>
            </org.openmrs.ConceptMap>
          </conceptMappings>
          <precise>false</precise>
        </concept>
        <conceptSet reference="2"/>
        <sortWeight>5.0</sortWeight>
        <creator/>
        <dateCreated id="245">2016-02-08 18:12:47</dateCreated>
      </org.openmrs.ConceptSet>
      <org.openmrs.ConceptSet id="246" uuid="dadf2446-0983-449c-afb9-671b5cb325e8">
        <conceptSetId>6377</conceptSetId>
        <concept reference="132"/>
        <conceptSet reference="2"/>
        <sortWeight>1.0</sortWeight>
        <creator/>
        <dateCreated id="247">2016-02-08 18:12:47</dateCreated>
      </org.openmrs.ConceptSet>
      <org.openmrs.ConceptSet id="248" uuid="5ded3f50-c6a5-498f-95c1-fd407eb9bd03">
        <conceptSetId>6379</conceptSetId>
        <concept id="249" resolves-to="org.openmrs.ConceptNumeric" uuid="163228AAAAAAAAAAAAAAAAAAAAAAAAAAAAAA">
          <conceptId>10590</conceptId>
          <retired>false</retired>
          <datatype reference="22"/>
          <conceptClass reference="24"/>
          <set>false</set>
          <creator/>
          <dateCreated id="250">2016-01-27 03:34:48</dateCreated>
          <changedBy/>
          <dateChanged id="251">2016-02-08 18:20:00</dateChanged>
          <names class="set" id="252">
            <org.openmrs.ConceptName id="253" uuid="135451BBBBBBBBBBBBBBBBBBBBBBBBBBBBBB">
              <conceptNameId>30602</conceptNameId>
              <concept reference="249"/>
              <name>CES-D</name>
              <locale id="254">fr</locale>
              <creator/>
              <dateCreated id="255">2016-01-27 03:34:48</dateCreated>
              <voided>false</voided>
              <tags class="set" id="256"/>
              <conceptNameType>FULLY_SPECIFIED</conceptNameType>
              <localePreferred>true</localePreferred>
            </org.openmrs.ConceptName>
            <org.openmrs.ConceptName id="257" uuid="135453BBBBBBBBBBBBBBBBBBBBBBBBBBBBBB">
              <conceptNameId>30603</conceptNameId>
              <concept reference="249"/>
              <name>Center for Epidemiologic Studies Depression Scale score</name>
              <locale id="258">en</locale>
              <creator/>
              <dateCreated id="259">2016-01-27 03:34:48</dateCreated>
              <voided>false</voided>
              <tags class="set" id="260"/>
              <conceptNameType>FULLY_SPECIFIED</conceptNameType>
              <localePreferred>true</localePreferred>
            </org.openmrs.ConceptName>
            <org.openmrs.ConceptName id="261" uuid="135452BBBBBBBBBBBBBBBBBBBBBBBBBBBBBB">
              <conceptNameId>30604</conceptNameId>
              <concept reference="249"/>
              <name>CES-D</name>
              <locale id="262">ht</locale>
              <creator/>
              <dateCreated id="263">2016-01-27 03:34:48</dateCreated>
              <voided>false</voided>
              <tags class="set" id="264"/>
              <conceptNameType>FULLY_SPECIFIED</conceptNameType>
              <localePreferred>true</localePreferred>
            </org.openmrs.ConceptName>
            <org.openmrs.ConceptName id="265" uuid="135450BBBBBBBBBBBBBBBBBBBBBBBBBBBBBB">
              <conceptNameId>30605</conceptNameId>
              <concept reference="249"/>
              <name>CES-D score</name>
              <locale id="266">en</locale>
              <creator/>
              <dateCreated id="267">2016-01-27 03:34:48</dateCreated>
              <voided>false</voided>
              <tags class="set" id="268"/>
              <localePreferred>false</localePreferred>
            </org.openmrs.ConceptName>
          </names>
          <answers class="set" id="269"/>
          <conceptSets class="set" id="270"/>
          <descriptions class="set" id="271"/>
          <conceptMappings class="set" id="272">
            <org.openmrs.ConceptMap id="273" uuid="279417ABBBBBBBBBBBBBBBBBBBBBBBBBBBBB">
              <conceptMapType reference="63"/>
              <creator/>
              <dateCreated id="274">2016-01-27 03:34:56</dateCreated>
              <conceptMapId>26110</conceptMapId>
              <concept reference="249"/>
              <conceptReferenceTerm id="275" resolves-to="org.openmrs.ConceptReferenceTerm" uuid="d4c6dc9a-09f7-3eae-b3b7-f49336a46875">
                <creator/>
                <dateCreated id="276">2016-01-26 05:00:00</dateCreated>
                <retired>false</retired>
                <conceptReferenceTermId>25452</conceptReferenceTermId>
                <conceptSource reference="68"/>
                <code>163228</code>
                <conceptReferenceTermMaps id="277"/>
              </conceptReferenceTerm>
            </org.openmrs.ConceptMap>
            <org.openmrs.ConceptMap id="278" uuid="279416ABBBBBBBBBBBBBBBBBBBBBBBBBBBBB">
              <conceptMapType reference="54"/>
              <creator/>
              <dateCreated id="279">2016-01-27 03:34:48</dateCreated>
              <conceptMapId>26111</conceptMapId>
              <concept reference="249"/>
              <conceptReferenceTerm id="280" resolves-to="org.openmrs.ConceptReferenceTerm" uuid="bfdd426b-2f30-3fdb-b8bf-3529ff182a46">
                <creator/>
                <dateCreated id="281">2016-01-26 05:00:00</dateCreated>
                <retired>false</retired>
                <conceptReferenceTermId>25453</conceptReferenceTermId>
                <conceptSource reference="59"/>
                <code>363870007</code>
                <conceptReferenceTermMaps id="282"/>
              </conceptReferenceTerm>
            </org.openmrs.ConceptMap>
          </conceptMappings>
          <hiAbsolute>80.0</hiAbsolute>
          <lowAbsolute>1.0</lowAbsolute>
          <precise>false</precise>
        </concept>
        <conceptSet reference="2"/>
        <sortWeight>7.0</sortWeight>
        <creator/>
        <dateCreated id="283">2016-02-08 18:12:47</dateCreated>
      </org.openmrs.ConceptSet>
      <org.openmrs.ConceptSet id="284" uuid="5fb1911e-f001-4429-9ce6-b063f5b2f6a9">
        <conceptSetId>6378</conceptSetId>
        <concept reference="100"/>
        <conceptSet reference="2"/>
        <sortWeight>3.0</sortWeight>
        <creator/>
        <dateCreated id="285">2016-02-08 18:12:47</dateCreated>
      </org.openmrs.ConceptSet>
      <org.openmrs.ConceptSet id="286" uuid="00438aec-d469-471b-9f4a-044ce7769287">
        <conceptSetId>6381</conceptSetId>
        <concept id="287" resolves-to="org.openmrs.Concept" uuid="163227AAAAAAAAAAAAAAAAAAAAAAAAAAAAAA">
          <conceptId>10591</conceptId>
          <retired>false</retired>
          <datatype id="288" resolves-to="org.openmrs.ConceptDatatype" uuid="8d4a48b6-c2cc-11de-8d13-0010c6dffd0f">
            <name>Coded</name>
            <description>Value determined by term dictionary lookup (i.e., term identifier)</description>
            <creator/>
            <dateCreated id="289">2004-02-02 00:00:00</dateCreated>
            <retired>false</retired>
            <conceptDatatypeId>2</conceptDatatypeId>
            <hl7Abbreviation>CWE</hl7Abbreviation>
          </datatype>
          <conceptClass reference="24"/>
          <set>false</set>
          <creator/>
          <dateCreated id="290">2016-01-26 23:59:31</dateCreated>
          <changedBy/>
          <dateChanged id="291">2016-02-08 18:20:03</dateChanged>
          <names class="set" id="292">
            <org.openmrs.ConceptName id="293" uuid="135448BBBBBBBBBBBBBBBBBBBBBBBBBBBBBB">
              <conceptNameId>30616</conceptNameId>
              <concept reference="287"/>
              <name>Abnormal Involuntary Movement Scale score</name>
              <locale id="294">en</locale>
              <creator/>
              <dateCreated id="295">2016-01-26 23:59:31</dateCreated>
              <voided>false</voided>
              <tags class="set" id="296"/>
              <conceptNameType>FULLY_SPECIFIED</conceptNameType>
              <localePreferred>true</localePreferred>
            </org.openmrs.ConceptName>
            <org.openmrs.ConceptName id="297" uuid="135446BBBBBBBBBBBBBBBBBBBBBBBBBBBBBB">
              <conceptNameId>30617</conceptNameId>
              <concept reference="287"/>
              <name>Echèl Mouvman Anòmal Envolontè</name>
              <locale id="298">ht</locale>
              <creator/>
              <dateCreated id="299">2016-01-26 23:59:31</dateCreated>
              <voided>false</voided>
              <tags class="set" id="300"/>
              <conceptNameType>FULLY_SPECIFIED</conceptNameType>
              <localePreferred>true</localePreferred>
            </org.openmrs.ConceptName>
            <org.openmrs.ConceptName id="301" uuid="135449BBBBBBBBBBBBBBBBBBBBBBBBBBBBBB">
              <conceptNameId>30618</conceptNameId>
              <concept reference="287"/>
              <name>AIMS score</name>
              <locale id="302">en</locale>
              <creator/>
              <dateCreated id="303">2016-01-26 23:59:31</dateCreated>
              <voided>false</voided>
              <tags class="set" id="304"/>
              <conceptNameType>SHORT</conceptNameType>
              <localePreferred>false</localePreferred>
            </org.openmrs.ConceptName>
            <org.openmrs.ConceptName id="305" uuid="135447BBBBBBBBBBBBBBBBBBBBBBBBBBBBBB">
              <conceptNameId>30619</conceptNameId>
              <concept reference="287"/>
              <name>AIMS score</name>
              <locale id="306">fr</locale>
              <creator/>
              <dateCreated id="307">2016-01-26 23:59:31</dateCreated>
              <voided>false</voided>
              <tags class="set" id="308"/>
              <conceptNameType>FULLY_SPECIFIED</conceptNameType>
              <localePreferred>true</localePreferred>
            </org.openmrs.ConceptName>
          </names>
          <answers class="set" id="309">
            <org.openmrs.ConceptAnswer id="310" uuid="5573CCCCCCCCCCCCCCCCCCCCCCCCCCCCCCCC">
              <conceptAnswerId>9389</conceptAnswerId>
              <concept reference="287"/>
              <answerConcept id="311" resolves-to="org.openmrs.Concept" uuid="3cd3a7a2-26fe-102b-80cb-0017a47871b2">
                <conceptId>703</conceptId>
                <retired>false</retired>
                <datatype reference="3"/>
                <conceptClass id="312" resolves-to="org.openmrs.ConceptClass" uuid="8d492774-c2cc-11de-8d13-0010c6dffd0f">
                  <name>Misc</name>
                  <description>Terms which don&apos;t fit other categories</description>
                  <creator/>
                  <dateCreated id="313">2015-07-01 17:25:50</dateCreated>
                  <retired>false</retired>
                  <conceptClassId>11</conceptClassId>
                </conceptClass>
                <set>false</set>
                <creator/>
                <dateCreated id="314">2004-01-01 00:00:00</dateCreated>
                <changedBy/>
                <dateChanged id="315">2016-02-08 18:20:04</dateChanged>
                <names class="set" id="316">
                  <org.openmrs.ConceptName id="317" uuid="108313BBBBBBBBBBBBBBBBBBBBBBBBBBBBBB">
                    <conceptNameId>30609</conceptNameId>
                    <concept reference="311"/>
                    <name>Positiva</name>
                    <locale id="318">es</locale>
                    <creator/>
                    <dateCreated id="319">2012-03-02 22:04:50</dateCreated>
                    <voided>false</voided>
                    <tags class="set" id="320"/>
                    <localePreferred>false</localePreferred>
                  </org.openmrs.ConceptName>
                  <org.openmrs.ConceptName id="321" uuid="0b8f3a98-15f5-102d-96e4-000c29c2a5d7">
                    <conceptNameId>8525</conceptNameId>
                    <concept reference="311"/>
                    <name>+</name>
                    <locale id="322">fr</locale>
                    <creator/>
                    <dateCreated id="323">2009-02-10 14:39:58</dateCreated>
                    <voided>false</voided>
                    <tags class="set" id="324">
                      <org.openmrs.ConceptNameTag id="325" uuid="693ec090-63d8-450b-8b6a-449f58b0066b">
                        <conceptNameTagId>20</conceptNameTagId>
                        <tag>short_fr</tag>
                        <description>short_fr</description>
                        <creator/>
                        <dateCreated id="326">2009-02-05 13:45:25</dateCreated>
                        <voided>false</voided>
                      </org.openmrs.ConceptNameTag>
                    </tags>
                    <localePreferred>false</localePreferred>
                  </org.openmrs.ConceptName>
                  <org.openmrs.ConceptName id="327" uuid="106895BBBBBBBBBBBBBBBBBBBBBBBBBBBBBB">
                    <conceptNameId>30606</conceptNameId>
                    <concept reference="311"/>
                    <name>ኣወንታዊ ውፅኢት መርመራ ወይ ፖዘቲቭ</name>
                    <locale id="328">ti</locale>
                    <creator/>
                    <dateCreated id="329">2010-10-24 19:52:07</dateCreated>
                    <voided>false</voided>
                    <tags class="set" id="330"/>
                    <conceptNameType>FULLY_SPECIFIED</conceptNameType>
                    <localePreferred>true</localePreferred>
                  </org.openmrs.ConceptName>
                  <org.openmrs.ConceptName id="331" uuid="93eaad9e-07d4-102c-b5fa-0017a47871b2">
                    <conceptNameId>6327</conceptNameId>
                    <concept reference="311"/>
                    <name>(+)</name>
                    <locale id="332">en</locale>
                    <creator/>
                    <dateCreated id="333">2004-12-02 00:00:00</dateCreated>
                    <voided>false</voided>
                    <tags class="set" id="334"/>
                    <localePreferred>false</localePreferred>
                  </org.openmrs.ConceptName>
                  <org.openmrs.ConceptName id="335" uuid="3e111b54-26fe-102b-80cb-0017a47871b2">
                    <conceptNameId>718</conceptNameId>
                    <concept reference="311"/>
                    <name>Positive</name>
                    <locale id="336">en</locale>
                    <creator/>
                    <dateCreated id="337">2004-01-01 00:00:00</dateCreated>
                    <voided>false</voided>
                    <tags class="set" id="338"/>
                    <conceptNameType>FULLY_SPECIFIED</conceptNameType>
                    <localePreferred>true</localePreferred>
                  </org.openmrs.ConceptName>
                  <org.openmrs.ConceptName id="339" uuid="108312BBBBBBBBBBBBBBBBBBBBBBBBBBBBBB">
                    <conceptNameId>30608</conceptNameId>
                    <concept reference="311"/>
                    <name>Positivo</name>
                    <locale id="340">es</locale>
                    <creator/>
                    <dateCreated id="341">2012-03-02 22:04:50</dateCreated>
                    <voided>false</voided>
                    <tags class="set" id="342"/>
                    <conceptNameType>FULLY_SPECIFIED</conceptNameType>
                    <localePreferred>true</localePreferred>
                  </org.openmrs.ConceptName>
                  <org.openmrs.ConceptName id="343" uuid="7dc5ec0a-0d37-4da4-bd87-2b01dc0765c8">
                    <conceptNameId>30243</conceptNameId>
                    <concept reference="311"/>
                    <name>Positif</name>
                    <locale id="344">fr</locale>
                    <creator/>
                    <dateCreated id="345">2015-07-29 22:05:40</dateCreated>
                    <voided>false</voided>
                    <tags class="set" id="346"/>
                    <conceptNameType>FULLY_SPECIFIED</conceptNameType>
                    <localePreferred>true</localePreferred>
                  </org.openmrs.ConceptName>
                  <org.openmrs.ConceptName id="347" uuid="110111BBBBBBBBBBBBBBBBBBBBBBBBBBBBBB">
                    <conceptNameId>30611</conceptNameId>
                    <concept reference="311"/>
                    <name>Chanya</name>
                    <locale id="348">sw</locale>
                    <creator/>
                    <dateCreated id="349">2012-08-10 23:13:43</dateCreated>
                    <voided>false</voided>
                    <tags class="set" id="350"/>
                    <conceptNameType>FULLY_SPECIFIED</conceptNameType>
                    <localePreferred>true</localePreferred>
                  </org.openmrs.ConceptName>
                  <org.openmrs.ConceptName id="351" uuid="95638efc-07d4-102c-b5fa-0017a47871b2">
                    <conceptNameId>7458</conceptNameId>
                    <concept reference="311"/>
                    <name>POS</name>
                    <locale id="352">en</locale>
                    <creator/>
                    <dateCreated id="353">2004-10-20 00:00:00</dateCreated>
                    <voided>false</voided>
                    <tags class="set" id="354"/>
                    <localePreferred>false</localePreferred>
                  </org.openmrs.ConceptName>
                  <org.openmrs.ConceptName id="355" uuid="f59b0fe4-d5db-102d-ad2a-000c29c2a5d7">
                    <conceptNameId>10312</conceptNameId>
                    <concept reference="311"/>
                    <name>POSITIF</name>
                    <locale id="356">fr</locale>
                    <creator/>
                    <dateCreated id="357">2010-06-29 13:03:15</dateCreated>
                    <voided>true</voided>
                    <voidedBy/>
                    <dateVoided id="358">2012-06-21 17:04:12</dateVoided>
                    <voidReason>Removed from user interface</voidReason>
                    <tags class="set" id="359"/>
                    <localePreferred>false</localePreferred>
                  </org.openmrs.ConceptName>
                  <org.openmrs.ConceptName id="360" uuid="108315BBBBBBBBBBBBBBBBBBBBBBBBBBBBBB">
                    <conceptNameId>30610</conceptNameId>
                    <concept reference="311"/>
                    <name>+</name>
                    <locale id="361">es</locale>
                    <creator/>
                    <dateCreated id="362">2012-03-02 22:04:50</dateCreated>
                    <voided>false</voided>
                    <tags class="set" id="363"/>
                    <localePreferred>false</localePreferred>
                  </org.openmrs.ConceptName>
                  <org.openmrs.ConceptName id="364" uuid="108314BBBBBBBBBBBBBBBBBBBBBBBBBBBBBB">
                    <conceptNameId>30607</conceptNameId>
                    <concept reference="311"/>
                    <name>POS</name>
                    <locale id="365">es</locale>
                    <creator/>
                    <dateCreated id="366">2012-03-02 22:04:50</dateCreated>
                    <voided>false</voided>
                    <tags class="set" id="367"/>
                    <localePreferred>false</localePreferred>
                  </org.openmrs.ConceptName>
                  <org.openmrs.ConceptName id="368" uuid="0b8f3930-15f5-102d-96e4-000c29c2a5d7">
                    <conceptNameId>8524</conceptNameId>
                    <concept reference="311"/>
                    <name>POSITIF</name>
                    <locale id="369">fr</locale>
                    <creator/>
                    <dateCreated id="370">2009-02-10 14:39:58</dateCreated>
                    <voided>true</voided>
                    <voidedBy/>
                    <dateVoided id="371">2015-07-29 22:05:40</dateVoided>
                    <voidReason>Removed from user interface</voidReason>
                    <tags class="set" id="372"/>
                    <localePreferred>true</localePreferred>
                  </org.openmrs.ConceptName>
                  <org.openmrs.ConceptName id="373" uuid="93eab85c-07d4-102c-b5fa-0017a47871b2">
                    <conceptNameId>6329</conceptNameId>
                    <concept reference="311"/>
                    <name>+</name>
                    <locale id="374">en</locale>
                    <creator/>
                    <dateCreated id="375">2004-12-02 00:00:00</dateCreated>
                    <voided>false</voided>
                    <tags class="set" id="376"/>
                    <localePreferred>false</localePreferred>
                  </org.openmrs.ConceptName>
                  <org.openmrs.ConceptName id="377" uuid="108316BBBBBBBBBBBBBBBBBBBBBBBBBBBBBB">
                    <conceptNameId>30622</conceptNameId>
                    <concept reference="311"/>
                    <name>(+)</name>
                    <locale id="378">es</locale>
                    <creator/>
                    <dateCreated id="379">2012-03-02 22:04:50</dateCreated>
                    <voided>false</voided>
                    <tags class="set" id="380"/>
                    <localePreferred>false</localePreferred>
                  </org.openmrs.ConceptName>
                </names>
                <answers class="set" id="381"/>
                <conceptSets class="set" id="382"/>
                <descriptions class="set" id="383">
                  <org.openmrs.ConceptDescription id="384" uuid="ecdfcb12-07fe-102c-b5fa-0017a47871b2">
                    <conceptDescriptionId>710</conceptDescriptionId>
                    <concept reference="311"/>
                    <description>General finding of a positive result.</description>
                    <locale id="385">en</locale>
                    <creator/>
                    <dateCreated id="386">2004-01-01 00:00:00</dateCreated>
                    <changedBy/>
                    <dateChanged id="387">2011-09-12 21:55:58</dateChanged>
                  </org.openmrs.ConceptDescription>
                  <org.openmrs.ConceptDescription id="388" uuid="703FFFFFFFFFFFFFFFFFFFFFFFFFFFFFFFFF">
                    <conceptDescriptionId>6991</conceptDescriptionId>
                    <concept reference="311"/>
                    <description>General finding of a positive result.</description>
                    <locale id="389">en</locale>
                    <creator/>
                    <dateCreated id="390">2004-01-01 05:00:00</dateCreated>
                    <dateChanged id="391">2012-08-10 23:13:43</dateChanged>
                  </org.openmrs.ConceptDescription>
                </descriptions>
                <conceptMappings class="set" id="392">
                  <org.openmrs.ConceptMap id="393" uuid="171151ABBBBBBBBBBBBBBBBBBBBBBBBBBBBB">
                    <conceptMapType reference="63"/>
                    <creator/>
                    <dateCreated id="394">2013-07-03 22:53:08</dateCreated>
                    <conceptMapId>26115</conceptMapId>
                    <concept reference="311"/>
                    <conceptReferenceTerm id="395" resolves-to="org.openmrs.ConceptReferenceTerm" uuid="afb6a56c-8146-337f-b552-05b713a2a17e">
                      <creator/>
                      <dateCreated id="396">2011-09-12 00:00:00</dateCreated>
                      <changedBy/>
                      <dateChanged id="397">2014-06-13 19:17:37</dateChanged>
                      <retired>false</retired>
                      <conceptReferenceTermId>13198</conceptReferenceTermId>
                      <conceptSource reference="68"/>
                      <code>703</code>
                      <conceptReferenceTermMaps id="398"/>
                    </conceptReferenceTerm>
                  </org.openmrs.ConceptMap>
                  <org.openmrs.ConceptMap id="399" uuid="134410ABBBBBBBBBBBBBBBBBBBBBBBBBBBBB">
                    <conceptMapType reference="63"/>
                    <creator/>
                    <dateCreated id="400">2010-10-24 17:09:59</dateCreated>
                    <conceptMapId>26116</conceptMapId>
                    <concept reference="311"/>
                    <conceptReferenceTerm id="401" resolves-to="org.openmrs.ConceptReferenceTerm" uuid="b44821a5-8cbf-3ce7-a253-e02b3103d7b4">
                      <description>From Excel</description>
                      <creator/>
                      <dateCreated id="402">2010-10-24 00:00:00</dateCreated>
                      <retired>false</retired>
                      <conceptReferenceTermId>13200</conceptReferenceTermId>
                      <conceptSource id="403" resolves-to="org.openmrs.ConceptSource" uuid="13ADDDDDDDDDDDDDDDDDDDDDDDDDDDDDDDDD">
                        <name>AMPATH</name>
                        <description>AMPATH concept dictionary</description>
                        <creator/>
                        <dateCreated id="404">2015-07-01 17:25:50</dateCreated>
                        <retired>false</retired>
                        <conceptSourceId>10</conceptSourceId>
                      </conceptSource>
                      <code>704</code>
                      <conceptReferenceTermMaps id="405"/>
                    </conceptReferenceTerm>
                  </org.openmrs.ConceptMap>
                  <org.openmrs.ConceptMap id="406" uuid="133196ABBBBBBBBBBBBBBBBBBBBBBBBBBBBB">
                    <conceptMapType reference="63"/>
                    <creator/>
                    <changedBy/>
                    <dateCreated id="407">2010-09-20 17:27:10</dateCreated>
                    <dateChanged id="408">2012-06-21 16:49:52</dateChanged>
                    <conceptMapId>13199</conceptMapId>
                    <concept reference="311"/>
                    <conceptReferenceTerm id="409" resolves-to="org.openmrs.ConceptReferenceTerm" uuid="ca183449-7a70-339f-81dd-d4b72cd9d068">
                      <creator/>
                      <dateCreated id="410">2010-09-20 00:00:00</dateCreated>
                      <retired>false</retired>
                      <conceptReferenceTermId>13199</conceptReferenceTermId>
                      <conceptSource id="411" resolves-to="org.openmrs.ConceptSource" uuid="fb9aaaf1-65e2-4c18-b53c-16b575f2f385">
                        <name>PIH</name>
                        <description>Partners In Health concept dictionary using concept ids and preferred English names</description>
                        <creator/>
                        <dateCreated id="412">2015-07-01 17:25:50</dateCreated>
                        <retired>false</retired>
                        <conceptSourceId>5</conceptSourceId>
                      </conceptSource>
                      <code>703</code>
                      <conceptReferenceTermMaps id="413"/>
                    </conceptReferenceTerm>
                  </org.openmrs.ConceptMap>
                  <org.openmrs.ConceptMap id="414" uuid="7510c216-4943-102e-96e9-000c29c2a5d7">
                    <conceptMapType reference="63"/>
                    <creator/>
                    <changedBy/>
                    <dateCreated id="415">2010-11-24 12:49:58</dateCreated>
                    <dateChanged id="416">2012-06-21 16:49:52</dateChanged>
                    <conceptMapId>6634</conceptMapId>
                    <concept reference="311"/>
                    <conceptReferenceTerm id="417" resolves-to="org.openmrs.ConceptReferenceTerm" uuid="fd3ec7d5-c4d8-369d-8289-6fe3a1f3af0c">
                      <creator/>
                      <dateCreated id="418">2010-11-24 00:00:00</dateCreated>
                      <retired>false</retired>
                      <conceptReferenceTermId>6634</conceptReferenceTermId>
                      <conceptSource reference="411"/>
                      <code>POSITIVE</code>
                      <conceptReferenceTermMaps id="419"/>
                    </conceptReferenceTerm>
                  </org.openmrs.ConceptMap>
                  <org.openmrs.ConceptMap id="420" uuid="134409ABBBBBBBBBBBBBBBBBBBBBBBBBBBBB">
                    <conceptMapType reference="63"/>
                    <creator/>
                    <dateCreated id="421">2010-10-24 17:09:59</dateCreated>
                    <conceptMapId>26117</conceptMapId>
                    <concept reference="311"/>
                    <conceptReferenceTerm id="422" resolves-to="org.openmrs.ConceptReferenceTerm" uuid="f7ea97d1-9888-3da7-8dfd-68950adb3ffe">
                      <description>From Excel</description>
                      <creator/>
                      <dateCreated id="423">2010-10-24 00:00:00</dateCreated>
                      <retired>false</retired>
                      <conceptReferenceTermId>13201</conceptReferenceTermId>
                      <conceptSource reference="403"/>
                      <code>703</code>
                      <conceptReferenceTermMaps id="424"/>
                    </conceptReferenceTerm>
                  </org.openmrs.ConceptMap>
                  <org.openmrs.ConceptMap id="425" uuid="fe46ee5c-5b68-102e-96e9-000c29c2a5d7">
                    <conceptMapType reference="63"/>
                    <creator/>
                    <changedBy/>
                    <dateCreated id="426">2010-12-17 00:00:00</dateCreated>
                    <dateChanged id="427">2012-06-21 16:49:52</dateChanged>
                    <conceptMapId>11725</conceptMapId>
                    <concept reference="311"/>
                    <conceptReferenceTerm id="428" resolves-to="org.openmrs.ConceptReferenceTerm" uuid="2ed6ffbd-5f7f-3d39-8942-ab68a0618882">
                      <creator/>
                      <dateCreated id="429">2010-12-17 00:00:00</dateCreated>
                      <retired>false</retired>
                      <conceptReferenceTermId>11725</conceptReferenceTermId>
                      <conceptSource id="430" resolves-to="org.openmrs.ConceptSource" uuid="ddb6b595-0b85-4a80-9243-efe4ba404eef">
                        <name>org.openmrs.module.mdrtb</name>
                        <description>Concepts used with the MDR-TB module</description>
                        <creator/>
                        <dateCreated id="431">2015-07-01 17:25:50</dateCreated>
                        <retired>false</retired>
                        <conceptSourceId>4</conceptSourceId>
                      </conceptSource>
                      <code>POSITIVE</code>
                      <conceptReferenceTermMaps id="432"/>
                    </conceptReferenceTerm>
                  </org.openmrs.ConceptMap>
                  <org.openmrs.ConceptMap id="433" uuid="133595ABBBBBBBBBBBBBBBBBBBBBBBBBBBBB">
                    <conceptMapType reference="63"/>
                    <creator/>
                    <changedBy/>
                    <dateCreated id="434">2010-09-20 21:35:38</dateCreated>
                    <dateChanged id="435">2012-06-21 16:49:52</dateChanged>
                    <conceptMapId>13197</conceptMapId>
                    <concept reference="311"/>
                    <conceptReferenceTerm id="436" resolves-to="org.openmrs.ConceptReferenceTerm" uuid="1163db8c-017c-35a8-bcde-00fe8c42fb3c">
                      <creator/>
                      <dateCreated id="437">2010-09-20 00:00:00</dateCreated>
                      <retired>false</retired>
                      <conceptReferenceTermId>13197</conceptReferenceTermId>
                      <conceptSource id="438" resolves-to="org.openmrs.ConceptSource" uuid="1ADDDDDDDDDDDDDDDDDDDDDDDDDDDDDDDDDD">
                        <name>SNOMED CT</name>
                        <description>SNOMED Preferred mapping</description>
                        <creator/>
                        <dateCreated id="439">2015-07-01 17:25:50</dateCreated>
                        <retired>false</retired>
                        <conceptSourceId>6</conceptSourceId>
                        <hl7Code>SCT</hl7Code>
                      </conceptSource>
                      <code>10828004</code>
                      <conceptReferenceTermMaps id="440"/>
                    </conceptReferenceTerm>
                  </org.openmrs.ConceptMap>
                </conceptMappings>
              </answerConcept>
              <creator/>
              <dateCreated id="441">2016-01-26 23:59:31</dateCreated>
              <sortWeight>5573.0</sortWeight>
            </org.openmrs.ConceptAnswer>
            <org.openmrs.ConceptAnswer id="442" uuid="5572CCCCCCCCCCCCCCCCCCCCCCCCCCCCCCCC">
              <conceptAnswerId>9390</conceptAnswerId>
              <concept reference="287"/>
              <answerConcept id="443" resolves-to="org.openmrs.Concept" uuid="3cd28732-26fe-102b-80cb-0017a47871b2">
                <conceptId>664</conceptId>
                <retired>false</retired>
                <datatype reference="3"/>
                <conceptClass reference="312"/>
                <set>false</set>
                <creator/>
                <dateCreated id="444">2004-01-01 00:00:00</dateCreated>
                <changedBy/>
                <dateChanged id="445">2016-02-08 18:20:04</dateChanged>
                <names class="set" id="446">
                  <org.openmrs.ConceptName id="447" uuid="956e89a6-07d4-102c-b5fa-0017a47871b2">
                    <conceptNameId>7281</conceptNameId>
                    <concept reference="443"/>
                    <name>NEG</name>
                    <locale id="448">en</locale>
                    <creator/>
                    <dateCreated id="449">2004-10-20 00:00:00</dateCreated>
                    <voided>false</voided>
                    <tags class="set" id="450"/>
                    <localePreferred>false</localePreferred>
                  </org.openmrs.ConceptName>
                  <org.openmrs.ConceptName id="451" uuid="f5991072-d5db-102d-ad2a-000c29c2a5d7">
                    <conceptNameId>10296</conceptNameId>
                    <concept reference="443"/>
                    <name>NÉGATIF</name>
                    <locale id="452">fr</locale>
                    <creator/>
                    <dateCreated id="453">2010-06-29 13:03:15</dateCreated>
                    <voided>true</voided>
                    <voidedBy/>
                    <dateVoided id="454">2012-06-21 17:02:25</dateVoided>
                    <voidReason>Removed from user interface</voidReason>
                    <tags class="set" id="455"/>
                    <localePreferred>false</localePreferred>
                  </org.openmrs.ConceptName>
                  <org.openmrs.ConceptName id="456" uuid="956e817c-07d4-102c-b5fa-0017a47871b2">
                    <conceptNameId>6333</conceptNameId>
                    <concept reference="443"/>
                    <name>-</name>
                    <locale id="457">en</locale>
                    <creator/>
                    <dateCreated id="458">2004-12-02 00:00:00</dateCreated>
                    <voided>false</voided>
                    <tags class="set" id="459"/>
                    <localePreferred>false</localePreferred>
                  </org.openmrs.ConceptName>
                  <org.openmrs.ConceptName id="460" uuid="108331BBBBBBBBBBBBBBBBBBBBBBBBBBBBBB">
                    <conceptNameId>30615</conceptNameId>
                    <concept reference="443"/>
                    <name>NEG</name>
                    <locale id="461">es</locale>
                    <creator/>
                    <dateCreated id="462">2012-03-04 23:57:43</dateCreated>
                    <voided>false</voided>
                    <tags class="set" id="463"/>
                    <localePreferred>false</localePreferred>
                  </org.openmrs.ConceptName>
                  <org.openmrs.ConceptName id="464" uuid="0b8ecfa4-15f5-102d-96e4-000c29c2a5d7">
                    <conceptNameId>8438</conceptNameId>
                    <concept reference="443"/>
                    <name>NÉGATIF</name>
                    <locale id="465">fr</locale>
                    <creator/>
                    <dateCreated id="466">2009-02-10 14:39:58</dateCreated>
                    <voided>true</voided>
                    <voidedBy/>
                    <dateVoided id="467">2015-07-29 22:11:05</dateVoided>
                    <voidReason>Removed from user interface</voidReason>
                    <tags class="set" id="468"/>
                    <localePreferred>true</localePreferred>
                  </org.openmrs.ConceptName>
                  <org.openmrs.ConceptName id="469" uuid="110112BBBBBBBBBBBBBBBBBBBBBBBBBBBBBB">
                    <conceptNameId>30613</conceptNameId>
                    <concept reference="443"/>
                    <name>Hasi</name>
                    <locale id="470">sw</locale>
                    <creator/>
                    <dateCreated id="471">2012-08-10 23:14:26</dateCreated>
                    <voided>false</voided>
                    <tags class="set" id="472"/>
                    <conceptNameType>FULLY_SPECIFIED</conceptNameType>
                    <localePreferred>true</localePreferred>
                  </org.openmrs.ConceptName>
                  <org.openmrs.ConceptName id="473" uuid="0b5abf52-15f5-102d-96e4-000c29c2a5d7">
                    <conceptNameId>678</conceptNameId>
                    <concept reference="443"/>
                    <name>Negative</name>
                    <locale id="474">en</locale>
                    <creator/>
                    <dateCreated id="475">2004-01-01 00:00:00</dateCreated>
                    <voided>false</voided>
                    <tags class="set" id="476"/>
                    <conceptNameType>FULLY_SPECIFIED</conceptNameType>
                    <localePreferred>true</localePreferred>
                  </org.openmrs.ConceptName>
                  <org.openmrs.ConceptName id="477" uuid="108332BBBBBBBBBBBBBBBBBBBBBBBBBBBBBB">
                    <conceptNameId>30623</conceptNameId>
                    <concept reference="443"/>
                    <name>(-)</name>
                    <locale id="478">es</locale>
                    <creator/>
                    <dateCreated id="479">2012-03-04 23:57:43</dateCreated>
                    <voided>false</voided>
                    <tags class="set" id="480"/>
                    <localePreferred>false</localePreferred>
                  </org.openmrs.ConceptName>
                  <org.openmrs.ConceptName id="481" uuid="108329BBBBBBBBBBBBBBBBBBBBBBBBBBBBBB">
                    <conceptNameId>30614</conceptNameId>
                    <concept reference="443"/>
                    <name>Negativo</name>
                    <locale id="482">es</locale>
                    <creator/>
                    <dateCreated id="483">2012-03-04 23:57:43</dateCreated>
                    <voided>false</voided>
                    <tags class="set" id="484"/>
                    <conceptNameType>FULLY_SPECIFIED</conceptNameType>
                    <localePreferred>true</localePreferred>
                  </org.openmrs.ConceptName>
                  <org.openmrs.ConceptName id="485" uuid="1e975eac-0844-4ff7-965b-4602b842a9a8">
                    <conceptNameId>8439</conceptNameId>
                    <concept reference="443"/>
                    <name>-</name>
                    <locale id="486">fr</locale>
                    <creator/>
                    <dateCreated id="487">2009-02-10 14:39:58</dateCreated>
                    <voided>false</voided>
                    <tags class="set" id="488">
                      <org.openmrs.ConceptNameTag reference="325"/>
                    </tags>
                    <localePreferred>false</localePreferred>
                  </org.openmrs.ConceptName>
                  <org.openmrs.ConceptName id="489" uuid="44a324a8-a771-4357-916e-1463d77b52c9">
                    <conceptNameId>30246</conceptNameId>
                    <concept reference="443"/>
                    <name>Négatif</name>
                    <locale id="490">fr</locale>
                    <creator/>
                    <dateCreated id="491">2015-07-29 22:11:05</dateCreated>
                    <voided>false</voided>
                    <tags class="set" id="492"/>
                    <conceptNameType>FULLY_SPECIFIED</conceptNameType>
                    <localePreferred>true</localePreferred>
                  </org.openmrs.ConceptName>
                  <org.openmrs.ConceptName id="493" uuid="108330BBBBBBBBBBBBBBBBBBBBBBBBBBBBBB">
                    <conceptNameId>30612</conceptNameId>
                    <concept reference="443"/>
                    <name>Negativa</name>
                    <locale id="494">es</locale>
                    <creator/>
                    <dateCreated id="495">2012-03-04 23:57:43</dateCreated>
                    <voided>false</voided>
                    <tags class="set" id="496"/>
                    <localePreferred>false</localePreferred>
                  </org.openmrs.ConceptName>
                  <org.openmrs.ConceptName id="497" uuid="0b7b31ba-15f5-102d-96e4-000c29c2a5d7">
                    <conceptNameId>5448</conceptNameId>
                    <concept reference="443"/>
                    <name>-</name>
                    <locale id="498">en</locale>
                    <creator/>
                    <dateCreated id="499">2004-01-01 00:00:00</dateCreated>
                    <voided>false</voided>
                    <tags class="set" id="500"/>
                    <conceptNameType>SHORT</conceptNameType>
                    <localePreferred>false</localePreferred>
                  </org.openmrs.ConceptName>
                  <org.openmrs.ConceptName id="501" uuid="956e8582-07d4-102c-b5fa-0017a47871b2">
                    <conceptNameId>6328</conceptNameId>
                    <concept reference="443"/>
                    <name>(-)</name>
                    <locale id="502">en</locale>
                    <creator/>
                    <dateCreated id="503">2004-12-02 00:00:00</dateCreated>
                    <voided>false</voided>
                    <tags class="set" id="504"/>
                    <localePreferred>false</localePreferred>
                  </org.openmrs.ConceptName>
                </names>
                <answers class="set" id="505"/>
                <conceptSets class="set" id="506"/>
                <descriptions class="set" id="507">
                  <org.openmrs.ConceptDescription id="508" uuid="ed1fe21a-07fe-102c-b5fa-0017a47871b2">
                    <conceptDescriptionId>671</conceptDescriptionId>
                    <concept reference="443"/>
                    <description>Response to a finding or test result.</description>
                    <locale id="509">en</locale>
                    <creator/>
                    <dateCreated id="510">2004-01-01 00:00:00</dateCreated>
                    <changedBy/>
                    <dateChanged id="511">2011-09-12 21:55:58</dateChanged>
                  </org.openmrs.ConceptDescription>
                  <org.openmrs.ConceptDescription id="512" uuid="664FFFFFFFFFFFFFFFFFFFFFFFFFFFFFFFFF">
                    <conceptDescriptionId>6992</conceptDescriptionId>
                    <concept reference="443"/>
                    <description>Response to a finding or test result.</description>
                    <locale id="513">en</locale>
                    <creator/>
                    <dateCreated id="514">2004-01-01 05:00:00</dateCreated>
                    <dateChanged id="515">2012-08-10 23:14:26</dateChanged>
                  </org.openmrs.ConceptDescription>
                </descriptions>
                <conceptMappings class="set" id="516">
                  <org.openmrs.ConceptMap id="517" uuid="134375ABBBBBBBBBBBBBBBBBBBBBBBBBBBBB">
                    <conceptMapType reference="63"/>
                    <creator/>
                    <dateCreated id="518">2010-10-24 17:09:59</dateCreated>
                    <conceptMapId>26118</conceptMapId>
                    <concept reference="443"/>
                    <conceptReferenceTerm id="519" resolves-to="org.openmrs.ConceptReferenceTerm" uuid="60a6399e-3b1b-35f7-ba68-6ee53827d969">
                      <description>From Excel</description>
                      <creator/>
                      <dateCreated id="520">2010-10-24 00:00:00</dateCreated>
                      <retired>false</retired>
                      <conceptReferenceTermId>13193</conceptReferenceTermId>
                      <conceptSource reference="403"/>
                      <code>664</code>
                      <conceptReferenceTermMaps id="521"/>
                    </conceptReferenceTerm>
                  </org.openmrs.ConceptMap>
                  <org.openmrs.ConceptMap id="522" uuid="fe46dbc4-5b68-102e-96e9-000c29c2a5d7">
                    <conceptMapType reference="63"/>
                    <creator/>
                    <changedBy/>
                    <dateCreated id="523">2010-12-17 00:00:00</dateCreated>
                    <dateChanged id="524">2012-06-21 16:49:52</dateChanged>
                    <conceptMapId>11724</conceptMapId>
                    <concept reference="443"/>
                    <conceptReferenceTerm id="525" resolves-to="org.openmrs.ConceptReferenceTerm" uuid="0e2a38d2-5754-3f76-8ac1-0fbbe4f616d3">
                      <creator/>
                      <dateCreated id="526">2010-12-17 00:00:00</dateCreated>
                      <retired>false</retired>
                      <conceptReferenceTermId>11724</conceptReferenceTermId>
                      <conceptSource reference="430"/>
                      <code>NEGATIVE</code>
                      <conceptReferenceTermMaps id="527"/>
                    </conceptReferenceTerm>
                  </org.openmrs.ConceptMap>
                  <org.openmrs.ConceptMap id="528" uuid="134376ABBBBBBBBBBBBBBBBBBBBBBBBBBBBB">
                    <conceptMapType reference="63"/>
                    <creator/>
                    <dateCreated id="529">2010-10-24 17:09:59</dateCreated>
                    <conceptMapId>26119</conceptMapId>
                    <concept reference="443"/>
                    <conceptReferenceTerm id="530" resolves-to="org.openmrs.ConceptReferenceTerm" uuid="468974d1-05ed-3ff2-9db9-7f5b3a8d35fa">
                      <description>From Excel</description>
                      <creator/>
                      <dateCreated id="531">2010-10-24 00:00:00</dateCreated>
                      <retired>false</retired>
                      <conceptReferenceTermId>13196</conceptReferenceTermId>
                      <conceptSource reference="403"/>
                      <code>665</code>
                      <conceptReferenceTermMaps id="532"/>
                    </conceptReferenceTerm>
                  </org.openmrs.ConceptMap>
                  <org.openmrs.ConceptMap id="533" uuid="75106924-4943-102e-96e9-000c29c2a5d7">
                    <conceptMapType reference="63"/>
                    <creator/>
                    <changedBy/>
                    <dateCreated id="534">2010-11-24 12:49:58</dateCreated>
                    <dateChanged id="535">2012-06-21 16:49:52</dateChanged>
                    <conceptMapId>6595</conceptMapId>
                    <concept reference="443"/>
                    <conceptReferenceTerm id="536" resolves-to="org.openmrs.ConceptReferenceTerm" uuid="85d6acb1-980d-32fc-a552-5d5bf1b8135b">
                      <creator/>
                      <dateCreated id="537">2010-11-24 00:00:00</dateCreated>
                      <retired>false</retired>
                      <conceptReferenceTermId>6595</conceptReferenceTermId>
                      <conceptSource reference="411"/>
                      <code>NEGATIVE</code>
                      <conceptReferenceTermMaps id="538"/>
                    </conceptReferenceTerm>
                  </org.openmrs.ConceptMap>
                  <org.openmrs.ConceptMap id="539" uuid="143587ABBBBBBBBBBBBBBBBBBBBBBBBBBBBB">
                    <conceptMapType reference="63"/>
                    <creator/>
                    <changedBy/>
                    <dateCreated id="540">2011-05-17 16:43:33</dateCreated>
                    <dateChanged id="541">2012-06-21 16:49:52</dateChanged>
                    <conceptMapId>13192</conceptMapId>
                    <concept reference="443"/>
                    <conceptReferenceTerm id="542" resolves-to="org.openmrs.ConceptReferenceTerm" uuid="2676fd8d-8614-36de-8cc0-0864af2eb7e2">
                      <creator/>
                      <dateCreated id="543">2011-05-17 00:00:00</dateCreated>
                      <retired>false</retired>
                      <conceptReferenceTermId>13192</conceptReferenceTermId>
                      <conceptSource reference="411"/>
                      <code>664</code>
                      <conceptReferenceTermMaps id="544"/>
                    </conceptReferenceTerm>
                  </org.openmrs.ConceptMap>
                  <org.openmrs.ConceptMap id="545" uuid="133725ABBBBBBBBBBBBBBBBBBBBBBBBBBBBB">
                    <conceptMapType reference="63"/>
                    <creator/>
                    <changedBy/>
                    <dateCreated id="546">2010-09-30 14:37:19</dateCreated>
                    <dateChanged id="547">2012-06-21 16:49:52</dateChanged>
                    <conceptMapId>13195</conceptMapId>
                    <concept reference="443"/>
                    <conceptReferenceTerm id="548" resolves-to="org.openmrs.ConceptReferenceTerm" uuid="2521d33d-9a07-3c19-8fa8-3f9daac9dab9">
                      <creator/>
                      <dateCreated id="549">2010-09-30 00:00:00</dateCreated>
                      <retired>false</retired>
                      <conceptReferenceTermId>13195</conceptReferenceTermId>
                      <conceptSource reference="438"/>
                      <code>260385009</code>
                      <conceptReferenceTermMaps id="550"/>
                    </conceptReferenceTerm>
                  </org.openmrs.ConceptMap>
                </conceptMappings>
              </answerConcept>
              <creator/>
              <dateCreated id="551">2016-01-26 23:59:31</dateCreated>
              <sortWeight>5572.0</sortWeight>
            </org.openmrs.ConceptAnswer>
          </answers>
          <conceptSets class="set" id="552"/>
          <descriptions class="set" id="553">
            <org.openmrs.ConceptDescription id="554" uuid="17647FFFFFFFFFFFFFFFFFFFFFFFFFFFFFFF">
              <conceptDescriptionId>6990</conceptDescriptionId>
              <concept reference="287"/>
              <description>The AIMS Score is used to monitor persons taking antispychotic medications and provides a method for on-going surveillance.</description>
              <locale id="555">en</locale>
              <creator/>
              <dateCreated id="556">2016-01-26 23:59:31</dateCreated>
              <dateChanged id="557">2016-01-26 23:59:43</dateChanged>
            </org.openmrs.ConceptDescription>
          </descriptions>
          <conceptMappings class="set" id="558">
            <org.openmrs.ConceptMap id="559" uuid="279415ABBBBBBBBBBBBBBBBBBBBBBBBBBBBB">
              <conceptMapType reference="63"/>
              <creator/>
              <dateCreated id="560">2016-01-26 23:59:43</dateCreated>
              <conceptMapId>26112</conceptMapId>
              <concept reference="287"/>
              <conceptReferenceTerm id="561" resolves-to="org.openmrs.ConceptReferenceTerm" uuid="7e5ec947-8ab3-36bc-8f1f-81ebd79913df">
                <creator/>
                <dateCreated id="562">2016-01-26 05:00:00</dateCreated>
                <retired>false</retired>
                <conceptReferenceTermId>25454</conceptReferenceTermId>
                <conceptSource reference="68"/>
                <code>163227</code>
                <conceptReferenceTermMaps id="563"/>
              </conceptReferenceTerm>
            </org.openmrs.ConceptMap>
            <org.openmrs.ConceptMap id="564" uuid="279414ABBBBBBBBBBBBBBBBBBBBBBBBBBBBB">
              <conceptMapType reference="54"/>
              <creator/>
              <dateCreated id="565">2016-01-26 23:59:31</dateCreated>
              <conceptMapId>26113</conceptMapId>
              <concept reference="287"/>
              <conceptReferenceTerm id="566" resolves-to="org.openmrs.ConceptReferenceTerm" uuid="0c3ae2c6-84fe-3ae8-86e4-1413eb56f49d">
                <creator/>
                <dateCreated id="567">2016-01-26 05:00:00</dateCreated>
                <retired>false</retired>
                <conceptReferenceTermId>25455</conceptReferenceTermId>
                <conceptSource reference="59"/>
                <code>273256000</code>
                <conceptReferenceTermMaps id="568"/>
              </conceptReferenceTerm>
            </org.openmrs.ConceptMap>
            <org.openmrs.ConceptMap id="569" uuid="279413ABBBBBBBBBBBBBBBBBBBBBBBBBBBBB">
              <conceptMapType reference="54"/>
              <creator/>
              <dateCreated id="570">2016-01-26 23:59:31</dateCreated>
              <conceptMapId>26114</conceptMapId>
              <concept reference="287"/>
              <conceptReferenceTerm id="571" resolves-to="org.openmrs.ConceptReferenceTerm" uuid="69d003ab-46cb-332f-b028-37a430ed18c1">
                <creator/>
                <dateCreated id="572">2015-02-27 05:00:00</dateCreated>
                <retired>false</retired>
                <conceptReferenceTermId>25456</conceptReferenceTermId>
                <conceptSource reference="59"/>
                <code>363788007</code>
                <conceptReferenceTermMaps id="573"/>
              </conceptReferenceTerm>
            </org.openmrs.ConceptMap>
          </conceptMappings>
        </concept>
        <conceptSet reference="2"/>
        <sortWeight>6.0</sortWeight>
        <creator/>
        <dateCreated id="574">2016-02-08 18:12:47</dateCreated>
      </org.openmrs.ConceptSet>
      <org.openmrs.ConceptSet id="575" uuid="5f8cd290-6f40-4493-bbfd-888a55bda8fa">
        <conceptSetId>6380</conceptSetId>
        <concept reference="161"/>
        <conceptSet reference="2"/>
        <sortWeight>2.0</sortWeight>
        <creator/>
        <dateCreated id="576">2016-02-08 18:12:47</dateCreated>
      </org.openmrs.ConceptSet>
    </conceptSets>
    <descriptions class="set" id="577"/>
    <conceptMappings class="set" id="578"/>
  </org.openmrs.Concept>
</list>
