<?xml version="1.0" encoding="UTF-8"?>
<list id="1">
  <org.openmrs.Concept id="2" uuid="cef4a703-8521-4c2d-9932-d1429a57e684">
    <conceptId>9070</conceptId>
    <retired>false</retired>
    <datatype id="3" resolves-to="org.openmrs.ConceptDatatype" uuid="8d4a4c94-c2cc-11de-8d13-0010c6dffd0f">
      <name>N/A</name>
      <description>Not associated with a datatype (e.g., term answers, sets)</description>
      <creator/>
      <dateCreated id="4">2004-02-02 05:00:00</dateCreated>
      <retired>false</retired>
      <conceptDatatypeId>4</conceptDatatypeId>
      <hl7Abbreviation>ZZ</hl7Abbreviation>
    </datatype>
    <conceptClass id="5" resolves-to="org.openmrs.ConceptClass" uuid="8d492594-c2cc-11de-8d13-0010c6dffd0f">
      <name>ConvSet</name>
      <description>Term to describe convenience sets</description>
      <creator/>
      <dateCreated id="6">2004-03-02 00:00:00</dateCreated>
      <retired>false</retired>
      <conceptClassId>10</conceptClassId>
    </conceptClass>
    <set>true</set>
    <creator/>
    <dateCreated id="7">2013-08-29 20:10:39</dateCreated>
    <changedBy/>
    <dateChanged id="8">2013-09-09 19:54:10</dateChanged>
    <names class="set" id="9">
      <org.openmrs.ConceptName id="10" uuid="1b58c172-8deb-42b9-92ad-b80c7b016025">
        <conceptNameId>23556</conceptNameId>
        <concept reference="2"/>
        <name>Dispensing Construct</name>
        <locale id="11">en</locale>
        <creator/>
        <dateCreated id="12">2013-08-29 20:10:39</dateCreated>
        <voided>false</voided>
        <tags class="set" id="13"/>
        <conceptNameType>FULLY_SPECIFIED</conceptNameType>
        <localePreferred>true</localePreferred>
      </org.openmrs.ConceptName>
    </names>
    <answers class="set" id="14"/>
    <conceptSets class="set" id="15">
      <org.openmrs.ConceptSet id="16" uuid="af13eb80-d503-48d4-a6ea-54cbd197c10c">
        <conceptSetId>4592</conceptSetId>
        <concept id="17" resolves-to="org.openmrs.ConceptNumeric" uuid="159368AAAAAAAAAAAAAAAAAAAAAAAAAAAAAA">
          <conceptId>9075</conceptId>
          <retired>false</retired>
          <datatype id="18" resolves-to="org.openmrs.ConceptDatatype" uuid="8d4a4488-c2cc-11de-8d13-0010c6dffd0f">
            <name>Numeric</name>
            <description>Numeric value, including integer or float (e.g., creatinine, weight)</description>
            <creator/>
            <dateCreated id="19">2004-02-02 00:00:00</dateCreated>
            <retired>false</retired>
            <conceptDatatypeId>1</conceptDatatypeId>
            <hl7Abbreviation>NM</hl7Abbreviation>
          </datatype>
          <conceptClass id="20" resolves-to="org.openmrs.ConceptClass" uuid="8d491e50-c2cc-11de-8d13-0010c6dffd0f">
            <name>Question</name>
            <description>Question (eg, patient history, SF36 items)</description>
            <creator/>
            <dateCreated id="21">2004-03-02 00:00:00</dateCreated>
            <retired>false</retired>
            <conceptClassId>7</conceptClassId>
          </conceptClass>
          <set>false</set>
          <creator/>
          <dateCreated id="22">2010-08-23 23:10:11</dateCreated>
          <changedBy/>
          <dateChanged id="23">2013-09-09 19:51:02</dateChanged>
          <names class="set" id="24">
            <org.openmrs.ConceptName id="25" uuid="106434BBBBBBBBBBBBBBBBBBBBBBBBBBBBBB">
              <conceptNameId>23562</conceptNameId>
              <concept reference="17"/>
              <name>Medication duration</name>
              <locale id="26">en</locale>
              <creator/>
              <dateCreated id="27">2010-08-23 23:10:11</dateCreated>
              <voided>false</voided>
              <tags class="set" id="28"/>
              <conceptNameType>FULLY_SPECIFIED</conceptNameType>
              <localePreferred>true</localePreferred>
            </org.openmrs.ConceptName>
          </names>
          <answers class="set" id="29"/>
          <conceptSets class="set" id="30"/>
          <descriptions class="set" id="31">
            <org.openmrs.ConceptDescription id="32" uuid="16000FFFFFFFFFFFFFFFFFFFFFFFFFFFFFFF">
              <conceptDescriptionId>6388</conceptDescriptionId>
              <concept reference="17"/>
              <description>Length of time medication was taken for medication history. Use with duration units.</description>
              <locale id="33">en</locale>
              <creator/>
              <dateCreated id="34">2010-08-23 23:10:11</dateCreated>
            </org.openmrs.ConceptDescription>
          </descriptions>
          <conceptMappings class="set" id="35">
            <org.openmrs.ConceptMap id="36" uuid="216526ABBBBBBBBBBBBBBBBBBBBBBBBBBBBB">
              <conceptMapType id="37" resolves-to="org.openmrs.ConceptMapType" uuid="35543629-7d8c-11e1-909d-c80aa9edcf4e">
                <name>SAME-AS</name>
                <creator/>
                <dateCreated id="38">2012-06-21 00:00:00</dateCreated>
                <retired>false</retired>
                <conceptMapTypeId>1</conceptMapTypeId>
                <isHidden>false</isHidden>
              </conceptMapType>
              <creator/>
              <dateCreated id="39">2013-07-03 22:53:08</dateCreated>
              <conceptMapId>19138</conceptMapId>
              <concept reference="17"/>
              <conceptReferenceTerm id="40" resolves-to="org.openmrs.ConceptReferenceTerm" uuid="a30fea37-56f2-307c-a7bb-0b7f15e2e622">
                <creator/>
                <dateCreated id="41">2013-07-03 04:00:00</dateCreated>
                <retired>false</retired>
                <conceptReferenceTermId>18985</conceptReferenceTermId>
                <conceptSource id="42" resolves-to="org.openmrs.ConceptSource" uuid="21ADDDDDDDDDDDDDDDDDDDDDDDDDDDDDDDDD">
                  <name>CIEL</name>
                  <description>Columbia International eHealth Laboratory concept ID</description>
                  <creator/>
                  <dateCreated id="43">2013-07-03 19:55:03</dateCreated>
                  <retired>false</retired>
                  <conceptSourceId>29</conceptSourceId>
                </conceptSource>
                <code>159368</code>
                <conceptReferenceTermMaps id="44"/>
              </conceptReferenceTerm>
            </org.openmrs.ConceptMap>
            <org.openmrs.ConceptMap id="45" uuid="138038ABBBBBBBBBBBBBBBBBBBBBBBBBBBBB">
              <conceptMapType reference="37"/>
              <creator/>
              <dateCreated id="46">2011-01-21 21:32:25</dateCreated>
              <conceptMapId>19139</conceptMapId>
              <concept reference="17"/>
              <conceptReferenceTerm id="47" resolves-to="org.openmrs.ConceptReferenceTerm" uuid="f6b01633-c533-3d50-a497-b5f1cf0a9bd3">
                <creator/>
                <dateCreated id="48">2011-01-21 05:00:00</dateCreated>
                <retired>false</retired>
                <conceptReferenceTermId>18986</conceptReferenceTermId>
                <conceptSource id="49" resolves-to="org.openmrs.ConceptSource" uuid="1ADDDDDDDDDDDDDDDDDDDDDDDDDDDDDDDDDD">
                  <name>SNOMED CT</name>
                  <description>SNOMED Preferred mapping</description>
                  <creator/>
                  <dateCreated id="50">2009-11-20 01:19:16</dateCreated>
                  <retired>false</retired>
                  <conceptSourceId>6</conceptSourceId>
                </conceptSource>
                <code>261774000</code>
                <conceptReferenceTermMaps id="51"/>
              </conceptReferenceTerm>
            </org.openmrs.ConceptMap>
            <org.openmrs.ConceptMap id="52" uuid="135151ABBBBBBBBBBBBBBBBBBBBBBBBBBBBB">
              <conceptMapType reference="37"/>
              <creator/>
              <dateCreated id="53">2010-10-24 17:09:59</dateCreated>
              <conceptMapId>19140</conceptMapId>
              <concept reference="17"/>
              <conceptReferenceTerm id="54" resolves-to="org.openmrs.ConceptReferenceTerm" uuid="41a5fe78-f2f8-3698-bb5f-82eea7863212">
                <creator/>
                <dateCreated id="55">2010-10-24 04:00:00</dateCreated>
                <retired>false</retired>
                <conceptReferenceTermId>18987</conceptReferenceTermId>
                <conceptSource id="56" resolves-to="org.openmrs.ConceptSource" uuid="13ADDDDDDDDDDDDDDDDDDDDDDDDDDDDDDDDD">
                  <name>AMPATH</name>
                  <description>AMPATH concept dictionary</description>
                  <creator/>
                  <dateCreated id="57">2010-10-24 17:02:38</dateCreated>
                  <retired>false</retired>
                  <conceptSourceId>10</conceptSourceId>
                </conceptSource>
                <code>1897</code>
                <conceptReferenceTermMaps id="58"/>
              </conceptReferenceTerm>
            </org.openmrs.ConceptMap>
          </conceptMappings>
          <precise>false</precise>
        </concept>
        <conceptSet reference="2"/>
        <sortWeight>5.0</sortWeight>
        <creator/>
        <dateCreated id="59">2013-09-09 19:54:10</dateCreated>
      </org.openmrs.ConceptSet>
      <org.openmrs.ConceptSet id="60" uuid="0f5d8670-dc82-4755-b0b2-7df416314c9a">
        <conceptSetId>4587</conceptSetId>
        <concept id="61" resolves-to="org.openmrs.ConceptNumeric" uuid="95d216d3-8683-4582-97bd-b3ca5131e18d">
          <conceptId>9071</conceptId>
          <retired>false</retired>
          <datatype reference="18"/>
          <conceptClass id="62" resolves-to="org.openmrs.ConceptClass" uuid="8d492ee0-c2cc-11de-8d13-0010c6dffd0f">
            <name>Misc Order</name>
            <description>Orderable items which aren&apos;t tests or drugs</description>
            <creator/>
            <dateCreated id="63">2005-02-17 00:00:00</dateCreated>
            <retired>false</retired>
            <conceptClassId>15</conceptClassId>
          </conceptClass>
          <set>false</set>
          <creator/>
          <dateCreated id="64">2013-08-29 20:22:26</dateCreated>
          <changedBy/>
          <dateChanged id="65">2013-08-29 21:04:22</dateChanged>
          <names class="set" id="66">
            <org.openmrs.ConceptName id="67" uuid="bc4020d9-fe70-4555-a250-0b8c2b3d9533">
              <conceptNameId>23557</conceptNameId>
              <concept reference="61"/>
              <name>Quantity of medication dispensed</name>
              <locale id="68">en</locale>
              <creator/>
              <dateCreated id="69">2013-08-29 20:22:26</dateCreated>
              <voided>false</voided>
              <tags class="set" id="70"/>
              <conceptNameType>FULLY_SPECIFIED</conceptNameType>
              <localePreferred>true</localePreferred>
            </org.openmrs.ConceptName>
          </names>
          <answers class="set" id="71"/>
          <conceptSets class="set" id="72"/>
          <descriptions class="set" id="73">
            <org.openmrs.ConceptDescription id="74" uuid="5ead284c-8a15-4edd-bea8-a262953a1a32">
              <conceptDescriptionId>6384</conceptDescriptionId>
              <concept reference="61"/>
              <description>The number of pills/tablets/bottles of medication dispensed</description>
              <locale id="75">en</locale>
              <creator/>
              <dateCreated id="76">2013-08-29 20:22:26</dateCreated>
            </org.openmrs.ConceptDescription>
          </descriptions>
          <conceptMappings class="set" id="77">
            <org.openmrs.ConceptMap id="78" uuid="be1af7fa-82d2-4668-9bb0-728148d4099c">
              <conceptMapType reference="37"/>
              <creator/>
              <dateCreated id="79">2013-08-29 21:04:22</dateCreated>
              <conceptMapId>19123</conceptMapId>
              <concept reference="61"/>
              <conceptReferenceTerm id="80" resolves-to="org.openmrs.ConceptReferenceTerm" uuid="27e7eca5-2777-4649-b6b7-ee9013e59605">
                <creator/>
                <dateCreated id="81">2013-08-29 21:03:27</dateCreated>
                <retired>false</retired>
                <conceptReferenceTermId>18969</conceptReferenceTermId>
                <conceptSource reference="42"/>
                <code>1443</code>
                <conceptReferenceTermMaps id="82"/>
              </conceptReferenceTerm>
            </org.openmrs.ConceptMap>
            <org.openmrs.ConceptMap id="83" uuid="b9152c32-50a0-4a11-aea9-79ff5f1fd456">
              <conceptMapType reference="37"/>
              <creator/>
              <dateCreated id="84">2013-08-29 21:04:00</dateCreated>
              <conceptMapId>19122</conceptMapId>
              <concept reference="61"/>
              <conceptReferenceTerm id="85" resolves-to="org.openmrs.ConceptReferenceTerm" uuid="733375e2-df87-4d26-aef6-27dcb1794246">
                <creator/>
                <dateCreated id="86">2013-08-29 21:03:34</dateCreated>
                <retired>false</retired>
                <conceptReferenceTermId>18970</conceptReferenceTermId>
                <conceptSource id="87" resolves-to="org.openmrs.ConceptSource" uuid="fb9aaaf1-65e2-4c18-b53c-16b575f2f385">
                  <name>PIH</name>
                  <description>Partners In Health concept dictionary using concept ids and preferred English names</description>
                  <creator/>
                  <dateCreated id="88">2010-11-23 13:56:26</dateCreated>
                  <retired>false</retired>
                  <conceptSourceId>5</conceptSourceId>
                  <hl7Code>PIH</hl7Code>
                </conceptSource>
                <code>9071</code>
                <conceptReferenceTermMaps id="89"/>
              </conceptReferenceTerm>
            </org.openmrs.ConceptMap>
          </conceptMappings>
          <lowAbsolute>0.0</lowAbsolute>
          <precise>false</precise>
        </concept>
        <conceptSet reference="2"/>
        <sortWeight>1.0</sortWeight>
        <creator/>
        <dateCreated id="90">2013-08-29 20:22:41</dateCreated>
      </org.openmrs.ConceptSet>
      <org.openmrs.ConceptSet id="91" uuid="efa91828-90a2-441e-a01d-a992b7314b7a">
        <conceptSetId>4589</conceptSetId>
        <concept id="92" resolves-to="org.openmrs.Concept" uuid="ef7f742b-76e6-4a83-84ca-534ad6705494">
          <conceptId>9072</conceptId>
          <retired>false</retired>
          <datatype id="93" resolves-to="org.openmrs.ConceptDatatype" uuid="8d4a4ab4-c2cc-11de-8d13-0010c6dffd0f">
            <name>Text</name>
            <description>Free text</description>
            <creator/>
            <dateCreated id="94">2004-02-02 00:00:00</dateCreated>
            <retired>false</retired>
            <conceptDatatypeId>3</conceptDatatypeId>
            <hl7Abbreviation>ST</hl7Abbreviation>
          </datatype>
          <conceptClass reference="62"/>
          <set>false</set>
          <creator/>
          <dateCreated id="95">2013-09-04 21:55:11</dateCreated>
          <changedBy/>
          <dateChanged id="96">2013-09-04 21:55:57</dateChanged>
          <names class="set" id="97">
            <org.openmrs.ConceptName id="98" uuid="4369a18f-1c8d-483e-a2b0-9b382964afc6">
              <conceptNameId>23558</conceptNameId>
              <concept reference="92"/>
              <name>Prescription instructions, non-coded</name>
              <locale id="99">en</locale>
              <creator/>
              <dateCreated id="100">2013-09-04 21:55:11</dateCreated>
              <voided>false</voided>
              <tags class="set" id="101"/>
              <conceptNameType>FULLY_SPECIFIED</conceptNameType>
              <localePreferred>true</localePreferred>
            </org.openmrs.ConceptName>
          </names>
          <answers class="set" id="102"/>
          <conceptSets class="set" id="103"/>
          <descriptions class="set" id="104">
            <org.openmrs.ConceptDescription id="105" uuid="49dfe9e7-d6ee-4c2c-9155-4dab31668db4">
              <conceptDescriptionId>6385</conceptDescriptionId>
              <concept reference="92"/>
              <description>Instructions for how often, in what quantity, and in what form a prescribed medication should be administered.</description>
              <locale id="106">en</locale>
              <creator/>
              <dateCreated id="107">2013-09-04 21:55:11</dateCreated>
            </org.openmrs.ConceptDescription>
          </descriptions>
          <conceptMappings class="set" id="108">
            <org.openmrs.ConceptMap id="109" uuid="01360d6f-6c8c-49e4-86dc-7521c0824cbe">
              <conceptMapType reference="37"/>
              <creator/>
              <dateCreated id="110">2013-09-04 21:55:57</dateCreated>
              <conceptMapId>19132</conceptMapId>
              <concept reference="92"/>
              <conceptReferenceTerm id="111" resolves-to="org.openmrs.ConceptReferenceTerm" uuid="62b41654-ac12-470b-9c79-88cff1c63089">
                <creator/>
                <dateCreated id="112">2013-09-04 21:55:36</dateCreated>
                <retired>false</retired>
                <conceptReferenceTermId>18979</conceptReferenceTermId>
                <conceptSource reference="87"/>
                <code>9072</code>
                <conceptReferenceTermMaps id="113"/>
              </conceptReferenceTerm>
            </org.openmrs.ConceptMap>
          </conceptMappings>
        </concept>
        <conceptSet reference="2"/>
        <sortWeight>7.0</sortWeight>
        <creator/>
        <dateCreated id="114">2013-09-04 21:57:14</dateCreated>
      </org.openmrs.ConceptSet>
      <org.openmrs.ConceptSet id="115" uuid="4a5c5b31-0dd0-42a0-9608-a77325c9cefa">
        <conceptSetId>4590</conceptSetId>
        <concept id="116" resolves-to="org.openmrs.ConceptNumeric" uuid="160856AAAAAAAAAAAAAAAAAAAAAAAAAAAAAA">
          <conceptId>9073</conceptId>
          <retired>false</retired>
          <datatype reference="18"/>
          <conceptClass reference="20"/>
          <set>false</set>
          <creator/>
          <dateCreated id="117">2012-07-16 05:20:27</dateCreated>
          <changedBy/>
          <dateChanged id="118">2013-09-09 19:32:10</dateChanged>
          <names class="set" id="119">
            <org.openmrs.ConceptName id="120" uuid="109537BBBBBBBBBBBBBBBBBBBBBBBBBBBBBB">
              <conceptNameId>23559</conceptNameId>
              <concept reference="116"/>
              <name>Quantity of medication prescribed per dose</name>
              <locale id="121">en</locale>
              <creator/>
              <dateCreated id="122">2012-07-16 05:20:27</dateCreated>
              <voided>false</voided>
              <tags class="set" id="123"/>
              <conceptNameType>FULLY_SPECIFIED</conceptNameType>
              <localePreferred>true</localePreferred>
            </org.openmrs.ConceptName>
          </names>
          <answers class="set" id="124"/>
          <conceptSets class="set" id="125"/>
          <descriptions class="set" id="126">
            <org.openmrs.ConceptDescription id="127" uuid="16909FFFFFFFFFFFFFFFFFFFFFFFFFFFFFFF">
              <conceptDescriptionId>6386</conceptDescriptionId>
              <concept reference="116"/>
              <description>The amount of a medication to be taken in a given dose, for example, take 2 pills every four hours (2 is the quantity, pills are the form and every four hours is the frequency)</description>
              <locale id="128">en</locale>
              <creator/>
              <dateCreated id="129">2012-07-16 05:20:27</dateCreated>
              <dateChanged id="130">2013-03-10 05:01:01</dateChanged>
            </org.openmrs.ConceptDescription>
          </descriptions>
          <conceptMappings class="set" id="131">
            <org.openmrs.ConceptMap id="132" uuid="217974ABBBBBBBBBBBBBBBBBBBBBBBBBBBBB">
              <conceptMapType reference="37"/>
              <creator/>
              <dateCreated id="133">2013-07-03 22:53:08</dateCreated>
              <conceptMapId>19133</conceptMapId>
              <concept reference="116"/>
              <conceptReferenceTerm id="134" resolves-to="org.openmrs.ConceptReferenceTerm" uuid="700be773-497c-3f47-a981-15407acf80ff">
                <creator/>
                <dateCreated id="135">2013-07-03 04:00:00</dateCreated>
                <retired>false</retired>
                <conceptReferenceTermId>18980</conceptReferenceTermId>
                <conceptSource reference="42"/>
                <code>160856</code>
                <conceptReferenceTermMaps id="136"/>
              </conceptReferenceTerm>
            </org.openmrs.ConceptMap>
            <org.openmrs.ConceptMap id="137" uuid="145032ABBBBBBBBBBBBBBBBBBBBBBBBBBBBB">
              <conceptMapType id="138" resolves-to="org.openmrs.ConceptMapType" uuid="43ac5109-7d8c-11e1-909d-c80aa9edcf4e">
                <name>NARROWER-THAN</name>
                <creator/>
                <dateCreated id="139">2012-06-21 00:00:00</dateCreated>
                <retired>false</retired>
                <conceptMapTypeId>2</conceptMapTypeId>
                <isHidden>false</isHidden>
              </conceptMapType>
              <creator/>
              <dateCreated id="140">2012-07-16 05:20:27</dateCreated>
              <conceptMapId>19135</conceptMapId>
              <concept reference="116"/>
              <conceptReferenceTerm id="141" resolves-to="org.openmrs.ConceptReferenceTerm" uuid="a14f90aa-5416-32fd-bd03-60bb4ad427e7">
                <creator/>
                <dateCreated id="142">2012-07-05 04:00:00</dateCreated>
                <retired>false</retired>
                <conceptReferenceTermId>18982</conceptReferenceTermId>
                <conceptSource id="143" resolves-to="org.openmrs.ConceptSource" uuid="2ADDDDDDDDDDDDDDDDDDDDDDDDDDDDDDDDDD">
                  <name>SNOMED NP</name>
                  <description>Non-preferred SNOMED CT mappings</description>
                  <creator/>
                  <dateCreated id="144">2010-04-25 11:12:44</dateCreated>
                  <retired>false</retired>
                  <conceptSourceId>8</conceptSourceId>
                </conceptSource>
                <code>33633005</code>
                <conceptReferenceTermMaps id="145"/>
              </conceptReferenceTerm>
            </org.openmrs.ConceptMap>
          </conceptMappings>
          <precise>false</precise>
        </concept>
        <conceptSet reference="2"/>
        <sortWeight>3.0</sortWeight>
        <creator/>
        <dateCreated id="146">2013-09-09 19:32:32</dateCreated>
      </org.openmrs.ConceptSet>
      <org.openmrs.ConceptSet id="147" uuid="cdffb143-b3ff-4466-9244-7ec7629ee03b">
        <conceptSetId>4593</conceptSetId>
        <concept id="148" resolves-to="org.openmrs.Concept" uuid="f1904502-319d-4681-9030-e642111e7ce2">
          <conceptId>6412</conceptId>
          <retired>false</retired>
          <datatype id="149" resolves-to="org.openmrs.ConceptDatatype" uuid="8d4a48b6-c2cc-11de-8d13-0010c6dffd0f">
            <name>Coded</name>
            <description>Value determined by term dictionary lookup (i.e., term identifier)</description>
            <creator/>
            <dateCreated id="150">2004-02-02 00:00:00</dateCreated>
            <retired>false</retired>
            <conceptDatatypeId>2</conceptDatatypeId>
            <hl7Abbreviation>CWE</hl7Abbreviation>
          </datatype>
          <conceptClass reference="20"/>
          <set>false</set>
          <creator/>
          <dateCreated id="151">2009-08-24 08:55:12</dateCreated>
          <changedBy/>
          <dateChanged id="152">2013-09-20 14:26:30</dateChanged>
          <names class="set" id="153">
            <org.openmrs.ConceptName id="154" uuid="0b957250-15f5-102d-96e4-000c29c2a5d7">
              <conceptNameId>9457</conceptNameId>
              <concept reference="148"/>
              <name>Time units</name>
              <locale id="155">en</locale>
              <creator/>
              <dateCreated id="156">2009-08-24 08:55:12</dateCreated>
              <voided>false</voided>
              <tags class="set" id="157"/>
              <conceptNameType>FULLY_SPECIFIED</conceptNameType>
              <localePreferred>true</localePreferred>
            </org.openmrs.ConceptName>
            <org.openmrs.ConceptName id="158" uuid="754fa3f5-0dca-40e1-8534-2e750fa057bd">
              <conceptNameId>14183</conceptNameId>
              <concept reference="148"/>
              <name>Duration units</name>
              <locale id="159">en</locale>
              <creator/>
              <dateCreated id="160">2010-11-17 12:00:12</dateCreated>
              <voided>false</voided>
              <tags class="set" id="161"/>
              <localePreferred>false</localePreferred>
            </org.openmrs.ConceptName>
            <org.openmrs.ConceptName id="162" uuid="93673a93-dff7-4e64-8ed0-7a850f10eb7b">
              <conceptNameId>23561</conceptNameId>
              <concept reference="148"/>
              <name>DURÉE UNITAIRE</name>
              <locale id="163">fr</locale>
              <creator/>
              <dateCreated id="164">2013-09-09 19:44:24</dateCreated>
              <voided>true</voided>
              <voidedBy/>
              <dateVoided id="165">2013-09-20 14:26:30</dateVoided>
              <voidReason>Voided due to change of name</voidReason>
              <tags class="set" id="166"/>
              <localePreferred>false</localePreferred>
            </org.openmrs.ConceptName>
            <org.openmrs.ConceptName id="167" uuid="b1e545bb-d444-433d-afbb-b5fa212b61be">
              <conceptNameId>24591</conceptNameId>
              <concept reference="148"/>
              <name>Unité de durée</name>
              <locale id="168">fr</locale>
              <creator/>
              <dateCreated id="169">2013-09-20 14:26:30</dateCreated>
              <voided>false</voided>
              <tags class="set" id="170"/>
              <conceptNameType>FULLY_SPECIFIED</conceptNameType>
              <localePreferred>true</localePreferred>
            </org.openmrs.ConceptName>
            <org.openmrs.ConceptName id="171" uuid="f6d1032e-3e53-426d-808d-d57273d6a17b">
              <conceptNameId>24590</conceptNameId>
              <concept reference="148"/>
              <name>Unités de temps</name>
              <locale id="172">fr</locale>
              <creator/>
              <dateCreated id="173">2013-09-20 14:26:30</dateCreated>
              <voided>false</voided>
              <tags class="set" id="174"/>
              <localePreferred>false</localePreferred>
            </org.openmrs.ConceptName>
            <org.openmrs.ConceptName id="175" uuid="0b95734a-15f5-102d-96e4-000c29c2a5d7">
              <conceptNameId>9458</conceptNameId>
              <concept reference="148"/>
              <name>units</name>
              <locale id="176">en</locale>
              <creator/>
              <dateCreated id="177">2009-08-24 08:55:12</dateCreated>
              <voided>false</voided>
              <tags class="set" id="178"/>
              <conceptNameType>SHORT</conceptNameType>
              <localePreferred>false</localePreferred>
            </org.openmrs.ConceptName>
            <org.openmrs.ConceptName id="179" uuid="a199ef0a-79b9-452c-b13f-42236531323e">
              <conceptNameId>14184</conceptNameId>
              <concept reference="148"/>
              <name>DURÉE UNITAIRE</name>
              <locale id="180">fr</locale>
              <creator/>
              <dateCreated id="181">2010-11-17 12:00:12</dateCreated>
              <voided>true</voided>
              <voidedBy/>
              <dateVoided id="182">2013-09-09 19:44:24</dateVoided>
              <voidReason>Voided due to change of name</voidReason>
              <tags class="set" id="183"/>
              <localePreferred>false</localePreferred>
            </org.openmrs.ConceptName>
          </names>
          <answers class="set" id="184">
            <org.openmrs.ConceptAnswer id="185" uuid="39176fd1-11d1-488e-92ba-264c246969eb">
              <conceptAnswerId>6337</conceptAnswerId>
              <concept reference="148"/>
              <answerConcept id="186" resolves-to="org.openmrs.Concept" uuid="e0d31892-690e-4063-9570-73d103c8efb0">
                <conceptId>6902</conceptId>
                <retired>false</retired>
                <datatype reference="3"/>
                <conceptClass id="187" resolves-to="org.openmrs.ConceptClass" uuid="8d492774-c2cc-11de-8d13-0010c6dffd0f">
                  <name>Misc</name>
                  <description>Terms which don&apos;t fit other categories</description>
                  <creator/>
                  <dateCreated id="188">2004-03-02 05:00:00</dateCreated>
                  <retired>false</retired>
                  <conceptClassId>11</conceptClassId>
                </conceptClass>
                <set>false</set>
                <version></version>
                <creator/>
                <dateCreated id="189">2010-11-17 12:03:57</dateCreated>
                <changedBy/>
                <dateChanged id="190">2011-03-21 14:58:17</dateChanged>
                <names class="set" id="191">
                  <org.openmrs.ConceptName id="192" uuid="c2c672c7-375f-42ad-a7fa-b8bef91d4440">
                    <conceptNameId>14190</conceptNameId>
                    <concept reference="186"/>
                    <name>Heures</name>
                    <locale id="193">fr</locale>
                    <creator/>
                    <dateCreated id="194">2010-11-17 12:03:57</dateCreated>
                    <voided>false</voided>
                    <tags class="set" id="195"/>
                    <conceptNameType>FULLY_SPECIFIED</conceptNameType>
                    <localePreferred>false</localePreferred>
                  </org.openmrs.ConceptName>
                  <org.openmrs.ConceptName id="196" uuid="5974007e-f810-4208-8983-3ec98c7f87ba">
                    <conceptNameId>14189</conceptNameId>
                    <concept reference="186"/>
                    <name>Hrs</name>
                    <locale id="197">en</locale>
                    <creator/>
                    <dateCreated id="198">2010-11-17 12:03:57</dateCreated>
                    <voided>false</voided>
                    <tags class="set" id="199"/>
                    <localePreferred>false</localePreferred>
                  </org.openmrs.ConceptName>
                  <org.openmrs.ConceptName id="200" uuid="a30ab46a-4838-48b5-80eb-60268920005b">
                    <conceptNameId>14188</conceptNameId>
                    <concept reference="186"/>
                    <name>Hours</name>
                    <locale id="201">en</locale>
                    <creator/>
                    <dateCreated id="202">2010-11-17 12:03:57</dateCreated>
                    <voided>false</voided>
                    <tags class="set" id="203"/>
                    <conceptNameType>FULLY_SPECIFIED</conceptNameType>
                    <localePreferred>false</localePreferred>
                  </org.openmrs.ConceptName>
                </names>
                <answers class="set" id="204"/>
                <conceptSets class="set" id="205"/>
                <descriptions class="set" id="206">
                  <org.openmrs.ConceptDescription id="207" uuid="33cf9207-7aac-4fe5-b0fe-27146290dd75">
                    <conceptDescriptionId>5351</conceptDescriptionId>
                    <concept reference="186"/>
                    <description>A duration unit, 60 minutes = 1 hour.</description>
                    <locale id="208">en</locale>
                    <creator/>
                    <dateCreated id="209">2010-11-17 12:03:57</dateCreated>
                    <changedBy/>
                    <dateChanged id="210">2011-03-21 14:58:17</dateChanged>
                  </org.openmrs.ConceptDescription>
                </descriptions>
                <conceptMappings class="set" id="211">
                  <org.openmrs.ConceptMap id="212" uuid="b2b26eba-4864-102e-96e9-000c29c2a5d7">
                    <conceptMapType reference="37"/>
                    <creator/>
                    <changedBy/>
                    <dateCreated id="213">2010-11-23 10:15:31</dateCreated>
                    <dateChanged id="214">2012-06-21 16:49:52</dateChanged>
                    <conceptMapId>5965</conceptMapId>
                    <concept reference="186"/>
                    <conceptReferenceTerm id="215" resolves-to="org.openmrs.ConceptReferenceTerm" uuid="e45517cd-9ecd-34fb-886b-35c510e6ad20">
                      <creator/>
                      <dateCreated id="216">2010-11-23 00:00:00</dateCreated>
                      <retired>false</retired>
                      <conceptReferenceTermId>5965</conceptReferenceTermId>
                      <conceptSource reference="87"/>
                      <code>6902</code>
                      <conceptReferenceTermMaps id="217"/>
                    </conceptReferenceTerm>
                  </org.openmrs.ConceptMap>
                  <org.openmrs.ConceptMap id="218" uuid="75b230d8-4943-102e-96e9-000c29c2a5d7">
                    <conceptMapType reference="37"/>
                    <creator/>
                    <changedBy/>
                    <dateCreated id="219">2010-11-24 12:49:58</dateCreated>
                    <dateChanged id="220">2012-06-21 16:49:52</dateChanged>
                    <conceptMapId>11529</conceptMapId>
                    <concept reference="186"/>
                    <conceptReferenceTerm id="221" resolves-to="org.openmrs.ConceptReferenceTerm" uuid="96b848bd-5722-3311-a831-cdc4458bc2ed">
                      <creator/>
                      <dateCreated id="222">2010-11-24 00:00:00</dateCreated>
                      <retired>false</retired>
                      <conceptReferenceTermId>11529</conceptReferenceTermId>
                      <conceptSource reference="87"/>
                      <code>Hours</code>
                      <conceptReferenceTermMaps id="223"/>
                    </conceptReferenceTerm>
                  </org.openmrs.ConceptMap>
                </conceptMappings>
              </answerConcept>
              <creator/>
              <dateCreated id="224">2010-11-17 12:05:05</dateCreated>
              <sortWeight>6337.0</sortWeight>
            </org.openmrs.ConceptAnswer>
            <org.openmrs.ConceptAnswer id="225" uuid="0b24a4f8-15f5-102d-96e4-000c29c2a5d7">
              <conceptAnswerId>5757</conceptAnswerId>
              <concept reference="148"/>
              <answerConcept id="226" resolves-to="org.openmrs.Concept" uuid="3cd7091a-26fe-102b-80cb-0017a47871b2">
                <conceptId>1073</conceptId>
                <retired>false</retired>
                <datatype reference="3"/>
                <conceptClass reference="187"/>
                <set>false</set>
                <creator/>
                <dateCreated id="227">2005-01-06 00:00:00</dateCreated>
                <changedBy/>
                <dateChanged id="228">2013-09-19 22:42:54</dateChanged>
                <names class="set" id="229">
                  <org.openmrs.ConceptName id="230" uuid="8db89a65-af71-467e-87d8-4cb6da8d5642">
                    <conceptNameId>8119</conceptNameId>
                    <concept reference="226"/>
                    <name>Weeks</name>
                    <locale id="231">en</locale>
                    <creator/>
                    <dateCreated id="232">2009-02-05 13:49:40</dateCreated>
                    <voided>false</voided>
                    <tags class="set" id="233"/>
                    <conceptNameType>FULLY_SPECIFIED</conceptNameType>
                    <localePreferred>true</localePreferred>
                  </org.openmrs.ConceptName>
                  <org.openmrs.ConceptName id="234" uuid="64582a38-ffd7-4e60-a3b6-c3204263dea7">
                    <conceptNameId>8120</conceptNameId>
                    <concept reference="226"/>
                    <name>Les Semaines</name>
                    <locale id="235">fr</locale>
                    <creator/>
                    <dateCreated id="236">2009-02-05 13:49:40</dateCreated>
                    <voided>false</voided>
                    <tags class="set" id="237"/>
                    <localePreferred>true</localePreferred>
                  </org.openmrs.ConceptName>
                  <org.openmrs.ConceptName id="238" uuid="f5ccb9f4-d5db-102d-ad2a-000c29c2a5d7">
                    <conceptNameId>10591</conceptNameId>
                    <concept reference="226"/>
                    <name>SEMAINES</name>
                    <locale id="239">fr</locale>
                    <creator/>
                    <dateCreated id="240">2010-06-29 13:03:16</dateCreated>
                    <voided>false</voided>
                    <tags class="set" id="241"/>
                    <localePreferred>false</localePreferred>
                  </org.openmrs.ConceptName>
                </names>
                <answers class="set" id="242"/>
                <conceptSets class="set" id="243"/>
                <descriptions class="set" id="244">
                  <org.openmrs.ConceptDescription id="245" uuid="ece44714-07fe-102c-b5fa-0017a47871b2">
                    <conceptDescriptionId>1084</conceptDescriptionId>
                    <concept reference="226"/>
                    <description>Generic temporal answer to question.</description>
                    <locale id="246">en</locale>
                    <creator/>
                    <dateCreated id="247">2005-01-06 00:00:00</dateCreated>
                    <changedBy/>
                    <dateChanged id="248">2011-03-21 14:58:17</dateChanged>
                  </org.openmrs.ConceptDescription>
                </descriptions>
                <conceptMappings class="set" id="249">
                  <org.openmrs.ConceptMap id="250" uuid="b20d1d2a-4864-102e-96e9-000c29c2a5d7">
                    <conceptMapType reference="37"/>
                    <creator/>
                    <changedBy/>
                    <dateCreated id="251">2010-11-23 10:15:31</dateCreated>
                    <dateChanged id="252">2012-06-21 16:49:52</dateChanged>
                    <conceptMapId>1075</conceptMapId>
                    <concept reference="226"/>
                    <conceptReferenceTerm id="253" resolves-to="org.openmrs.ConceptReferenceTerm" uuid="d7a104dc-f9b1-37f6-91e5-4c1d99330144">
                      <creator/>
                      <dateCreated id="254">2010-11-23 00:00:00</dateCreated>
                      <retired>false</retired>
                      <conceptReferenceTermId>1075</conceptReferenceTermId>
                      <conceptSource reference="87"/>
                      <code>1073</code>
                      <conceptReferenceTermMaps id="255"/>
                    </conceptReferenceTerm>
                  </org.openmrs.ConceptMap>
                </conceptMappings>
              </answerConcept>
              <creator/>
              <dateCreated id="256">2009-08-24 08:55:12</dateCreated>
              <sortWeight>5757.0</sortWeight>
            </org.openmrs.ConceptAnswer>
            <org.openmrs.ConceptAnswer id="257" uuid="0b24a41c-15f5-102d-96e4-000c29c2a5d7">
              <conceptAnswerId>5756</conceptAnswerId>
              <concept reference="148"/>
              <answerConcept id="258" resolves-to="org.openmrs.Concept" uuid="3cd70b68-26fe-102b-80cb-0017a47871b2">
                <conceptId>1074</conceptId>
                <retired>false</retired>
                <datatype reference="3"/>
                <conceptClass reference="187"/>
                <set>false</set>
                <creator/>
                <dateCreated id="259">2005-01-06 00:00:00</dateCreated>
                <changedBy/>
                <dateChanged id="260">2013-09-19 22:42:24</dateChanged>
                <names class="set" id="261">
                  <org.openmrs.ConceptName id="262" uuid="3e1525c8-26fe-102b-80cb-0017a47871b2">
                    <conceptNameId>8181</conceptNameId>
                    <concept reference="258"/>
                    <name>Months</name>
                    <locale id="263">en</locale>
                    <creator/>
                    <dateCreated id="264">2009-02-05 15:59:18</dateCreated>
                    <voided>false</voided>
                    <tags class="set" id="265"/>
                    <conceptNameType>FULLY_SPECIFIED</conceptNameType>
                    <localePreferred>true</localePreferred>
                  </org.openmrs.ConceptName>
                  <org.openmrs.ConceptName id="266" uuid="76568d58-ff85-4c5b-9f04-1642eb227553">
                    <conceptNameId>8182</conceptNameId>
                    <concept reference="258"/>
                    <name>les mois</name>
                    <locale id="267">fr</locale>
                    <creator/>
                    <dateCreated id="268">2009-02-05 15:59:18</dateCreated>
                    <voided>false</voided>
                    <tags class="set" id="269"/>
                    <localePreferred>true</localePreferred>
                  </org.openmrs.ConceptName>
                  <org.openmrs.ConceptName id="270" uuid="f5ccfdce-d5db-102d-ad2a-000c29c2a5d7">
                    <conceptNameId>10592</conceptNameId>
                    <concept reference="258"/>
                    <name>MOIS</name>
                    <locale id="271">fr</locale>
                    <creator/>
                    <dateCreated id="272">2010-06-29 13:03:16</dateCreated>
                    <voided>false</voided>
                    <tags class="set" id="273"/>
                    <localePreferred>false</localePreferred>
                  </org.openmrs.ConceptName>
                </names>
                <answers class="set" id="274"/>
                <conceptSets class="set" id="275"/>
                <descriptions class="set" id="276">
                  <org.openmrs.ConceptDescription id="277" uuid="ece448f4-07fe-102c-b5fa-0017a47871b2">
                    <conceptDescriptionId>1085</conceptDescriptionId>
                    <concept reference="258"/>
                    <description>Generic temporal answer to question.</description>
                    <locale id="278">en</locale>
                    <creator/>
                    <dateCreated id="279">2005-01-06 00:00:00</dateCreated>
                    <changedBy/>
                    <dateChanged id="280">2011-03-21 14:58:17</dateChanged>
                  </org.openmrs.ConceptDescription>
                  <org.openmrs.ConceptDescription id="281" uuid="9ceb47a8-e28a-4f6e-bd71-aa2e5715cd12">
                    <conceptDescriptionId>4748</conceptDescriptionId>
                    <concept reference="258"/>
                    <description>réponse générique à une question</description>
                    <locale id="282">fr</locale>
                    <creator/>
                    <dateCreated id="283">2009-02-05 15:58:51</dateCreated>
                    <changedBy/>
                    <dateChanged id="284">2011-03-21 14:58:17</dateChanged>
                  </org.openmrs.ConceptDescription>
                </descriptions>
                <conceptMappings class="set" id="285">
                  <org.openmrs.ConceptMap id="286" uuid="b20d1e9c-4864-102e-96e9-000c29c2a5d7">
                    <conceptMapType reference="37"/>
                    <creator/>
                    <changedBy/>
                    <dateCreated id="287">2010-11-23 10:15:31</dateCreated>
                    <dateChanged id="288">2012-06-21 16:49:52</dateChanged>
                    <conceptMapId>1076</conceptMapId>
                    <concept reference="258"/>
                    <conceptReferenceTerm id="289" resolves-to="org.openmrs.ConceptReferenceTerm" uuid="5beb168a-d3be-318a-8c02-e847a52684bb">
                      <creator/>
                      <dateCreated id="290">2010-11-23 00:00:00</dateCreated>
                      <retired>false</retired>
                      <conceptReferenceTermId>1076</conceptReferenceTermId>
                      <conceptSource reference="87"/>
                      <code>1074</code>
                      <conceptReferenceTermMaps id="291"/>
                    </conceptReferenceTerm>
                  </org.openmrs.ConceptMap>
                </conceptMappings>
              </answerConcept>
              <creator/>
              <dateCreated id="292">2009-08-24 08:55:12</dateCreated>
              <sortWeight>5756.0</sortWeight>
            </org.openmrs.ConceptAnswer>
            <org.openmrs.ConceptAnswer id="293" uuid="0b24a340-15f5-102d-96e4-000c29c2a5d7">
              <conceptAnswerId>5755</conceptAnswerId>
              <concept reference="148"/>
              <answerConcept id="294" resolves-to="org.openmrs.Concept" uuid="3cd706b8-26fe-102b-80cb-0017a47871b2">
                <conceptId>1072</conceptId>
                <retired>false</retired>
                <datatype reference="3"/>
                <conceptClass reference="187"/>
                <set>false</set>
                <creator/>
                <dateCreated id="295">2005-01-06 00:00:00</dateCreated>
                <changedBy/>
                <dateChanged id="296">2013-09-19 22:39:19</dateChanged>
                <names class="set" id="297">
                  <org.openmrs.ConceptName id="298" uuid="20617c4d-1313-4657-bc58-5c859fcabd79">
                    <conceptNameId>8118</conceptNameId>
                    <concept reference="294"/>
                    <name>Les Jours</name>
                    <locale id="299">fr</locale>
                    <creator/>
                    <dateCreated id="300">2009-02-05 13:48:44</dateCreated>
                    <voided>false</voided>
                    <tags class="set" id="301"/>
                    <localePreferred>true</localePreferred>
                  </org.openmrs.ConceptName>
                  <org.openmrs.ConceptName id="302" uuid="b2a544c2-b5d8-4f09-930b-d192bbcc0ccd">
                    <conceptNameId>8117</conceptNameId>
                    <concept reference="294"/>
                    <name>Days</name>
                    <locale id="303">en</locale>
                    <creator/>
                    <dateCreated id="304">2009-02-05 13:48:44</dateCreated>
                    <voided>false</voided>
                    <tags class="set" id="305"/>
                    <conceptNameType>FULLY_SPECIFIED</conceptNameType>
                    <localePreferred>true</localePreferred>
                  </org.openmrs.ConceptName>
                  <org.openmrs.ConceptName id="306" uuid="f5cc789a-d5db-102d-ad2a-000c29c2a5d7">
                    <conceptNameId>10590</conceptNameId>
                    <concept reference="294"/>
                    <name>JOURS</name>
                    <locale id="307">fr</locale>
                    <creator/>
                    <dateCreated id="308">2010-06-29 13:03:16</dateCreated>
                    <voided>false</voided>
                    <tags class="set" id="309"/>
                    <localePreferred>false</localePreferred>
                  </org.openmrs.ConceptName>
                </names>
                <answers class="set" id="310"/>
                <conceptSets class="set" id="311"/>
                <descriptions class="set" id="312">
                  <org.openmrs.ConceptDescription id="313" uuid="ece44520-07fe-102c-b5fa-0017a47871b2">
                    <conceptDescriptionId>1083</conceptDescriptionId>
                    <concept reference="294"/>
                    <description>Generic temporal answer to question.</description>
                    <locale id="314">en</locale>
                    <creator/>
                    <dateCreated id="315">2005-01-06 00:00:00</dateCreated>
                    <changedBy/>
                    <dateChanged id="316">2011-03-21 14:58:17</dateChanged>
                  </org.openmrs.ConceptDescription>
                </descriptions>
                <conceptMappings class="set" id="317">
                  <org.openmrs.ConceptMap id="318" uuid="b20d1b54-4864-102e-96e9-000c29c2a5d7">
                    <conceptMapType reference="37"/>
                    <creator/>
                    <changedBy/>
                    <dateCreated id="319">2010-11-23 10:15:31</dateCreated>
                    <dateChanged id="320">2012-06-21 16:49:52</dateChanged>
                    <conceptMapId>1074</conceptMapId>
                    <concept reference="294"/>
                    <conceptReferenceTerm id="321" resolves-to="org.openmrs.ConceptReferenceTerm" uuid="49e42c67-81be-373d-bbfd-fda3d4da9a84">
                      <creator/>
                      <dateCreated id="322">2010-11-23 00:00:00</dateCreated>
                      <retired>false</retired>
                      <conceptReferenceTermId>1074</conceptReferenceTermId>
                      <conceptSource reference="87"/>
                      <code>1072</code>
                      <conceptReferenceTermMaps id="323"/>
                    </conceptReferenceTerm>
                  </org.openmrs.ConceptMap>
                </conceptMappings>
              </answerConcept>
              <creator/>
              <dateCreated id="324">2009-08-24 08:55:12</dateCreated>
              <sortWeight>5755.0</sortWeight>
            </org.openmrs.ConceptAnswer>
            <org.openmrs.ConceptAnswer id="325" uuid="e319a340-e6c9-4fc3-a7aa-e283ef961246">
              <conceptAnswerId>6338</conceptAnswerId>
              <concept reference="148"/>
              <answerConcept id="326" resolves-to="org.openmrs.Concept" uuid="03326b32-c15b-472d-91a0-597567657ea5">
                <conceptId>6901</conceptId>
                <retired>false</retired>
                <datatype reference="3"/>
                <conceptClass reference="187"/>
                <set>false</set>
                <version></version>
                <creator/>
                <dateCreated id="327">2010-11-17 12:02:42</dateCreated>
                <changedBy/>
                <dateChanged id="328">2011-03-21 14:58:17</dateChanged>
                <names class="set" id="329">
                  <org.openmrs.ConceptName id="330" uuid="b29e4c7c-f01b-4c6e-8144-2c8da2e01c44">
                    <conceptNameId>14186</conceptNameId>
                    <concept reference="326"/>
                    <name>Minutes</name>
                    <locale id="331">en</locale>
                    <creator/>
                    <dateCreated id="332">2010-11-17 12:02:42</dateCreated>
                    <voided>false</voided>
                    <tags class="set" id="333"/>
                    <conceptNameType>FULLY_SPECIFIED</conceptNameType>
                    <localePreferred>false</localePreferred>
                  </org.openmrs.ConceptName>
                  <org.openmrs.ConceptName id="334" uuid="7599bbfa-a7e2-43a0-9744-0fb4484957ce">
                    <conceptNameId>14187</conceptNameId>
                    <concept reference="326"/>
                    <name>min</name>
                    <locale id="335">en</locale>
                    <creator/>
                    <dateCreated id="336">2010-11-17 12:02:42</dateCreated>
                    <voided>false</voided>
                    <tags class="set" id="337"/>
                    <localePreferred>false</localePreferred>
                  </org.openmrs.ConceptName>
                  <org.openmrs.ConceptName id="338" uuid="330a7169-0172-4b89-9303-cdcbf716025e">
                    <conceptNameId>14185</conceptNameId>
                    <concept reference="326"/>
                    <name>Minutes</name>
                    <locale id="339">fr</locale>
                    <creator/>
                    <dateCreated id="340">2010-11-17 12:02:42</dateCreated>
                    <voided>false</voided>
                    <tags class="set" id="341"/>
                    <conceptNameType>FULLY_SPECIFIED</conceptNameType>
                    <localePreferred>false</localePreferred>
                  </org.openmrs.ConceptName>
                </names>
                <answers class="set" id="342"/>
                <conceptSets class="set" id="343"/>
                <descriptions class="set" id="344">
                  <org.openmrs.ConceptDescription id="345" uuid="9bfcfb79-145c-437e-96eb-80b50a57f670">
                    <conceptDescriptionId>5350</conceptDescriptionId>
                    <concept reference="326"/>
                    <description>interval of duration</description>
                    <locale id="346">en</locale>
                    <creator/>
                    <dateCreated id="347">2010-11-17 12:02:42</dateCreated>
                    <changedBy/>
                    <dateChanged id="348">2011-03-21 14:58:17</dateChanged>
                  </org.openmrs.ConceptDescription>
                </descriptions>
                <conceptMappings class="set" id="349">
                  <org.openmrs.ConceptMap id="350" uuid="b2b26d2a-4864-102e-96e9-000c29c2a5d7">
                    <conceptMapType reference="37"/>
                    <creator/>
                    <changedBy/>
                    <dateCreated id="351">2010-11-23 10:15:31</dateCreated>
                    <dateChanged id="352">2012-06-21 16:49:52</dateChanged>
                    <conceptMapId>5964</conceptMapId>
                    <concept reference="326"/>
                    <conceptReferenceTerm id="353" resolves-to="org.openmrs.ConceptReferenceTerm" uuid="ed532742-1fb0-37b0-8ebc-d128836a2434">
                      <creator/>
                      <dateCreated id="354">2010-11-23 00:00:00</dateCreated>
                      <retired>false</retired>
                      <conceptReferenceTermId>5964</conceptReferenceTermId>
                      <conceptSource reference="87"/>
                      <code>6901</code>
                      <conceptReferenceTermMaps id="355"/>
                    </conceptReferenceTerm>
                  </org.openmrs.ConceptMap>
                  <org.openmrs.ConceptMap id="356" uuid="75b22f7a-4943-102e-96e9-000c29c2a5d7">
                    <conceptMapType reference="37"/>
                    <creator/>
                    <changedBy/>
                    <dateCreated id="357">2010-11-24 12:49:58</dateCreated>
                    <dateChanged id="358">2012-06-21 16:49:52</dateChanged>
                    <conceptMapId>11528</conceptMapId>
                    <concept reference="326"/>
                    <conceptReferenceTerm id="359" resolves-to="org.openmrs.ConceptReferenceTerm" uuid="cc2c7165-8fc0-3f0c-9ae5-57d560439499">
                      <creator/>
                      <dateCreated id="360">2010-11-24 00:00:00</dateCreated>
                      <retired>false</retired>
                      <conceptReferenceTermId>11528</conceptReferenceTermId>
                      <conceptSource reference="87"/>
                      <code>Minutes</code>
                      <conceptReferenceTermMaps id="361"/>
                    </conceptReferenceTerm>
                  </org.openmrs.ConceptMap>
                </conceptMappings>
              </answerConcept>
              <creator/>
              <dateCreated id="362">2010-11-17 12:05:05</dateCreated>
              <sortWeight>6338.0</sortWeight>
            </org.openmrs.ConceptAnswer>
            <org.openmrs.ConceptAnswer id="363" uuid="fe49af3d-489d-4ff1-aa07-cf162dab37d2">
              <conceptAnswerId>6479</conceptAnswerId>
              <concept reference="148"/>
              <answerConcept id="364" resolves-to="org.openmrs.Concept" uuid="811c60c8-197d-4ff3-8c7d-7875aa124965">
                <conceptId>7046</conceptId>
                <retired>false</retired>
                <datatype reference="3"/>
                <conceptClass reference="187"/>
                <set>false</set>
                <creator/>
                <dateCreated id="365">2011-03-20 09:14:16</dateCreated>
                <changedBy/>
                <dateChanged id="366">2013-09-19 22:48:01</dateChanged>
                <names class="set" id="367">
                  <org.openmrs.ConceptName id="368" uuid="47c28586-43a4-4135-988d-4fa116898278">
                    <conceptNameId>14470</conceptNameId>
                    <concept reference="364"/>
                    <name>Seconds</name>
                    <locale id="369">en</locale>
                    <creator/>
                    <dateCreated id="370">2011-03-20 09:14:16</dateCreated>
                    <voided>false</voided>
                    <tags class="set" id="371"/>
                    <conceptNameType>FULLY_SPECIFIED</conceptNameType>
                    <localePreferred>true</localePreferred>
                  </org.openmrs.ConceptName>
                  <org.openmrs.ConceptName id="372" uuid="e7d9b41a-c72b-4d32-8d8a-af7e6dd39654">
                    <conceptNameId>24589</conceptNameId>
                    <concept reference="364"/>
                    <name>Secondes</name>
                    <locale id="373">fr</locale>
                    <creator/>
                    <dateCreated id="374">2013-09-19 22:48:01</dateCreated>
                    <voided>false</voided>
                    <tags class="set" id="375"/>
                    <conceptNameType>FULLY_SPECIFIED</conceptNameType>
                    <localePreferred>true</localePreferred>
                  </org.openmrs.ConceptName>
                </names>
                <answers class="set" id="376"/>
                <conceptSets class="set" id="377"/>
                <descriptions class="set" id="378"/>
                <conceptMappings class="set" id="379">
                  <org.openmrs.ConceptMap id="380" uuid="0f276b1a-a543-102e-a00e-000c29c2a5d7">
                    <conceptMapType reference="37"/>
                    <creator/>
                    <changedBy/>
                    <dateCreated id="381">2011-03-21 15:39:03</dateCreated>
                    <dateChanged id="382">2012-06-21 16:49:52</dateChanged>
                    <conceptMapId>12071</conceptMapId>
                    <concept reference="364"/>
                    <conceptReferenceTerm id="383" resolves-to="org.openmrs.ConceptReferenceTerm" uuid="9bdc6dc2-608c-3b1d-b337-77942ac271a4">
                      <creator/>
                      <dateCreated id="384">2011-03-21 00:00:00</dateCreated>
                      <retired>false</retired>
                      <conceptReferenceTermId>12071</conceptReferenceTermId>
                      <conceptSource reference="87"/>
                      <code>SECONDS</code>
                      <conceptReferenceTermMaps id="385"/>
                    </conceptReferenceTerm>
                  </org.openmrs.ConceptMap>
                  <org.openmrs.ConceptMap id="386" uuid="cf1aa1cc-a542-102e-a00e-000c29c2a5d7">
                    <conceptMapType reference="37"/>
                    <creator/>
                    <changedBy/>
                    <dateCreated id="387">2011-03-21 15:37:16</dateCreated>
                    <dateChanged id="388">2012-06-21 16:49:52</dateChanged>
                    <conceptMapId>12006</conceptMapId>
                    <concept reference="364"/>
                    <conceptReferenceTerm id="389" resolves-to="org.openmrs.ConceptReferenceTerm" uuid="0878411a-35f2-3852-a59a-a266de9b8571">
                      <creator/>
                      <dateCreated id="390">2011-03-21 00:00:00</dateCreated>
                      <retired>false</retired>
                      <conceptReferenceTermId>12006</conceptReferenceTermId>
                      <conceptSource reference="87"/>
                      <code>7046</code>
                      <conceptReferenceTermMaps id="391"/>
                    </conceptReferenceTerm>
                  </org.openmrs.ConceptMap>
                </conceptMappings>
              </answerConcept>
              <creator/>
              <dateCreated id="392">2011-03-20 09:14:36</dateCreated>
              <sortWeight>6479.0</sortWeight>
            </org.openmrs.ConceptAnswer>
            <org.openmrs.ConceptAnswer id="393" uuid="373994f4-b5b0-4c34-8926-7e47817c6cd9">
              <conceptAnswerId>6336</conceptAnswerId>
              <concept reference="148"/>
              <answerConcept id="394" resolves-to="org.openmrs.Concept" uuid="3ce28f4c-26fe-102b-80cb-0017a47871b2">
                <conceptId>2287</conceptId>
                <retired>false</retired>
                <datatype reference="3"/>
                <conceptClass reference="187"/>
                <set>false</set>
                <creator/>
                <dateCreated id="395">2007-05-18 13:10:40</dateCreated>
                <changedBy/>
                <dateChanged id="396">2013-09-19 22:43:48</dateChanged>
                <names class="set" id="397">
                  <org.openmrs.ConceptName id="398" uuid="3e23d00a-26fe-102b-80cb-0017a47871b2">
                    <conceptNameId>2471</conceptNameId>
                    <concept reference="394"/>
                    <name>Years</name>
                    <locale id="399">en</locale>
                    <creator/>
                    <dateCreated id="400">2007-05-18 13:10:40</dateCreated>
                    <voided>false</voided>
                    <tags class="set" id="401"/>
                    <conceptNameType>FULLY_SPECIFIED</conceptNameType>
                    <localePreferred>true</localePreferred>
                  </org.openmrs.ConceptName>
                  <org.openmrs.ConceptName id="402" uuid="f6838440-d5db-102d-ad2a-000c29c2a5d7">
                    <conceptNameId>11787</conceptNameId>
                    <concept reference="394"/>
                    <name>Années</name>
                    <locale id="403">fr</locale>
                    <creator/>
                    <dateCreated id="404">2010-06-29 13:04:01</dateCreated>
                    <voided>false</voided>
                    <tags class="set" id="405"/>
                    <localePreferred>true</localePreferred>
                  </org.openmrs.ConceptName>
                </names>
                <answers class="set" id="406"/>
                <conceptSets class="set" id="407"/>
                <descriptions class="set" id="408">
                  <org.openmrs.ConceptDescription id="409" uuid="ecf15d50-07fe-102c-b5fa-0017a47871b2">
                    <conceptDescriptionId>2159</conceptDescriptionId>
                    <concept reference="394"/>
                    <description>Temporal answer to question &quot;is that months, weeks, days, or years?&quot;</description>
                    <locale id="410">en</locale>
                    <creator/>
                    <dateCreated id="411">2007-05-18 13:10:40</dateCreated>
                    <changedBy/>
                    <dateChanged id="412">2011-03-21 14:58:17</dateChanged>
                  </org.openmrs.ConceptDescription>
                </descriptions>
                <conceptMappings class="set" id="413">
                  <org.openmrs.ConceptMap id="414" uuid="b224fcec-4864-102e-96e9-000c29c2a5d7">
                    <conceptMapType reference="37"/>
                    <creator/>
                    <changedBy/>
                    <dateCreated id="415">2010-11-23 10:15:31</dateCreated>
                    <dateChanged id="416">2012-06-21 16:49:52</dateChanged>
                    <conceptMapId>2289</conceptMapId>
                    <concept reference="394"/>
                    <conceptReferenceTerm id="417" resolves-to="org.openmrs.ConceptReferenceTerm" uuid="c9549ebc-f00c-31e8-934e-05f71dcdc709">
                      <creator/>
                      <dateCreated id="418">2010-11-23 00:00:00</dateCreated>
                      <retired>false</retired>
                      <conceptReferenceTermId>2289</conceptReferenceTermId>
                      <conceptSource reference="87"/>
                      <code>2287</code>
                      <conceptReferenceTermMaps id="419"/>
                    </conceptReferenceTerm>
                  </org.openmrs.ConceptMap>
                  <org.openmrs.ConceptMap id="420" uuid="758d4606-4943-102e-96e9-000c29c2a5d7">
                    <conceptMapType reference="37"/>
                    <creator/>
                    <changedBy/>
                    <dateCreated id="421">2010-11-24 12:49:58</dateCreated>
                    <dateChanged id="422">2012-06-21 16:49:52</dateChanged>
                    <conceptMapId>8102</conceptMapId>
                    <concept reference="394"/>
                    <conceptReferenceTerm id="423" resolves-to="org.openmrs.ConceptReferenceTerm" uuid="aa9f10cc-474d-34ee-b0af-6fbe4fa2eba4">
                      <creator/>
                      <dateCreated id="424">2010-11-24 00:00:00</dateCreated>
                      <retired>false</retired>
                      <conceptReferenceTermId>8102</conceptReferenceTermId>
                      <conceptSource reference="87"/>
                      <code>YEARS</code>
                      <conceptReferenceTermMaps id="425"/>
                    </conceptReferenceTerm>
                  </org.openmrs.ConceptMap>
                </conceptMappings>
              </answerConcept>
              <creator/>
              <dateCreated id="426">2010-11-17 12:01:08</dateCreated>
              <sortWeight>6336.0</sortWeight>
            </org.openmrs.ConceptAnswer>
          </answers>
          <conceptSets class="set" id="427"/>
          <descriptions class="set" id="428">
            <org.openmrs.ConceptDescription id="429" uuid="16534d41-55b3-49f9-accf-3e6f45614f8b">
              <conceptDescriptionId>5004</conceptDescriptionId>
              <concept reference="148"/>
              <description>generic concept used to answer questions such as: how long ago did you..., or when was the last time...</description>
              <locale id="430">en</locale>
              <creator/>
              <dateCreated id="431">2009-08-24 08:55:12</dateCreated>
              <changedBy/>
              <dateChanged id="432">2011-03-21 14:58:17</dateChanged>
            </org.openmrs.ConceptDescription>
          </descriptions>
          <conceptMappings class="set" id="433">
            <org.openmrs.ConceptMap id="434" uuid="70741a91-ffc9-4df8-9e55-dc3ef12f6f8d">
              <conceptMapType id="435" resolves-to="org.openmrs.ConceptMapType" uuid="4b9d9421-7d8c-11e1-909d-c80aa9edcf4e">
                <name>BROADER-THAN</name>
                <creator/>
                <dateCreated id="436">2012-06-21 00:00:00</dateCreated>
                <retired>false</retired>
                <conceptMapTypeId>3</conceptMapTypeId>
                <isHidden>false</isHidden>
              </conceptMapType>
              <creator/>
              <dateCreated id="437">2013-09-09 19:44:24</dateCreated>
              <conceptMapId>19137</conceptMapId>
              <concept reference="148"/>
              <conceptReferenceTerm id="438" resolves-to="org.openmrs.ConceptReferenceTerm" uuid="58463eca-b1e6-45d2-956e-06df66ff64e9">
                <creator/>
                <dateCreated id="439">2013-09-09 19:44:08</dateCreated>
                <retired>false</retired>
                <conceptReferenceTermId>18984</conceptReferenceTermId>
                <conceptSource reference="42"/>
                <code>1732</code>
                <conceptReferenceTermMaps id="440"/>
              </conceptReferenceTerm>
            </org.openmrs.ConceptMap>
            <org.openmrs.ConceptMap id="441" uuid="b2aef956-4864-102e-96e9-000c29c2a5d7">
              <conceptMapType reference="37"/>
              <creator/>
              <changedBy/>
              <dateCreated id="442">2010-11-23 10:15:31</dateCreated>
              <dateChanged id="443">2012-06-21 16:49:52</dateChanged>
              <conceptMapId>5479</conceptMapId>
              <concept reference="148"/>
              <conceptReferenceTerm id="444" resolves-to="org.openmrs.ConceptReferenceTerm" uuid="7789e06f-103c-3f20-919f-64b61e35813a">
                <creator/>
                <dateCreated id="445">2010-11-23 00:00:00</dateCreated>
                <retired>false</retired>
                <conceptReferenceTermId>5479</conceptReferenceTermId>
                <conceptSource reference="87"/>
                <code>6412</code>
                <conceptReferenceTermMaps id="446"/>
              </conceptReferenceTerm>
            </org.openmrs.ConceptMap>
            <org.openmrs.ConceptMap id="447" uuid="75af52aa-4943-102e-96e9-000c29c2a5d7">
              <conceptMapType reference="37"/>
              <creator/>
              <changedBy/>
              <dateCreated id="448">2010-11-24 12:49:58</dateCreated>
              <dateChanged id="449">2012-06-21 16:49:52</dateChanged>
              <conceptMapId>11054</conceptMapId>
              <concept reference="148"/>
              <conceptReferenceTerm id="450" resolves-to="org.openmrs.ConceptReferenceTerm" uuid="46639f33-2e96-3ba9-b15c-36c67639eed0">
                <creator/>
                <dateCreated id="451">2010-11-24 00:00:00</dateCreated>
                <retired>false</retired>
                <conceptReferenceTermId>11054</conceptReferenceTermId>
                <conceptSource reference="87"/>
                <code>TIME UNITS</code>
                <conceptReferenceTermMaps id="452"/>
              </conceptReferenceTerm>
            </org.openmrs.ConceptMap>
          </conceptMappings>
        </concept>
        <conceptSet reference="2"/>
        <sortWeight>6.0</sortWeight>
        <creator/>
        <dateCreated id="453">2013-09-09 19:54:10</dateCreated>
      </org.openmrs.ConceptSet>
      <org.openmrs.ConceptSet id="454" uuid="188ef001-d12c-4e3d-be6a-f7b4a4629ddc">
        <conceptSetId>4591</conceptSetId>
        <concept id="455" resolves-to="org.openmrs.Concept" uuid="51348cdb-1d3c-4714-aa22-729241503d5b">
          <conceptId>9074</conceptId>
          <retired>false</retired>
          <datatype reference="93"/>
          <conceptClass reference="20"/>
          <set>false</set>
          <creator/>
          <dateCreated id="456">2013-09-09 19:40:08</dateCreated>
          <changedBy/>
          <dateChanged id="457">2013-09-09 19:40:56</dateChanged>
          <names class="set" id="458">
            <org.openmrs.ConceptName id="459" uuid="5e18b138-7b4f-4b4c-81e4-d1401db4d61d">
              <conceptNameId>23560</conceptNameId>
              <concept reference="455"/>
              <name>Units of medication prescribed per dose</name>
              <locale id="460">en</locale>
              <creator/>
              <dateCreated id="461">2013-09-09 19:40:08</dateCreated>
              <voided>false</voided>
              <tags class="set" id="462"/>
              <conceptNameType>FULLY_SPECIFIED</conceptNameType>
              <localePreferred>true</localePreferred>
            </org.openmrs.ConceptName>
          </names>
          <answers class="set" id="463"/>
          <conceptSets class="set" id="464"/>
          <descriptions class="set" id="465">
            <org.openmrs.ConceptDescription id="466" uuid="e91043ac-d16d-4021-b485-508fa265584d">
              <conceptDescriptionId>6387</conceptDescriptionId>
              <concept reference="455"/>
              <description>Should be used in conjunction with &quot;Quantity of medication prescribed per dose&quot;.&#xd;
Example: &quot;take 400mg of ibuprofen twice a day&quot;, the units prescribed per dose is &quot;mg&quot;.</description>
              <locale id="467">en</locale>
              <creator/>
              <dateCreated id="468">2013-09-09 19:40:08</dateCreated>
            </org.openmrs.ConceptDescription>
          </descriptions>
          <conceptMappings class="set" id="469">
            <org.openmrs.ConceptMap id="470" uuid="d3e2f5e2-b08e-49f1-9071-6daf3c720dd9">
              <conceptMapType reference="37"/>
              <creator/>
              <dateCreated id="471">2013-09-09 19:40:56</dateCreated>
              <conceptMapId>19136</conceptMapId>
              <concept reference="455"/>
              <conceptReferenceTerm id="472" resolves-to="org.openmrs.ConceptReferenceTerm" uuid="4ff23c25-e20e-4f94-9dc9-874716be7ce7">
                <creator/>
                <dateCreated id="473">2013-09-09 19:40:34</dateCreated>
                <retired>false</retired>
                <conceptReferenceTermId>18983</conceptReferenceTermId>
                <conceptSource reference="87"/>
                <code>9074</code>
                <conceptReferenceTermMaps id="474"/>
              </conceptReferenceTerm>
            </org.openmrs.ConceptMap>
          </conceptMappings>
        </concept>
        <conceptSet reference="2"/>
        <sortWeight>4.0</sortWeight>
        <creator/>
        <dateCreated id="475">2013-09-09 19:41:38</dateCreated>
      </org.openmrs.ConceptSet>
      <org.openmrs.ConceptSet id="476" uuid="adfa7432-c963-48c9-9aa7-6b072e57d5d3">
        <conceptSetId>4586</conceptSetId>
        <concept id="477" resolves-to="org.openmrs.Concept" uuid="5e152a81-8635-41d6-aef2-2527a5f584f3">
          <conceptId>3193</conceptId>
          <retired>false</retired>
          <datatype reference="93"/>
          <conceptClass reference="20"/>
          <set>false</set>
          <version></version>
          <creator/>
          <dateCreated id="478">2008-06-17 14:18:25</dateCreated>
          <names class="set" id="479">
            <org.openmrs.ConceptName id="480" uuid="f6ee0cb6-d5db-102d-ad2a-000c29c2a5d7">
              <conceptNameId>12700</conceptNameId>
              <concept reference="477"/>
              <name>FRÉQUENCE GÉNÉRALE DE DROGUE</name>
              <locale id="481">fr</locale>
              <creator/>
              <dateCreated id="482">2010-06-29 13:04:46</dateCreated>
              <voided>false</voided>
              <tags class="set" id="483"/>
              <localePreferred>true</localePreferred>
            </org.openmrs.ConceptName>
            <org.openmrs.ConceptName id="484" uuid="93c4e140-07d4-102c-b5fa-0017a47871b2">
              <conceptNameId>6199</conceptNameId>
              <concept reference="477"/>
              <name>Frequency</name>
              <locale id="485">en</locale>
              <creator/>
              <dateCreated id="486">2008-06-17 14:18:25</dateCreated>
              <voided>false</voided>
              <tags class="set" id="487"/>
              <conceptNameType>SHORT</conceptNameType>
              <localePreferred>false</localePreferred>
            </org.openmrs.ConceptName>
            <org.openmrs.ConceptName id="488" uuid="0b752946-15f5-102d-96e4-000c29c2a5d7">
              <conceptNameId>4538</conceptNameId>
              <concept reference="477"/>
              <name>GENERAL DRUG FREQUENCY</name>
              <locale id="489">en</locale>
              <creator/>
              <dateCreated id="490">2008-06-17 14:18:25</dateCreated>
              <voided>false</voided>
              <tags class="set" id="491"/>
              <conceptNameType>FULLY_SPECIFIED</conceptNameType>
              <localePreferred>false</localePreferred>
            </org.openmrs.ConceptName>
          </names>
          <answers class="set" id="492"/>
          <conceptSets class="set" id="493"/>
          <descriptions class="set" id="494">
            <org.openmrs.ConceptDescription id="495" uuid="ed22e33e-07fe-102c-b5fa-0017a47871b2">
              <conceptDescriptionId>3930</conceptDescriptionId>
              <concept reference="477"/>
              <description>Prescribed frequency of drug consumption</description>
              <locale id="496">en</locale>
              <creator/>
              <dateCreated id="497">2008-06-17 14:18:25</dateCreated>
            </org.openmrs.ConceptDescription>
          </descriptions>
          <conceptMappings class="set" id="498">
            <org.openmrs.ConceptMap id="499" uuid="759d6b44-4943-102e-96e9-000c29c2a5d7">
              <conceptMapType reference="37"/>
              <creator/>
              <changedBy/>
              <dateCreated id="500">2010-11-24 12:49:58</dateCreated>
              <dateChanged id="501">2012-06-21 16:49:52</dateChanged>
              <conceptMapId>8989</conceptMapId>
              <concept reference="477"/>
              <conceptReferenceTerm id="502" resolves-to="org.openmrs.ConceptReferenceTerm" uuid="22707eec-c4c8-38e6-a46a-430662514fd4">
                <creator/>
                <dateCreated id="503">2010-11-24 00:00:00</dateCreated>
                <retired>false</retired>
                <conceptReferenceTermId>8989</conceptReferenceTermId>
                <conceptSource reference="87"/>
                <code>GENERAL DRUG FREQUENCY</code>
                <conceptReferenceTermMaps id="504"/>
              </conceptReferenceTerm>
            </org.openmrs.ConceptMap>
            <org.openmrs.ConceptMap id="505" uuid="b25bc3ee-4864-102e-96e9-000c29c2a5d7">
              <conceptMapType reference="37"/>
              <creator/>
              <changedBy/>
              <dateCreated id="506">2010-11-23 10:15:31</dateCreated>
              <dateChanged id="507">2012-06-21 16:49:52</dateChanged>
              <conceptMapId>3195</conceptMapId>
              <concept reference="477"/>
              <conceptReferenceTerm id="508" resolves-to="org.openmrs.ConceptReferenceTerm" uuid="84cacad1-571e-3727-9487-7ca1d45c293b">
                <creator/>
                <dateCreated id="509">2010-11-23 00:00:00</dateCreated>
                <retired>false</retired>
                <conceptReferenceTermId>3195</conceptReferenceTermId>
                <conceptSource reference="87"/>
                <code>3193</code>
                <conceptReferenceTermMaps id="510"/>
              </conceptReferenceTerm>
            </org.openmrs.ConceptMap>
          </conceptMappings>
        </concept>
        <conceptSet reference="2"/>
        <sortWeight>2.0</sortWeight>
        <creator/>
        <dateCreated id="511">2013-08-29 20:22:41</dateCreated>
      </org.openmrs.ConceptSet>
      <org.openmrs.ConceptSet id="512" uuid="51fcb074-9b28-4125-a763-b2bf95d9e2fa">
        <conceptSetId>4585</conceptSetId>
        <concept id="513" resolves-to="org.openmrs.Concept" uuid="3cd9491e-26fe-102b-80cb-0017a47871b2">
          <conceptId>1282</conceptId>
          <retired>false</retired>
          <datatype reference="149"/>
          <conceptClass reference="187"/>
          <set>false</set>
          <creator/>
          <dateCreated id="514">2005-02-24 12:02:35</dateCreated>
          <changedBy/>
          <dateChanged id="515">2013-09-04 21:52:40</dateChanged>
          <names class="set" id="516">
            <org.openmrs.ConceptName id="517" uuid="f5fb5796-d5db-102d-ad2a-000c29c2a5d7">
              <conceptNameId>10798</conceptNameId>
              <concept reference="513"/>
              <name>COMMANDES DE MÉDICAMENTS</name>
              <locale id="518">fr</locale>
              <creator/>
              <dateCreated id="519">2010-06-29 13:03:17</dateCreated>
              <voided>false</voided>
              <tags class="set" id="520"/>
              <localePreferred>true</localePreferred>
            </org.openmrs.ConceptName>
            <org.openmrs.ConceptName id="521" uuid="3e178b24-26fe-102b-80cb-0017a47871b2">
              <conceptNameId>1320</conceptNameId>
              <concept reference="513"/>
              <name>MEDICATION ORDERS</name>
              <locale id="522">en</locale>
              <creator/>
              <dateCreated id="523">2005-02-24 12:02:35</dateCreated>
              <voided>false</voided>
              <tags class="set" id="524"/>
              <conceptNameType>FULLY_SPECIFIED</conceptNameType>
              <localePreferred>true</localePreferred>
            </org.openmrs.ConceptName>
          </names>
          <answers class="set" id="525"/>
          <conceptSets class="set" id="526"/>
          <descriptions class="set" id="527">
            <org.openmrs.ConceptDescription id="528" uuid="ece6ee42-07fe-102c-b5fa-0017a47871b2">
              <conceptDescriptionId>1293</conceptDescriptionId>
              <concept reference="513"/>
              <description>Drugs that are ordered at a given patient encounter.</description>
              <locale id="529">en</locale>
              <creator/>
              <dateCreated id="530">2005-02-24 12:02:35</dateCreated>
            </org.openmrs.ConceptDescription>
          </descriptions>
          <conceptMappings class="set" id="531">
            <org.openmrs.ConceptMap id="532" uuid="b2105bac-4864-102e-96e9-000c29c2a5d7">
              <conceptMapType reference="37"/>
              <creator/>
              <changedBy/>
              <dateCreated id="533">2010-11-23 10:15:31</dateCreated>
              <dateChanged id="534">2012-06-21 16:49:52</dateChanged>
              <conceptMapId>1284</conceptMapId>
              <concept reference="513"/>
              <conceptReferenceTerm id="535" resolves-to="org.openmrs.ConceptReferenceTerm" uuid="7e4e5cb6-2124-3ff1-9811-015daef2e059">
                <creator/>
                <dateCreated id="536">2010-11-23 00:00:00</dateCreated>
                <retired>false</retired>
                <conceptReferenceTermId>1284</conceptReferenceTermId>
                <conceptSource reference="87"/>
                <code>1282</code>
                <conceptReferenceTermMaps id="537"/>
              </conceptReferenceTerm>
            </org.openmrs.ConceptMap>
            <org.openmrs.ConceptMap id="538" uuid="75699fd0-4943-102e-96e9-000c29c2a5d7">
              <conceptMapType reference="37"/>
              <creator/>
              <changedBy/>
              <dateCreated id="539">2010-11-24 12:49:58</dateCreated>
              <dateChanged id="540">2012-06-21 16:49:52</dateChanged>
              <conceptMapId>7130</conceptMapId>
              <concept reference="513"/>
              <conceptReferenceTerm id="541" resolves-to="org.openmrs.ConceptReferenceTerm" uuid="9bab7adc-de35-3a20-bb17-a3511068623c">
                <creator/>
                <dateCreated id="542">2010-11-24 00:00:00</dateCreated>
                <retired>false</retired>
                <conceptReferenceTermId>7130</conceptReferenceTermId>
                <conceptSource reference="87"/>
                <code>MEDICATION ORDERS</code>
                <conceptReferenceTermMaps id="543"/>
              </conceptReferenceTerm>
            </org.openmrs.ConceptMap>
          </conceptMappings>
        </concept>
        <conceptSet reference="2"/>
        <sortWeight>0.0</sortWeight>
        <creator/>
        <dateCreated id="544">2013-08-29 20:22:41</dateCreated>
      </org.openmrs.ConceptSet>
    </conceptSets>
    <descriptions class="set" id="545">
      <org.openmrs.ConceptDescription id="546" uuid="5afacc24-a1d2-4670-9751-efbd5ca66b24">
        <conceptDescriptionId>6383</conceptDescriptionId>
        <concept reference="2"/>
        <description>Collects all pieces of information about a medication or product that was dispensed to the patient, e.g. at a pharmacy</description>
        <locale id="547">en</locale>
        <creator/>
        <dateCreated id="548">2013-08-29 20:10:39</dateCreated>
      </org.openmrs.ConceptDescription>
    </descriptions>
    <conceptMappings class="set" id="549">
      <org.openmrs.ConceptMap id="550" uuid="50639ccb-0d00-4ee8-a424-e07f8b8a6486">
        <conceptMapType reference="435"/>
        <creator/>
        <changedBy/>
        <dateCreated id="551">2013-08-29 21:01:59</dateCreated>
        <dateChanged id="552">2013-09-09 19:13:03</dateChanged>
        <conceptMapId>19120</conceptMapId>
        <concept reference="2"/>
        <conceptReferenceTerm id="553" resolves-to="org.openmrs.ConceptReferenceTerm" uuid="23658bce-a623-4975-9523-a500e45b6a73">
          <creator/>
          <dateCreated id="554">2013-08-29 21:01:43</dateCreated>
          <retired>false</retired>
          <conceptReferenceTermId>18968</conceptReferenceTermId>
          <conceptSource reference="42"/>
          <code>1442</code>
          <conceptReferenceTermMaps id="555"/>
        </conceptReferenceTerm>
      </org.openmrs.ConceptMap>
      <org.openmrs.ConceptMap id="556" uuid="74f42c5e-e996-40e2-bf90-374d97a8bad2">
        <conceptMapType reference="37"/>
        <creator/>
        <dateCreated id="557">2013-08-29 21:01:59</dateCreated>
        <conceptMapId>19121</conceptMapId>
        <concept reference="2"/>
        <conceptReferenceTerm id="558" resolves-to="org.openmrs.ConceptReferenceTerm" uuid="c9bd00ea-20b6-47a7-bf2c-26cada992fe6">
          <creator/>
          <dateCreated id="559">2013-08-29 21:00:50</dateCreated>
          <retired>false</retired>
          <conceptReferenceTermId>18967</conceptReferenceTermId>
          <conceptSource reference="87"/>
          <code>9070</code>
          <conceptReferenceTermMaps id="560"/>
        </conceptReferenceTerm>
      </org.openmrs.ConceptMap>
    </conceptMappings>
  </org.openmrs.Concept>
</list>
