<?xml version="1.0" encoding="UTF-8"?>
<list id="1">
  <org.openmrs.Role id="2" uuid="36fd044e-f76a-4a07-84b0-1af9d7ce0c59">
    <description>pharmacyAide</description>
    <retired>false</retired>
    <role>Application Role: pharmacyAide</role>
    <privileges id="3">
      <org.openmrs.Privilege id="4" uuid="cc9bcfd5-2bc8-489f-85a7-fbd65e5a8293">
        <description>Ability to dispense medicine.</description>
        <retired>false</retired>
        <privilege>Task: mirebalais.dispensing</privilege>
      </org.openmrs.Privilege>
      <org.openmrs.Privilege id="5" uuid="769a12c2-6ff0-42ba-888e-52e66ed16fb7">
        <description>Access to dispensing medication app.</description>
        <retired>false</retired>
        <privilege>App: dispensing.app.dispense</privilege>
      </org.openmrs.Privilege>
    </privileges>
    <inheritedRoles id="6"/>
    <childRoles id="7"/>
  </org.openmrs.Role>
</list>
