<?xml version="1.0" encoding="UTF-8"?>
<package id="1" uuid="06fbbe56-8c1e-43bc-b99a-5e49d8a95bfd">
  <dateCreated id="2">2016-12-21 22:43:03</dateCreated>
  <name>HUM Pathology</name>
  <description>Concepts used for pathology specimen order and processing.</description>
  <openmrsVersion>1.9.11 SNAPSHOT Build 90645d</openmrsVersion>
  <version>4</version>
  <groupUuid>1c57b7fe-ea18-434e-84c5-137d26bbf340</groupUuid>
  <modules id="3">
    <entry>
      <string>uilibrary</string>
      <string>2.0.4</string>
    </entry>
    <entry>
      <string>reportingcompatibility</string>
      <string>1.5.8</string>
    </entry>
    <entry>
      <string>groovy</string>
      <string>2.2.4</string>
    </entry>
    <entry>
      <string>validation</string>
      <string>1.0.1</string>
    </entry>
    <entry>
      <string>uiframework</string>
      <string>3.5</string>
    </entry>
    <entry>
      <string>metadatadeploy</string>
      <string>1.5-SNAPSHOT</string>
    </entry>
    <entry>
      <string>htmlformentry</string>
      <string>3.0-SNAPSHOT</string>
    </entry>
    <entry>
      <string>metadatamapping</string>
      <string>1.0.2</string>
    </entry>
    <entry>
      <string>logic</string>
      <string>0.5.2</string>
    </entry>
    <entry>
      <string>providermanagement</string>
      <string>2.4</string>
    </entry>
    <entry>
      <string>htmlformentry19ext</string>
      <string>1.7</string>
    </entry>
    <entry>
      <string>metadatasharing</string>
      <string>1.1.10</string>
    </entry>
    <entry>
      <string>serialization.xstream</string>
      <string>0.2.7</string>
    </entry>
  </modules>
  <items class="linked-hash-set" id="4">
    <org.openmrs.module.metadatasharing.Item id="5" uuid="55219ee7-08e3-4ecd-aa1f-527ec1234758">
      <id>10773</id>
      <classname>org.openmrs.Concept</classname>
      <dateChanged id="6">2016-12-21 22:42:40</dateChanged>
      <retired>false</retired>
    </org.openmrs.module.metadatasharing.Item>
  </items>
  <relatedItems class="linked-hash-set" id="7">
    <org.openmrs.module.metadatasharing.Item id="8" uuid="8d4a4c94-c2cc-11de-8d13-0010c6dffd0f">
      <id>4</id>
      <classname>org.openmrs.ConceptDatatype</classname>
      <dateChanged id="9">2004-02-02 05:00:00</dateChanged>
      <retired>false</retired>
    </org.openmrs.module.metadatasharing.Item>
    <org.openmrs.module.metadatasharing.Item id="10" uuid="8d492594-c2cc-11de-8d13-0010c6dffd0f">
      <id>10</id>
      <classname>org.openmrs.ConceptClass</classname>
      <dateChanged id="11">2015-07-01 17:25:50</dateChanged>
      <retired>false</retired>
    </org.openmrs.module.metadatasharing.Item>
    <org.openmrs.module.metadatasharing.Item id="12" uuid="aa9f99ea-786d-4d29-b944-aacd744516dd">
      <id>31529</id>
      <classname>org.openmrs.ConceptName</classname>
      <dateChanged id="13">2016-12-21 22:42:40</dateChanged>
    </org.openmrs.module.metadatasharing.Item>
    <org.openmrs.module.metadatasharing.Item id="14" uuid="56a443a7-a9bf-46fb-8632-285135545618">
      <id>6913</id>
      <classname>org.openmrs.ConceptSet</classname>
      <dateChanged id="15">2016-12-21 22:42:40</dateChanged>
    </org.openmrs.module.metadatasharing.Item>
    <org.openmrs.module.metadatasharing.Item id="16" uuid="931ccc79-3522-497b-b22a-50432e78b651">
      <id>10766</id>
      <classname>org.openmrs.Concept</classname>
      <dateChanged id="17">2016-12-21 00:15:02</dateChanged>
      <retired>false</retired>
    </org.openmrs.module.metadatasharing.Item>
    <org.openmrs.module.metadatasharing.Item id="18" uuid="7e9a0f18-5bbd-4bc6-9091-3d3e410b3469">
      <id>31521</id>
      <classname>org.openmrs.ConceptName</classname>
      <dateChanged id="19">2016-12-21 00:14:28</dateChanged>
    </org.openmrs.module.metadatasharing.Item>
    <org.openmrs.module.metadatasharing.Item id="20" uuid="ac3bbd50-4251-4caa-a06e-999afe32dccd">
      <id>31522</id>
      <classname>org.openmrs.ConceptName</classname>
      <dateChanged id="21">2016-12-21 00:14:28</dateChanged>
    </org.openmrs.module.metadatasharing.Item>
    <org.openmrs.module.metadatasharing.Item id="22" uuid="804d7fc3-b27d-4ad5-a2c1-f72bbeafe267">
      <id>6909</id>
      <classname>org.openmrs.ConceptSet</classname>
      <dateChanged id="23">2016-12-21 00:14:28</dateChanged>
    </org.openmrs.module.metadatasharing.Item>
    <org.openmrs.module.metadatasharing.Item id="24" uuid="226ed7ad-b776-4b99-966d-fd818d3302c2">
      <id>3064</id>
      <classname>org.openmrs.Concept</classname>
      <dateChanged id="25">2015-03-27 17:28:13</dateChanged>
      <retired>false</retired>
    </org.openmrs.module.metadatasharing.Item>
    <org.openmrs.module.metadatasharing.Item id="26" uuid="8d4a48b6-c2cc-11de-8d13-0010c6dffd0f">
      <id>2</id>
      <classname>org.openmrs.ConceptDatatype</classname>
      <dateChanged id="27">2004-02-02 00:00:00</dateChanged>
      <retired>false</retired>
    </org.openmrs.module.metadatasharing.Item>
    <org.openmrs.module.metadatasharing.Item id="28" uuid="8d491e50-c2cc-11de-8d13-0010c6dffd0f">
      <id>7</id>
      <classname>org.openmrs.ConceptClass</classname>
      <dateChanged id="29">2015-07-01 17:25:50</dateChanged>
      <retired>false</retired>
    </org.openmrs.module.metadatasharing.Item>
    <org.openmrs.module.metadatasharing.Item id="30" uuid="0b6b2c5c-15f5-102d-96e4-000c29c2a5d7">
      <id>3284</id>
      <classname>org.openmrs.ConceptName</classname>
      <dateChanged id="31">2008-04-29 13:23:13</dateChanged>
    </org.openmrs.module.metadatasharing.Item>
    <org.openmrs.module.metadatasharing.Item id="32" uuid="80def83f-8ad6-49ca-b8a4-87e549c81adf">
      <id>17998</id>
      <classname>org.openmrs.ConceptName</classname>
      <dateChanged id="33">2013-02-21 00:38:10</dateChanged>
    </org.openmrs.module.metadatasharing.Item>
    <org.openmrs.module.metadatasharing.Item id="34" uuid="fd4f7c24-c9eb-4a92-8936-28c1b85d8ff7">
      <id>17999</id>
      <classname>org.openmrs.ConceptName</classname>
      <dateChanged id="35">2013-02-21 00:38:49</dateChanged>
    </org.openmrs.module.metadatasharing.Item>
    <org.openmrs.module.metadatasharing.Item id="36" uuid="f6dbbcc8-d5db-102d-ad2a-000c29c2a5d7">
      <id>12564</id>
      <classname>org.openmrs.ConceptName</classname>
      <dateChanged id="37">2013-02-21 00:38:10</dateChanged>
    </org.openmrs.module.metadatasharing.Item>
    <org.openmrs.module.metadatasharing.Item id="38" uuid="93c47642-07d4-102c-b5fa-0017a47871b2">
      <id>6149</id>
      <classname>org.openmrs.ConceptName</classname>
      <dateChanged id="39">2008-04-29 13:23:13</dateChanged>
    </org.openmrs.module.metadatasharing.Item>
    <org.openmrs.module.metadatasharing.Item id="40" uuid="ed212044-07fe-102c-b5fa-0017a47871b2">
      <id>2731</id>
      <classname>org.openmrs.ConceptDescription</classname>
      <dateChanged id="41">2013-02-21 00:41:48</dateChanged>
    </org.openmrs.module.metadatasharing.Item>
    <org.openmrs.module.metadatasharing.Item id="42" uuid="759cb00a-4943-102e-96e9-000c29c2a5d7">
      <id>8863</id>
      <classname>org.openmrs.ConceptMap</classname>
      <dateChanged id="43">2012-06-21 16:49:52</dateChanged>
    </org.openmrs.module.metadatasharing.Item>
    <org.openmrs.module.metadatasharing.Item id="44" uuid="35543629-7d8c-11e1-909d-c80aa9edcf4e">
      <id>1</id>
      <classname>org.openmrs.ConceptMapType</classname>
      <dateChanged id="45">2012-06-21 00:00:00</dateChanged>
      <retired>false</retired>
    </org.openmrs.module.metadatasharing.Item>
    <org.openmrs.module.metadatasharing.Item id="46" uuid="9ccc5e6f-fe18-38f5-a061-52172966d49a">
      <id>8863</id>
      <classname>org.openmrs.ConceptReferenceTerm</classname>
      <dateChanged id="47">2010-11-24 00:00:00</dateChanged>
      <retired>false</retired>
    </org.openmrs.module.metadatasharing.Item>
    <org.openmrs.module.metadatasharing.Item id="48" uuid="fb9aaaf1-65e2-4c18-b53c-16b575f2f385">
      <id>5</id>
      <classname>org.openmrs.ConceptSource</classname>
      <dateChanged id="49">2015-07-01 17:25:50</dateChanged>
      <retired>false</retired>
    </org.openmrs.module.metadatasharing.Item>
    <org.openmrs.module.metadatasharing.Item id="50" uuid="b25af932-4864-102e-96e9-000c29c2a5d7">
      <id>3066</id>
      <classname>org.openmrs.ConceptMap</classname>
      <dateChanged id="51">2012-06-21 16:49:52</dateChanged>
    </org.openmrs.module.metadatasharing.Item>
    <org.openmrs.module.metadatasharing.Item id="52" uuid="60fe0368-f1eb-3b1f-9690-35127fb72def">
      <id>3066</id>
      <classname>org.openmrs.ConceptReferenceTerm</classname>
      <dateChanged id="53">2010-11-23 00:00:00</dateChanged>
      <retired>false</retired>
    </org.openmrs.module.metadatasharing.Item>
    <org.openmrs.module.metadatasharing.Item id="54" uuid="e2e3a64b-5c9c-4326-b391-7602ab39de0e">
      <id>20030</id>
      <classname>org.openmrs.ConceptMap</classname>
      <dateChanged id="55">2013-09-26 19:57:09</dateChanged>
    </org.openmrs.module.metadatasharing.Item>
    <org.openmrs.module.metadatasharing.Item id="56" uuid="6de954bf-3b60-4abe-8910-2b8f8a399d83">
      <id>19902</id>
      <classname>org.openmrs.ConceptReferenceTerm</classname>
      <dateChanged id="57">2013-09-26 19:38:22</dateChanged>
      <retired>false</retired>
    </org.openmrs.module.metadatasharing.Item>
    <org.openmrs.module.metadatasharing.Item id="58" uuid="edd52713-8887-47b7-ba9e-6e1148824ca4">
      <id>31</id>
      <classname>org.openmrs.ConceptSource</classname>
      <dateChanged id="59">2015-07-01 17:25:50</dateChanged>
      <retired>false</retired>
    </org.openmrs.module.metadatasharing.Item>
    <org.openmrs.module.metadatasharing.Item id="60" uuid="f0f053bc-bb57-472c-b878-bc9fb64b3518">
      <id>6910</id>
      <classname>org.openmrs.ConceptSet</classname>
      <dateChanged id="61">2016-12-21 00:14:28</dateChanged>
    </org.openmrs.module.metadatasharing.Item>
    <org.openmrs.module.metadatasharing.Item id="62" uuid="3cd9ef9a-26fe-102b-80cb-0017a47871b2">
      <id>1379</id>
      <classname>org.openmrs.Concept</classname>
      <dateChanged id="63">2015-03-27 17:23:19</dateChanged>
      <retired>false</retired>
    </org.openmrs.module.metadatasharing.Item>
    <org.openmrs.module.metadatasharing.Item id="64" uuid="5966217f-b7a9-4724-b1be-3960b09173aa">
      <id>15215</id>
      <classname>org.openmrs.ConceptName</classname>
      <dateChanged id="65">2011-10-20 07:26:11</dateChanged>
    </org.openmrs.module.metadatasharing.Item>
    <org.openmrs.module.metadatasharing.Item id="66" uuid="3e18f55e-26fe-102b-80cb-0017a47871b2">
      <id>1475</id>
      <classname>org.openmrs.ConceptName</classname>
      <dateChanged id="67">2014-01-03 23:37:51</dateChanged>
    </org.openmrs.module.metadatasharing.Item>
    <org.openmrs.module.metadatasharing.Item id="68" uuid="3e18f2f2-26fe-102b-80cb-0017a47871b2">
      <id>1474</id>
      <classname>org.openmrs.ConceptName</classname>
      <dateChanged id="69">2013-04-10 02:07:51</dateChanged>
    </org.openmrs.module.metadatasharing.Item>
    <org.openmrs.module.metadatasharing.Item id="70" uuid="f6091c8c-d5db-102d-ad2a-000c29c2a5d7">
      <id>10893</id>
      <classname>org.openmrs.ConceptName</classname>
      <dateChanged id="71">2014-01-03 23:37:51</dateChanged>
    </org.openmrs.module.metadatasharing.Item>
    <org.openmrs.module.metadatasharing.Item id="72" uuid="9e6d5e21-ac4b-4aea-836e-75305d1ecaa5">
      <id>25734</id>
      <classname>org.openmrs.ConceptName</classname>
      <dateChanged id="73">2014-01-03 23:37:51</dateChanged>
    </org.openmrs.module.metadatasharing.Item>
    <org.openmrs.module.metadatasharing.Item id="74" uuid="3d3f403e-26fe-102b-80cb-0017a47871b2">
      <id>957</id>
      <classname>org.openmrs.ConceptAnswer</classname>
      <dateChanged id="75">2006-06-14 19:17:03</dateChanged>
    </org.openmrs.module.metadatasharing.Item>
    <org.openmrs.module.metadatasharing.Item id="76" uuid="3cd9bd04-26fe-102b-80cb-0017a47871b2">
      <id>1345</id>
      <classname>org.openmrs.Concept</classname>
      <dateChanged id="77">2015-03-27 17:22:53</dateChanged>
      <retired>false</retired>
    </org.openmrs.module.metadatasharing.Item>
    <org.openmrs.module.metadatasharing.Item id="78" uuid="8d492774-c2cc-11de-8d13-0010c6dffd0f">
      <id>11</id>
      <classname>org.openmrs.ConceptClass</classname>
      <dateChanged id="79">2015-07-01 17:25:50</dateChanged>
      <retired>false</retired>
    </org.openmrs.module.metadatasharing.Item>
    <org.openmrs.module.metadatasharing.Item id="80" uuid="3e1868b4-26fe-102b-80cb-0017a47871b2">
      <id>1411</id>
      <classname>org.openmrs.ConceptName</classname>
      <dateChanged id="81">2006-06-09 17:11:06</dateChanged>
    </org.openmrs.module.metadatasharing.Item>
    <org.openmrs.module.metadatasharing.Item id="82" uuid="3e1862c4-26fe-102b-80cb-0017a47871b2">
      <id>1410</id>
      <classname>org.openmrs.ConceptName</classname>
      <dateChanged id="83">2006-06-09 17:11:06</dateChanged>
    </org.openmrs.module.metadatasharing.Item>
    <org.openmrs.module.metadatasharing.Item id="84" uuid="f604892e-d5db-102d-ad2a-000c29c2a5d7">
      <id>10860</id>
      <classname>org.openmrs.ConceptName</classname>
      <dateChanged id="85">2010-06-29 13:03:17</dateChanged>
    </org.openmrs.module.metadatasharing.Item>
    <org.openmrs.module.metadatasharing.Item id="86" uuid="0567cd47-4785-4231-9fcb-9f377021d8ee">
      <id>1376</id>
      <classname>org.openmrs.ConceptDescription</classname>
      <dateChanged id="87">2013-04-10 02:09:12</dateChanged>
    </org.openmrs.module.metadatasharing.Item>
    <org.openmrs.module.metadatasharing.Item id="88" uuid="e0095dbf-7244-4005-8caf-0cf751d20f71">
      <id>13523</id>
      <classname>org.openmrs.ConceptMap</classname>
      <dateChanged id="89">2012-06-21 16:49:52</dateChanged>
    </org.openmrs.module.metadatasharing.Item>
    <org.openmrs.module.metadatasharing.Item id="90" uuid="466a3369-3bfc-39f7-a24e-7ce6e6ddc6c3">
      <id>13523</id>
      <classname>org.openmrs.ConceptReferenceTerm</classname>
      <dateChanged id="91">2011-10-31 00:00:00</dateChanged>
      <retired>false</retired>
    </org.openmrs.module.metadatasharing.Item>
    <org.openmrs.module.metadatasharing.Item id="92" uuid="21ADDDDDDDDDDDDDDDDDDDDDDDDDDDDDDDDD">
      <id>29</id>
      <classname>org.openmrs.ConceptSource</classname>
      <dateChanged id="93">2015-07-01 17:25:50</dateChanged>
      <retired>false</retired>
    </org.openmrs.module.metadatasharing.Item>
    <org.openmrs.module.metadatasharing.Item id="94" uuid="b2112bb8-4864-102e-96e9-000c29c2a5d7">
      <id>1347</id>
      <classname>org.openmrs.ConceptMap</classname>
      <dateChanged id="95">2012-06-21 16:49:52</dateChanged>
    </org.openmrs.module.metadatasharing.Item>
    <org.openmrs.module.metadatasharing.Item id="96" uuid="1b0a2f3d-1e0a-3ffc-a415-ff1ddc2787ba">
      <id>13525</id>
      <classname>org.openmrs.ConceptReferenceTerm</classname>
      <dateChanged id="97">2010-08-24 00:00:00</dateChanged>
      <retired>false</retired>
    </org.openmrs.module.metadatasharing.Item>
    <org.openmrs.module.metadatasharing.Item id="98" uuid="75719712-4943-102e-96e9-000c29c2a5d7">
      <id>7188</id>
      <classname>org.openmrs.ConceptMap</classname>
      <dateChanged id="99">2012-06-21 16:49:52</dateChanged>
    </org.openmrs.module.metadatasharing.Item>
    <org.openmrs.module.metadatasharing.Item id="100" uuid="33f09f21-6902-39c7-b08c-ef0259881623">
      <id>7188</id>
      <classname>org.openmrs.ConceptReferenceTerm</classname>
      <dateChanged id="101">2010-11-24 00:00:00</dateChanged>
      <retired>false</retired>
    </org.openmrs.module.metadatasharing.Item>
    <org.openmrs.module.metadatasharing.Item id="102" uuid="b4ce49bf-a4d3-446e-9438-fd18c6b7f8c9">
      <id>20037</id>
      <classname>org.openmrs.ConceptMap</classname>
      <dateChanged id="103">2013-09-26 19:57:13</dateChanged>
    </org.openmrs.module.metadatasharing.Item>
    <org.openmrs.module.metadatasharing.Item id="104" uuid="169cad7e-107b-47ab-bce6-4e1018326f4f">
      <id>19903</id>
      <classname>org.openmrs.ConceptReferenceTerm</classname>
      <dateChanged id="105">2013-09-26 19:38:22</dateChanged>
      <retired>false</retired>
    </org.openmrs.module.metadatasharing.Item>
    <org.openmrs.module.metadatasharing.Item id="106" uuid="136261ABBBBBBBBBBBBBBBBBBBBBBBBBBBBB">
      <id>13526</id>
      <classname>org.openmrs.ConceptMap</classname>
      <dateChanged id="107">2012-06-21 16:49:52</dateChanged>
    </org.openmrs.module.metadatasharing.Item>
    <org.openmrs.module.metadatasharing.Item id="108" uuid="e9844c60-5139-3ff2-bacc-806eb1da4ac1">
      <id>13526</id>
      <classname>org.openmrs.ConceptReferenceTerm</classname>
      <dateChanged id="109">2010-10-27 00:00:00</dateChanged>
      <retired>false</retired>
    </org.openmrs.module.metadatasharing.Item>
    <org.openmrs.module.metadatasharing.Item id="110" uuid="13ADDDDDDDDDDDDDDDDDDDDDDDDDDDDDDDDD">
      <id>10</id>
      <classname>org.openmrs.ConceptSource</classname>
      <dateChanged id="111">2015-07-01 17:25:50</dateChanged>
      <retired>false</retired>
    </org.openmrs.module.metadatasharing.Item>
    <org.openmrs.module.metadatasharing.Item id="112" uuid="132793ABBBBBBBBBBBBBBBBBBBBBBBBBBBBB">
      <id>13524</id>
      <classname>org.openmrs.ConceptMap</classname>
      <dateChanged id="113">2012-06-21 16:49:52</dateChanged>
    </org.openmrs.module.metadatasharing.Item>
    <org.openmrs.module.metadatasharing.Item id="114" uuid="a69dafbf-5b89-3c59-a7e2-8c0477ca4bc0">
      <id>13524</id>
      <classname>org.openmrs.ConceptReferenceTerm</classname>
      <dateChanged id="115">2010-08-24 00:00:00</dateChanged>
      <retired>false</retired>
    </org.openmrs.module.metadatasharing.Item>
    <org.openmrs.module.metadatasharing.Item id="116" uuid="1ADDDDDDDDDDDDDDDDDDDDDDDDDDDDDDDDDD">
      <id>6</id>
      <classname>org.openmrs.ConceptSource</classname>
      <dateChanged id="117">2015-07-01 17:25:50</dateChanged>
      <retired>false</retired>
    </org.openmrs.module.metadatasharing.Item>
    <org.openmrs.module.metadatasharing.Item id="118" uuid="3d3f417e-26fe-102b-80cb-0017a47871b2">
      <id>958</id>
      <classname>org.openmrs.ConceptAnswer</classname>
      <dateChanged id="119">2006-06-14 19:17:03</dateChanged>
    </org.openmrs.module.metadatasharing.Item>
    <org.openmrs.module.metadatasharing.Item id="120" uuid="3cd9be80-26fe-102b-80cb-0017a47871b2">
      <id>1346</id>
      <classname>org.openmrs.Concept</classname>
      <dateChanged id="121">2015-03-27 17:23:05</dateChanged>
      <retired>false</retired>
    </org.openmrs.module.metadatasharing.Item>
    <org.openmrs.module.metadatasharing.Item id="122" uuid="3e186e2c-26fe-102b-80cb-0017a47871b2">
      <id>1413</id>
      <classname>org.openmrs.ConceptName</classname>
      <dateChanged id="123">2006-06-09 17:14:47</dateChanged>
    </org.openmrs.module.metadatasharing.Item>
    <org.openmrs.module.metadatasharing.Item id="124" uuid="3e186bde-26fe-102b-80cb-0017a47871b2">
      <id>1412</id>
      <classname>org.openmrs.ConceptName</classname>
      <dateChanged id="125">2006-06-09 17:14:47</dateChanged>
    </org.openmrs.module.metadatasharing.Item>
    <org.openmrs.module.metadatasharing.Item id="126" uuid="f604afd0-d5db-102d-ad2a-000c29c2a5d7">
      <id>10861</id>
      <classname>org.openmrs.ConceptName</classname>
      <dateChanged id="127">2010-06-29 13:03:17</dateChanged>
    </org.openmrs.module.metadatasharing.Item>
    <org.openmrs.module.metadatasharing.Item id="128" uuid="ece7f04e-07fe-102c-b5fa-0017a47871b2">
      <id>1377</id>
      <classname>org.openmrs.ConceptDescription</classname>
      <dateChanged id="129">2011-10-31 16:51:03</dateChanged>
    </org.openmrs.module.metadatasharing.Item>
    <org.openmrs.module.metadatasharing.Item id="130" uuid="b2112d20-4864-102e-96e9-000c29c2a5d7">
      <id>1348</id>
      <classname>org.openmrs.ConceptMap</classname>
      <dateChanged id="131">2012-06-21 16:49:52</dateChanged>
    </org.openmrs.module.metadatasharing.Item>
    <org.openmrs.module.metadatasharing.Item id="132" uuid="d85c74ad-0aff-3962-8c8e-100e2801048a">
      <id>13520</id>
      <classname>org.openmrs.ConceptReferenceTerm</classname>
      <dateChanged id="133">2010-08-24 00:00:00</dateChanged>
      <retired>false</retired>
    </org.openmrs.module.metadatasharing.Item>
    <org.openmrs.module.metadatasharing.Item id="134" uuid="132795ABBBBBBBBBBBBBBBBBBBBBBBBBBBBB">
      <id>13521</id>
      <classname>org.openmrs.ConceptMap</classname>
      <dateChanged id="135">2012-06-21 16:49:52</dateChanged>
    </org.openmrs.module.metadatasharing.Item>
    <org.openmrs.module.metadatasharing.Item id="136" uuid="b9c22911-7ff8-3608-a322-1420caa93026">
      <id>13521</id>
      <classname>org.openmrs.ConceptReferenceTerm</classname>
      <dateChanged id="137">2010-08-24 00:00:00</dateChanged>
      <retired>false</retired>
    </org.openmrs.module.metadatasharing.Item>
    <org.openmrs.module.metadatasharing.Item id="138" uuid="990a4471-83e9-4021-b1ce-fd88266e99f0">
      <id>20038</id>
      <classname>org.openmrs.ConceptMap</classname>
      <dateChanged id="139">2013-09-26 19:57:14</dateChanged>
    </org.openmrs.module.metadatasharing.Item>
    <org.openmrs.module.metadatasharing.Item id="140" uuid="1e3d5745-065b-493d-8e2f-a265d0ef44d7">
      <id>19913</id>
      <classname>org.openmrs.ConceptReferenceTerm</classname>
      <dateChanged id="141">2013-09-26 19:38:23</dateChanged>
      <retired>false</retired>
    </org.openmrs.module.metadatasharing.Item>
    <org.openmrs.module.metadatasharing.Item id="142" uuid="75719870-4943-102e-96e9-000c29c2a5d7">
      <id>7189</id>
      <classname>org.openmrs.ConceptMap</classname>
      <dateChanged id="143">2012-06-21 16:49:52</dateChanged>
    </org.openmrs.module.metadatasharing.Item>
    <org.openmrs.module.metadatasharing.Item id="144" uuid="d95ef27d-5090-3918-acfd-dc324df429b1">
      <id>7189</id>
      <classname>org.openmrs.ConceptReferenceTerm</classname>
      <dateChanged id="145">2010-11-24 00:00:00</dateChanged>
      <retired>false</retired>
    </org.openmrs.module.metadatasharing.Item>
    <org.openmrs.module.metadatasharing.Item id="146" uuid="368710db-35b7-4718-aa0c-8719db7b6caf">
      <id>13522</id>
      <classname>org.openmrs.ConceptMap</classname>
      <dateChanged id="147">2012-06-21 16:49:52</dateChanged>
    </org.openmrs.module.metadatasharing.Item>
    <org.openmrs.module.metadatasharing.Item id="148" uuid="0cee399e-a746-39c2-9f1b-dc40cc8a7f2f">
      <id>13522</id>
      <classname>org.openmrs.ConceptReferenceTerm</classname>
      <dateChanged id="149">2011-10-31 00:00:00</dateChanged>
      <retired>false</retired>
    </org.openmrs.module.metadatasharing.Item>
    <org.openmrs.module.metadatasharing.Item id="150" uuid="ece82d48-07fe-102c-b5fa-0017a47871b2">
      <id>1408</id>
      <classname>org.openmrs.ConceptDescription</classname>
      <dateChanged id="151">2011-10-31 16:51:10</dateChanged>
    </org.openmrs.module.metadatasharing.Item>
    <org.openmrs.module.metadatasharing.Item id="152" uuid="132876ABBBBBBBBBBBBBBBBBBBBBBBBBBBBB">
      <id>13528</id>
      <classname>org.openmrs.ConceptMap</classname>
      <dateChanged id="153">2012-06-21 16:49:52</dateChanged>
    </org.openmrs.module.metadatasharing.Item>
    <org.openmrs.module.metadatasharing.Item id="154" uuid="2f275b63-a79c-32ca-a6dd-2f9fc41361a8">
      <id>13528</id>
      <classname>org.openmrs.ConceptReferenceTerm</classname>
      <dateChanged id="155">2010-08-28 00:00:00</dateChanged>
      <retired>false</retired>
    </org.openmrs.module.metadatasharing.Item>
    <org.openmrs.module.metadatasharing.Item id="156" uuid="450d398f-9c42-4d5b-9be3-74ea781038ea">
      <id>20036</id>
      <classname>org.openmrs.ConceptMap</classname>
      <dateChanged id="157">2013-09-26 19:57:12</dateChanged>
    </org.openmrs.module.metadatasharing.Item>
    <org.openmrs.module.metadatasharing.Item id="158" uuid="09abb68f-58ad-434b-ac9d-04380476b8d2">
      <id>19905</id>
      <classname>org.openmrs.ConceptReferenceTerm</classname>
      <dateChanged id="159">2013-09-26 19:38:23</dateChanged>
      <retired>false</retired>
    </org.openmrs.module.metadatasharing.Item>
    <org.openmrs.module.metadatasharing.Item id="160" uuid="b2115c96-4864-102e-96e9-000c29c2a5d7">
      <id>1381</id>
      <classname>org.openmrs.ConceptMap</classname>
      <dateChanged id="161">2012-06-21 16:49:52</dateChanged>
    </org.openmrs.module.metadatasharing.Item>
    <org.openmrs.module.metadatasharing.Item id="162" uuid="295b5606-bdf4-3a49-952b-e072eb11c26a">
      <id>1381</id>
      <classname>org.openmrs.ConceptReferenceTerm</classname>
      <dateChanged id="163">2010-11-23 00:00:00</dateChanged>
      <retired>false</retired>
    </org.openmrs.module.metadatasharing.Item>
    <org.openmrs.module.metadatasharing.Item id="164" uuid="3d5608f8-d076-49d5-b2b2-2b8e9b725d9b">
      <id>13527</id>
      <classname>org.openmrs.ConceptMap</classname>
      <dateChanged id="165">2012-06-21 16:49:52</dateChanged>
    </org.openmrs.module.metadatasharing.Item>
    <org.openmrs.module.metadatasharing.Item id="166" uuid="a4252d65-3354-37a7-b5b1-ff7e06f51b50">
      <id>13527</id>
      <classname>org.openmrs.ConceptReferenceTerm</classname>
      <dateChanged id="167">2011-10-31 00:00:00</dateChanged>
      <retired>false</retired>
    </org.openmrs.module.metadatasharing.Item>
    <org.openmrs.module.metadatasharing.Item id="168" uuid="7571c386-4943-102e-96e9-000c29c2a5d7">
      <id>7220</id>
      <classname>org.openmrs.ConceptMap</classname>
      <dateChanged id="169">2012-06-21 16:49:52</dateChanged>
    </org.openmrs.module.metadatasharing.Item>
    <org.openmrs.module.metadatasharing.Item id="170" uuid="94ed81fb-e428-36a9-bd04-2799a8676f04">
      <id>7220</id>
      <classname>org.openmrs.ConceptReferenceTerm</classname>
      <dateChanged id="171">2010-11-24 00:00:00</dateChanged>
      <retired>false</retired>
    </org.openmrs.module.metadatasharing.Item>
    <org.openmrs.module.metadatasharing.Item id="172" uuid="52075b57-cf33-4d9e-8f41-d0b612bb7a13">
      <id>7059</id>
      <classname>org.openmrs.ConceptDescription</classname>
      <dateChanged id="173">2016-12-21 00:14:28</dateChanged>
    </org.openmrs.module.metadatasharing.Item>
    <org.openmrs.module.metadatasharing.Item id="174" uuid="7006f0af-ab76-4055-b0e9-6a678e26927d">
      <id>26906</id>
      <classname>org.openmrs.ConceptMap</classname>
      <dateChanged id="175">2016-12-21 00:15:02</dateChanged>
    </org.openmrs.module.metadatasharing.Item>
    <org.openmrs.module.metadatasharing.Item id="176" uuid="9ea080e9-ae7f-4e74-9e6c-967efd697d7d">
      <id>26083</id>
      <classname>org.openmrs.ConceptReferenceTerm</classname>
      <dateChanged id="177">2016-12-21 00:14:44</dateChanged>
      <retired>false</retired>
    </org.openmrs.module.metadatasharing.Item>
    <org.openmrs.module.metadatasharing.Item id="178" uuid="3011a2a3-0297-438f-861b-2afd0244f532">
      <id>26905</id>
      <classname>org.openmrs.ConceptMap</classname>
      <dateChanged id="179">2016-12-21 00:14:28</dateChanged>
    </org.openmrs.module.metadatasharing.Item>
    <org.openmrs.module.metadatasharing.Item id="180" uuid="97c92e93-312b-45aa-bc63-9e38549d5e4d">
      <id>26082</id>
      <classname>org.openmrs.ConceptReferenceTerm</classname>
      <dateChanged id="181">2016-12-21 00:14:15</dateChanged>
      <retired>false</retired>
    </org.openmrs.module.metadatasharing.Item>
    <org.openmrs.module.metadatasharing.Item id="182" uuid="0046fed0-0777-40c5-9447-91e00e065cb2">
      <id>6914</id>
      <classname>org.openmrs.ConceptSet</classname>
      <dateChanged id="183">2016-12-21 22:42:40</dateChanged>
    </org.openmrs.module.metadatasharing.Item>
    <org.openmrs.module.metadatasharing.Item id="184" uuid="d6d585b6-4887-4aac-8361-424c17b030f2">
      <id>10769</id>
      <classname>org.openmrs.Concept</classname>
      <dateChanged id="185">2016-12-21 21:39:46</dateChanged>
      <retired>false</retired>
    </org.openmrs.module.metadatasharing.Item>
    <org.openmrs.module.metadatasharing.Item id="186" uuid="f9ab8851-d760-43ef-8b9e-d9bbfdd6c397">
      <id>31525</id>
      <classname>org.openmrs.ConceptName</classname>
      <dateChanged id="187">2016-12-21 21:37:45</dateChanged>
    </org.openmrs.module.metadatasharing.Item>
    <org.openmrs.module.metadatasharing.Item id="188" uuid="3028ab75-1a43-4fed-b5bb-4320c3584407">
      <id>26912</id>
      <classname>org.openmrs.ConceptMap</classname>
      <dateChanged id="189">2016-12-21 21:37:45</dateChanged>
    </org.openmrs.module.metadatasharing.Item>
    <org.openmrs.module.metadatasharing.Item id="190" uuid="d20f9033-9d27-4496-9ec7-038de56dc3e8">
      <id>26089</id>
      <classname>org.openmrs.ConceptReferenceTerm</classname>
      <dateChanged id="191">2016-12-21 21:37:28</dateChanged>
      <retired>false</retired>
    </org.openmrs.module.metadatasharing.Item>
    <org.openmrs.module.metadatasharing.Item id="192" uuid="008a6f57-c88b-4461-999d-5fc907a9fb49">
      <id>26911</id>
      <classname>org.openmrs.ConceptMap</classname>
      <dateChanged id="193">2016-12-21 21:37:45</dateChanged>
    </org.openmrs.module.metadatasharing.Item>
    <org.openmrs.module.metadatasharing.Item id="194" uuid="8d195840-3a47-4a2e-b65c-b741a82aa5f9">
      <id>26088</id>
      <classname>org.openmrs.ConceptReferenceTerm</classname>
      <dateChanged id="195">2016-12-21 21:37:16</dateChanged>
      <retired>false</retired>
    </org.openmrs.module.metadatasharing.Item>
    <org.openmrs.module.metadatasharing.Item id="196" uuid="9b6e740b-508f-4bb4-9f5b-d223196cacb5">
      <id>6915</id>
      <classname>org.openmrs.ConceptSet</classname>
      <dateChanged id="197">2016-12-21 22:42:40</dateChanged>
    </org.openmrs.module.metadatasharing.Item>
    <org.openmrs.module.metadatasharing.Item id="198" uuid="d2a8e2d1-88f9-45f9-9511-4ac5df877340">
      <id>10770</id>
      <classname>org.openmrs.Concept</classname>
      <dateChanged id="199">2016-12-21 21:43:38</dateChanged>
      <retired>false</retired>
    </org.openmrs.module.metadatasharing.Item>
    <org.openmrs.module.metadatasharing.Item id="200" uuid="639e6f87-8c00-4d3c-8312-d4dafe8be55b">
      <id>31526</id>
      <classname>org.openmrs.ConceptName</classname>
      <dateChanged id="201">2016-12-21 21:43:38</dateChanged>
    </org.openmrs.module.metadatasharing.Item>
    <org.openmrs.module.metadatasharing.Item id="202" uuid="6f8210b3-f990-481a-ace1-167acc59f080">
      <id>26913</id>
      <classname>org.openmrs.ConceptMap</classname>
      <dateChanged id="203">2016-12-21 21:43:38</dateChanged>
    </org.openmrs.module.metadatasharing.Item>
    <org.openmrs.module.metadatasharing.Item id="204" uuid="18530656-9c2f-404d-904c-bab098cbfe18">
      <id>26090</id>
      <classname>org.openmrs.ConceptReferenceTerm</classname>
      <dateChanged id="205">2016-12-21 21:43:04</dateChanged>
      <retired>false</retired>
    </org.openmrs.module.metadatasharing.Item>
    <org.openmrs.module.metadatasharing.Item id="206" uuid="300a1081-4a6b-42c2-853d-81acfade29fc">
      <id>26914</id>
      <classname>org.openmrs.ConceptMap</classname>
      <dateChanged id="207">2016-12-21 21:43:38</dateChanged>
    </org.openmrs.module.metadatasharing.Item>
    <org.openmrs.module.metadatasharing.Item id="208" uuid="c65e6b2f-0bd1-4e66-a1e3-32de453b1af2">
      <id>26091</id>
      <classname>org.openmrs.ConceptReferenceTerm</classname>
      <dateChanged id="209">2016-12-21 21:43:20</dateChanged>
      <retired>false</retired>
    </org.openmrs.module.metadatasharing.Item>
    <org.openmrs.module.metadatasharing.Item id="210" uuid="b172149f-7750-41d3-aff9-1c0be3b38944">
      <id>6916</id>
      <classname>org.openmrs.ConceptSet</classname>
      <dateChanged id="211">2016-12-21 22:42:40</dateChanged>
    </org.openmrs.module.metadatasharing.Item>
    <org.openmrs.module.metadatasharing.Item id="212" uuid="804e2eba-4d62-4dcc-8690-7fa111cef5c1">
      <id>10771</id>
      <classname>org.openmrs.Concept</classname>
      <dateChanged id="213">2016-12-21 21:48:31</dateChanged>
      <retired>false</retired>
    </org.openmrs.module.metadatasharing.Item>
    <org.openmrs.module.metadatasharing.Item id="214" uuid="8d4a4ab4-c2cc-11de-8d13-0010c6dffd0f">
      <id>3</id>
      <classname>org.openmrs.ConceptDatatype</classname>
      <dateChanged id="215">2004-02-02 00:00:00</dateChanged>
      <retired>false</retired>
    </org.openmrs.module.metadatasharing.Item>
    <org.openmrs.module.metadatasharing.Item id="216" uuid="334a2777-ab4f-4e30-bf29-c5e122c33bad">
      <id>31527</id>
      <classname>org.openmrs.ConceptName</classname>
      <dateChanged id="217">2016-12-21 21:48:31</dateChanged>
    </org.openmrs.module.metadatasharing.Item>
    <org.openmrs.module.metadatasharing.Item id="218" uuid="f6f998ad-f6e6-4638-8fd7-8815aa47639b">
      <id>7060</id>
      <classname>org.openmrs.ConceptDescription</classname>
      <dateChanged id="219">2016-12-21 21:48:31</dateChanged>
    </org.openmrs.module.metadatasharing.Item>
    <org.openmrs.module.metadatasharing.Item id="220" uuid="4873d106-527a-4406-810d-7e294407da35">
      <id>26915</id>
      <classname>org.openmrs.ConceptMap</classname>
      <dateChanged id="221">2016-12-21 21:48:31</dateChanged>
    </org.openmrs.module.metadatasharing.Item>
    <org.openmrs.module.metadatasharing.Item id="222" uuid="aa9f2bec-3a97-4667-a715-58568fe7ff6b">
      <id>26092</id>
      <classname>org.openmrs.ConceptReferenceTerm</classname>
      <dateChanged id="223">2016-12-21 21:48:02</dateChanged>
      <retired>false</retired>
    </org.openmrs.module.metadatasharing.Item>
    <org.openmrs.module.metadatasharing.Item id="224" uuid="048dba9b-53eb-4fbc-bc7e-390c75cd8fc0">
      <id>26916</id>
      <classname>org.openmrs.ConceptMap</classname>
      <dateChanged id="225">2016-12-21 21:48:31</dateChanged>
    </org.openmrs.module.metadatasharing.Item>
    <org.openmrs.module.metadatasharing.Item id="226" uuid="2d549d20-22f3-4d54-b8e0-182f8306c50a">
      <id>26093</id>
      <classname>org.openmrs.ConceptReferenceTerm</classname>
      <dateChanged id="227">2016-12-21 21:48:09</dateChanged>
      <retired>false</retired>
    </org.openmrs.module.metadatasharing.Item>
    <org.openmrs.module.metadatasharing.Item id="228" uuid="03c4601e-8fe2-4151-83d6-e8468852aca0">
      <id>6917</id>
      <classname>org.openmrs.ConceptSet</classname>
      <dateChanged id="229">2016-12-21 22:42:40</dateChanged>
    </org.openmrs.module.metadatasharing.Item>
    <org.openmrs.module.metadatasharing.Item id="230" uuid="823242df-e317-4426-9bd6-548146546b15">
      <id>10772</id>
      <classname>org.openmrs.Concept</classname>
      <dateChanged id="231">2016-12-21 21:52:41</dateChanged>
      <retired>false</retired>
    </org.openmrs.module.metadatasharing.Item>
    <org.openmrs.module.metadatasharing.Item id="232" uuid="3d604c80-cd5f-44e0-a01b-f3ce3f7130ff">
      <id>31528</id>
      <classname>org.openmrs.ConceptName</classname>
      <dateChanged id="233">2016-12-21 21:52:41</dateChanged>
    </org.openmrs.module.metadatasharing.Item>
    <org.openmrs.module.metadatasharing.Item id="234" uuid="86d91f22-e4b9-49f8-ab2d-4ab1d7dbb131">
      <id>26917</id>
      <classname>org.openmrs.ConceptMap</classname>
      <dateChanged id="235">2016-12-21 21:52:41</dateChanged>
    </org.openmrs.module.metadatasharing.Item>
    <org.openmrs.module.metadatasharing.Item id="236" uuid="98e8a960-19f8-4b5e-a3fc-4ce533c202f7">
      <id>26095</id>
      <classname>org.openmrs.ConceptReferenceTerm</classname>
      <dateChanged id="237">2016-12-21 21:52:20</dateChanged>
      <retired>false</retired>
    </org.openmrs.module.metadatasharing.Item>
    <org.openmrs.module.metadatasharing.Item id="238" uuid="c6bbd259-99c3-4cf4-ae7a-e88a38d72267">
      <id>26918</id>
      <classname>org.openmrs.ConceptMap</classname>
      <dateChanged id="239">2016-12-21 21:52:41</dateChanged>
    </org.openmrs.module.metadatasharing.Item>
    <org.openmrs.module.metadatasharing.Item id="240" uuid="efb5c5fc-4d40-4366-a51a-4f3065d57108">
      <id>26094</id>
      <classname>org.openmrs.ConceptReferenceTerm</classname>
      <dateChanged id="241">2016-12-21 21:52:07</dateChanged>
      <retired>false</retired>
    </org.openmrs.module.metadatasharing.Item>
    <org.openmrs.module.metadatasharing.Item id="242" uuid="91341f30-8dc0-4544-bbc3-c866522b5539">
      <id>7061</id>
      <classname>org.openmrs.ConceptDescription</classname>
      <dateChanged id="243">2016-12-21 22:42:40</dateChanged>
    </org.openmrs.module.metadatasharing.Item>
  </relatedItems>
  <incrementalVersion>false</incrementalVersion>
</package>
