<?xml version="1.0" encoding="UTF-8"?>
<list id="1">
  <org.openmrs.Concept id="2" uuid="0dc5a9c6-eaef-4021-9e56-a26f45fc6316">
    <conceptId>10594</conceptId>
    <retired>false</retired>
    <datatype id="3" resolves-to="org.openmrs.ConceptDatatype" uuid="8d4a48b6-c2cc-11de-8d13-0010c6dffd0f">
      <name>Coded</name>
      <description>Value determined by term dictionary lookup (i.e., term identifier)</description>
      <creator/>
      <dateCreated id="4">2004-02-02 00:00:00</dateCreated>
      <retired>false</retired>
      <conceptDatatypeId>2</conceptDatatypeId>
      <hl7Abbreviation>CWE</hl7Abbreviation>
    </datatype>
    <conceptClass id="5" resolves-to="org.openmrs.ConceptClass" uuid="8d4918b0-c2cc-11de-8d13-0010c6dffd0f">
      <name>Diagnosis</name>
      <description>Conclusion drawn through findings</description>
      <creator/>
      <dateCreated id="6">2015-07-01 17:25:50</dateCreated>
      <retired>false</retired>
      <conceptClassId>4</conceptClassId>
    </conceptClass>
    <set>false</set>
    <creator/>
    <dateCreated id="7">2016-02-12 23:44:15</dateCreated>
    <changedBy/>
    <dateChanged id="8">2016-02-12 23:44:46</dateChanged>
    <names class="set" id="9">
      <org.openmrs.ConceptName id="10" uuid="7943df7e-4148-40c0-881c-f725b6519f2b">
        <conceptNameId>30634</conceptNameId>
        <concept reference="2"/>
        <name>Mental health diagnosis</name>
        <locale id="11">en</locale>
        <creator/>
        <dateCreated id="12">2016-02-12 23:44:15</dateCreated>
        <voided>false</voided>
        <tags class="set" id="13"/>
        <conceptNameType>FULLY_SPECIFIED</conceptNameType>
        <localePreferred>true</localePreferred>
      </org.openmrs.ConceptName>
    </names>
    <answers class="set" id="14"/>
    <conceptSets class="set" id="15"/>
    <descriptions class="set" id="16">
      <org.openmrs.ConceptDescription id="17" uuid="9fbc561c-557b-4023-a6ce-e07949002cac">
        <conceptDescriptionId>6994</conceptDescriptionId>
        <concept reference="2"/>
        <description>Mental health diagnosis</description>
        <locale id="18">en</locale>
        <creator/>
        <dateCreated id="19">2016-02-12 23:44:15</dateCreated>
      </org.openmrs.ConceptDescription>
    </descriptions>
    <conceptMappings class="set" id="20">
      <org.openmrs.ConceptMap id="21" uuid="187fff4b-099b-4555-8dd5-3e93b8523ee8">
        <conceptMapType id="22" resolves-to="org.openmrs.ConceptMapType" uuid="35543629-7d8c-11e1-909d-c80aa9edcf4e">
          <name>SAME-AS</name>
          <creator/>
          <dateCreated id="23">2012-06-21 00:00:00</dateCreated>
          <retired>false</retired>
          <conceptMapTypeId>1</conceptMapTypeId>
          <isHidden>false</isHidden>
        </conceptMapType>
        <creator/>
        <dateCreated id="24">2016-02-12 23:44:46</dateCreated>
        <conceptMapId>26128</conceptMapId>
        <concept reference="2"/>
        <conceptReferenceTerm id="25" resolves-to="org.openmrs.ConceptReferenceTerm" uuid="5354e3d1-f20d-4138-85d9-e181db65e1d0">
          <creator/>
          <dateCreated id="26">2016-02-12 23:44:33</dateCreated>
          <retired>false</retired>
          <conceptReferenceTermId>25466</conceptReferenceTermId>
          <conceptSource id="27" resolves-to="org.openmrs.ConceptSource" uuid="fb9aaaf1-65e2-4c18-b53c-16b575f2f385">
            <name>PIH</name>
            <description>Partners In Health concept dictionary using concept ids and preferred English names</description>
            <creator/>
            <dateCreated id="28">2015-07-01 17:25:50</dateCreated>
            <retired>false</retired>
            <conceptSourceId>5</conceptSourceId>
          </conceptSource>
          <code>10594</code>
          <conceptReferenceTermMaps id="29"/>
        </conceptReferenceTerm>
      </org.openmrs.ConceptMap>
      <org.openmrs.ConceptMap id="30" uuid="f9ff8f5c-3d32-47f8-8f86-438e6b4ccb9a">
        <conceptMapType reference="22"/>
        <creator/>
        <dateCreated id="31">2016-02-12 23:44:15</dateCreated>
        <conceptMapId>26127</conceptMapId>
        <concept reference="2"/>
        <conceptReferenceTerm id="32" resolves-to="org.openmrs.ConceptReferenceTerm" uuid="e3862fd6-257c-4d07-94ee-ab01d87c63ad">
          <creator/>
          <dateCreated id="33">2016-02-12 23:43:53</dateCreated>
          <retired>false</retired>
          <conceptReferenceTermId>25465</conceptReferenceTermId>
          <conceptSource reference="27"/>
          <code>Mental health diagnosis</code>
          <conceptReferenceTermMaps id="34"/>
        </conceptReferenceTerm>
      </org.openmrs.ConceptMap>
    </conceptMappings>
  </org.openmrs.Concept>
  <org.openmrs.Concept id="35" uuid="281b101f-fefb-4682-9dc4-872f6a75d33b">
    <conceptId>10592</conceptId>
    <retired>false</retired>
    <datatype id="36" resolves-to="org.openmrs.ConceptDatatype" uuid="8d4a4c94-c2cc-11de-8d13-0010c6dffd0f">
      <name>N/A</name>
      <description>Not associated with a datatype (e.g., term answers, sets)</description>
      <creator/>
      <dateCreated id="37">2004-02-02 05:00:00</dateCreated>
      <retired>false</retired>
      <conceptDatatypeId>4</conceptDatatypeId>
      <hl7Abbreviation>ZZ</hl7Abbreviation>
    </datatype>
    <conceptClass id="38" resolves-to="org.openmrs.ConceptClass" uuid="8d492594-c2cc-11de-8d13-0010c6dffd0f">
      <name>ConvSet</name>
      <description>Term to describe convenience sets</description>
      <creator/>
      <dateCreated id="39">2015-07-01 17:25:50</dateCreated>
      <retired>false</retired>
      <conceptClassId>10</conceptClassId>
    </conceptClass>
    <set>true</set>
    <creator/>
    <dateCreated id="40">2016-02-08 18:12:47</dateCreated>
    <changedBy/>
    <dateChanged id="41">2016-02-08 18:20:04</dateChanged>
    <names class="set" id="42">
      <org.openmrs.ConceptName id="43" uuid="12695f93-6fa2-4145-a4ce-f63a9eaed158">
        <conceptNameId>30620</conceptNameId>
        <concept reference="35"/>
        <name>ZL Mental health scores</name>
        <locale id="44">en</locale>
        <creator/>
        <dateCreated id="45">2016-02-08 18:12:47</dateCreated>
        <voided>false</voided>
        <tags class="set" id="46"/>
        <localePreferred>true</localePreferred>
      </org.openmrs.ConceptName>
      <org.openmrs.ConceptName id="47" uuid="1c7803b4-5aa9-43ea-9e7f-b3b3fb148301">
        <conceptNameId>30621</conceptNameId>
        <concept reference="35"/>
        <name>Zanmi Lasante Mental Health score set</name>
        <locale id="48">en</locale>
        <creator/>
        <dateCreated id="49">2016-02-08 18:12:47</dateCreated>
        <voided>false</voided>
        <tags class="set" id="50"/>
        <conceptNameType>FULLY_SPECIFIED</conceptNameType>
        <localePreferred>false</localePreferred>
      </org.openmrs.ConceptName>
    </names>
    <answers class="set" id="51"/>
    <conceptSets class="set" id="52">
      <org.openmrs.ConceptSet id="53" uuid="b1b31d01-1b2d-4945-a8bf-ba9ba59b3f97">
        <conceptSetId>6374</conceptSetId>
        <concept id="54" resolves-to="org.openmrs.ConceptNumeric" uuid="163225AAAAAAAAAAAAAAAAAAAAAAAAAAAAAA">
          <conceptId>10584</conceptId>
          <retired>false</retired>
          <datatype id="55" resolves-to="org.openmrs.ConceptDatatype" uuid="8d4a4488-c2cc-11de-8d13-0010c6dffd0f">
            <name>Numeric</name>
            <description>Numeric value, including integer or float (e.g., creatinine, weight)</description>
            <creator/>
            <dateCreated id="56">2004-02-02 00:00:00</dateCreated>
            <retired>false</retired>
            <conceptDatatypeId>1</conceptDatatypeId>
            <hl7Abbreviation>NM</hl7Abbreviation>
          </datatype>
          <conceptClass id="57" resolves-to="org.openmrs.ConceptClass" uuid="8d491a9a-c2cc-11de-8d13-0010c6dffd0f">
            <name>Finding</name>
            <description>Practitioner observation/finding</description>
            <creator/>
            <dateCreated id="58">2015-07-01 17:25:50</dateCreated>
            <retired>false</retired>
            <conceptClassId>5</conceptClassId>
          </conceptClass>
          <set>false</set>
          <creator/>
          <dateCreated id="59">2016-01-25 08:55:07</dateCreated>
          <changedBy/>
          <dateChanged id="60">2016-02-08 18:19:59</dateChanged>
          <names class="set" id="61">
            <org.openmrs.ConceptName id="62" uuid="135433BBBBBBBBBBBBBBBBBBBBBBBBBBBBBB">
              <conceptNameId>30583</conceptNameId>
              <concept reference="54"/>
              <name>Zanmi La Sante Envantè Sou Sentòm Depresyon</name>
              <locale id="63">ht</locale>
              <creator/>
              <dateCreated id="64">2016-01-25 08:55:07</dateCreated>
              <voided>false</voided>
              <tags class="set" id="65"/>
              <conceptNameType>FULLY_SPECIFIED</conceptNameType>
              <localePreferred>true</localePreferred>
            </org.openmrs.ConceptName>
            <org.openmrs.ConceptName id="66" uuid="135435BBBBBBBBBBBBBBBBBBBBBBBBBBBBBB">
              <conceptNameId>30584</conceptNameId>
              <concept reference="54"/>
              <name>ZLDSI</name>
              <locale id="67">fr</locale>
              <creator/>
              <dateCreated id="68">2016-01-25 08:55:07</dateCreated>
              <voided>false</voided>
              <tags class="set" id="69"/>
              <conceptNameType>FULLY_SPECIFIED</conceptNameType>
              <localePreferred>true</localePreferred>
            </org.openmrs.ConceptName>
            <org.openmrs.ConceptName id="70" uuid="135432BBBBBBBBBBBBBBBBBBBBBBBBBBBBBB">
              <conceptNameId>30585</conceptNameId>
              <concept reference="54"/>
              <name>ZLDSI score</name>
              <locale id="71">en</locale>
              <creator/>
              <dateCreated id="72">2016-01-25 08:55:07</dateCreated>
              <voided>false</voided>
              <tags class="set" id="73"/>
              <conceptNameType>SHORT</conceptNameType>
              <localePreferred>false</localePreferred>
            </org.openmrs.ConceptName>
            <org.openmrs.ConceptName id="74" uuid="135434BBBBBBBBBBBBBBBBBBBBBBBBBBBBBB">
              <conceptNameId>30586</conceptNameId>
              <concept reference="54"/>
              <name>Zamni Lasante Depression Symptom Inventory Score</name>
              <locale id="75">en</locale>
              <creator/>
              <dateCreated id="76">2016-01-25 08:55:07</dateCreated>
              <voided>false</voided>
              <tags class="set" id="77"/>
              <conceptNameType>FULLY_SPECIFIED</conceptNameType>
              <localePreferred>true</localePreferred>
            </org.openmrs.ConceptName>
          </names>
          <answers class="set" id="78"/>
          <conceptSets class="set" id="79"/>
          <descriptions class="set" id="80">
            <org.openmrs.ConceptDescription id="81" uuid="17645FFFFFFFFFFFFFFFFFFFFFFFFFFFFFFF">
              <conceptDescriptionId>6984</conceptDescriptionId>
              <concept reference="54"/>
              <description>Clinical screening tool specific to depression. It can be used in a way similar to the PHQ-9 score. This tool use calibrated to capture depression specifically in the Haitian context.</description>
              <locale id="82">en</locale>
              <creator/>
              <dateCreated id="83">2016-01-25 08:55:07</dateCreated>
              <dateChanged id="84">2016-01-25 08:55:47</dateChanged>
            </org.openmrs.ConceptDescription>
          </descriptions>
          <conceptMappings class="set" id="85">
            <org.openmrs.ConceptMap id="86" uuid="279409ABBBBBBBBBBBBBBBBBBBBBBBBBBBBB">
              <conceptMapType id="87" resolves-to="org.openmrs.ConceptMapType" uuid="43ac5109-7d8c-11e1-909d-c80aa9edcf4e">
                <name>NARROWER-THAN</name>
                <creator/>
                <dateCreated id="88">2012-06-21 00:00:00</dateCreated>
                <retired>false</retired>
                <conceptMapTypeId>2</conceptMapTypeId>
                <isHidden>false</isHidden>
              </conceptMapType>
              <creator/>
              <dateCreated id="89">2016-01-25 08:55:39</dateCreated>
              <conceptMapId>26098</conceptMapId>
              <concept reference="54"/>
              <conceptReferenceTerm id="90" resolves-to="org.openmrs.ConceptReferenceTerm" uuid="16acde86-dfef-3ae6-ae1a-0496125e564c">
                <creator/>
                <dateCreated id="91">2016-01-25 05:00:00</dateCreated>
                <retired>false</retired>
                <conceptReferenceTermId>25442</conceptReferenceTermId>
                <conceptSource id="92" resolves-to="org.openmrs.ConceptSource" uuid="2ADDDDDDDDDDDDDDDDDDDDDDDDDDDDDDDDDD">
                  <name>SNOMED NP</name>
                  <description>Non-preferred SNOMED CT mappings</description>
                  <creator/>
                  <dateCreated id="93">2015-07-01 17:25:50</dateCreated>
                  <retired>false</retired>
                  <conceptSourceId>8</conceptSourceId>
                </conceptSource>
                <code>416767005</code>
                <conceptReferenceTermMaps id="94"/>
              </conceptReferenceTerm>
            </org.openmrs.ConceptMap>
            <org.openmrs.ConceptMap id="95" uuid="279410ABBBBBBBBBBBBBBBBBBBBBBBBBBBBB">
              <conceptMapType reference="22"/>
              <creator/>
              <dateCreated id="96">2016-01-25 08:55:47</dateCreated>
              <conceptMapId>26099</conceptMapId>
              <concept reference="54"/>
              <conceptReferenceTerm id="97" resolves-to="org.openmrs.ConceptReferenceTerm" uuid="cc0abc1d-89d2-3cb7-b494-b59a849ccacd">
                <creator/>
                <dateCreated id="98">2016-01-25 05:00:00</dateCreated>
                <retired>false</retired>
                <conceptReferenceTermId>25443</conceptReferenceTermId>
                <conceptSource id="99" resolves-to="org.openmrs.ConceptSource" uuid="21ADDDDDDDDDDDDDDDDDDDDDDDDDDDDDDDDD">
                  <name>CIEL</name>
                  <description>Columbia International eHealth Laboratory concept ID</description>
                  <creator/>
                  <dateCreated id="100">2015-07-01 17:25:50</dateCreated>
                  <retired>false</retired>
                  <conceptSourceId>29</conceptSourceId>
                </conceptSource>
                <code>163225</code>
                <conceptReferenceTermMaps id="101"/>
              </conceptReferenceTerm>
            </org.openmrs.ConceptMap>
          </conceptMappings>
          <hiAbsolute>39.0</hiAbsolute>
          <lowAbsolute>0.0</lowAbsolute>
          <precise>false</precise>
        </concept>
        <conceptSet reference="35"/>
        <sortWeight>4.0</sortWeight>
        <creator/>
        <dateCreated id="102">2016-02-08 18:12:47</dateCreated>
      </org.openmrs.ConceptSet>
      <org.openmrs.ConceptSet id="103" uuid="138cdc17-0f46-4557-a7c7-afedfc44303c">
        <conceptSetId>6375</conceptSetId>
        <concept id="104" resolves-to="org.openmrs.Concept" uuid="163221AAAAAAAAAAAAAAAAAAAAAAAAAAAAAA">
          <conceptId>10588</conceptId>
          <retired>false</retired>
          <datatype reference="36"/>
          <conceptClass reference="38"/>
          <set>true</set>
          <creator/>
          <dateCreated id="105">2016-01-25 08:43:09</dateCreated>
          <changedBy/>
          <dateChanged id="106">2016-02-08 18:20:00</dateChanged>
          <names class="set" id="107">
            <org.openmrs.ConceptName id="108" uuid="135423BBBBBBBBBBBBBBBBBBBBBBBBBBBBBB">
              <conceptNameId>30593</conceptNameId>
              <concept reference="104"/>
              <name>CGI</name>
              <locale id="109">fr</locale>
              <creator/>
              <dateCreated id="110">2016-01-25 08:44:47</dateCreated>
              <voided>false</voided>
              <tags class="set" id="111"/>
              <conceptNameType>FULLY_SPECIFIED</conceptNameType>
              <localePreferred>true</localePreferred>
            </org.openmrs.ConceptName>
            <org.openmrs.ConceptName id="112" uuid="135425BBBBBBBBBBBBBBBBBBBBBBBBBBBBBB">
              <conceptNameId>30594</conceptNameId>
              <concept reference="104"/>
              <name>CGI</name>
              <locale id="113">ht</locale>
              <creator/>
              <dateCreated id="114">2016-01-25 08:44:47</dateCreated>
              <voided>false</voided>
              <tags class="set" id="115"/>
              <localePreferred>false</localePreferred>
            </org.openmrs.ConceptName>
            <org.openmrs.ConceptName id="116" uuid="135422BBBBBBBBBBBBBBBBBBBBBBBBBBBBBB">
              <conceptNameId>30595</conceptNameId>
              <concept reference="104"/>
              <name>CGI Scale</name>
              <locale id="117">en</locale>
              <creator/>
              <dateCreated id="118">2016-01-25 08:44:47</dateCreated>
              <voided>false</voided>
              <tags class="set" id="119"/>
              <conceptNameType>SHORT</conceptNameType>
              <localePreferred>false</localePreferred>
            </org.openmrs.ConceptName>
            <org.openmrs.ConceptName id="120" uuid="135421BBBBBBBBBBBBBBBBBBBBBBBBBBBBBB">
              <conceptNameId>30596</conceptNameId>
              <concept reference="104"/>
              <name>Clinical Global Impressions Scale</name>
              <locale id="121">en</locale>
              <creator/>
              <dateCreated id="122">2016-01-25 08:43:09</dateCreated>
              <voided>false</voided>
              <tags class="set" id="123"/>
              <conceptNameType>FULLY_SPECIFIED</conceptNameType>
              <localePreferred>true</localePreferred>
            </org.openmrs.ConceptName>
            <org.openmrs.ConceptName id="124" uuid="135424BBBBBBBBBBBBBBBBBBBBBBBBBBBBBB">
              <conceptNameId>30597</conceptNameId>
              <concept reference="104"/>
              <name>Echèl Enpresyon Global Klinik</name>
              <locale id="125">ht</locale>
              <creator/>
              <dateCreated id="126">2016-01-25 08:44:47</dateCreated>
              <voided>false</voided>
              <tags class="set" id="127"/>
              <conceptNameType>FULLY_SPECIFIED</conceptNameType>
              <localePreferred>true</localePreferred>
            </org.openmrs.ConceptName>
          </names>
          <answers class="set" id="128"/>
          <conceptSets class="set" id="129">
            <org.openmrs.ConceptSet id="130" uuid="2018AEEEEEEEEEEEEEEEEEEEEEEEEEEEEEEE">
              <conceptSetId>6371</conceptSetId>
              <concept id="131" resolves-to="org.openmrs.ConceptNumeric" uuid="163224AAAAAAAAAAAAAAAAAAAAAAAAAAAAAA">
                <conceptId>10585</conceptId>
                <retired>false</retired>
                <datatype reference="55"/>
                <conceptClass reference="57"/>
                <set>false</set>
                <creator/>
                <dateCreated id="132">2016-01-25 08:51:22</dateCreated>
                <changedBy/>
                <dateChanged id="133">2016-02-08 18:19:59</dateChanged>
                <names class="set" id="134">
                  <org.openmrs.ConceptName id="135" uuid="135431BBBBBBBBBBBBBBBBBBBBBBBBBBBBBB">
                    <conceptNameId>30587</conceptNameId>
                    <concept reference="131"/>
                    <name>CGI-E Score</name>
                    <locale id="136">en</locale>
                    <creator/>
                    <dateCreated id="137">2016-01-25 08:51:22</dateCreated>
                    <voided>false</voided>
                    <tags class="set" id="138"/>
                    <localePreferred>false</localePreferred>
                  </org.openmrs.ConceptName>
                  <org.openmrs.ConceptName id="139" uuid="135430BBBBBBBBBBBBBBBBBBBBBBBBBBBBBB">
                    <conceptNameId>30588</conceptNameId>
                    <concept reference="131"/>
                    <name>Clinical Global Impressions Efficacy Score</name>
                    <locale id="140">en</locale>
                    <creator/>
                    <dateCreated id="141">2016-01-25 08:51:22</dateCreated>
                    <voided>false</voided>
                    <tags class="set" id="142"/>
                    <conceptNameType>FULLY_SPECIFIED</conceptNameType>
                    <localePreferred>true</localePreferred>
                  </org.openmrs.ConceptName>
                </names>
                <answers class="set" id="143"/>
                <conceptSets class="set" id="144"/>
                <descriptions class="set" id="145">
                  <org.openmrs.ConceptDescription id="146" uuid="17644FFFFFFFFFFFFFFFFFFFFFFFFFFFFFFF">
                    <conceptDescriptionId>6985</conceptDescriptionId>
                    <concept reference="131"/>
                    <description>The Clinical Global Impression efficacy rating scale measures efficacy of patient treatment with mental disorders.</description>
                    <locale id="147">en</locale>
                    <creator/>
                    <dateCreated id="148">2016-01-25 08:51:22</dateCreated>
                    <dateChanged id="149">2016-01-25 08:51:31</dateChanged>
                  </org.openmrs.ConceptDescription>
                </descriptions>
                <conceptMappings class="set" id="150">
                  <org.openmrs.ConceptMap id="151" uuid="279407ABBBBBBBBBBBBBBBBBBBBBBBBBBBBB">
                    <conceptMapType reference="87"/>
                    <creator/>
                    <dateCreated id="152">2016-01-25 08:51:22</dateCreated>
                    <conceptMapId>26100</conceptMapId>
                    <concept reference="131"/>
                    <conceptReferenceTerm id="153" resolves-to="org.openmrs.ConceptReferenceTerm" uuid="f20ffed5-61c2-3b15-a28e-61ce74344377">
                      <creator/>
                      <dateCreated id="154">2016-01-25 05:00:00</dateCreated>
                      <retired>false</retired>
                      <conceptReferenceTermId>25444</conceptReferenceTermId>
                      <conceptSource reference="92"/>
                      <code>450326007</code>
                      <conceptReferenceTermMaps id="155"/>
                    </conceptReferenceTerm>
                  </org.openmrs.ConceptMap>
                  <org.openmrs.ConceptMap id="156" uuid="279408ABBBBBBBBBBBBBBBBBBBBBBBBBBBBB">
                    <conceptMapType reference="22"/>
                    <creator/>
                    <dateCreated id="157">2016-01-25 08:51:31</dateCreated>
                    <conceptMapId>26101</conceptMapId>
                    <concept reference="131"/>
                    <conceptReferenceTerm id="158" resolves-to="org.openmrs.ConceptReferenceTerm" uuid="de62df7a-684c-32e5-a0ac-01f76f506f2a">
                      <creator/>
                      <dateCreated id="159">2016-01-25 05:00:00</dateCreated>
                      <retired>false</retired>
                      <conceptReferenceTermId>25445</conceptReferenceTermId>
                      <conceptSource reference="99"/>
                      <code>163224</code>
                      <conceptReferenceTermMaps id="160"/>
                    </conceptReferenceTerm>
                  </org.openmrs.ConceptMap>
                </conceptMappings>
                <hiAbsolute>7.0</hiAbsolute>
                <lowAbsolute>0.0</lowAbsolute>
                <precise>false</precise>
              </concept>
              <conceptSet reference="104"/>
              <sortWeight>2.0</sortWeight>
              <creator/>
              <dateCreated id="161">2016-01-25 08:51:55</dateCreated>
            </org.openmrs.ConceptSet>
            <org.openmrs.ConceptSet id="162" uuid="2016AEEEEEEEEEEEEEEEEEEEEEEEEEEEEEEE">
              <conceptSetId>6372</conceptSetId>
              <concept id="163" resolves-to="org.openmrs.ConceptNumeric" uuid="163222AAAAAAAAAAAAAAAAAAAAAAAAAAAAAA">
                <conceptId>10586</conceptId>
                <retired>false</retired>
                <datatype reference="55"/>
                <conceptClass reference="57"/>
                <set>false</set>
                <creator/>
                <dateCreated id="164">2016-01-25 08:48:22</dateCreated>
                <changedBy/>
                <dateChanged id="165">2016-02-12 20:42:14</dateChanged>
                <names class="set" id="166">
                  <org.openmrs.ConceptName id="167" uuid="135427BBBBBBBBBBBBBBBBBBBBBBBBBBBBBB">
                    <conceptNameId>30589</conceptNameId>
                    <concept reference="163"/>
                    <name>Clinical Global Impressions Severity Score</name>
                    <locale id="168">en</locale>
                    <creator/>
                    <dateCreated id="169">2016-01-25 08:48:22</dateCreated>
                    <voided>false</voided>
                    <tags class="set" id="170"/>
                    <conceptNameType>FULLY_SPECIFIED</conceptNameType>
                    <localePreferred>true</localePreferred>
                  </org.openmrs.ConceptName>
                  <org.openmrs.ConceptName id="171" uuid="135426BBBBBBBBBBBBBBBBBBBBBBBBBBBBBB">
                    <conceptNameId>30590</conceptNameId>
                    <concept reference="163"/>
                    <name>CGI-S Score</name>
                    <locale id="172">en</locale>
                    <creator/>
                    <dateCreated id="173">2016-01-25 08:48:22</dateCreated>
                    <voided>false</voided>
                    <tags class="set" id="174"/>
                    <conceptNameType>SHORT</conceptNameType>
                    <localePreferred>false</localePreferred>
                  </org.openmrs.ConceptName>
                </names>
                <answers class="set" id="175"/>
                <conceptSets class="set" id="176"/>
                <descriptions class="set" id="177">
                  <org.openmrs.ConceptDescription id="178" uuid="17642FFFFFFFFFFFFFFFFFFFFFFFFFFFFFFF">
                    <conceptDescriptionId>6986</conceptDescriptionId>
                    <concept reference="163"/>
                    <description>The Clinical Global Impression severity rating scale measures of symptom severity in treatment studies of patients with mental disorders.</description>
                    <locale id="179">en</locale>
                    <creator/>
                    <dateCreated id="180">2016-01-25 08:48:22</dateCreated>
                    <dateChanged id="181">2016-01-25 08:50:34</dateChanged>
                  </org.openmrs.ConceptDescription>
                </descriptions>
                <conceptMappings class="set" id="182">
                  <org.openmrs.ConceptMap id="183" uuid="279404ABBBBBBBBBBBBBBBBBBBBBBBBBBBBB">
                    <conceptMapType reference="22"/>
                    <creator/>
                    <dateCreated id="184">2016-01-25 08:48:33</dateCreated>
                    <conceptMapId>26102</conceptMapId>
                    <concept reference="163"/>
                    <conceptReferenceTerm id="185" resolves-to="org.openmrs.ConceptReferenceTerm" uuid="e4b84dd5-4c36-3810-bd5a-603c4280ffc1">
                      <creator/>
                      <dateCreated id="186">2016-01-25 05:00:00</dateCreated>
                      <retired>false</retired>
                      <conceptReferenceTermId>25446</conceptReferenceTermId>
                      <conceptSource reference="99"/>
                      <code>163222</code>
                      <conceptReferenceTermMaps id="187"/>
                    </conceptReferenceTerm>
                  </org.openmrs.ConceptMap>
                  <org.openmrs.ConceptMap id="188" uuid="b4325791-4ac0-4e60-b579-5d9b3585a37a">
                    <conceptMapType reference="22"/>
                    <creator/>
                    <dateCreated id="189">2016-02-12 20:42:14</dateCreated>
                    <conceptMapId>26125</conceptMapId>
                    <concept reference="163"/>
                    <conceptReferenceTerm id="190" resolves-to="org.openmrs.ConceptReferenceTerm" uuid="b0580996-a20c-489e-8ef4-6bf50b036d70">
                      <creator/>
                      <dateCreated id="191">2016-02-12 20:41:48</dateCreated>
                      <retired>false</retired>
                      <conceptReferenceTermId>25462</conceptReferenceTermId>
                      <conceptSource reference="27"/>
                      <code>Mental Health CGI-S</code>
                      <conceptReferenceTermMaps id="192"/>
                    </conceptReferenceTerm>
                  </org.openmrs.ConceptMap>
                  <org.openmrs.ConceptMap id="193" uuid="279403ABBBBBBBBBBBBBBBBBBBBBBBBBBBBB">
                    <conceptMapType reference="87"/>
                    <creator/>
                    <dateCreated id="194">2016-01-25 08:48:22</dateCreated>
                    <conceptMapId>26103</conceptMapId>
                    <concept reference="163"/>
                    <conceptReferenceTerm reference="153"/>
                  </org.openmrs.ConceptMap>
                </conceptMappings>
                <hiAbsolute>7.0</hiAbsolute>
                <lowAbsolute>0.0</lowAbsolute>
                <precise>false</precise>
              </concept>
              <conceptSet reference="104"/>
              <sortWeight>0.0</sortWeight>
              <creator/>
              <dateCreated id="195">2016-01-25 08:51:55</dateCreated>
            </org.openmrs.ConceptSet>
            <org.openmrs.ConceptSet id="196" uuid="2017AEEEEEEEEEEEEEEEEEEEEEEEEEEEEEEE">
              <conceptSetId>6373</conceptSetId>
              <concept id="197" resolves-to="org.openmrs.ConceptNumeric" uuid="163223AAAAAAAAAAAAAAAAAAAAAAAAAAAAAA">
                <conceptId>10587</conceptId>
                <retired>false</retired>
                <datatype reference="55"/>
                <conceptClass reference="57"/>
                <set>false</set>
                <creator/>
                <dateCreated id="198">2016-01-25 08:49:50</dateCreated>
                <changedBy/>
                <dateChanged id="199">2016-02-12 20:46:49</dateChanged>
                <names class="set" id="200">
                  <org.openmrs.ConceptName id="201" uuid="135429BBBBBBBBBBBBBBBBBBBBBBBBBBBBBB">
                    <conceptNameId>30591</conceptNameId>
                    <concept reference="197"/>
                    <name>CGI-I Score</name>
                    <locale id="202">en</locale>
                    <creator/>
                    <dateCreated id="203">2016-01-25 08:50:08</dateCreated>
                    <voided>false</voided>
                    <tags class="set" id="204"/>
                    <localePreferred>false</localePreferred>
                  </org.openmrs.ConceptName>
                  <org.openmrs.ConceptName id="205" uuid="135428BBBBBBBBBBBBBBBBBBBBBBBBBBBBBB">
                    <conceptNameId>30592</conceptNameId>
                    <concept reference="197"/>
                    <name>Clinical Global Impressions Improvement Score</name>
                    <locale id="206">en</locale>
                    <creator/>
                    <dateCreated id="207">2016-01-25 08:49:50</dateCreated>
                    <voided>false</voided>
                    <tags class="set" id="208"/>
                    <conceptNameType>FULLY_SPECIFIED</conceptNameType>
                    <localePreferred>true</localePreferred>
                  </org.openmrs.ConceptName>
                </names>
                <answers class="set" id="209"/>
                <conceptSets class="set" id="210"/>
                <descriptions class="set" id="211">
                  <org.openmrs.ConceptDescription id="212" uuid="17643FFFFFFFFFFFFFFFFFFFFFFFFFFFFFFF">
                    <conceptDescriptionId>6987</conceptDescriptionId>
                    <concept reference="197"/>
                    <description>The Clinical Global Impression impressions rating scale measures of impressions in treatment studies of patients with mental disorders.</description>
                    <locale id="213">en</locale>
                    <creator/>
                    <dateCreated id="214">2016-01-25 08:49:50</dateCreated>
                    <dateChanged id="215">2016-01-25 08:50:20</dateChanged>
                  </org.openmrs.ConceptDescription>
                </descriptions>
                <conceptMappings class="set" id="216">
                  <org.openmrs.ConceptMap id="217" uuid="d5b6dc20-988e-4ccf-aa1d-d43cedd83e1a">
                    <conceptMapType reference="22"/>
                    <creator/>
                    <dateCreated id="218">2016-02-12 20:46:49</dateCreated>
                    <conceptMapId>26126</conceptMapId>
                    <concept reference="197"/>
                    <conceptReferenceTerm id="219" resolves-to="org.openmrs.ConceptReferenceTerm" uuid="a383bb74-6028-4970-8d55-40a3c5e06fac">
                      <creator/>
                      <dateCreated id="220">2016-02-12 20:44:55</dateCreated>
                      <retired>false</retired>
                      <conceptReferenceTermId>25463</conceptReferenceTermId>
                      <conceptSource reference="27"/>
                      <code>Mental Health CGI-I</code>
                      <conceptReferenceTermMaps id="221"/>
                    </conceptReferenceTerm>
                  </org.openmrs.ConceptMap>
                  <org.openmrs.ConceptMap id="222" uuid="279406ABBBBBBBBBBBBBBBBBBBBBBBBBBBBB">
                    <conceptMapType reference="22"/>
                    <creator/>
                    <dateCreated id="223">2016-01-25 08:50:20</dateCreated>
                    <conceptMapId>26104</conceptMapId>
                    <concept reference="197"/>
                    <conceptReferenceTerm id="224" resolves-to="org.openmrs.ConceptReferenceTerm" uuid="3a327e97-493d-36a6-814d-73b6acf3fea0">
                      <creator/>
                      <dateCreated id="225">2016-01-25 05:00:00</dateCreated>
                      <retired>false</retired>
                      <conceptReferenceTermId>25447</conceptReferenceTermId>
                      <conceptSource reference="99"/>
                      <code>163223</code>
                      <conceptReferenceTermMaps id="226"/>
                    </conceptReferenceTerm>
                  </org.openmrs.ConceptMap>
                  <org.openmrs.ConceptMap id="227" uuid="279405ABBBBBBBBBBBBBBBBBBBBBBBBBBBBB">
                    <conceptMapType reference="87"/>
                    <creator/>
                    <dateCreated id="228">2016-01-25 08:49:50</dateCreated>
                    <conceptMapId>26105</conceptMapId>
                    <concept reference="197"/>
                    <conceptReferenceTerm reference="153"/>
                  </org.openmrs.ConceptMap>
                </conceptMappings>
                <hiAbsolute>7.0</hiAbsolute>
                <lowAbsolute>0.0</lowAbsolute>
                <precise>false</precise>
              </concept>
              <conceptSet reference="104"/>
              <sortWeight>1.0</sortWeight>
              <creator/>
              <dateCreated id="229">2016-01-25 08:51:55</dateCreated>
            </org.openmrs.ConceptSet>
          </conceptSets>
          <descriptions class="set" id="230">
            <org.openmrs.ConceptDescription id="231" uuid="17641FFFFFFFFFFFFFFFFFFFFFFFFFFFFFFF">
              <conceptDescriptionId>6988</conceptDescriptionId>
              <concept reference="104"/>
              <description>The Clinical Global Impression rating scales are commonly used measures of symptom severity, treatment response and the efficacy of treatments in treatment studies of patients with mental disorders.  3 scores- Severity, Improvement, Side effects.  NOT summed, but all should be tracked over time.</description>
              <locale id="232">en</locale>
              <creator/>
              <dateCreated id="233">2016-01-25 08:44:47</dateCreated>
              <dateChanged id="234">2016-01-25 08:51:55</dateChanged>
            </org.openmrs.ConceptDescription>
          </descriptions>
          <conceptMappings class="set" id="235">
            <org.openmrs.ConceptMap id="236" uuid="279402ABBBBBBBBBBBBBBBBBBBBBBBBBBBBB">
              <conceptMapType reference="22"/>
              <creator/>
              <dateCreated id="237">2016-01-25 08:44:47</dateCreated>
              <conceptMapId>26106</conceptMapId>
              <concept reference="104"/>
              <conceptReferenceTerm id="238" resolves-to="org.openmrs.ConceptReferenceTerm" uuid="b6cb3256-e1fe-3095-a062-95236d9be464">
                <creator/>
                <dateCreated id="239">2016-01-25 05:00:00</dateCreated>
                <retired>false</retired>
                <conceptReferenceTermId>25448</conceptReferenceTermId>
                <conceptSource reference="99"/>
                <code>163221</code>
                <conceptReferenceTermMaps id="240"/>
              </conceptReferenceTerm>
            </org.openmrs.ConceptMap>
            <org.openmrs.ConceptMap id="241" uuid="279401ABBBBBBBBBBBBBBBBBBBBBBBBBBBBB">
              <conceptMapType reference="87"/>
              <creator/>
              <dateCreated id="242">2016-01-25 08:43:09</dateCreated>
              <conceptMapId>26107</conceptMapId>
              <concept reference="104"/>
              <conceptReferenceTerm id="243" resolves-to="org.openmrs.ConceptReferenceTerm" uuid="e7898eab-91ea-32ac-a88f-7714c9a4e009">
                <creator/>
                <dateCreated id="244">2012-05-24 04:00:00</dateCreated>
                <retired>false</retired>
                <conceptReferenceTermId>25449</conceptReferenceTermId>
                <conceptSource reference="92"/>
                <code>273249006</code>
                <conceptReferenceTermMaps id="245"/>
              </conceptReferenceTerm>
            </org.openmrs.ConceptMap>
          </conceptMappings>
        </concept>
        <conceptSet reference="35"/>
        <sortWeight>0.0</sortWeight>
        <creator/>
        <dateCreated id="246">2016-02-08 18:12:47</dateCreated>
      </org.openmrs.ConceptSet>
      <org.openmrs.ConceptSet id="247" uuid="aac9f40b-7345-49b4-a6bc-99157909ee65">
        <conceptSetId>6376</conceptSetId>
        <concept id="248" resolves-to="org.openmrs.ConceptNumeric" uuid="163226AAAAAAAAAAAAAAAAAAAAAAAAAAAAAA">
          <conceptId>10589</conceptId>
          <retired>false</retired>
          <datatype reference="55"/>
          <conceptClass reference="57"/>
          <set>false</set>
          <creator/>
          <dateCreated id="249">2016-01-25 08:58:30</dateCreated>
          <changedBy/>
          <dateChanged id="250">2016-02-08 18:20:00</dateChanged>
          <names class="set" id="251">
            <org.openmrs.ConceptName id="252" uuid="135437BBBBBBBBBBBBBBBBBBBBBBBBBBBBBB">
              <conceptNameId>30598</conceptNameId>
              <concept reference="248"/>
              <name>WHODAS</name>
              <locale id="253">ht</locale>
              <creator/>
              <dateCreated id="254">2016-01-25 08:58:30</dateCreated>
              <voided>false</voided>
              <tags class="set" id="255"/>
              <conceptNameType>FULLY_SPECIFIED</conceptNameType>
              <localePreferred>true</localePreferred>
            </org.openmrs.ConceptName>
            <org.openmrs.ConceptName id="256" uuid="135438BBBBBBBBBBBBBBBBBBBBBBBBBBBBBB">
              <conceptNameId>30599</conceptNameId>
              <concept reference="248"/>
              <name>WHODAS</name>
              <locale id="257">fr</locale>
              <creator/>
              <dateCreated id="258">2016-01-25 08:58:30</dateCreated>
              <voided>false</voided>
              <tags class="set" id="259"/>
              <conceptNameType>FULLY_SPECIFIED</conceptNameType>
              <localePreferred>true</localePreferred>
            </org.openmrs.ConceptName>
            <org.openmrs.ConceptName id="260" uuid="135436BBBBBBBBBBBBBBBBBBBBBBBBBBBBBB">
              <conceptNameId>30600</conceptNameId>
              <concept reference="248"/>
              <name>WHODAS score</name>
              <locale id="261">en</locale>
              <creator/>
              <dateCreated id="262">2016-01-25 08:58:30</dateCreated>
              <voided>false</voided>
              <tags class="set" id="263"/>
              <localePreferred>false</localePreferred>
            </org.openmrs.ConceptName>
            <org.openmrs.ConceptName id="264" uuid="135439BBBBBBBBBBBBBBBBBBBBBBBBBBBBBB">
              <conceptNameId>30601</conceptNameId>
              <concept reference="248"/>
              <name>World Health Organization Disability Assessment Schedule 2.0 Score</name>
              <locale id="265">en</locale>
              <creator/>
              <dateCreated id="266">2016-01-25 08:58:30</dateCreated>
              <voided>false</voided>
              <tags class="set" id="267"/>
              <conceptNameType>FULLY_SPECIFIED</conceptNameType>
              <localePreferred>true</localePreferred>
            </org.openmrs.ConceptName>
          </names>
          <answers class="set" id="268"/>
          <conceptSets class="set" id="269"/>
          <descriptions class="set" id="270">
            <org.openmrs.ConceptDescription id="271" uuid="17646FFFFFFFFFFFFFFFFFFFFFFFFFFFFFFF">
              <conceptDescriptionId>6989</conceptDescriptionId>
              <concept reference="248"/>
              <description>WHODAS 2.0 is a generic assessment instrument for health and disability assessment.  It is used across all diseases, including mental, neurological and addictive disorders.</description>
              <locale id="272">en</locale>
              <creator/>
              <dateCreated id="273">2016-01-25 08:58:30</dateCreated>
              <dateChanged id="274">2016-01-25 08:58:39</dateChanged>
            </org.openmrs.ConceptDescription>
          </descriptions>
          <conceptMappings class="set" id="275">
            <org.openmrs.ConceptMap id="276" uuid="279411ABBBBBBBBBBBBBBBBBBBBBBBBBBBBB">
              <conceptMapType reference="87"/>
              <creator/>
              <dateCreated id="277">2016-01-25 08:58:30</dateCreated>
              <conceptMapId>26108</conceptMapId>
              <concept reference="248"/>
              <conceptReferenceTerm id="278" resolves-to="org.openmrs.ConceptReferenceTerm" uuid="e6aa757f-dd8a-3031-8456-4351502bb9e4">
                <creator/>
                <dateCreated id="279">2016-01-25 05:00:00</dateCreated>
                <retired>false</retired>
                <conceptReferenceTermId>25450</conceptReferenceTermId>
                <conceptSource reference="92"/>
                <code>268391007</code>
                <conceptReferenceTermMaps id="280"/>
              </conceptReferenceTerm>
            </org.openmrs.ConceptMap>
            <org.openmrs.ConceptMap id="281" uuid="279412ABBBBBBBBBBBBBBBBBBBBBBBBBBBBB">
              <conceptMapType reference="22"/>
              <creator/>
              <dateCreated id="282">2016-01-25 08:58:39</dateCreated>
              <conceptMapId>26109</conceptMapId>
              <concept reference="248"/>
              <conceptReferenceTerm id="283" resolves-to="org.openmrs.ConceptReferenceTerm" uuid="1002c652-6c44-3af4-a404-d913b3995c54">
                <creator/>
                <dateCreated id="284">2016-01-25 05:00:00</dateCreated>
                <retired>false</retired>
                <conceptReferenceTermId>25451</conceptReferenceTermId>
                <conceptSource reference="99"/>
                <code>163226</code>
                <conceptReferenceTermMaps id="285"/>
              </conceptReferenceTerm>
            </org.openmrs.ConceptMap>
          </conceptMappings>
          <precise>false</precise>
        </concept>
        <conceptSet reference="35"/>
        <sortWeight>5.0</sortWeight>
        <creator/>
        <dateCreated id="286">2016-02-08 18:12:47</dateCreated>
      </org.openmrs.ConceptSet>
      <org.openmrs.ConceptSet id="287" uuid="dadf2446-0983-449c-afb9-671b5cb325e8">
        <conceptSetId>6377</conceptSetId>
        <concept reference="163"/>
        <conceptSet reference="35"/>
        <sortWeight>1.0</sortWeight>
        <creator/>
        <dateCreated id="288">2016-02-08 18:12:47</dateCreated>
      </org.openmrs.ConceptSet>
      <org.openmrs.ConceptSet id="289" uuid="5ded3f50-c6a5-498f-95c1-fd407eb9bd03">
        <conceptSetId>6379</conceptSetId>
        <concept id="290" resolves-to="org.openmrs.ConceptNumeric" uuid="163228AAAAAAAAAAAAAAAAAAAAAAAAAAAAAA">
          <conceptId>10590</conceptId>
          <retired>false</retired>
          <datatype reference="55"/>
          <conceptClass reference="57"/>
          <set>false</set>
          <creator/>
          <dateCreated id="291">2016-01-27 03:34:48</dateCreated>
          <changedBy/>
          <dateChanged id="292">2016-02-08 18:20:00</dateChanged>
          <names class="set" id="293">
            <org.openmrs.ConceptName id="294" uuid="135451BBBBBBBBBBBBBBBBBBBBBBBBBBBBBB">
              <conceptNameId>30602</conceptNameId>
              <concept reference="290"/>
              <name>CES-D</name>
              <locale id="295">fr</locale>
              <creator/>
              <dateCreated id="296">2016-01-27 03:34:48</dateCreated>
              <voided>false</voided>
              <tags class="set" id="297"/>
              <conceptNameType>FULLY_SPECIFIED</conceptNameType>
              <localePreferred>true</localePreferred>
            </org.openmrs.ConceptName>
            <org.openmrs.ConceptName id="298" uuid="135453BBBBBBBBBBBBBBBBBBBBBBBBBBBBBB">
              <conceptNameId>30603</conceptNameId>
              <concept reference="290"/>
              <name>Center for Epidemiologic Studies Depression Scale score</name>
              <locale id="299">en</locale>
              <creator/>
              <dateCreated id="300">2016-01-27 03:34:48</dateCreated>
              <voided>false</voided>
              <tags class="set" id="301"/>
              <conceptNameType>FULLY_SPECIFIED</conceptNameType>
              <localePreferred>true</localePreferred>
            </org.openmrs.ConceptName>
            <org.openmrs.ConceptName id="302" uuid="135452BBBBBBBBBBBBBBBBBBBBBBBBBBBBBB">
              <conceptNameId>30604</conceptNameId>
              <concept reference="290"/>
              <name>CES-D</name>
              <locale id="303">ht</locale>
              <creator/>
              <dateCreated id="304">2016-01-27 03:34:48</dateCreated>
              <voided>false</voided>
              <tags class="set" id="305"/>
              <conceptNameType>FULLY_SPECIFIED</conceptNameType>
              <localePreferred>true</localePreferred>
            </org.openmrs.ConceptName>
            <org.openmrs.ConceptName id="306" uuid="135450BBBBBBBBBBBBBBBBBBBBBBBBBBBBBB">
              <conceptNameId>30605</conceptNameId>
              <concept reference="290"/>
              <name>CES-D score</name>
              <locale id="307">en</locale>
              <creator/>
              <dateCreated id="308">2016-01-27 03:34:48</dateCreated>
              <voided>false</voided>
              <tags class="set" id="309"/>
              <localePreferred>false</localePreferred>
            </org.openmrs.ConceptName>
          </names>
          <answers class="set" id="310"/>
          <conceptSets class="set" id="311"/>
          <descriptions class="set" id="312"/>
          <conceptMappings class="set" id="313">
            <org.openmrs.ConceptMap id="314" uuid="279417ABBBBBBBBBBBBBBBBBBBBBBBBBBBBB">
              <conceptMapType reference="22"/>
              <creator/>
              <dateCreated id="315">2016-01-27 03:34:56</dateCreated>
              <conceptMapId>26110</conceptMapId>
              <concept reference="290"/>
              <conceptReferenceTerm id="316" resolves-to="org.openmrs.ConceptReferenceTerm" uuid="d4c6dc9a-09f7-3eae-b3b7-f49336a46875">
                <creator/>
                <dateCreated id="317">2016-01-26 05:00:00</dateCreated>
                <retired>false</retired>
                <conceptReferenceTermId>25452</conceptReferenceTermId>
                <conceptSource reference="99"/>
                <code>163228</code>
                <conceptReferenceTermMaps id="318"/>
              </conceptReferenceTerm>
            </org.openmrs.ConceptMap>
            <org.openmrs.ConceptMap id="319" uuid="279416ABBBBBBBBBBBBBBBBBBBBBBBBBBBBB">
              <conceptMapType reference="87"/>
              <creator/>
              <dateCreated id="320">2016-01-27 03:34:48</dateCreated>
              <conceptMapId>26111</conceptMapId>
              <concept reference="290"/>
              <conceptReferenceTerm id="321" resolves-to="org.openmrs.ConceptReferenceTerm" uuid="bfdd426b-2f30-3fdb-b8bf-3529ff182a46">
                <creator/>
                <dateCreated id="322">2016-01-26 05:00:00</dateCreated>
                <retired>false</retired>
                <conceptReferenceTermId>25453</conceptReferenceTermId>
                <conceptSource reference="92"/>
                <code>363870007</code>
                <conceptReferenceTermMaps id="323"/>
              </conceptReferenceTerm>
            </org.openmrs.ConceptMap>
          </conceptMappings>
          <hiAbsolute>80.0</hiAbsolute>
          <lowAbsolute>1.0</lowAbsolute>
          <precise>false</precise>
        </concept>
        <conceptSet reference="35"/>
        <sortWeight>7.0</sortWeight>
        <creator/>
        <dateCreated id="324">2016-02-08 18:12:47</dateCreated>
      </org.openmrs.ConceptSet>
      <org.openmrs.ConceptSet id="325" uuid="5fb1911e-f001-4429-9ce6-b063f5b2f6a9">
        <conceptSetId>6378</conceptSetId>
        <concept reference="131"/>
        <conceptSet reference="35"/>
        <sortWeight>3.0</sortWeight>
        <creator/>
        <dateCreated id="326">2016-02-08 18:12:47</dateCreated>
      </org.openmrs.ConceptSet>
      <org.openmrs.ConceptSet id="327" uuid="00438aec-d469-471b-9f4a-044ce7769287">
        <conceptSetId>6381</conceptSetId>
        <concept id="328" resolves-to="org.openmrs.Concept" uuid="163227AAAAAAAAAAAAAAAAAAAAAAAAAAAAAA">
          <conceptId>10591</conceptId>
          <retired>false</retired>
          <datatype reference="3"/>
          <conceptClass reference="57"/>
          <set>false</set>
          <creator/>
          <dateCreated id="329">2016-01-26 23:59:31</dateCreated>
          <changedBy/>
          <dateChanged id="330">2016-02-08 18:20:03</dateChanged>
          <names class="set" id="331">
            <org.openmrs.ConceptName id="332" uuid="135448BBBBBBBBBBBBBBBBBBBBBBBBBBBBBB">
              <conceptNameId>30616</conceptNameId>
              <concept reference="328"/>
              <name>Abnormal Involuntary Movement Scale score</name>
              <locale id="333">en</locale>
              <creator/>
              <dateCreated id="334">2016-01-26 23:59:31</dateCreated>
              <voided>false</voided>
              <tags class="set" id="335"/>
              <conceptNameType>FULLY_SPECIFIED</conceptNameType>
              <localePreferred>true</localePreferred>
            </org.openmrs.ConceptName>
            <org.openmrs.ConceptName id="336" uuid="135446BBBBBBBBBBBBBBBBBBBBBBBBBBBBBB">
              <conceptNameId>30617</conceptNameId>
              <concept reference="328"/>
              <name>Echèl Mouvman Anòmal Envolontè</name>
              <locale id="337">ht</locale>
              <creator/>
              <dateCreated id="338">2016-01-26 23:59:31</dateCreated>
              <voided>false</voided>
              <tags class="set" id="339"/>
              <conceptNameType>FULLY_SPECIFIED</conceptNameType>
              <localePreferred>true</localePreferred>
            </org.openmrs.ConceptName>
            <org.openmrs.ConceptName id="340" uuid="135449BBBBBBBBBBBBBBBBBBBBBBBBBBBBBB">
              <conceptNameId>30618</conceptNameId>
              <concept reference="328"/>
              <name>AIMS score</name>
              <locale id="341">en</locale>
              <creator/>
              <dateCreated id="342">2016-01-26 23:59:31</dateCreated>
              <voided>false</voided>
              <tags class="set" id="343"/>
              <conceptNameType>SHORT</conceptNameType>
              <localePreferred>false</localePreferred>
            </org.openmrs.ConceptName>
            <org.openmrs.ConceptName id="344" uuid="135447BBBBBBBBBBBBBBBBBBBBBBBBBBBBBB">
              <conceptNameId>30619</conceptNameId>
              <concept reference="328"/>
              <name>AIMS score</name>
              <locale id="345">fr</locale>
              <creator/>
              <dateCreated id="346">2016-01-26 23:59:31</dateCreated>
              <voided>false</voided>
              <tags class="set" id="347"/>
              <conceptNameType>FULLY_SPECIFIED</conceptNameType>
              <localePreferred>true</localePreferred>
            </org.openmrs.ConceptName>
          </names>
          <answers class="set" id="348">
            <org.openmrs.ConceptAnswer id="349" uuid="5573CCCCCCCCCCCCCCCCCCCCCCCCCCCCCCCC">
              <conceptAnswerId>9389</conceptAnswerId>
              <concept reference="328"/>
              <answerConcept id="350" resolves-to="org.openmrs.Concept" uuid="3cd3a7a2-26fe-102b-80cb-0017a47871b2">
                <conceptId>703</conceptId>
                <retired>false</retired>
                <datatype reference="36"/>
                <conceptClass id="351" resolves-to="org.openmrs.ConceptClass" uuid="8d492774-c2cc-11de-8d13-0010c6dffd0f">
                  <name>Misc</name>
                  <description>Terms which don&apos;t fit other categories</description>
                  <creator/>
                  <dateCreated id="352">2015-07-01 17:25:50</dateCreated>
                  <retired>false</retired>
                  <conceptClassId>11</conceptClassId>
                </conceptClass>
                <set>false</set>
                <creator/>
                <dateCreated id="353">2004-01-01 00:00:00</dateCreated>
                <changedBy/>
                <dateChanged id="354">2016-02-08 18:20:04</dateChanged>
                <names class="set" id="355">
                  <org.openmrs.ConceptName id="356" uuid="108313BBBBBBBBBBBBBBBBBBBBBBBBBBBBBB">
                    <conceptNameId>30609</conceptNameId>
                    <concept reference="350"/>
                    <name>Positiva</name>
                    <locale id="357">es</locale>
                    <creator/>
                    <dateCreated id="358">2012-03-02 22:04:50</dateCreated>
                    <voided>false</voided>
                    <tags class="set" id="359"/>
                    <localePreferred>false</localePreferred>
                  </org.openmrs.ConceptName>
                  <org.openmrs.ConceptName id="360" uuid="0b8f3a98-15f5-102d-96e4-000c29c2a5d7">
                    <conceptNameId>8525</conceptNameId>
                    <concept reference="350"/>
                    <name>+</name>
                    <locale id="361">fr</locale>
                    <creator/>
                    <dateCreated id="362">2009-02-10 14:39:58</dateCreated>
                    <voided>false</voided>
                    <tags class="set" id="363">
                      <org.openmrs.ConceptNameTag id="364" uuid="693ec090-63d8-450b-8b6a-449f58b0066b">
                        <conceptNameTagId>20</conceptNameTagId>
                        <tag>short_fr</tag>
                        <description>short_fr</description>
                        <creator/>
                        <dateCreated id="365">2009-02-05 13:45:25</dateCreated>
                        <voided>false</voided>
                      </org.openmrs.ConceptNameTag>
                    </tags>
                    <localePreferred>false</localePreferred>
                  </org.openmrs.ConceptName>
                  <org.openmrs.ConceptName id="366" uuid="106895BBBBBBBBBBBBBBBBBBBBBBBBBBBBBB">
                    <conceptNameId>30606</conceptNameId>
                    <concept reference="350"/>
                    <name>ኣወንታዊ ውፅኢት መርመራ ወይ ፖዘቲቭ</name>
                    <locale id="367">ti</locale>
                    <creator/>
                    <dateCreated id="368">2010-10-24 19:52:07</dateCreated>
                    <voided>false</voided>
                    <tags class="set" id="369"/>
                    <conceptNameType>FULLY_SPECIFIED</conceptNameType>
                    <localePreferred>true</localePreferred>
                  </org.openmrs.ConceptName>
                  <org.openmrs.ConceptName id="370" uuid="93eaad9e-07d4-102c-b5fa-0017a47871b2">
                    <conceptNameId>6327</conceptNameId>
                    <concept reference="350"/>
                    <name>(+)</name>
                    <locale id="371">en</locale>
                    <creator/>
                    <dateCreated id="372">2004-12-02 00:00:00</dateCreated>
                    <voided>false</voided>
                    <tags class="set" id="373"/>
                    <localePreferred>false</localePreferred>
                  </org.openmrs.ConceptName>
                  <org.openmrs.ConceptName id="374" uuid="3e111b54-26fe-102b-80cb-0017a47871b2">
                    <conceptNameId>718</conceptNameId>
                    <concept reference="350"/>
                    <name>Positive</name>
                    <locale id="375">en</locale>
                    <creator/>
                    <dateCreated id="376">2004-01-01 00:00:00</dateCreated>
                    <voided>false</voided>
                    <tags class="set" id="377"/>
                    <conceptNameType>FULLY_SPECIFIED</conceptNameType>
                    <localePreferred>true</localePreferred>
                  </org.openmrs.ConceptName>
                  <org.openmrs.ConceptName id="378" uuid="108312BBBBBBBBBBBBBBBBBBBBBBBBBBBBBB">
                    <conceptNameId>30608</conceptNameId>
                    <concept reference="350"/>
                    <name>Positivo</name>
                    <locale id="379">es</locale>
                    <creator/>
                    <dateCreated id="380">2012-03-02 22:04:50</dateCreated>
                    <voided>false</voided>
                    <tags class="set" id="381"/>
                    <conceptNameType>FULLY_SPECIFIED</conceptNameType>
                    <localePreferred>true</localePreferred>
                  </org.openmrs.ConceptName>
                  <org.openmrs.ConceptName id="382" uuid="7dc5ec0a-0d37-4da4-bd87-2b01dc0765c8">
                    <conceptNameId>30243</conceptNameId>
                    <concept reference="350"/>
                    <name>Positif</name>
                    <locale id="383">fr</locale>
                    <creator/>
                    <dateCreated id="384">2015-07-29 22:05:40</dateCreated>
                    <voided>false</voided>
                    <tags class="set" id="385"/>
                    <conceptNameType>FULLY_SPECIFIED</conceptNameType>
                    <localePreferred>true</localePreferred>
                  </org.openmrs.ConceptName>
                  <org.openmrs.ConceptName id="386" uuid="110111BBBBBBBBBBBBBBBBBBBBBBBBBBBBBB">
                    <conceptNameId>30611</conceptNameId>
                    <concept reference="350"/>
                    <name>Chanya</name>
                    <locale id="387">sw</locale>
                    <creator/>
                    <dateCreated id="388">2012-08-10 23:13:43</dateCreated>
                    <voided>false</voided>
                    <tags class="set" id="389"/>
                    <conceptNameType>FULLY_SPECIFIED</conceptNameType>
                    <localePreferred>true</localePreferred>
                  </org.openmrs.ConceptName>
                  <org.openmrs.ConceptName id="390" uuid="95638efc-07d4-102c-b5fa-0017a47871b2">
                    <conceptNameId>7458</conceptNameId>
                    <concept reference="350"/>
                    <name>POS</name>
                    <locale id="391">en</locale>
                    <creator/>
                    <dateCreated id="392">2004-10-20 00:00:00</dateCreated>
                    <voided>false</voided>
                    <tags class="set" id="393"/>
                    <localePreferred>false</localePreferred>
                  </org.openmrs.ConceptName>
                  <org.openmrs.ConceptName id="394" uuid="f59b0fe4-d5db-102d-ad2a-000c29c2a5d7">
                    <conceptNameId>10312</conceptNameId>
                    <concept reference="350"/>
                    <name>POSITIF</name>
                    <locale id="395">fr</locale>
                    <creator/>
                    <dateCreated id="396">2010-06-29 13:03:15</dateCreated>
                    <voided>true</voided>
                    <voidedBy/>
                    <dateVoided id="397">2012-06-21 17:04:12</dateVoided>
                    <voidReason>Removed from user interface</voidReason>
                    <tags class="set" id="398"/>
                    <localePreferred>false</localePreferred>
                  </org.openmrs.ConceptName>
                  <org.openmrs.ConceptName id="399" uuid="108315BBBBBBBBBBBBBBBBBBBBBBBBBBBBBB">
                    <conceptNameId>30610</conceptNameId>
                    <concept reference="350"/>
                    <name>+</name>
                    <locale id="400">es</locale>
                    <creator/>
                    <dateCreated id="401">2012-03-02 22:04:50</dateCreated>
                    <voided>false</voided>
                    <tags class="set" id="402"/>
                    <localePreferred>false</localePreferred>
                  </org.openmrs.ConceptName>
                  <org.openmrs.ConceptName id="403" uuid="108314BBBBBBBBBBBBBBBBBBBBBBBBBBBBBB">
                    <conceptNameId>30607</conceptNameId>
                    <concept reference="350"/>
                    <name>POS</name>
                    <locale id="404">es</locale>
                    <creator/>
                    <dateCreated id="405">2012-03-02 22:04:50</dateCreated>
                    <voided>false</voided>
                    <tags class="set" id="406"/>
                    <localePreferred>false</localePreferred>
                  </org.openmrs.ConceptName>
                  <org.openmrs.ConceptName id="407" uuid="0b8f3930-15f5-102d-96e4-000c29c2a5d7">
                    <conceptNameId>8524</conceptNameId>
                    <concept reference="350"/>
                    <name>POSITIF</name>
                    <locale id="408">fr</locale>
                    <creator/>
                    <dateCreated id="409">2009-02-10 14:39:58</dateCreated>
                    <voided>true</voided>
                    <voidedBy/>
                    <dateVoided id="410">2015-07-29 22:05:40</dateVoided>
                    <voidReason>Removed from user interface</voidReason>
                    <tags class="set" id="411"/>
                    <localePreferred>true</localePreferred>
                  </org.openmrs.ConceptName>
                  <org.openmrs.ConceptName id="412" uuid="93eab85c-07d4-102c-b5fa-0017a47871b2">
                    <conceptNameId>6329</conceptNameId>
                    <concept reference="350"/>
                    <name>+</name>
                    <locale id="413">en</locale>
                    <creator/>
                    <dateCreated id="414">2004-12-02 00:00:00</dateCreated>
                    <voided>false</voided>
                    <tags class="set" id="415"/>
                    <localePreferred>false</localePreferred>
                  </org.openmrs.ConceptName>
                  <org.openmrs.ConceptName id="416" uuid="108316BBBBBBBBBBBBBBBBBBBBBBBBBBBBBB">
                    <conceptNameId>30622</conceptNameId>
                    <concept reference="350"/>
                    <name>(+)</name>
                    <locale id="417">es</locale>
                    <creator/>
                    <dateCreated id="418">2012-03-02 22:04:50</dateCreated>
                    <voided>false</voided>
                    <tags class="set" id="419"/>
                    <localePreferred>false</localePreferred>
                  </org.openmrs.ConceptName>
                </names>
                <answers class="set" id="420"/>
                <conceptSets class="set" id="421"/>
                <descriptions class="set" id="422">
                  <org.openmrs.ConceptDescription id="423" uuid="ecdfcb12-07fe-102c-b5fa-0017a47871b2">
                    <conceptDescriptionId>710</conceptDescriptionId>
                    <concept reference="350"/>
                    <description>General finding of a positive result.</description>
                    <locale id="424">en</locale>
                    <creator/>
                    <dateCreated id="425">2004-01-01 00:00:00</dateCreated>
                    <changedBy/>
                    <dateChanged id="426">2011-09-12 21:55:58</dateChanged>
                  </org.openmrs.ConceptDescription>
                  <org.openmrs.ConceptDescription id="427" uuid="703FFFFFFFFFFFFFFFFFFFFFFFFFFFFFFFFF">
                    <conceptDescriptionId>6991</conceptDescriptionId>
                    <concept reference="350"/>
                    <description>General finding of a positive result.</description>
                    <locale id="428">en</locale>
                    <creator/>
                    <dateCreated id="429">2004-01-01 05:00:00</dateCreated>
                    <dateChanged id="430">2012-08-10 23:13:43</dateChanged>
                  </org.openmrs.ConceptDescription>
                </descriptions>
                <conceptMappings class="set" id="431">
                  <org.openmrs.ConceptMap id="432" uuid="171151ABBBBBBBBBBBBBBBBBBBBBBBBBBBBB">
                    <conceptMapType reference="22"/>
                    <creator/>
                    <dateCreated id="433">2013-07-03 22:53:08</dateCreated>
                    <conceptMapId>26115</conceptMapId>
                    <concept reference="350"/>
                    <conceptReferenceTerm id="434" resolves-to="org.openmrs.ConceptReferenceTerm" uuid="afb6a56c-8146-337f-b552-05b713a2a17e">
                      <creator/>
                      <dateCreated id="435">2011-09-12 00:00:00</dateCreated>
                      <changedBy/>
                      <dateChanged id="436">2014-06-13 19:17:37</dateChanged>
                      <retired>false</retired>
                      <conceptReferenceTermId>13198</conceptReferenceTermId>
                      <conceptSource reference="99"/>
                      <code>703</code>
                      <conceptReferenceTermMaps id="437"/>
                    </conceptReferenceTerm>
                  </org.openmrs.ConceptMap>
                  <org.openmrs.ConceptMap id="438" uuid="134410ABBBBBBBBBBBBBBBBBBBBBBBBBBBBB">
                    <conceptMapType reference="22"/>
                    <creator/>
                    <dateCreated id="439">2010-10-24 17:09:59</dateCreated>
                    <conceptMapId>26116</conceptMapId>
                    <concept reference="350"/>
                    <conceptReferenceTerm id="440" resolves-to="org.openmrs.ConceptReferenceTerm" uuid="b44821a5-8cbf-3ce7-a253-e02b3103d7b4">
                      <description>From Excel</description>
                      <creator/>
                      <dateCreated id="441">2010-10-24 00:00:00</dateCreated>
                      <retired>false</retired>
                      <conceptReferenceTermId>13200</conceptReferenceTermId>
                      <conceptSource id="442" resolves-to="org.openmrs.ConceptSource" uuid="13ADDDDDDDDDDDDDDDDDDDDDDDDDDDDDDDDD">
                        <name>AMPATH</name>
                        <description>AMPATH concept dictionary</description>
                        <creator/>
                        <dateCreated id="443">2015-07-01 17:25:50</dateCreated>
                        <retired>false</retired>
                        <conceptSourceId>10</conceptSourceId>
                      </conceptSource>
                      <code>704</code>
                      <conceptReferenceTermMaps id="444"/>
                    </conceptReferenceTerm>
                  </org.openmrs.ConceptMap>
                  <org.openmrs.ConceptMap id="445" uuid="133196ABBBBBBBBBBBBBBBBBBBBBBBBBBBBB">
                    <conceptMapType reference="22"/>
                    <creator/>
                    <changedBy/>
                    <dateCreated id="446">2010-09-20 17:27:10</dateCreated>
                    <dateChanged id="447">2012-06-21 16:49:52</dateChanged>
                    <conceptMapId>13199</conceptMapId>
                    <concept reference="350"/>
                    <conceptReferenceTerm id="448" resolves-to="org.openmrs.ConceptReferenceTerm" uuid="ca183449-7a70-339f-81dd-d4b72cd9d068">
                      <creator/>
                      <dateCreated id="449">2010-09-20 00:00:00</dateCreated>
                      <retired>false</retired>
                      <conceptReferenceTermId>13199</conceptReferenceTermId>
                      <conceptSource reference="27"/>
                      <code>703</code>
                      <conceptReferenceTermMaps id="450"/>
                    </conceptReferenceTerm>
                  </org.openmrs.ConceptMap>
                  <org.openmrs.ConceptMap id="451" uuid="7510c216-4943-102e-96e9-000c29c2a5d7">
                    <conceptMapType reference="22"/>
                    <creator/>
                    <changedBy/>
                    <dateCreated id="452">2010-11-24 12:49:58</dateCreated>
                    <dateChanged id="453">2012-06-21 16:49:52</dateChanged>
                    <conceptMapId>6634</conceptMapId>
                    <concept reference="350"/>
                    <conceptReferenceTerm id="454" resolves-to="org.openmrs.ConceptReferenceTerm" uuid="fd3ec7d5-c4d8-369d-8289-6fe3a1f3af0c">
                      <creator/>
                      <dateCreated id="455">2010-11-24 00:00:00</dateCreated>
                      <retired>false</retired>
                      <conceptReferenceTermId>6634</conceptReferenceTermId>
                      <conceptSource reference="27"/>
                      <code>POSITIVE</code>
                      <conceptReferenceTermMaps id="456"/>
                    </conceptReferenceTerm>
                  </org.openmrs.ConceptMap>
                  <org.openmrs.ConceptMap id="457" uuid="134409ABBBBBBBBBBBBBBBBBBBBBBBBBBBBB">
                    <conceptMapType reference="22"/>
                    <creator/>
                    <dateCreated id="458">2010-10-24 17:09:59</dateCreated>
                    <conceptMapId>26117</conceptMapId>
                    <concept reference="350"/>
                    <conceptReferenceTerm id="459" resolves-to="org.openmrs.ConceptReferenceTerm" uuid="f7ea97d1-9888-3da7-8dfd-68950adb3ffe">
                      <description>From Excel</description>
                      <creator/>
                      <dateCreated id="460">2010-10-24 00:00:00</dateCreated>
                      <retired>false</retired>
                      <conceptReferenceTermId>13201</conceptReferenceTermId>
                      <conceptSource reference="442"/>
                      <code>703</code>
                      <conceptReferenceTermMaps id="461"/>
                    </conceptReferenceTerm>
                  </org.openmrs.ConceptMap>
                  <org.openmrs.ConceptMap id="462" uuid="fe46ee5c-5b68-102e-96e9-000c29c2a5d7">
                    <conceptMapType reference="22"/>
                    <creator/>
                    <changedBy/>
                    <dateCreated id="463">2010-12-17 00:00:00</dateCreated>
                    <dateChanged id="464">2012-06-21 16:49:52</dateChanged>
                    <conceptMapId>11725</conceptMapId>
                    <concept reference="350"/>
                    <conceptReferenceTerm id="465" resolves-to="org.openmrs.ConceptReferenceTerm" uuid="2ed6ffbd-5f7f-3d39-8942-ab68a0618882">
                      <creator/>
                      <dateCreated id="466">2010-12-17 00:00:00</dateCreated>
                      <retired>false</retired>
                      <conceptReferenceTermId>11725</conceptReferenceTermId>
                      <conceptSource id="467" resolves-to="org.openmrs.ConceptSource" uuid="ddb6b595-0b85-4a80-9243-efe4ba404eef">
                        <name>org.openmrs.module.mdrtb</name>
                        <description>Concepts used with the MDR-TB module</description>
                        <creator/>
                        <dateCreated id="468">2015-07-01 17:25:50</dateCreated>
                        <retired>false</retired>
                        <conceptSourceId>4</conceptSourceId>
                      </conceptSource>
                      <code>POSITIVE</code>
                      <conceptReferenceTermMaps id="469"/>
                    </conceptReferenceTerm>
                  </org.openmrs.ConceptMap>
                  <org.openmrs.ConceptMap id="470" uuid="133595ABBBBBBBBBBBBBBBBBBBBBBBBBBBBB">
                    <conceptMapType reference="22"/>
                    <creator/>
                    <changedBy/>
                    <dateCreated id="471">2010-09-20 21:35:38</dateCreated>
                    <dateChanged id="472">2012-06-21 16:49:52</dateChanged>
                    <conceptMapId>13197</conceptMapId>
                    <concept reference="350"/>
                    <conceptReferenceTerm id="473" resolves-to="org.openmrs.ConceptReferenceTerm" uuid="1163db8c-017c-35a8-bcde-00fe8c42fb3c">
                      <creator/>
                      <dateCreated id="474">2010-09-20 00:00:00</dateCreated>
                      <retired>false</retired>
                      <conceptReferenceTermId>13197</conceptReferenceTermId>
                      <conceptSource id="475" resolves-to="org.openmrs.ConceptSource" uuid="1ADDDDDDDDDDDDDDDDDDDDDDDDDDDDDDDDDD">
                        <name>SNOMED CT</name>
                        <description>SNOMED Preferred mapping</description>
                        <creator/>
                        <dateCreated id="476">2015-07-01 17:25:50</dateCreated>
                        <retired>false</retired>
                        <conceptSourceId>6</conceptSourceId>
                        <hl7Code>SCT</hl7Code>
                      </conceptSource>
                      <code>10828004</code>
                      <conceptReferenceTermMaps id="477"/>
                    </conceptReferenceTerm>
                  </org.openmrs.ConceptMap>
                </conceptMappings>
              </answerConcept>
              <creator/>
              <dateCreated id="478">2016-01-26 23:59:31</dateCreated>
              <sortWeight>5573.0</sortWeight>
            </org.openmrs.ConceptAnswer>
            <org.openmrs.ConceptAnswer id="479" uuid="5572CCCCCCCCCCCCCCCCCCCCCCCCCCCCCCCC">
              <conceptAnswerId>9390</conceptAnswerId>
              <concept reference="328"/>
              <answerConcept id="480" resolves-to="org.openmrs.Concept" uuid="3cd28732-26fe-102b-80cb-0017a47871b2">
                <conceptId>664</conceptId>
                <retired>false</retired>
                <datatype reference="36"/>
                <conceptClass reference="351"/>
                <set>false</set>
                <creator/>
                <dateCreated id="481">2004-01-01 00:00:00</dateCreated>
                <changedBy/>
                <dateChanged id="482">2016-02-08 18:20:04</dateChanged>
                <names class="set" id="483">
                  <org.openmrs.ConceptName id="484" uuid="956e89a6-07d4-102c-b5fa-0017a47871b2">
                    <conceptNameId>7281</conceptNameId>
                    <concept reference="480"/>
                    <name>NEG</name>
                    <locale id="485">en</locale>
                    <creator/>
                    <dateCreated id="486">2004-10-20 00:00:00</dateCreated>
                    <voided>false</voided>
                    <tags class="set" id="487"/>
                    <localePreferred>false</localePreferred>
                  </org.openmrs.ConceptName>
                  <org.openmrs.ConceptName id="488" uuid="f5991072-d5db-102d-ad2a-000c29c2a5d7">
                    <conceptNameId>10296</conceptNameId>
                    <concept reference="480"/>
                    <name>NÉGATIF</name>
                    <locale id="489">fr</locale>
                    <creator/>
                    <dateCreated id="490">2010-06-29 13:03:15</dateCreated>
                    <voided>true</voided>
                    <voidedBy/>
                    <dateVoided id="491">2012-06-21 17:02:25</dateVoided>
                    <voidReason>Removed from user interface</voidReason>
                    <tags class="set" id="492"/>
                    <localePreferred>false</localePreferred>
                  </org.openmrs.ConceptName>
                  <org.openmrs.ConceptName id="493" uuid="956e817c-07d4-102c-b5fa-0017a47871b2">
                    <conceptNameId>6333</conceptNameId>
                    <concept reference="480"/>
                    <name>-</name>
                    <locale id="494">en</locale>
                    <creator/>
                    <dateCreated id="495">2004-12-02 00:00:00</dateCreated>
                    <voided>false</voided>
                    <tags class="set" id="496"/>
                    <localePreferred>false</localePreferred>
                  </org.openmrs.ConceptName>
                  <org.openmrs.ConceptName id="497" uuid="108331BBBBBBBBBBBBBBBBBBBBBBBBBBBBBB">
                    <conceptNameId>30615</conceptNameId>
                    <concept reference="480"/>
                    <name>NEG</name>
                    <locale id="498">es</locale>
                    <creator/>
                    <dateCreated id="499">2012-03-04 23:57:43</dateCreated>
                    <voided>false</voided>
                    <tags class="set" id="500"/>
                    <localePreferred>false</localePreferred>
                  </org.openmrs.ConceptName>
                  <org.openmrs.ConceptName id="501" uuid="0b8ecfa4-15f5-102d-96e4-000c29c2a5d7">
                    <conceptNameId>8438</conceptNameId>
                    <concept reference="480"/>
                    <name>NÉGATIF</name>
                    <locale id="502">fr</locale>
                    <creator/>
                    <dateCreated id="503">2009-02-10 14:39:58</dateCreated>
                    <voided>true</voided>
                    <voidedBy/>
                    <dateVoided id="504">2015-07-29 22:11:05</dateVoided>
                    <voidReason>Removed from user interface</voidReason>
                    <tags class="set" id="505"/>
                    <localePreferred>true</localePreferred>
                  </org.openmrs.ConceptName>
                  <org.openmrs.ConceptName id="506" uuid="110112BBBBBBBBBBBBBBBBBBBBBBBBBBBBBB">
                    <conceptNameId>30613</conceptNameId>
                    <concept reference="480"/>
                    <name>Hasi</name>
                    <locale id="507">sw</locale>
                    <creator/>
                    <dateCreated id="508">2012-08-10 23:14:26</dateCreated>
                    <voided>false</voided>
                    <tags class="set" id="509"/>
                    <conceptNameType>FULLY_SPECIFIED</conceptNameType>
                    <localePreferred>true</localePreferred>
                  </org.openmrs.ConceptName>
                  <org.openmrs.ConceptName id="510" uuid="0b5abf52-15f5-102d-96e4-000c29c2a5d7">
                    <conceptNameId>678</conceptNameId>
                    <concept reference="480"/>
                    <name>Negative</name>
                    <locale id="511">en</locale>
                    <creator/>
                    <dateCreated id="512">2004-01-01 00:00:00</dateCreated>
                    <voided>false</voided>
                    <tags class="set" id="513"/>
                    <conceptNameType>FULLY_SPECIFIED</conceptNameType>
                    <localePreferred>true</localePreferred>
                  </org.openmrs.ConceptName>
                  <org.openmrs.ConceptName id="514" uuid="108332BBBBBBBBBBBBBBBBBBBBBBBBBBBBBB">
                    <conceptNameId>30623</conceptNameId>
                    <concept reference="480"/>
                    <name>(-)</name>
                    <locale id="515">es</locale>
                    <creator/>
                    <dateCreated id="516">2012-03-04 23:57:43</dateCreated>
                    <voided>false</voided>
                    <tags class="set" id="517"/>
                    <localePreferred>false</localePreferred>
                  </org.openmrs.ConceptName>
                  <org.openmrs.ConceptName id="518" uuid="108329BBBBBBBBBBBBBBBBBBBBBBBBBBBBBB">
                    <conceptNameId>30614</conceptNameId>
                    <concept reference="480"/>
                    <name>Negativo</name>
                    <locale id="519">es</locale>
                    <creator/>
                    <dateCreated id="520">2012-03-04 23:57:43</dateCreated>
                    <voided>false</voided>
                    <tags class="set" id="521"/>
                    <conceptNameType>FULLY_SPECIFIED</conceptNameType>
                    <localePreferred>true</localePreferred>
                  </org.openmrs.ConceptName>
                  <org.openmrs.ConceptName id="522" uuid="1e975eac-0844-4ff7-965b-4602b842a9a8">
                    <conceptNameId>8439</conceptNameId>
                    <concept reference="480"/>
                    <name>-</name>
                    <locale id="523">fr</locale>
                    <creator/>
                    <dateCreated id="524">2009-02-10 14:39:58</dateCreated>
                    <voided>false</voided>
                    <tags class="set" id="525">
                      <org.openmrs.ConceptNameTag reference="364"/>
                    </tags>
                    <localePreferred>false</localePreferred>
                  </org.openmrs.ConceptName>
                  <org.openmrs.ConceptName id="526" uuid="44a324a8-a771-4357-916e-1463d77b52c9">
                    <conceptNameId>30246</conceptNameId>
                    <concept reference="480"/>
                    <name>Négatif</name>
                    <locale id="527">fr</locale>
                    <creator/>
                    <dateCreated id="528">2015-07-29 22:11:05</dateCreated>
                    <voided>false</voided>
                    <tags class="set" id="529"/>
                    <conceptNameType>FULLY_SPECIFIED</conceptNameType>
                    <localePreferred>true</localePreferred>
                  </org.openmrs.ConceptName>
                  <org.openmrs.ConceptName id="530" uuid="108330BBBBBBBBBBBBBBBBBBBBBBBBBBBBBB">
                    <conceptNameId>30612</conceptNameId>
                    <concept reference="480"/>
                    <name>Negativa</name>
                    <locale id="531">es</locale>
                    <creator/>
                    <dateCreated id="532">2012-03-04 23:57:43</dateCreated>
                    <voided>false</voided>
                    <tags class="set" id="533"/>
                    <localePreferred>false</localePreferred>
                  </org.openmrs.ConceptName>
                  <org.openmrs.ConceptName id="534" uuid="0b7b31ba-15f5-102d-96e4-000c29c2a5d7">
                    <conceptNameId>5448</conceptNameId>
                    <concept reference="480"/>
                    <name>-</name>
                    <locale id="535">en</locale>
                    <creator/>
                    <dateCreated id="536">2004-01-01 00:00:00</dateCreated>
                    <voided>false</voided>
                    <tags class="set" id="537"/>
                    <conceptNameType>SHORT</conceptNameType>
                    <localePreferred>false</localePreferred>
                  </org.openmrs.ConceptName>
                  <org.openmrs.ConceptName id="538" uuid="956e8582-07d4-102c-b5fa-0017a47871b2">
                    <conceptNameId>6328</conceptNameId>
                    <concept reference="480"/>
                    <name>(-)</name>
                    <locale id="539">en</locale>
                    <creator/>
                    <dateCreated id="540">2004-12-02 00:00:00</dateCreated>
                    <voided>false</voided>
                    <tags class="set" id="541"/>
                    <localePreferred>false</localePreferred>
                  </org.openmrs.ConceptName>
                </names>
                <answers class="set" id="542"/>
                <conceptSets class="set" id="543"/>
                <descriptions class="set" id="544">
                  <org.openmrs.ConceptDescription id="545" uuid="ed1fe21a-07fe-102c-b5fa-0017a47871b2">
                    <conceptDescriptionId>671</conceptDescriptionId>
                    <concept reference="480"/>
                    <description>Response to a finding or test result.</description>
                    <locale id="546">en</locale>
                    <creator/>
                    <dateCreated id="547">2004-01-01 00:00:00</dateCreated>
                    <changedBy/>
                    <dateChanged id="548">2011-09-12 21:55:58</dateChanged>
                  </org.openmrs.ConceptDescription>
                  <org.openmrs.ConceptDescription id="549" uuid="664FFFFFFFFFFFFFFFFFFFFFFFFFFFFFFFFF">
                    <conceptDescriptionId>6992</conceptDescriptionId>
                    <concept reference="480"/>
                    <description>Response to a finding or test result.</description>
                    <locale id="550">en</locale>
                    <creator/>
                    <dateCreated id="551">2004-01-01 05:00:00</dateCreated>
                    <dateChanged id="552">2012-08-10 23:14:26</dateChanged>
                  </org.openmrs.ConceptDescription>
                </descriptions>
                <conceptMappings class="set" id="553">
                  <org.openmrs.ConceptMap id="554" uuid="134375ABBBBBBBBBBBBBBBBBBBBBBBBBBBBB">
                    <conceptMapType reference="22"/>
                    <creator/>
                    <dateCreated id="555">2010-10-24 17:09:59</dateCreated>
                    <conceptMapId>26118</conceptMapId>
                    <concept reference="480"/>
                    <conceptReferenceTerm id="556" resolves-to="org.openmrs.ConceptReferenceTerm" uuid="60a6399e-3b1b-35f7-ba68-6ee53827d969">
                      <description>From Excel</description>
                      <creator/>
                      <dateCreated id="557">2010-10-24 00:00:00</dateCreated>
                      <retired>false</retired>
                      <conceptReferenceTermId>13193</conceptReferenceTermId>
                      <conceptSource reference="442"/>
                      <code>664</code>
                      <conceptReferenceTermMaps id="558"/>
                    </conceptReferenceTerm>
                  </org.openmrs.ConceptMap>
                  <org.openmrs.ConceptMap id="559" uuid="fe46dbc4-5b68-102e-96e9-000c29c2a5d7">
                    <conceptMapType reference="22"/>
                    <creator/>
                    <changedBy/>
                    <dateCreated id="560">2010-12-17 00:00:00</dateCreated>
                    <dateChanged id="561">2012-06-21 16:49:52</dateChanged>
                    <conceptMapId>11724</conceptMapId>
                    <concept reference="480"/>
                    <conceptReferenceTerm id="562" resolves-to="org.openmrs.ConceptReferenceTerm" uuid="0e2a38d2-5754-3f76-8ac1-0fbbe4f616d3">
                      <creator/>
                      <dateCreated id="563">2010-12-17 00:00:00</dateCreated>
                      <retired>false</retired>
                      <conceptReferenceTermId>11724</conceptReferenceTermId>
                      <conceptSource reference="467"/>
                      <code>NEGATIVE</code>
                      <conceptReferenceTermMaps id="564"/>
                    </conceptReferenceTerm>
                  </org.openmrs.ConceptMap>
                  <org.openmrs.ConceptMap id="565" uuid="134376ABBBBBBBBBBBBBBBBBBBBBBBBBBBBB">
                    <conceptMapType reference="22"/>
                    <creator/>
                    <dateCreated id="566">2010-10-24 17:09:59</dateCreated>
                    <conceptMapId>26119</conceptMapId>
                    <concept reference="480"/>
                    <conceptReferenceTerm id="567" resolves-to="org.openmrs.ConceptReferenceTerm" uuid="468974d1-05ed-3ff2-9db9-7f5b3a8d35fa">
                      <description>From Excel</description>
                      <creator/>
                      <dateCreated id="568">2010-10-24 00:00:00</dateCreated>
                      <retired>false</retired>
                      <conceptReferenceTermId>13196</conceptReferenceTermId>
                      <conceptSource reference="442"/>
                      <code>665</code>
                      <conceptReferenceTermMaps id="569"/>
                    </conceptReferenceTerm>
                  </org.openmrs.ConceptMap>
                  <org.openmrs.ConceptMap id="570" uuid="75106924-4943-102e-96e9-000c29c2a5d7">
                    <conceptMapType reference="22"/>
                    <creator/>
                    <changedBy/>
                    <dateCreated id="571">2010-11-24 12:49:58</dateCreated>
                    <dateChanged id="572">2012-06-21 16:49:52</dateChanged>
                    <conceptMapId>6595</conceptMapId>
                    <concept reference="480"/>
                    <conceptReferenceTerm id="573" resolves-to="org.openmrs.ConceptReferenceTerm" uuid="85d6acb1-980d-32fc-a552-5d5bf1b8135b">
                      <creator/>
                      <dateCreated id="574">2010-11-24 00:00:00</dateCreated>
                      <retired>false</retired>
                      <conceptReferenceTermId>6595</conceptReferenceTermId>
                      <conceptSource reference="27"/>
                      <code>NEGATIVE</code>
                      <conceptReferenceTermMaps id="575"/>
                    </conceptReferenceTerm>
                  </org.openmrs.ConceptMap>
                  <org.openmrs.ConceptMap id="576" uuid="143587ABBBBBBBBBBBBBBBBBBBBBBBBBBBBB">
                    <conceptMapType reference="22"/>
                    <creator/>
                    <changedBy/>
                    <dateCreated id="577">2011-05-17 16:43:33</dateCreated>
                    <dateChanged id="578">2012-06-21 16:49:52</dateChanged>
                    <conceptMapId>13192</conceptMapId>
                    <concept reference="480"/>
                    <conceptReferenceTerm id="579" resolves-to="org.openmrs.ConceptReferenceTerm" uuid="2676fd8d-8614-36de-8cc0-0864af2eb7e2">
                      <creator/>
                      <dateCreated id="580">2011-05-17 00:00:00</dateCreated>
                      <retired>false</retired>
                      <conceptReferenceTermId>13192</conceptReferenceTermId>
                      <conceptSource reference="27"/>
                      <code>664</code>
                      <conceptReferenceTermMaps id="581"/>
                    </conceptReferenceTerm>
                  </org.openmrs.ConceptMap>
                  <org.openmrs.ConceptMap id="582" uuid="133725ABBBBBBBBBBBBBBBBBBBBBBBBBBBBB">
                    <conceptMapType reference="22"/>
                    <creator/>
                    <changedBy/>
                    <dateCreated id="583">2010-09-30 14:37:19</dateCreated>
                    <dateChanged id="584">2012-06-21 16:49:52</dateChanged>
                    <conceptMapId>13195</conceptMapId>
                    <concept reference="480"/>
                    <conceptReferenceTerm id="585" resolves-to="org.openmrs.ConceptReferenceTerm" uuid="2521d33d-9a07-3c19-8fa8-3f9daac9dab9">
                      <creator/>
                      <dateCreated id="586">2010-09-30 00:00:00</dateCreated>
                      <retired>false</retired>
                      <conceptReferenceTermId>13195</conceptReferenceTermId>
                      <conceptSource reference="475"/>
                      <code>260385009</code>
                      <conceptReferenceTermMaps id="587"/>
                    </conceptReferenceTerm>
                  </org.openmrs.ConceptMap>
                </conceptMappings>
              </answerConcept>
              <creator/>
              <dateCreated id="588">2016-01-26 23:59:31</dateCreated>
              <sortWeight>5572.0</sortWeight>
            </org.openmrs.ConceptAnswer>
          </answers>
          <conceptSets class="set" id="589"/>
          <descriptions class="set" id="590">
            <org.openmrs.ConceptDescription id="591" uuid="17647FFFFFFFFFFFFFFFFFFFFFFFFFFFFFFF">
              <conceptDescriptionId>6990</conceptDescriptionId>
              <concept reference="328"/>
              <description>The AIMS Score is used to monitor persons taking antispychotic medications and provides a method for on-going surveillance.</description>
              <locale id="592">en</locale>
              <creator/>
              <dateCreated id="593">2016-01-26 23:59:31</dateCreated>
              <dateChanged id="594">2016-01-26 23:59:43</dateChanged>
            </org.openmrs.ConceptDescription>
          </descriptions>
          <conceptMappings class="set" id="595">
            <org.openmrs.ConceptMap id="596" uuid="279415ABBBBBBBBBBBBBBBBBBBBBBBBBBBBB">
              <conceptMapType reference="22"/>
              <creator/>
              <dateCreated id="597">2016-01-26 23:59:43</dateCreated>
              <conceptMapId>26112</conceptMapId>
              <concept reference="328"/>
              <conceptReferenceTerm id="598" resolves-to="org.openmrs.ConceptReferenceTerm" uuid="7e5ec947-8ab3-36bc-8f1f-81ebd79913df">
                <creator/>
                <dateCreated id="599">2016-01-26 05:00:00</dateCreated>
                <retired>false</retired>
                <conceptReferenceTermId>25454</conceptReferenceTermId>
                <conceptSource reference="99"/>
                <code>163227</code>
                <conceptReferenceTermMaps id="600"/>
              </conceptReferenceTerm>
            </org.openmrs.ConceptMap>
            <org.openmrs.ConceptMap id="601" uuid="279414ABBBBBBBBBBBBBBBBBBBBBBBBBBBBB">
              <conceptMapType reference="87"/>
              <creator/>
              <dateCreated id="602">2016-01-26 23:59:31</dateCreated>
              <conceptMapId>26113</conceptMapId>
              <concept reference="328"/>
              <conceptReferenceTerm id="603" resolves-to="org.openmrs.ConceptReferenceTerm" uuid="0c3ae2c6-84fe-3ae8-86e4-1413eb56f49d">
                <creator/>
                <dateCreated id="604">2016-01-26 05:00:00</dateCreated>
                <retired>false</retired>
                <conceptReferenceTermId>25455</conceptReferenceTermId>
                <conceptSource reference="92"/>
                <code>273256000</code>
                <conceptReferenceTermMaps id="605"/>
              </conceptReferenceTerm>
            </org.openmrs.ConceptMap>
            <org.openmrs.ConceptMap id="606" uuid="279413ABBBBBBBBBBBBBBBBBBBBBBBBBBBBB">
              <conceptMapType reference="87"/>
              <creator/>
              <dateCreated id="607">2016-01-26 23:59:31</dateCreated>
              <conceptMapId>26114</conceptMapId>
              <concept reference="328"/>
              <conceptReferenceTerm id="608" resolves-to="org.openmrs.ConceptReferenceTerm" uuid="69d003ab-46cb-332f-b028-37a430ed18c1">
                <creator/>
                <dateCreated id="609">2015-02-27 05:00:00</dateCreated>
                <retired>false</retired>
                <conceptReferenceTermId>25456</conceptReferenceTermId>
                <conceptSource reference="92"/>
                <code>363788007</code>
                <conceptReferenceTermMaps id="610"/>
              </conceptReferenceTerm>
            </org.openmrs.ConceptMap>
          </conceptMappings>
        </concept>
        <conceptSet reference="35"/>
        <sortWeight>6.0</sortWeight>
        <creator/>
        <dateCreated id="611">2016-02-08 18:12:47</dateCreated>
      </org.openmrs.ConceptSet>
      <org.openmrs.ConceptSet id="612" uuid="5f8cd290-6f40-4493-bbfd-888a55bda8fa">
        <conceptSetId>6380</conceptSetId>
        <concept reference="197"/>
        <conceptSet reference="35"/>
        <sortWeight>2.0</sortWeight>
        <creator/>
        <dateCreated id="613">2016-02-08 18:12:47</dateCreated>
      </org.openmrs.ConceptSet>
    </conceptSets>
    <descriptions class="set" id="614"/>
    <conceptMappings class="set" id="615"/>
  </org.openmrs.Concept>
</list>
