<?xml version="1.0" encoding="UTF-8"?>
<package id="1" uuid="13e2f1dd-8518-4333-aa4b-381005c901b8">
  <dateCreated id="2">2013-09-05 16:16:22</dateCreated>
  <name>HUM Disposition Concepts</name>
  <description>Concepts used at HUM related related to Dispostions</description>
  <openmrsVersion>1.9.4 SNAPSHOT Build 7297fb</openmrsVersion>
  <version>1</version>
  <groupUuid>89e68a39-d199-4679-bbf9-f60f0c9ee381</groupUuid>
  <modules id="3">
    <entry>
      <string>uilibrary</string>
      <string>2.0.3.1</string>
    </entry>
    <entry>
      <string>reportingcompatibility</string>
      <string>1.5.4.1</string>
    </entry>
    <entry>
      <string>groovy</string>
      <string>2.2.1</string>
    </entry>
    <entry>
      <string>providermanagement</string>
      <string>1.1.1</string>
    </entry>
    <entry>
      <string>uiframework</string>
      <string>2.4</string>
    </entry>
    <entry>
      <string>validation</string>
      <string>1.0.1</string>
    </entry>
    <entry>
      <string>htmlformentry</string>
      <string>2.1-SNAPSHOT</string>
    </entry>
    <entry>
      <string>htmlformentry19ext</string>
      <string>1.0</string>
    </entry>
    <entry>
      <string>metadatamapping</string>
      <string>1.0.1</string>
    </entry>
    <entry>
      <string>metadatasharing</string>
      <string>1.1.7.1</string>
    </entry>
    <entry>
      <string>logic</string>
      <string>0.5.2</string>
    </entry>
    <entry>
      <string>serialization.xstream</string>
      <string>0.2.7</string>
    </entry>
  </modules>
  <items class="linked-hash-set" id="4">
    <org.openmrs.module.metadatasharing.Item id="5" uuid="164e9e1b-d26c-4a93-9bdf-af1ce4ae8fce">
      <id>8618</id>
      <classname>org.openmrs.Concept</classname>
      <dateChanged id="6">2013-09-04 19:52:42</dateChanged>
      <retired>false</retired>
    </org.openmrs.module.metadatasharing.Item>
  </items>
  <relatedItems class="linked-hash-set" id="7">
    <org.openmrs.module.metadatasharing.Item id="8" uuid="8d4a4c94-c2cc-11de-8d13-0010c6dffd0f">
      <id>4</id>
      <classname>org.openmrs.ConceptDatatype</classname>
      <dateChanged id="9">2004-02-02 05:00:00</dateChanged>
      <retired>false</retired>
    </org.openmrs.module.metadatasharing.Item>
    <org.openmrs.module.metadatasharing.Item id="10" uuid="8d492594-c2cc-11de-8d13-0010c6dffd0f">
      <id>10</id>
      <classname>org.openmrs.ConceptClass</classname>
      <dateChanged id="11">2004-03-02 00:00:00</dateChanged>
      <retired>false</retired>
    </org.openmrs.module.metadatasharing.Item>
    <org.openmrs.module.metadatasharing.Item id="12" uuid="984bd75c-a933-4036-aa67-d166b21d44c5">
      <id>21490</id>
      <classname>org.openmrs.ConceptName</classname>
      <dateChanged id="13">2013-04-26 18:14:35</dateChanged>
    </org.openmrs.module.metadatasharing.Item>
    <org.openmrs.module.metadatasharing.Item id="14" uuid="c52c858e-47e7-4cb3-ac4e-6374b45a3fb2">
      <id>3791</id>
      <classname>org.openmrs.ConceptSet</classname>
      <dateChanged id="15">2013-04-26 18:25:17</dateChanged>
    </org.openmrs.module.metadatasharing.Item>
    <org.openmrs.module.metadatasharing.Item id="16" uuid="c8b22b09-e2f2-4606-af7d-e52579996de3">
      <id>8620</id>
      <classname>org.openmrs.Concept</classname>
      <dateChanged id="17">2013-09-04 19:54:35</dateChanged>
      <retired>false</retired>
    </org.openmrs.module.metadatasharing.Item>
    <org.openmrs.module.metadatasharing.Item id="18" uuid="8d4a48b6-c2cc-11de-8d13-0010c6dffd0f">
      <id>2</id>
      <classname>org.openmrs.ConceptDatatype</classname>
      <dateChanged id="19">2004-02-02 00:00:00</dateChanged>
      <retired>false</retired>
    </org.openmrs.module.metadatasharing.Item>
    <org.openmrs.module.metadatasharing.Item id="20" uuid="8d491e50-c2cc-11de-8d13-0010c6dffd0f">
      <id>7</id>
      <classname>org.openmrs.ConceptClass</classname>
      <dateChanged id="21">2004-03-02 00:00:00</dateChanged>
      <retired>false</retired>
    </org.openmrs.module.metadatasharing.Item>
    <org.openmrs.module.metadatasharing.Item id="22" uuid="20dcbc50-5fb2-400a-a2bb-54ee30c33bf4">
      <id>21493</id>
      <classname>org.openmrs.ConceptName</classname>
      <dateChanged id="23">2013-04-29 18:34:17</dateChanged>
    </org.openmrs.module.metadatasharing.Item>
    <org.openmrs.module.metadatasharing.Item id="24" uuid="88b3cde3-85e2-447e-9791-3633ebfa0a8e">
      <id>21499</id>
      <classname>org.openmrs.ConceptName</classname>
      <dateChanged id="25">2013-04-29 18:34:17</dateChanged>
    </org.openmrs.module.metadatasharing.Item>
    <org.openmrs.module.metadatasharing.Item id="26" uuid="8dec38fc-6255-4c04-8392-2199952c334d">
      <id>8965</id>
      <classname>org.openmrs.ConceptAnswer</classname>
      <dateChanged id="27">2013-04-26 18:24:37</dateChanged>
    </org.openmrs.module.metadatasharing.Item>
    <org.openmrs.module.metadatasharing.Item id="28" uuid="987be8c8-6a5a-11e2-b6f9-aa00f871a3e1">
      <id>7889</id>
      <classname>org.openmrs.Concept</classname>
      <dateChanged id="29">2013-05-23 21:11:22</dateChanged>
      <retired>false</retired>
    </org.openmrs.module.metadatasharing.Item>
    <org.openmrs.module.metadatasharing.Item id="30" uuid="8d492774-c2cc-11de-8d13-0010c6dffd0f">
      <id>11</id>
      <classname>org.openmrs.ConceptClass</classname>
      <dateChanged id="31">2004-03-02 05:00:00</dateChanged>
      <retired>false</retired>
    </org.openmrs.module.metadatasharing.Item>
    <org.openmrs.module.metadatasharing.Item id="32" uuid="f358b82d-631b-49b4-be8e-577d345de149">
      <id>22386</id>
      <classname>org.openmrs.ConceptName</classname>
      <dateChanged id="33">2013-05-23 21:11:22</dateChanged>
    </org.openmrs.module.metadatasharing.Item>
    <org.openmrs.module.metadatasharing.Item id="34" uuid="cd429b94-7bb0-4edd-a746-f83f682729ee">
      <id>22346</id>
      <classname>org.openmrs.ConceptName</classname>
      <dateChanged id="35">2013-05-16 19:44:07</dateChanged>
    </org.openmrs.module.metadatasharing.Item>
    <org.openmrs.module.metadatasharing.Item id="36" uuid="e9c2ec47-737e-4a29-bf41-0156241d6c8b">
      <id>22347</id>
      <classname>org.openmrs.ConceptName</classname>
      <dateChanged id="37">2013-05-23 21:11:22</dateChanged>
    </org.openmrs.module.metadatasharing.Item>
    <org.openmrs.module.metadatasharing.Item id="38" uuid="9880d702-6a5a-11e2-b6f9-aa00f871a3e1">
      <id>17916</id>
      <classname>org.openmrs.ConceptName</classname>
      <dateChanged id="39">2013-01-29 21:26:51</dateChanged>
    </org.openmrs.module.metadatasharing.Item>
    <org.openmrs.module.metadatasharing.Item id="40" uuid="988417fa-6a5a-11e2-b6f9-aa00f871a3e1">
      <id>14682</id>
      <classname>org.openmrs.ConceptMap</classname>
      <dateChanged id="41">2013-01-29 21:26:51</dateChanged>
    </org.openmrs.module.metadatasharing.Item>
    <org.openmrs.module.metadatasharing.Item id="42" uuid="35543629-7d8c-11e1-909d-c80aa9edcf4e">
      <id>1</id>
      <classname>org.openmrs.ConceptMapType</classname>
      <dateChanged id="43">2012-06-21 00:00:00</dateChanged>
      <retired>false</retired>
    </org.openmrs.module.metadatasharing.Item>
    <org.openmrs.module.metadatasharing.Item id="44" uuid="9883f7c0-6a5a-11e2-b6f9-aa00f871a3e1">
      <id>14785</id>
      <classname>org.openmrs.ConceptReferenceTerm</classname>
      <dateChanged id="45">2013-01-29 21:26:51</dateChanged>
      <retired>false</retired>
    </org.openmrs.module.metadatasharing.Item>
    <org.openmrs.module.metadatasharing.Item id="46" uuid="fb9aaaf1-65e2-4c18-b53c-16b575f2f385">
      <id>5</id>
      <classname>org.openmrs.ConceptSource</classname>
      <dateChanged id="47">2010-11-23 13:56:26</dateChanged>
      <retired>false</retired>
    </org.openmrs.module.metadatasharing.Item>
    <org.openmrs.module.metadatasharing.Item id="48" uuid="98843e1a-6a5a-11e2-b6f9-aa00f871a3e1">
      <id>14683</id>
      <classname>org.openmrs.ConceptMap</classname>
      <dateChanged id="49">2013-01-29 21:26:51</dateChanged>
    </org.openmrs.module.metadatasharing.Item>
    <org.openmrs.module.metadatasharing.Item id="50" uuid="98842bb4-6a5a-11e2-b6f9-aa00f871a3e1">
      <id>14786</id>
      <classname>org.openmrs.ConceptReferenceTerm</classname>
      <dateChanged id="51">2013-01-29 21:26:51</dateChanged>
      <retired>false</retired>
    </org.openmrs.module.metadatasharing.Item>
    <org.openmrs.module.metadatasharing.Item id="52" uuid="7a42e3b5-916d-427c-ace6-1c87307cdd3c">
      <id>8966</id>
      <classname>org.openmrs.ConceptAnswer</classname>
      <dateChanged id="53">2013-04-26 18:24:37</dateChanged>
    </org.openmrs.module.metadatasharing.Item>
    <org.openmrs.module.metadatasharing.Item id="54" uuid="dd050085-ef34-4318-9423-c4ed666ac372">
      <id>8617</id>
      <classname>org.openmrs.Concept</classname>
      <dateChanged id="55">2013-08-05 20:47:48</dateChanged>
      <retired>false</retired>
    </org.openmrs.module.metadatasharing.Item>
    <org.openmrs.module.metadatasharing.Item id="56" uuid="11144f4c-037d-4811-aa15-1a0ca304a33a">
      <id>21488</id>
      <classname>org.openmrs.ConceptName</classname>
      <dateChanged id="57">2013-04-29 18:47:54</dateChanged>
    </org.openmrs.module.metadatasharing.Item>
    <org.openmrs.module.metadatasharing.Item id="58" uuid="900a0fe7-ecd5-4ebe-9e87-deb26fd1c944">
      <id>22376</id>
      <classname>org.openmrs.ConceptName</classname>
      <dateChanged id="59">2013-05-23 21:12:02</dateChanged>
    </org.openmrs.module.metadatasharing.Item>
    <org.openmrs.module.metadatasharing.Item id="60" uuid="575d5657-c41f-44e1-b9ed-5c49c5f0e665">
      <id>23500</id>
      <classname>org.openmrs.ConceptName</classname>
      <dateChanged id="61">2013-08-05 20:47:48</dateChanged>
    </org.openmrs.module.metadatasharing.Item>
    <org.openmrs.module.metadatasharing.Item id="62" uuid="f160fe57-3ee7-44ac-9e63-bd1e3882ff5e">
      <id>22377</id>
      <classname>org.openmrs.ConceptName</classname>
      <dateChanged id="63">2013-07-12 19:16:37</dateChanged>
    </org.openmrs.module.metadatasharing.Item>
    <org.openmrs.module.metadatasharing.Item id="64" uuid="82bbc38c-ba30-417d-a00b-95f12daee419">
      <id>22709</id>
      <classname>org.openmrs.ConceptName</classname>
      <dateChanged id="65">2013-07-12 19:16:37</dateChanged>
    </org.openmrs.module.metadatasharing.Item>
    <org.openmrs.module.metadatasharing.Item id="66" uuid="273acdcf-503c-484d-8f33-90e6e50d2c6a">
      <id>21501</id>
      <classname>org.openmrs.ConceptName</classname>
      <dateChanged id="67">2013-04-29 18:49:41</dateChanged>
    </org.openmrs.module.metadatasharing.Item>
    <org.openmrs.module.metadatasharing.Item id="68" uuid="84e6e0bb-1bcf-4b03-8fe1-12f7faa4590a">
      <id>22711</id>
      <classname>org.openmrs.ConceptName</classname>
      <dateChanged id="69">2013-07-12 19:17:36</dateChanged>
    </org.openmrs.module.metadatasharing.Item>
    <org.openmrs.module.metadatasharing.Item id="70" uuid="afb52e48-7537-4c40-b578-b59af7d027cf">
      <id>21487</id>
      <classname>org.openmrs.ConceptName</classname>
      <dateChanged id="71">2013-04-25 23:19:41</dateChanged>
    </org.openmrs.module.metadatasharing.Item>
    <org.openmrs.module.metadatasharing.Item id="72" uuid="1fb25446-3127-42f6-8e56-a08d1ab8c9cd">
      <id>21485</id>
      <classname>org.openmrs.ConceptName</classname>
      <dateChanged id="73">2013-04-29 18:49:41</dateChanged>
    </org.openmrs.module.metadatasharing.Item>
    <org.openmrs.module.metadatasharing.Item id="74" uuid="932b83bc-e5a5-4c1e-8081-e3c1c73c16c4">
      <id>22387</id>
      <classname>org.openmrs.ConceptName</classname>
      <dateChanged id="75">2013-07-12 19:17:36</dateChanged>
    </org.openmrs.module.metadatasharing.Item>
    <org.openmrs.module.metadatasharing.Item id="76" uuid="f34b24a2-b971-4e1e-9e79-417145f5ccd8">
      <id>23501</id>
      <classname>org.openmrs.ConceptName</classname>
      <dateChanged id="77">2013-08-05 20:47:48</dateChanged>
    </org.openmrs.module.metadatasharing.Item>
    <org.openmrs.module.metadatasharing.Item id="78" uuid="a4e85748-b481-40c4-86d3-40fdbdf3ee42">
      <id>22708</id>
      <classname>org.openmrs.ConceptName</classname>
      <dateChanged id="79">2013-07-12 19:16:37</dateChanged>
    </org.openmrs.module.metadatasharing.Item>
    <org.openmrs.module.metadatasharing.Item id="80" uuid="1234f11c-fb92-4364-8e01-67e8ab701fde">
      <id>22824</id>
      <classname>org.openmrs.ConceptName</classname>
      <dateChanged id="81">2013-07-12 19:37:16</dateChanged>
    </org.openmrs.module.metadatasharing.Item>
    <org.openmrs.module.metadatasharing.Item id="82" uuid="ceefea8f-7ea5-4bf6-8942-ce92ca92d6ea">
      <id>21486</id>
      <classname>org.openmrs.ConceptName</classname>
      <dateChanged id="83">2013-04-25 23:12:52</dateChanged>
    </org.openmrs.module.metadatasharing.Item>
    <org.openmrs.module.metadatasharing.Item id="84" uuid="39b99206-9a09-416d-b4cd-11cea4833696">
      <id>22713</id>
      <classname>org.openmrs.ConceptName</classname>
      <dateChanged id="85">2013-07-12 19:37:16</dateChanged>
    </org.openmrs.module.metadatasharing.Item>
    <org.openmrs.module.metadatasharing.Item id="86" uuid="2414eb40-f8d9-4d98-9421-bfaeaae167d0">
      <id>22712</id>
      <classname>org.openmrs.ConceptName</classname>
      <dateChanged id="87">2013-07-12 19:19:39</dateChanged>
    </org.openmrs.module.metadatasharing.Item>
    <org.openmrs.module.metadatasharing.Item id="88" uuid="6aaaccb3-97d8-4433-98eb-7bb54780bbab">
      <id>21500</id>
      <classname>org.openmrs.ConceptName</classname>
      <dateChanged id="89">2013-04-29 18:49:41</dateChanged>
    </org.openmrs.module.metadatasharing.Item>
    <org.openmrs.module.metadatasharing.Item id="90" uuid="80ecc07e-111c-4141-b9f4-da183551187f">
      <id>23502</id>
      <classname>org.openmrs.ConceptName</classname>
      <dateChanged id="91">2013-08-05 20:47:48</dateChanged>
    </org.openmrs.module.metadatasharing.Item>
    <org.openmrs.module.metadatasharing.Item id="92" uuid="3b79af93-2323-41c4-a31f-d00b1c6a54de">
      <id>22714</id>
      <classname>org.openmrs.ConceptName</classname>
      <dateChanged id="93">2013-07-12 19:19:39</dateChanged>
    </org.openmrs.module.metadatasharing.Item>
    <org.openmrs.module.metadatasharing.Item id="94" uuid="578baa6e-8399-4dc5-ac26-e0303a9028db">
      <id>22715</id>
      <classname>org.openmrs.ConceptName</classname>
      <dateChanged id="95">2013-07-12 19:19:39</dateChanged>
    </org.openmrs.module.metadatasharing.Item>
    <org.openmrs.module.metadatasharing.Item id="96" uuid="57e388b6-95fd-41a1-a244-a2c8707d60e2">
      <id>21502</id>
      <classname>org.openmrs.ConceptName</classname>
      <dateChanged id="97">2013-04-29 18:49:41</dateChanged>
    </org.openmrs.module.metadatasharing.Item>
    <org.openmrs.module.metadatasharing.Item id="98" uuid="27cb50e3-9dda-476e-a741-9780489bd600">
      <id>22710</id>
      <classname>org.openmrs.ConceptName</classname>
      <dateChanged id="99">2013-07-12 19:17:36</dateChanged>
    </org.openmrs.module.metadatasharing.Item>
    <org.openmrs.module.metadatasharing.Item id="100" uuid="1c13e522-61f5-4b3d-a688-988650a0fc30">
      <id>6296</id>
      <classname>org.openmrs.ConceptDescription</classname>
      <dateChanged id="101">2013-04-29 19:22:31</dateChanged>
    </org.openmrs.module.metadatasharing.Item>
    <org.openmrs.module.metadatasharing.Item id="102" uuid="e379e181-7b30-4b8a-a09d-9dad57c1fc9b">
      <id>17642</id>
      <classname>org.openmrs.ConceptMap</classname>
      <dateChanged id="103">2013-04-29 19:14:08</dateChanged>
    </org.openmrs.module.metadatasharing.Item>
    <org.openmrs.module.metadatasharing.Item id="104" uuid="f164487b-5e74-43af-846c-5e2488750f56">
      <id>17604</id>
      <classname>org.openmrs.ConceptReferenceTerm</classname>
      <dateChanged id="105">2013-04-29 19:13:50</dateChanged>
      <retired>false</retired>
    </org.openmrs.module.metadatasharing.Item>
    <org.openmrs.module.metadatasharing.Item id="106" uuid="376eabd0-bb0a-4f1f-8963-1c99d75aa244">
      <id>17626</id>
      <classname>org.openmrs.ConceptMap</classname>
      <dateChanged id="107">2013-04-25 23:12:52</dateChanged>
    </org.openmrs.module.metadatasharing.Item>
    <org.openmrs.module.metadatasharing.Item id="108" uuid="462399c0-c29e-4c81-8bcf-49b999b3dc54">
      <id>17588</id>
      <classname>org.openmrs.ConceptReferenceTerm</classname>
      <dateChanged id="109">2013-04-25 23:11:14</dateChanged>
      <retired>false</retired>
    </org.openmrs.module.metadatasharing.Item>
    <org.openmrs.module.metadatasharing.Item id="110" uuid="b67e9b15-dcb7-452a-82fa-f77bbc37e87d">
      <id>8964</id>
      <classname>org.openmrs.ConceptAnswer</classname>
      <dateChanged id="111">2013-04-26 18:24:37</dateChanged>
    </org.openmrs.module.metadatasharing.Item>
    <org.openmrs.module.metadatasharing.Item id="112" uuid="d96d995a-c4e1-4217-b8e4-e1497f62e12d">
      <id>8619</id>
      <classname>org.openmrs.Concept</classname>
      <dateChanged id="113">2013-05-23 19:26:15</dateChanged>
      <retired>false</retired>
    </org.openmrs.module.metadatasharing.Item>
    <org.openmrs.module.metadatasharing.Item id="114" uuid="51f65726-eedc-4d57-bdee-c2aa138d58a2">
      <id>22374</id>
      <classname>org.openmrs.ConceptName</classname>
      <dateChanged id="115">2013-05-23 19:26:15</dateChanged>
    </org.openmrs.module.metadatasharing.Item>
    <org.openmrs.module.metadatasharing.Item id="116" uuid="21734439-e967-4a0a-ba9c-e6f1b86442f8">
      <id>22370</id>
      <classname>org.openmrs.ConceptName</classname>
      <dateChanged id="117">2013-05-23 19:25:47</dateChanged>
    </org.openmrs.module.metadatasharing.Item>
    <org.openmrs.module.metadatasharing.Item id="118" uuid="e6b500c4-9881-425e-9bd3-322a0877d012">
      <id>22375</id>
      <classname>org.openmrs.ConceptName</classname>
      <dateChanged id="119">2013-05-23 19:26:15</dateChanged>
    </org.openmrs.module.metadatasharing.Item>
    <org.openmrs.module.metadatasharing.Item id="120" uuid="b5046734-b3ed-40a3-9289-c14895d88c1b">
      <id>22371</id>
      <classname>org.openmrs.ConceptName</classname>
      <dateChanged id="121">2013-05-23 19:26:15</dateChanged>
    </org.openmrs.module.metadatasharing.Item>
    <org.openmrs.module.metadatasharing.Item id="122" uuid="db986e4c-60e3-4d27-b52a-bfaca5b9631b">
      <id>21491</id>
      <classname>org.openmrs.ConceptName</classname>
      <dateChanged id="123">2013-04-26 18:22:48</dateChanged>
    </org.openmrs.module.metadatasharing.Item>
    <org.openmrs.module.metadatasharing.Item id="124" uuid="46f8bd68-5faa-476d-8606-9388542fdfe1">
      <id>21492</id>
      <classname>org.openmrs.ConceptName</classname>
      <dateChanged id="125">2013-04-26 18:22:48</dateChanged>
    </org.openmrs.module.metadatasharing.Item>
    <org.openmrs.module.metadatasharing.Item id="126" uuid="7e3ba966-b838-4952-92bb-f9787d102ec7">
      <id>22373</id>
      <classname>org.openmrs.ConceptName</classname>
      <dateChanged id="127">2013-05-23 19:25:47</dateChanged>
    </org.openmrs.module.metadatasharing.Item>
    <org.openmrs.module.metadatasharing.Item id="128" uuid="ef63fb8b-b552-4efe-b742-52ea1984649f">
      <id>22372</id>
      <classname>org.openmrs.ConceptName</classname>
      <dateChanged id="129">2013-05-23 19:25:47</dateChanged>
    </org.openmrs.module.metadatasharing.Item>
    <org.openmrs.module.metadatasharing.Item id="130" uuid="e52b96f9-feac-4135-9af8-7c2167b1cde8">
      <id>6298</id>
      <classname>org.openmrs.ConceptDescription</classname>
      <dateChanged id="131">2013-04-26 18:22:48</dateChanged>
    </org.openmrs.module.metadatasharing.Item>
    <org.openmrs.module.metadatasharing.Item id="132" uuid="8b70ebcf-6643-457a-97b1-242463ac949f">
      <id>17630</id>
      <classname>org.openmrs.ConceptMap</classname>
      <dateChanged id="133">2013-04-26 18:23:30</dateChanged>
    </org.openmrs.module.metadatasharing.Item>
    <org.openmrs.module.metadatasharing.Item id="134" uuid="165a9007-8414-4bed-9ed3-cb30ad0d4053">
      <id>17591</id>
      <classname>org.openmrs.ConceptReferenceTerm</classname>
      <dateChanged id="135">2013-04-26 18:23:11</dateChanged>
      <retired>false</retired>
    </org.openmrs.module.metadatasharing.Item>
    <org.openmrs.module.metadatasharing.Item id="136" uuid="54c36a6b-412c-42f5-a1bf-bcf9dab4997f">
      <id>17629</id>
      <classname>org.openmrs.ConceptMap</classname>
      <dateChanged id="137">2013-04-26 18:22:48</dateChanged>
    </org.openmrs.module.metadatasharing.Item>
    <org.openmrs.module.metadatasharing.Item id="138" uuid="377a0b9e-f0d9-333b-8558-485f74685bc8">
      <id>11588</id>
      <classname>org.openmrs.ConceptReferenceTerm</classname>
      <dateChanged id="139">2010-12-06 00:00:00</dateChanged>
      <retired>false</retired>
    </org.openmrs.module.metadatasharing.Item>
    <org.openmrs.module.metadatasharing.Item id="140" uuid="c467befa-153d-49a5-8710-ea9662c3a79c">
      <id>8979</id>
      <classname>org.openmrs.ConceptAnswer</classname>
      <dateChanged id="141">2013-04-29 19:27:41</dateChanged>
    </org.openmrs.module.metadatasharing.Item>
    <org.openmrs.module.metadatasharing.Item id="142" uuid="1ac1bb08-b855-46fa-abf5-d3c420ff915c">
      <id>8624</id>
      <classname>org.openmrs.Concept</classname>
      <dateChanged id="143">2013-05-23 19:28:34</dateChanged>
      <retired>false</retired>
    </org.openmrs.module.metadatasharing.Item>
    <org.openmrs.module.metadatasharing.Item id="144" uuid="06124b29-3cbc-4039-a465-d47d13e381af">
      <id>22378</id>
      <classname>org.openmrs.ConceptName</classname>
      <dateChanged id="145">2013-05-23 19:28:34</dateChanged>
    </org.openmrs.module.metadatasharing.Item>
    <org.openmrs.module.metadatasharing.Item id="146" uuid="cd4c239b-fb46-492b-9517-a3e4cc0e7de2">
      <id>22379</id>
      <classname>org.openmrs.ConceptName</classname>
      <dateChanged id="147">2013-05-23 19:28:34</dateChanged>
    </org.openmrs.module.metadatasharing.Item>
    <org.openmrs.module.metadatasharing.Item id="148" uuid="90464c2d-e621-40f2-98e1-8f5db69021a1">
      <id>21504</id>
      <classname>org.openmrs.ConceptName</classname>
      <dateChanged id="149">2013-04-29 19:27:09</dateChanged>
    </org.openmrs.module.metadatasharing.Item>
    <org.openmrs.module.metadatasharing.Item id="150" uuid="32434ae7-7cd4-4d56-b775-ca42757a5114">
      <id>6302</id>
      <classname>org.openmrs.ConceptDescription</classname>
      <dateChanged id="151">2013-04-29 19:27:09</dateChanged>
    </org.openmrs.module.metadatasharing.Item>
    <org.openmrs.module.metadatasharing.Item id="152" uuid="8b50afc6-72ba-4cbc-9c92-b3f9620f9217">
      <id>17645</id>
      <classname>org.openmrs.ConceptMap</classname>
      <dateChanged id="153">2013-04-29 19:27:09</dateChanged>
    </org.openmrs.module.metadatasharing.Item>
    <org.openmrs.module.metadatasharing.Item id="154" uuid="5ad2f74e-23b9-4a02-a9d4-11777f4c257f">
      <id>17607</id>
      <classname>org.openmrs.ConceptReferenceTerm</classname>
      <dateChanged id="155">2013-04-29 19:25:39</dateChanged>
      <retired>false</retired>
    </org.openmrs.module.metadatasharing.Item>
    <org.openmrs.module.metadatasharing.Item id="156" uuid="e46df621-abef-4596-8abd-7ac405321cac">
      <id>17646</id>
      <classname>org.openmrs.ConceptMap</classname>
      <dateChanged id="157">2013-04-29 19:27:09</dateChanged>
    </org.openmrs.module.metadatasharing.Item>
    <org.openmrs.module.metadatasharing.Item id="158" uuid="4d961266-6469-4654-892f-efa0f7486652">
      <id>17608</id>
      <classname>org.openmrs.ConceptReferenceTerm</classname>
      <dateChanged id="159">2013-04-29 19:26:12</dateChanged>
      <retired>false</retired>
    </org.openmrs.module.metadatasharing.Item>
    <org.openmrs.module.metadatasharing.Item id="160" uuid="14caaac1-5159-4626-9135-2bef4e60845b">
      <id>8980</id>
      <classname>org.openmrs.ConceptAnswer</classname>
      <dateChanged id="161">2013-04-29 19:27:41</dateChanged>
    </org.openmrs.module.metadatasharing.Item>
    <org.openmrs.module.metadatasharing.Item id="162" uuid="0de2ced1-8ab5-47b9-ba24-24bf2c78dbf0">
      <id>8623</id>
      <classname>org.openmrs.Concept</classname>
      <dateChanged id="163">2013-05-23 20:51:43</dateChanged>
      <retired>false</retired>
    </org.openmrs.module.metadatasharing.Item>
    <org.openmrs.module.metadatasharing.Item id="164" uuid="f8341563-00b0-42c3-9a43-9771fc0f0bdf">
      <id>22385</id>
      <classname>org.openmrs.ConceptName</classname>
      <dateChanged id="165">2013-05-23 20:51:43</dateChanged>
    </org.openmrs.module.metadatasharing.Item>
    <org.openmrs.module.metadatasharing.Item id="166" uuid="4e44b278-da1b-4f42-8cd5-b08dbdae7491">
      <id>22345</id>
      <classname>org.openmrs.ConceptName</classname>
      <dateChanged id="167">2013-05-23 20:51:43</dateChanged>
    </org.openmrs.module.metadatasharing.Item>
    <org.openmrs.module.metadatasharing.Item id="168" uuid="901aaf4c-1508-4761-846e-1aa0e195e3f5">
      <id>22384</id>
      <classname>org.openmrs.ConceptName</classname>
      <dateChanged id="169">2013-05-23 20:51:43</dateChanged>
    </org.openmrs.module.metadatasharing.Item>
    <org.openmrs.module.metadatasharing.Item id="170" uuid="b9a7ddcd-6aff-4384-ba51-72ca142433e9">
      <id>21503</id>
      <classname>org.openmrs.ConceptName</classname>
      <dateChanged id="171">2013-04-29 19:25:13</dateChanged>
    </org.openmrs.module.metadatasharing.Item>
    <org.openmrs.module.metadatasharing.Item id="172" uuid="e3b112d3-fbe5-4ace-bad7-2188158c4140">
      <id>6301</id>
      <classname>org.openmrs.ConceptDescription</classname>
      <dateChanged id="173">2013-04-29 19:25:13</dateChanged>
    </org.openmrs.module.metadatasharing.Item>
    <org.openmrs.module.metadatasharing.Item id="174" uuid="8bf6d0f9-9457-4118-afa8-605bbdc7d2cd">
      <id>17643</id>
      <classname>org.openmrs.ConceptMap</classname>
      <dateChanged id="175">2013-04-29 19:25:13</dateChanged>
    </org.openmrs.module.metadatasharing.Item>
    <org.openmrs.module.metadatasharing.Item id="176" uuid="070d4ab8-1e37-41f1-a20f-2736e6fd87e2">
      <id>17605</id>
      <classname>org.openmrs.ConceptReferenceTerm</classname>
      <dateChanged id="177">2013-04-29 19:25:02</dateChanged>
      <retired>false</retired>
    </org.openmrs.module.metadatasharing.Item>
    <org.openmrs.module.metadatasharing.Item id="178" uuid="e0ceff29-7135-42f5-bbdc-a5bc3a1fb4f4">
      <id>17644</id>
      <classname>org.openmrs.ConceptMap</classname>
      <dateChanged id="179">2013-04-29 19:26:22</dateChanged>
    </org.openmrs.module.metadatasharing.Item>
    <org.openmrs.module.metadatasharing.Item id="180" uuid="d721e60c-5322-4167-9a3e-6972f65b69f8">
      <id>17606</id>
      <classname>org.openmrs.ConceptReferenceTerm</classname>
      <dateChanged id="181">2013-04-29 19:25:31</dateChanged>
      <retired>false</retired>
    </org.openmrs.module.metadatasharing.Item>
    <org.openmrs.module.metadatasharing.Item id="182" uuid="61098815-800f-48c7-92fc-50d7c85f1a45">
      <id>8994</id>
      <classname>org.openmrs.ConceptAnswer</classname>
      <dateChanged id="183">2013-05-13 23:37:28</dateChanged>
    </org.openmrs.module.metadatasharing.Item>
    <org.openmrs.module.metadatasharing.Item id="184" uuid="08e2f19f-9e69-4d92-bc43-abcac12a2032">
      <id>8858</id>
      <classname>org.openmrs.Concept</classname>
      <dateChanged id="185">2013-05-16 19:49:57</dateChanged>
      <retired>false</retired>
    </org.openmrs.module.metadatasharing.Item>
    <org.openmrs.module.metadatasharing.Item id="186" uuid="63bcb78e-eb81-4f61-b13a-f152fd31fd4d">
      <id>22348</id>
      <classname>org.openmrs.ConceptName</classname>
      <dateChanged id="187">2013-05-16 19:49:57</dateChanged>
    </org.openmrs.module.metadatasharing.Item>
    <org.openmrs.module.metadatasharing.Item id="188" uuid="8df30d05-6d4a-4f42-a89e-e96ca9c81485">
      <id>22339</id>
      <classname>org.openmrs.ConceptName</classname>
      <dateChanged id="189">2013-05-13 23:37:00</dateChanged>
    </org.openmrs.module.metadatasharing.Item>
    <org.openmrs.module.metadatasharing.Item id="190" uuid="b5b7a14e-1199-437a-ae3c-a318daa0f290">
      <id>22337</id>
      <classname>org.openmrs.ConceptName</classname>
      <dateChanged id="191">2013-05-13 23:36:48</dateChanged>
    </org.openmrs.module.metadatasharing.Item>
    <org.openmrs.module.metadatasharing.Item id="192" uuid="a8170150-11b6-4b72-b09c-3fcd84d26dd4">
      <id>22349</id>
      <classname>org.openmrs.ConceptName</classname>
      <dateChanged id="193">2013-05-16 19:49:57</dateChanged>
    </org.openmrs.module.metadatasharing.Item>
    <org.openmrs.module.metadatasharing.Item id="194" uuid="dbcf378b-25e4-497d-bd6e-65f481862331">
      <id>22338</id>
      <classname>org.openmrs.ConceptName</classname>
      <dateChanged id="195">2013-05-13 23:36:48</dateChanged>
    </org.openmrs.module.metadatasharing.Item>
    <org.openmrs.module.metadatasharing.Item id="196" uuid="c7536214-bad4-4a34-8f20-dfab71aa8448">
      <id>6310</id>
      <classname>org.openmrs.ConceptDescription</classname>
      <dateChanged id="197">2013-05-13 23:36:48</dateChanged>
    </org.openmrs.module.metadatasharing.Item>
    <org.openmrs.module.metadatasharing.Item id="198" uuid="41df6c77-e852-46fc-aff2-5c404bacb580">
      <id>18117</id>
      <classname>org.openmrs.ConceptMap</classname>
      <dateChanged id="199">2013-05-13 23:36:48</dateChanged>
    </org.openmrs.module.metadatasharing.Item>
    <org.openmrs.module.metadatasharing.Item id="200" uuid="563db9ae-2879-40ed-9b21-4056a6b6037d">
      <id>18077</id>
      <classname>org.openmrs.ConceptReferenceTerm</classname>
      <dateChanged id="201">2013-05-13 23:36:29</dateChanged>
      <retired>false</retired>
    </org.openmrs.module.metadatasharing.Item>
    <org.openmrs.module.metadatasharing.Item id="202" uuid="15e0b264-6142-4562-967f-5293621fdb29">
      <id>18118</id>
      <classname>org.openmrs.ConceptMap</classname>
      <dateChanged id="203">2013-05-13 23:36:48</dateChanged>
    </org.openmrs.module.metadatasharing.Item>
    <org.openmrs.module.metadatasharing.Item id="204" uuid="934cd5d0-9243-488f-ac70-ef1a30f3ff94">
      <id>18076</id>
      <classname>org.openmrs.ConceptReferenceTerm</classname>
      <dateChanged id="205">2013-05-13 23:36:20</dateChanged>
      <retired>false</retired>
    </org.openmrs.module.metadatasharing.Item>
    <org.openmrs.module.metadatasharing.Item id="206" uuid="256817d5-a5c5-4794-b902-76eae873f8ef">
      <id>8995</id>
      <classname>org.openmrs.ConceptAnswer</classname>
      <dateChanged id="207">2013-05-14 16:27:40</dateChanged>
    </org.openmrs.module.metadatasharing.Item>
    <org.openmrs.module.metadatasharing.Item id="208" uuid="6c047a20-c2bf-43ef-9e88-6da7b17e8c1a">
      <id>3799</id>
      <classname>org.openmrs.Concept</classname>
      <dateChanged id="209">2013-05-23 21:14:49</dateChanged>
      <retired>false</retired>
    </org.openmrs.module.metadatasharing.Item>
    <org.openmrs.module.metadatasharing.Item id="210" uuid="4f12edd7-e516-493b-bc21-da1a9d29873f">
      <id>22388</id>
      <classname>org.openmrs.ConceptName</classname>
      <dateChanged id="211">2013-05-23 21:14:49</dateChanged>
    </org.openmrs.module.metadatasharing.Item>
    <org.openmrs.module.metadatasharing.Item id="212" uuid="f72fadb0-d5db-102d-ad2a-000c29c2a5d7">
      <id>13309</id>
      <classname>org.openmrs.ConceptName</classname>
      <dateChanged id="213">2010-06-29 13:04:49</dateChanged>
    </org.openmrs.module.metadatasharing.Item>
    <org.openmrs.module.metadatasharing.Item id="214" uuid="b1e494ef-4779-4262-bc42-56a79c39303c">
      <id>5375</id>
      <classname>org.openmrs.ConceptName</classname>
      <dateChanged id="215">2008-12-27 14:45:21</dateChanged>
    </org.openmrs.module.metadatasharing.Item>
    <org.openmrs.module.metadatasharing.Item id="216" uuid="122a523c-cbec-4283-991f-858f44ffccca">
      <id>22325</id>
      <classname>org.openmrs.ConceptName</classname>
      <dateChanged id="217">2013-05-13 21:40:39</dateChanged>
    </org.openmrs.module.metadatasharing.Item>
    <org.openmrs.module.metadatasharing.Item id="218" uuid="444c80e5-755f-4b4b-af90-175895b2d609">
      <id>22380</id>
      <classname>org.openmrs.ConceptName</classname>
      <dateChanged id="219">2013-05-23 21:14:49</dateChanged>
    </org.openmrs.module.metadatasharing.Item>
    <org.openmrs.module.metadatasharing.Item id="220" uuid="acdcc1d2-7414-4337-890e-c8ccbccda41a">
      <id>22381</id>
      <classname>org.openmrs.ConceptName</classname>
      <dateChanged id="221">2013-05-23 19:30:01</dateChanged>
    </org.openmrs.module.metadatasharing.Item>
    <org.openmrs.module.metadatasharing.Item id="222" uuid="7d29309b-faaa-4767-83e6-6c75117fc569">
      <id>4656</id>
      <classname>org.openmrs.ConceptDescription</classname>
      <dateChanged id="223">2013-05-13 21:40:04</dateChanged>
    </org.openmrs.module.metadatasharing.Item>
    <org.openmrs.module.metadatasharing.Item id="224" uuid="75a1a11e-4943-102e-96e9-000c29c2a5d7">
      <id>9582</id>
      <classname>org.openmrs.ConceptMap</classname>
      <dateChanged id="225">2012-06-21 16:49:52</dateChanged>
    </org.openmrs.module.metadatasharing.Item>
    <org.openmrs.module.metadatasharing.Item id="226" uuid="1cd4efee-ca66-3486-897e-ffcb9e5a7690">
      <id>9582</id>
      <classname>org.openmrs.ConceptReferenceTerm</classname>
      <dateChanged id="227">2010-11-24 00:00:00</dateChanged>
      <retired>false</retired>
    </org.openmrs.module.metadatasharing.Item>
    <org.openmrs.module.metadatasharing.Item id="228" uuid="b260d122-4864-102e-96e9-000c29c2a5d7">
      <id>3801</id>
      <classname>org.openmrs.ConceptMap</classname>
      <dateChanged id="229">2012-06-21 16:49:52</dateChanged>
    </org.openmrs.module.metadatasharing.Item>
    <org.openmrs.module.metadatasharing.Item id="230" uuid="4c21ebb9-6949-352d-93ef-f14766ef3bb2">
      <id>3801</id>
      <classname>org.openmrs.ConceptReferenceTerm</classname>
      <dateChanged id="231">2010-11-23 00:00:00</dateChanged>
      <retired>false</retired>
    </org.openmrs.module.metadatasharing.Item>
    <org.openmrs.module.metadatasharing.Item id="232" uuid="74d746e6-ba60-4623-a25f-021547616fad">
      <id>8999</id>
      <classname>org.openmrs.ConceptAnswer</classname>
      <dateChanged id="233">2013-05-17 01:17:18</dateChanged>
    </org.openmrs.module.metadatasharing.Item>
    <org.openmrs.module.metadatasharing.Item id="234" uuid="6340fd67-facb-4a6c-a9d9-f629c9e53053">
      <id>3626</id>
      <classname>org.openmrs.Concept</classname>
      <dateChanged id="235">2013-05-28 15:10:35</dateChanged>
      <retired>false</retired>
    </org.openmrs.module.metadatasharing.Item>
    <org.openmrs.module.metadatasharing.Item id="236" uuid="3d7297ae-26fe-102b-80cb-0017a47871b2">
      <id>18</id>
      <classname>org.openmrs.ConceptClass</classname>
      <dateChanged id="237">2006-08-16 02:04:43</dateChanged>
      <retired>false</retired>
    </org.openmrs.module.metadatasharing.Item>
    <org.openmrs.module.metadatasharing.Item id="238" uuid="0b780dfa-15f5-102d-96e4-000c29c2a5d7">
      <id>4981</id>
      <classname>org.openmrs.ConceptName</classname>
      <dateChanged id="239">2008-09-17 15:26:05</dateChanged>
    </org.openmrs.module.metadatasharing.Item>
    <org.openmrs.module.metadatasharing.Item id="240" uuid="caf78656-07b9-43a4-8625-d9501a094347">
      <id>22405</id>
      <classname>org.openmrs.ConceptName</classname>
      <dateChanged id="241">2013-05-28 15:10:35</dateChanged>
    </org.openmrs.module.metadatasharing.Item>
    <org.openmrs.module.metadatasharing.Item id="242" uuid="96a41f47-36e4-4e24-aa21-e12fa2aa7f4f">
      <id>22382</id>
      <classname>org.openmrs.ConceptName</classname>
      <dateChanged id="243">2013-05-23 19:32:32</dateChanged>
    </org.openmrs.module.metadatasharing.Item>
    <org.openmrs.module.metadatasharing.Item id="244" uuid="f71e0c72-d5db-102d-ad2a-000c29c2a5d7">
      <id>13137</id>
      <classname>org.openmrs.ConceptName</classname>
      <dateChanged id="245">2013-05-23 19:32:32</dateChanged>
    </org.openmrs.module.metadatasharing.Item>
    <org.openmrs.module.metadatasharing.Item id="246" uuid="4ad4b7e4-3413-4e3c-8840-d4367e0b43ca">
      <id>22406</id>
      <classname>org.openmrs.ConceptName</classname>
      <dateChanged id="247">2013-05-28 15:10:35</dateChanged>
    </org.openmrs.module.metadatasharing.Item>
    <org.openmrs.module.metadatasharing.Item id="248" uuid="fde515b1-b754-481d-839d-5f1c36ddfacd">
      <id>22383</id>
      <classname>org.openmrs.ConceptName</classname>
      <dateChanged id="249">2013-05-23 19:32:32</dateChanged>
    </org.openmrs.module.metadatasharing.Item>
    <org.openmrs.module.metadatasharing.Item id="250" uuid="12fa6702-c0e7-4be1-828f-12bf706821fc">
      <id>22407</id>
      <classname>org.openmrs.ConceptName</classname>
      <dateChanged id="251">2013-05-28 15:10:35</dateChanged>
    </org.openmrs.module.metadatasharing.Item>
    <org.openmrs.module.metadatasharing.Item id="252" uuid="ed282e98-07fe-102c-b5fa-0017a47871b2">
      <id>4357</id>
      <classname>org.openmrs.ConceptDescription</classname>
      <dateChanged id="253">2013-05-17 01:16:13</dateChanged>
    </org.openmrs.module.metadatasharing.Item>
    <org.openmrs.module.metadatasharing.Item id="254" uuid="863dfbdb-2464-49fa-a786-9c8696d96b6c">
      <id>6314</id>
      <classname>org.openmrs.ConceptDescription</classname>
      <dateChanged id="255">2013-05-28 15:10:35</dateChanged>
    </org.openmrs.module.metadatasharing.Item>
    <org.openmrs.module.metadatasharing.Item id="256" uuid="b25f47c6-4864-102e-96e9-000c29c2a5d7">
      <id>3628</id>
      <classname>org.openmrs.ConceptMap</classname>
      <dateChanged id="257">2012-06-21 16:49:52</dateChanged>
    </org.openmrs.module.metadatasharing.Item>
    <org.openmrs.module.metadatasharing.Item id="258" uuid="9fd3895a-dc3a-3b32-98d1-883b01dfc5db">
      <id>3628</id>
      <classname>org.openmrs.ConceptReferenceTerm</classname>
      <dateChanged id="259">2010-11-23 00:00:00</dateChanged>
      <retired>false</retired>
    </org.openmrs.module.metadatasharing.Item>
    <org.openmrs.module.metadatasharing.Item id="260" uuid="75a08dce-4943-102e-96e9-000c29c2a5d7">
      <id>9412</id>
      <classname>org.openmrs.ConceptMap</classname>
      <dateChanged id="261">2012-06-21 16:49:52</dateChanged>
    </org.openmrs.module.metadatasharing.Item>
    <org.openmrs.module.metadatasharing.Item id="262" uuid="58d936d5-c550-3f6d-b00c-f6e5bdbf0766">
      <id>9412</id>
      <classname>org.openmrs.ConceptReferenceTerm</classname>
      <dateChanged id="263">2010-11-24 00:00:00</dateChanged>
      <retired>false</retired>
    </org.openmrs.module.metadatasharing.Item>
    <org.openmrs.module.metadatasharing.Item id="264" uuid="7c4cb75d-83e0-4647-853f-e0f8fde46949">
      <id>18121</id>
      <classname>org.openmrs.ConceptMap</classname>
      <dateChanged id="265">2013-05-14 01:23:26</dateChanged>
    </org.openmrs.module.metadatasharing.Item>
    <org.openmrs.module.metadatasharing.Item id="266" uuid="a9456f80-27c1-40aa-88c5-7e3418ae34ad">
      <id>18080</id>
      <classname>org.openmrs.ConceptReferenceTerm</classname>
      <dateChanged id="267">2013-05-14 01:23:03</dateChanged>
      <retired>false</retired>
    </org.openmrs.module.metadatasharing.Item>
    <org.openmrs.module.metadatasharing.Item id="268" uuid="b5e44116-778f-11e2-ad73-903c7bb72694">
      <id>25</id>
      <classname>org.openmrs.ConceptSource</classname>
      <dateChanged id="269">2013-02-20 04:39:48</dateChanged>
      <retired>false</retired>
    </org.openmrs.module.metadatasharing.Item>
    <org.openmrs.module.metadatasharing.Item id="270" uuid="7c8989cd-3b28-455b-8da3-ab0538bb1753">
      <id>19125</id>
      <classname>org.openmrs.ConceptMap</classname>
      <dateChanged id="271">2013-09-04 19:54:34</dateChanged>
    </org.openmrs.module.metadatasharing.Item>
    <org.openmrs.module.metadatasharing.Item id="272" uuid="4272bea4-bdb1-4c3b-8d2a-528dd11f30a5">
      <id>18972</id>
      <classname>org.openmrs.ConceptReferenceTerm</classname>
      <dateChanged id="273">2013-09-04 19:54:22</dateChanged>
      <retired>false</retired>
    </org.openmrs.module.metadatasharing.Item>
    <org.openmrs.module.metadatasharing.Item id="274" uuid="edd52713-8887-47b7-ba9e-6e1148824ca4">
      <id>31</id>
      <classname>org.openmrs.ConceptSource</classname>
      <dateChanged id="275">2013-09-04 19:50:05</dateChanged>
      <retired>false</retired>
    </org.openmrs.module.metadatasharing.Item>
    <org.openmrs.module.metadatasharing.Item id="276" uuid="c5ff38b2-6f18-41a5-bdd1-622fac694f6f">
      <id>17632</id>
      <classname>org.openmrs.ConceptMap</classname>
      <dateChanged id="277">2013-04-26 18:27:27</dateChanged>
    </org.openmrs.module.metadatasharing.Item>
    <org.openmrs.module.metadatasharing.Item id="278" uuid="4b6ee777-08c2-4a06-9412-edb94b7d9998">
      <id>17593</id>
      <classname>org.openmrs.ConceptReferenceTerm</classname>
      <dateChanged id="279">2013-04-26 18:26:23</dateChanged>
      <retired>false</retired>
    </org.openmrs.module.metadatasharing.Item>
    <org.openmrs.module.metadatasharing.Item id="280" uuid="1f9e1e6d-36b7-4917-af1d-f86957f80ab0">
      <id>17641</id>
      <classname>org.openmrs.ConceptMap</classname>
      <dateChanged id="281">2013-04-29 18:34:48</dateChanged>
    </org.openmrs.module.metadatasharing.Item>
    <org.openmrs.module.metadatasharing.Item id="282" uuid="2536e8ef-1000-4b0e-bad0-8aa2232acfbc">
      <id>17592</id>
      <classname>org.openmrs.ConceptReferenceTerm</classname>
      <dateChanged id="283">2013-04-26 18:26:00</dateChanged>
      <retired>false</retired>
    </org.openmrs.module.metadatasharing.Item>
    <org.openmrs.module.metadatasharing.Item id="284" uuid="9aac7822-4f9f-49b8-8e03-568f25f163e2">
      <id>3792</id>
      <classname>org.openmrs.ConceptSet</classname>
      <dateChanged id="285">2013-04-29 14:47:18</dateChanged>
    </org.openmrs.module.metadatasharing.Item>
    <org.openmrs.module.metadatasharing.Item id="286" uuid="a96352e3-3afc-418b-b79f-3290fc26a3b3">
      <id>8621</id>
      <classname>org.openmrs.Concept</classname>
      <dateChanged id="287">2013-09-04 20:02:48</dateChanged>
      <retired>false</retired>
    </org.openmrs.module.metadatasharing.Item>
    <org.openmrs.module.metadatasharing.Item id="288" uuid="264acd21-561f-4cc4-b538-ebef6289d8ca">
      <id>21497</id>
      <classname>org.openmrs.ConceptName</classname>
      <dateChanged id="289">2013-04-29 14:46:24</dateChanged>
    </org.openmrs.module.metadatasharing.Item>
    <org.openmrs.module.metadatasharing.Item id="290" uuid="586d310f-cf7b-4bee-ad26-858b982fbc47">
      <id>21496</id>
      <classname>org.openmrs.ConceptName</classname>
      <dateChanged id="291">2013-04-29 14:46:24</dateChanged>
    </org.openmrs.module.metadatasharing.Item>
    <org.openmrs.module.metadatasharing.Item id="292" uuid="e26c74a9-1db6-466c-a47c-b88520ece0ef">
      <id>21494</id>
      <classname>org.openmrs.ConceptName</classname>
      <dateChanged id="293">2013-04-29 14:46:24</dateChanged>
    </org.openmrs.module.metadatasharing.Item>
    <org.openmrs.module.metadatasharing.Item id="294" uuid="15c6ff43-8a5a-4156-96d0-a22307c374f4">
      <id>21495</id>
      <classname>org.openmrs.ConceptName</classname>
      <dateChanged id="295">2013-04-29 14:46:24</dateChanged>
    </org.openmrs.module.metadatasharing.Item>
    <org.openmrs.module.metadatasharing.Item id="296" uuid="bc0f1bcc-0898-46a7-8e41-aa08c67cad73">
      <id>8970</id>
      <classname>org.openmrs.ConceptAnswer</classname>
      <dateChanged id="297">2013-04-26 20:50:02</dateChanged>
    </org.openmrs.module.metadatasharing.Item>
    <org.openmrs.module.metadatasharing.Item id="298" uuid="988c3b9c-6a5a-11e2-b6f9-aa00f871a3e1">
      <id>7893</id>
      <classname>org.openmrs.Concept</classname>
      <dateChanged id="299">2013-03-29 17:07:42</dateChanged>
      <retired>false</retired>
    </org.openmrs.module.metadatasharing.Item>
    <org.openmrs.module.metadatasharing.Item id="300" uuid="988ce6c8-6a5a-11e2-b6f9-aa00f871a3e1">
      <id>17920</id>
      <classname>org.openmrs.ConceptName</classname>
      <dateChanged id="301">2013-01-29 21:26:51</dateChanged>
    </org.openmrs.module.metadatasharing.Item>
    <org.openmrs.module.metadatasharing.Item id="302" uuid="b6c4a74d-e926-4ffd-9037-f7d5e317beec">
      <id>21116</id>
      <classname>org.openmrs.ConceptName</classname>
      <dateChanged id="303">2013-03-29 17:07:42</dateChanged>
    </org.openmrs.module.metadatasharing.Item>
    <org.openmrs.module.metadatasharing.Item id="304" uuid="988d9514-6a5a-11e2-b6f9-aa00f871a3e1">
      <id>14690</id>
      <classname>org.openmrs.ConceptMap</classname>
      <dateChanged id="305">2013-01-29 21:26:51</dateChanged>
    </org.openmrs.module.metadatasharing.Item>
    <org.openmrs.module.metadatasharing.Item id="306" uuid="988d83a8-6a5a-11e2-b6f9-aa00f871a3e1">
      <id>14793</id>
      <classname>org.openmrs.ConceptReferenceTerm</classname>
      <dateChanged id="307">2013-01-29 21:26:51</dateChanged>
      <retired>false</retired>
    </org.openmrs.module.metadatasharing.Item>
    <org.openmrs.module.metadatasharing.Item id="308" uuid="988e3974-6a5a-11e2-b6f9-aa00f871a3e1">
      <id>14691</id>
      <classname>org.openmrs.ConceptMap</classname>
      <dateChanged id="309">2013-01-29 21:26:51</dateChanged>
    </org.openmrs.module.metadatasharing.Item>
    <org.openmrs.module.metadatasharing.Item id="310" uuid="988e279a-6a5a-11e2-b6f9-aa00f871a3e1">
      <id>14794</id>
      <classname>org.openmrs.ConceptReferenceTerm</classname>
      <dateChanged id="311">2013-01-29 21:26:51</dateChanged>
      <retired>false</retired>
    </org.openmrs.module.metadatasharing.Item>
    <org.openmrs.module.metadatasharing.Item id="312" uuid="6a125441-19c3-4210-990f-0f937a4826c6">
      <id>8969</id>
      <classname>org.openmrs.ConceptAnswer</classname>
      <dateChanged id="313">2013-04-26 20:50:02</dateChanged>
    </org.openmrs.module.metadatasharing.Item>
    <org.openmrs.module.metadatasharing.Item id="314" uuid="3ce1e6e6-26fe-102b-80cb-0017a47871b2">
      <id>2235</id>
      <classname>org.openmrs.Concept</classname>
      <dateChanged id="315">2012-06-21 19:12:28</dateChanged>
      <retired>false</retired>
    </org.openmrs.module.metadatasharing.Item>
    <org.openmrs.module.metadatasharing.Item id="316" uuid="3e23806e-26fe-102b-80cb-0017a47871b2">
      <id>2419</id>
      <classname>org.openmrs.ConceptName</classname>
      <dateChanged id="317">2007-10-12 10:55:39</dateChanged>
    </org.openmrs.module.metadatasharing.Item>
    <org.openmrs.module.metadatasharing.Item id="318" uuid="94ab86d6-07d4-102c-b5fa-0017a47871b2">
      <id>7056</id>
      <classname>org.openmrs.ConceptName</classname>
      <dateChanged id="319">2012-06-21 19:12:45</dateChanged>
    </org.openmrs.module.metadatasharing.Item>
    <org.openmrs.module.metadatasharing.Item id="320" uuid="398c5d09-643e-4bc6-a588-4474c97a4ab3">
      <id>15978</id>
      <classname>org.openmrs.ConceptName</classname>
      <dateChanged id="321">2010-06-29 13:04:01</dateChanged>
    </org.openmrs.module.metadatasharing.Item>
    <org.openmrs.module.metadatasharing.Item id="322" uuid="94b69166-07d4-102c-b5fa-0017a47871b2">
      <id>7217</id>
      <classname>org.openmrs.ConceptName</classname>
      <dateChanged id="323">2012-06-21 19:12:28</dateChanged>
    </org.openmrs.module.metadatasharing.Item>
    <org.openmrs.module.metadatasharing.Item id="324" uuid="3e1f877f-8441-4e93-8332-6148455e3a7a">
      <id>17912</id>
      <classname>org.openmrs.ConceptName</classname>
      <dateChanged id="325">2013-01-29 21:16:07</dateChanged>
    </org.openmrs.module.metadatasharing.Item>
    <org.openmrs.module.metadatasharing.Item id="326" uuid="3e237f06-26fe-102b-80cb-0017a47871b2">
      <id>2418</id>
      <classname>org.openmrs.ConceptName</classname>
      <dateChanged id="327">2007-05-13 13:56:00</dateChanged>
    </org.openmrs.module.metadatasharing.Item>
    <org.openmrs.module.metadatasharing.Item id="328" uuid="f679dc24-d5db-102d-ad2a-000c29c2a5d7">
      <id>11735</id>
      <classname>org.openmrs.ConceptName</classname>
      <dateChanged id="329">2012-06-21 19:12:28</dateChanged>
    </org.openmrs.module.metadatasharing.Item>
    <org.openmrs.module.metadatasharing.Item id="330" uuid="ecf1103e-07fe-102c-b5fa-0017a47871b2">
      <id>2140</id>
      <classname>org.openmrs.ConceptDescription</classname>
      <dateChanged id="331">2007-05-13 13:56:00</dateChanged>
    </org.openmrs.module.metadatasharing.Item>
    <org.openmrs.module.metadatasharing.Item id="332" uuid="758c11fa-4943-102e-96e9-000c29c2a5d7">
      <id>8051</id>
      <classname>org.openmrs.ConceptMap</classname>
      <dateChanged id="333">2012-06-21 16:49:52</dateChanged>
    </org.openmrs.module.metadatasharing.Item>
    <org.openmrs.module.metadatasharing.Item id="334" uuid="01c30cc2-5345-3e64-9132-7b79935ec6d2">
      <id>8051</id>
      <classname>org.openmrs.ConceptReferenceTerm</classname>
      <dateChanged id="335">2010-11-24 00:00:00</dateChanged>
      <retired>false</retired>
    </org.openmrs.module.metadatasharing.Item>
    <org.openmrs.module.metadatasharing.Item id="336" uuid="b2211f6e-4864-102e-96e9-000c29c2a5d7">
      <id>2237</id>
      <classname>org.openmrs.ConceptMap</classname>
      <dateChanged id="337">2012-06-21 16:49:52</dateChanged>
    </org.openmrs.module.metadatasharing.Item>
    <org.openmrs.module.metadatasharing.Item id="338" uuid="b1abb858-1fe0-3178-b01a-9d049f7d7734">
      <id>2237</id>
      <classname>org.openmrs.ConceptReferenceTerm</classname>
      <dateChanged id="339">2010-11-23 00:00:00</dateChanged>
      <retired>false</retired>
    </org.openmrs.module.metadatasharing.Item>
    <org.openmrs.module.metadatasharing.Item id="340" uuid="ed9c1282-c731-4cbb-aef1-6a580b3f365c">
      <id>8971</id>
      <classname>org.openmrs.ConceptAnswer</classname>
      <dateChanged id="341">2013-04-26 20:50:02</dateChanged>
    </org.openmrs.module.metadatasharing.Item>
    <org.openmrs.module.metadatasharing.Item id="342" uuid="3ce6ae60-26fe-102b-80cb-0017a47871b2">
      <id>2717</id>
      <classname>org.openmrs.Concept</classname>
      <dateChanged id="343">2013-03-29 17:08:26</dateChanged>
      <retired>false</retired>
    </org.openmrs.module.metadatasharing.Item>
    <org.openmrs.module.metadatasharing.Item id="344" uuid="89f7962e-3681-46af-b183-24a9399ccfb3">
      <id>15194</id>
      <classname>org.openmrs.ConceptName</classname>
      <dateChanged id="345">2011-09-14 20:14:50</dateChanged>
    </org.openmrs.module.metadatasharing.Item>
    <org.openmrs.module.metadatasharing.Item id="346" uuid="9562d548-07d4-102c-b5fa-0017a47871b2">
      <id>7407</id>
      <classname>org.openmrs.ConceptName</classname>
      <dateChanged id="347">2013-01-29 21:16:54</dateChanged>
    </org.openmrs.module.metadatasharing.Item>
    <org.openmrs.module.metadatasharing.Item id="348" uuid="f6b7ca7a-d5db-102d-ad2a-000c29c2a5d7">
      <id>12217</id>
      <classname>org.openmrs.ConceptName</classname>
      <dateChanged id="349">2010-06-29 13:04:02</dateChanged>
    </org.openmrs.module.metadatasharing.Item>
    <org.openmrs.module.metadatasharing.Item id="350" uuid="f6def533-564c-4145-b4dd-67cc42414c74">
      <id>17913</id>
      <classname>org.openmrs.ConceptName</classname>
      <dateChanged id="351">2007-10-12 11:03:34</dateChanged>
    </org.openmrs.module.metadatasharing.Item>
    <org.openmrs.module.metadatasharing.Item id="352" uuid="8e3b4181-7b4f-4f88-ad99-23ba3046329b">
      <id>17914</id>
      <classname>org.openmrs.ConceptName</classname>
      <dateChanged id="353">2007-10-12 11:02:57</dateChanged>
    </org.openmrs.module.metadatasharing.Item>
    <org.openmrs.module.metadatasharing.Item id="354" uuid="3e382ece-26fe-102b-80cb-0017a47871b2">
      <id>2930</id>
      <classname>org.openmrs.ConceptName</classname>
      <dateChanged id="355">2007-10-12 11:03:16</dateChanged>
    </org.openmrs.module.metadatasharing.Item>
    <org.openmrs.module.metadatasharing.Item id="356" uuid="3e382c76-26fe-102b-80cb-0017a47871b2">
      <id>2929</id>
      <classname>org.openmrs.ConceptName</classname>
      <dateChanged id="357">2013-01-29 21:16:54</dateChanged>
    </org.openmrs.module.metadatasharing.Item>
    <org.openmrs.module.metadatasharing.Item id="358" uuid="98c1fee0-136c-4cee-bb3e-365e63a123c5">
      <id>21115</id>
      <classname>org.openmrs.ConceptName</classname>
      <dateChanged id="359">2013-03-29 17:06:54</dateChanged>
    </org.openmrs.module.metadatasharing.Item>
    <org.openmrs.module.metadatasharing.Item id="360" uuid="ecf53646-07fe-102c-b5fa-0017a47871b2">
      <id>2485</id>
      <classname>org.openmrs.ConceptDescription</classname>
      <dateChanged id="361">2011-09-14 20:15:10</dateChanged>
    </org.openmrs.module.metadatasharing.Item>
    <org.openmrs.module.metadatasharing.Item id="362" uuid="759a9cd4-4943-102e-96e9-000c29c2a5d7">
      <id>8526</id>
      <classname>org.openmrs.ConceptMap</classname>
      <dateChanged id="363">2012-06-21 16:49:52</dateChanged>
    </org.openmrs.module.metadatasharing.Item>
    <org.openmrs.module.metadatasharing.Item id="364" uuid="e2f53524-9999-3b83-bbf0-b2ff6a8859cd">
      <id>8526</id>
      <classname>org.openmrs.ConceptReferenceTerm</classname>
      <dateChanged id="365">2010-11-24 00:00:00</dateChanged>
      <retired>false</retired>
    </org.openmrs.module.metadatasharing.Item>
    <org.openmrs.module.metadatasharing.Item id="366" uuid="b25821f8-4864-102e-96e9-000c29c2a5d7">
      <id>2719</id>
      <classname>org.openmrs.ConceptMap</classname>
      <dateChanged id="367">2012-06-21 16:49:52</dateChanged>
    </org.openmrs.module.metadatasharing.Item>
    <org.openmrs.module.metadatasharing.Item id="368" uuid="9a47b8fa-0ba7-3118-9eae-6f6e849bb3d8">
      <id>2719</id>
      <classname>org.openmrs.ConceptReferenceTerm</classname>
      <dateChanged id="369">2010-11-23 00:00:00</dateChanged>
      <retired>false</retired>
    </org.openmrs.module.metadatasharing.Item>
    <org.openmrs.module.metadatasharing.Item id="370" uuid="947ab084-4856-4478-a46c-539c6f5a0441">
      <id>8972</id>
      <classname>org.openmrs.ConceptAnswer</classname>
      <dateChanged id="371">2013-04-26 20:52:27</dateChanged>
    </org.openmrs.module.metadatasharing.Item>
    <org.openmrs.module.metadatasharing.Item id="372" uuid="98845e72-6a5a-11e2-b6f9-aa00f871a3e1">
      <id>7890</id>
      <classname>org.openmrs.Concept</classname>
      <dateChanged id="373">2013-01-29 21:26:51</dateChanged>
      <retired>false</retired>
    </org.openmrs.module.metadatasharing.Item>
    <org.openmrs.module.metadatasharing.Item id="374" uuid="98847394-6a5a-11e2-b6f9-aa00f871a3e1">
      <id>17917</id>
      <classname>org.openmrs.ConceptName</classname>
      <dateChanged id="375">2013-01-29 21:26:51</dateChanged>
    </org.openmrs.module.metadatasharing.Item>
    <org.openmrs.module.metadatasharing.Item id="376" uuid="988493f6-6a5a-11e2-b6f9-aa00f871a3e1">
      <id>14684</id>
      <classname>org.openmrs.ConceptMap</classname>
      <dateChanged id="377">2013-01-29 21:26:51</dateChanged>
    </org.openmrs.module.metadatasharing.Item>
    <org.openmrs.module.metadatasharing.Item id="378" uuid="988483de-6a5a-11e2-b6f9-aa00f871a3e1">
      <id>14787</id>
      <classname>org.openmrs.ConceptReferenceTerm</classname>
      <dateChanged id="379">2013-01-29 21:26:51</dateChanged>
      <retired>false</retired>
    </org.openmrs.module.metadatasharing.Item>
    <org.openmrs.module.metadatasharing.Item id="380" uuid="98854c4c-6a5a-11e2-b6f9-aa00f871a3e1">
      <id>14685</id>
      <classname>org.openmrs.ConceptMap</classname>
      <dateChanged id="381">2013-01-29 21:26:51</dateChanged>
    </org.openmrs.module.metadatasharing.Item>
    <org.openmrs.module.metadatasharing.Item id="382" uuid="98853c66-6a5a-11e2-b6f9-aa00f871a3e1">
      <id>14788</id>
      <classname>org.openmrs.ConceptReferenceTerm</classname>
      <dateChanged id="383">2013-01-29 21:26:51</dateChanged>
      <retired>false</retired>
    </org.openmrs.module.metadatasharing.Item>
    <org.openmrs.module.metadatasharing.Item id="384" uuid="747a1b5a-7fc2-4d1b-9be8-c69f6a307c06">
      <id>8973</id>
      <classname>org.openmrs.ConceptAnswer</classname>
      <dateChanged id="385">2013-04-26 20:52:27</dateChanged>
    </org.openmrs.module.metadatasharing.Item>
    <org.openmrs.module.metadatasharing.Item id="386" uuid="98890d00-6a5a-11e2-b6f9-aa00f871a3e1">
      <id>7892</id>
      <classname>org.openmrs.Concept</classname>
      <dateChanged id="387">2013-01-29 21:26:51</dateChanged>
      <retired>false</retired>
    </org.openmrs.module.metadatasharing.Item>
    <org.openmrs.module.metadatasharing.Item id="388" uuid="9889b5e8-6a5a-11e2-b6f9-aa00f871a3e1">
      <id>17919</id>
      <classname>org.openmrs.ConceptName</classname>
      <dateChanged id="389">2013-01-29 21:26:51</dateChanged>
    </org.openmrs.module.metadatasharing.Item>
    <org.openmrs.module.metadatasharing.Item id="390" uuid="988a544e-6a5a-11e2-b6f9-aa00f871a3e1">
      <id>14688</id>
      <classname>org.openmrs.ConceptMap</classname>
      <dateChanged id="391">2013-01-29 21:26:51</dateChanged>
    </org.openmrs.module.metadatasharing.Item>
    <org.openmrs.module.metadatasharing.Item id="392" uuid="9889c6b4-6a5a-11e2-b6f9-aa00f871a3e1">
      <id>14791</id>
      <classname>org.openmrs.ConceptReferenceTerm</classname>
      <dateChanged id="393">2013-01-29 21:26:51</dateChanged>
      <retired>false</retired>
    </org.openmrs.module.metadatasharing.Item>
    <org.openmrs.module.metadatasharing.Item id="394" uuid="988afa8e-6a5a-11e2-b6f9-aa00f871a3e1">
      <id>14689</id>
      <classname>org.openmrs.ConceptMap</classname>
      <dateChanged id="395">2013-01-29 21:26:51</dateChanged>
    </org.openmrs.module.metadatasharing.Item>
    <org.openmrs.module.metadatasharing.Item id="396" uuid="988a63c6-6a5a-11e2-b6f9-aa00f871a3e1">
      <id>14792</id>
      <classname>org.openmrs.ConceptReferenceTerm</classname>
      <dateChanged id="397">2013-01-29 21:26:51</dateChanged>
      <retired>false</retired>
    </org.openmrs.module.metadatasharing.Item>
    <org.openmrs.module.metadatasharing.Item id="398" uuid="5fe9187c-9c31-4dba-af61-3071dfa96922">
      <id>8992</id>
      <classname>org.openmrs.ConceptAnswer</classname>
      <dateChanged id="399">2013-05-13 23:25:19</dateChanged>
    </org.openmrs.module.metadatasharing.Item>
    <org.openmrs.module.metadatasharing.Item id="400" uuid="3cee7fb4-26fe-102b-80cb-0017a47871b2">
      <id>5622</id>
      <classname>org.openmrs.Concept</classname>
      <dateChanged id="401">2013-06-05 14:20:08</dateChanged>
      <retired>false</retired>
    </org.openmrs.module.metadatasharing.Item>
    <org.openmrs.module.metadatasharing.Item id="402" uuid="14a06afe-a240-4d52-8eda-a762857aabe8">
      <id>22361</id>
      <classname>org.openmrs.ConceptName</classname>
      <dateChanged id="403">2013-05-21 21:07:50</dateChanged>
    </org.openmrs.module.metadatasharing.Item>
    <org.openmrs.module.metadatasharing.Item id="404" uuid="f76ebd34-d5db-102d-ad2a-000c29c2a5d7">
      <id>13784</id>
      <classname>org.openmrs.ConceptName</classname>
      <dateChanged id="405">2012-09-21 15:56:40</dateChanged>
    </org.openmrs.module.metadatasharing.Item>
    <org.openmrs.module.metadatasharing.Item id="406" uuid="abc2ce9a-2a12-46b5-9bd7-cee4d9f61b08">
      <id>22519</id>
      <classname>org.openmrs.ConceptName</classname>
      <dateChanged id="407">2013-06-05 14:20:08</dateChanged>
    </org.openmrs.module.metadatasharing.Item>
    <org.openmrs.module.metadatasharing.Item id="408" uuid="ee0467a0-08a5-4a89-be32-911f1338012c">
      <id>17185</id>
      <classname>org.openmrs.ConceptName</classname>
      <dateChanged id="409">2013-06-05 14:20:08</dateChanged>
    </org.openmrs.module.metadatasharing.Item>
    <org.openmrs.module.metadatasharing.Item id="410" uuid="0b6f95da-15f5-102d-96e4-000c29c2a5d7">
      <id>3992</id>
      <classname>org.openmrs.ConceptName</classname>
      <dateChanged id="411">2012-09-21 15:56:40</dateChanged>
    </org.openmrs.module.metadatasharing.Item>
    <org.openmrs.module.metadatasharing.Item id="412" uuid="1724c34c-6f89-4bd0-8bf7-ec83c3ba53fb">
      <id>22518</id>
      <classname>org.openmrs.ConceptName</classname>
      <dateChanged id="413">2013-06-05 14:20:08</dateChanged>
    </org.openmrs.module.metadatasharing.Item>
    <org.openmrs.module.metadatasharing.Item id="414" uuid="af406c44-9ddb-4808-8caa-8361f7f95028">
      <id>17241</id>
      <classname>org.openmrs.ConceptName</classname>
      <dateChanged id="415">2006-06-07 17:27:54</dateChanged>
    </org.openmrs.module.metadatasharing.Item>
    <org.openmrs.module.metadatasharing.Item id="416" uuid="5d856fe2-17fd-497f-b890-461270eef2bd">
      <id>17242</id>
      <classname>org.openmrs.ConceptName</classname>
      <dateChanged id="417">2013-05-21 21:07:50</dateChanged>
    </org.openmrs.module.metadatasharing.Item>
    <org.openmrs.module.metadatasharing.Item id="418" uuid="0b6f94ea-15f5-102d-96e4-000c29c2a5d7">
      <id>3991</id>
      <classname>org.openmrs.ConceptName</classname>
      <dateChanged id="419">2004-08-12 00:00:00</dateChanged>
    </org.openmrs.module.metadatasharing.Item>
    <org.openmrs.module.metadatasharing.Item id="420" uuid="0b40b634-15f5-102d-96e4-000c29c2a5d7">
      <id>3424</id>
      <classname>org.openmrs.ConceptDescription</classname>
      <dateChanged id="421">2012-06-21 18:44:18</dateChanged>
    </org.openmrs.module.metadatasharing.Item>
    <org.openmrs.module.metadatasharing.Item id="422" uuid="ed211c48-07fe-102c-b5fa-0017a47871b2">
      <id>3425</id>
      <classname>org.openmrs.ConceptDescription</classname>
      <dateChanged id="423">2012-01-25 22:19:06</dateChanged>
    </org.openmrs.module.metadatasharing.Item>
    <org.openmrs.module.metadatasharing.Item id="424" uuid="3204a934-0370-102d-b0e3-001ec94a0cc1">
      <id>5859</id>
      <classname>org.openmrs.ConceptDescription</classname>
      <dateChanged id="425">2012-08-10 12:02:26</dateChanged>
    </org.openmrs.module.metadatasharing.Item>
    <org.openmrs.module.metadatasharing.Item id="426" uuid="3204a858-0370-102d-b0e3-001ec94a0cc1">
      <id>5860</id>
      <classname>org.openmrs.ConceptDescription</classname>
      <dateChanged id="427">2012-08-10 12:02:26</dateChanged>
    </org.openmrs.module.metadatasharing.Item>
    <org.openmrs.module.metadatasharing.Item id="428" uuid="a567d7c3-7943-41e4-80d5-6090aedcb6b6">
      <id>13665</id>
      <classname>org.openmrs.ConceptMap</classname>
      <dateChanged id="429">2012-06-21 16:49:52</dateChanged>
    </org.openmrs.module.metadatasharing.Item>
    <org.openmrs.module.metadatasharing.Item id="430" uuid="68b6c991-c8b8-3310-9182-8133b938d47a">
      <id>13665</id>
      <classname>org.openmrs.ConceptReferenceTerm</classname>
      <dateChanged id="431">2010-12-01 00:00:00</dateChanged>
      <retired>false</retired>
    </org.openmrs.module.metadatasharing.Item>
    <org.openmrs.module.metadatasharing.Item id="432" uuid="ddb6b595-0b85-4a80-9243-efe4ba404eef">
      <id>4</id>
      <classname>org.openmrs.ConceptSource</classname>
      <dateChanged id="433">2010-09-28 10:32:54</dateChanged>
      <retired>false</retired>
    </org.openmrs.module.metadatasharing.Item>
    <org.openmrs.module.metadatasharing.Item id="434" uuid="b299b5b4-4864-102e-96e9-000c29c2a5d7">
      <id>4693</id>
      <classname>org.openmrs.ConceptMap</classname>
      <dateChanged id="435">2012-06-21 16:49:52</dateChanged>
    </org.openmrs.module.metadatasharing.Item>
    <org.openmrs.module.metadatasharing.Item id="436" uuid="a2b5fae6-22c8-3da7-ab40-afdb28f8b6bd">
      <id>4693</id>
      <classname>org.openmrs.ConceptReferenceTerm</classname>
      <dateChanged id="437">2010-11-23 00:00:00</dateChanged>
      <retired>false</retired>
    </org.openmrs.module.metadatasharing.Item>
    <org.openmrs.module.metadatasharing.Item id="438" uuid="75aa9616-4943-102e-96e9-000c29c2a5d7">
      <id>10382</id>
      <classname>org.openmrs.ConceptMap</classname>
      <dateChanged id="439">2012-06-21 16:49:52</dateChanged>
    </org.openmrs.module.metadatasharing.Item>
    <org.openmrs.module.metadatasharing.Item id="440" uuid="7033a763-c711-3688-aa6c-39669fde989e">
      <id>10382</id>
      <classname>org.openmrs.ConceptReferenceTerm</classname>
      <dateChanged id="441">2010-11-24 00:00:00</dateChanged>
      <retired>false</retired>
    </org.openmrs.module.metadatasharing.Item>
    <org.openmrs.module.metadatasharing.Item id="442" uuid="27d6b554-ab64-45c4-a00e-49786b718d76">
      <id>8993</id>
      <classname>org.openmrs.ConceptAnswer</classname>
      <dateChanged id="443">2013-05-13 23:25:19</dateChanged>
    </org.openmrs.module.metadatasharing.Item>
    <org.openmrs.module.metadatasharing.Item id="444" uuid="bda09a97-d7fd-409f-89b0-eaf114d4e5d4">
      <id>8857</id>
      <classname>org.openmrs.Concept</classname>
      <dateChanged id="445">2013-05-13 23:24:52</dateChanged>
      <retired>false</retired>
    </org.openmrs.module.metadatasharing.Item>
    <org.openmrs.module.metadatasharing.Item id="446" uuid="a5cdb466-ec88-4654-b2a2-7bd303751149">
      <id>22334</id>
      <classname>org.openmrs.ConceptName</classname>
      <dateChanged id="447">2013-05-13 23:24:52</dateChanged>
    </org.openmrs.module.metadatasharing.Item>
    <org.openmrs.module.metadatasharing.Item id="448" uuid="14fbc333-748c-4c56-a3be-2397c30e6af1">
      <id>22335</id>
      <classname>org.openmrs.ConceptName</classname>
      <dateChanged id="449">2013-05-13 23:24:52</dateChanged>
    </org.openmrs.module.metadatasharing.Item>
    <org.openmrs.module.metadatasharing.Item id="450" uuid="770adeed-b6a8-4059-a11e-fd5537514ff3">
      <id>22336</id>
      <classname>org.openmrs.ConceptName</classname>
      <dateChanged id="451">2013-05-13 23:24:52</dateChanged>
    </org.openmrs.module.metadatasharing.Item>
    <org.openmrs.module.metadatasharing.Item id="452" uuid="3c184c78-6489-40eb-a760-444ebc2be908">
      <id>6309</id>
      <classname>org.openmrs.ConceptDescription</classname>
      <dateChanged id="453">2013-05-13 23:24:52</dateChanged>
    </org.openmrs.module.metadatasharing.Item>
    <org.openmrs.module.metadatasharing.Item id="454" uuid="ebb8e6b5-ccca-41f5-82c2-911a90fd5752">
      <id>18115</id>
      <classname>org.openmrs.ConceptMap</classname>
      <dateChanged id="455">2013-05-13 23:24:52</dateChanged>
    </org.openmrs.module.metadatasharing.Item>
    <org.openmrs.module.metadatasharing.Item id="456" uuid="2b6a4a62-a4bf-492a-ae81-d7b419088492">
      <id>18075</id>
      <classname>org.openmrs.ConceptReferenceTerm</classname>
      <dateChanged id="457">2013-05-13 23:24:06</dateChanged>
      <retired>false</retired>
    </org.openmrs.module.metadatasharing.Item>
    <org.openmrs.module.metadatasharing.Item id="458" uuid="53b2df62-e4ba-4818-b5c3-6240f9639cc5">
      <id>18116</id>
      <classname>org.openmrs.ConceptMap</classname>
      <dateChanged id="459">2013-05-13 23:24:52</dateChanged>
    </org.openmrs.module.metadatasharing.Item>
    <org.openmrs.module.metadatasharing.Item id="460" uuid="515204a2-ae8c-4508-b29f-f066e068aaf7">
      <id>18074</id>
      <classname>org.openmrs.ConceptReferenceTerm</classname>
      <dateChanged id="461">2013-05-13 23:23:56</dateChanged>
      <retired>false</retired>
    </org.openmrs.module.metadatasharing.Item>
    <org.openmrs.module.metadatasharing.Item id="462" uuid="d7907d57-9111-4b0c-8d6c-dbf9590f6610">
      <id>6299</id>
      <classname>org.openmrs.ConceptDescription</classname>
      <dateChanged id="463">2013-04-29 14:46:54</dateChanged>
    </org.openmrs.module.metadatasharing.Item>
    <org.openmrs.module.metadatasharing.Item id="464" uuid="d564a6eb-746d-488d-89a0-6820eb0d2bc6">
      <id>19126</id>
      <classname>org.openmrs.ConceptMap</classname>
      <dateChanged id="465">2013-09-04 20:02:14</dateChanged>
    </org.openmrs.module.metadatasharing.Item>
    <org.openmrs.module.metadatasharing.Item id="466" uuid="60378dc4-c055-4184-96cd-5496feb91514">
      <id>18973</id>
      <classname>org.openmrs.ConceptReferenceTerm</classname>
      <dateChanged id="467">2013-09-04 20:01:52</dateChanged>
      <retired>false</retired>
    </org.openmrs.module.metadatasharing.Item>
    <org.openmrs.module.metadatasharing.Item id="468" uuid="037a0bc9-5f7e-4d13-8004-7a8fb05ab5ce">
      <id>17634</id>
      <classname>org.openmrs.ConceptMap</classname>
      <dateChanged id="469">2013-04-26 20:50:53</dateChanged>
    </org.openmrs.module.metadatasharing.Item>
    <org.openmrs.module.metadatasharing.Item id="470" uuid="2336fa37-824a-43df-912b-f06c67d63a58">
      <id>17597</id>
      <classname>org.openmrs.ConceptReferenceTerm</classname>
      <dateChanged id="471">2013-04-26 20:50:22</dateChanged>
      <retired>false</retired>
    </org.openmrs.module.metadatasharing.Item>
    <org.openmrs.module.metadatasharing.Item id="472" uuid="9ff3c313-843b-48a4-bb27-388e1f4189b2">
      <id>19127</id>
      <classname>org.openmrs.ConceptMap</classname>
      <dateChanged id="473">2013-09-04 20:02:47</dateChanged>
    </org.openmrs.module.metadatasharing.Item>
    <org.openmrs.module.metadatasharing.Item id="474" uuid="5321205b-70e9-40b6-92bb-ea07be2928ab">
      <id>18974</id>
      <classname>org.openmrs.ConceptReferenceTerm</classname>
      <dateChanged id="475">2013-09-04 20:02:29</dateChanged>
      <retired>false</retired>
    </org.openmrs.module.metadatasharing.Item>
    <org.openmrs.module.metadatasharing.Item id="476" uuid="89574cad-c382-40a1-9270-36266814c381">
      <id>17633</id>
      <classname>org.openmrs.ConceptMap</classname>
      <dateChanged id="477">2013-04-26 20:50:02</dateChanged>
    </org.openmrs.module.metadatasharing.Item>
    <org.openmrs.module.metadatasharing.Item id="478" uuid="af96b28a-a238-4c53-ab47-1cb729675e0c">
      <id>17595</id>
      <classname>org.openmrs.ConceptReferenceTerm</classname>
      <dateChanged id="479">2013-04-26 20:49:14</dateChanged>
      <retired>false</retired>
    </org.openmrs.module.metadatasharing.Item>
    <org.openmrs.module.metadatasharing.Item id="480" uuid="1f41abd1-0711-4c36-a221-2cfaa6e678bb">
      <id>3793</id>
      <classname>org.openmrs.ConceptSet</classname>
      <dateChanged id="481">2013-04-29 14:51:47</dateChanged>
    </org.openmrs.module.metadatasharing.Item>
    <org.openmrs.module.metadatasharing.Item id="482" uuid="f3e04276-2db0-4181-b937-d73275dc1b15">
      <id>8622</id>
      <classname>org.openmrs.Concept</classname>
      <dateChanged id="483">2013-09-04 20:04:57</dateChanged>
      <retired>false</retired>
    </org.openmrs.module.metadatasharing.Item>
    <org.openmrs.module.metadatasharing.Item id="484" uuid="3d3c95a4-736a-4f73-b048-ef4cb04603f1">
      <id>21498</id>
      <classname>org.openmrs.ConceptName</classname>
      <dateChanged id="485">2013-04-29 14:49:59</dateChanged>
    </org.openmrs.module.metadatasharing.Item>
    <org.openmrs.module.metadatasharing.Item id="486" uuid="b3af57d2-6afc-4a63-b4c2-bf70b659a65e">
      <id>8976</id>
      <classname>org.openmrs.ConceptAnswer</classname>
      <dateChanged id="487">2013-04-29 14:49:59</dateChanged>
    </org.openmrs.module.metadatasharing.Item>
    <org.openmrs.module.metadatasharing.Item id="488" uuid="696af327-ed36-4444-88b8-765b7df6d1f4">
      <id>8978</id>
      <classname>org.openmrs.ConceptAnswer</classname>
      <dateChanged id="489">2013-04-29 14:49:59</dateChanged>
    </org.openmrs.module.metadatasharing.Item>
    <org.openmrs.module.metadatasharing.Item id="490" uuid="e0eead66-5b47-4e05-8a77-e74ab4e85a66">
      <id>8975</id>
      <classname>org.openmrs.ConceptAnswer</classname>
      <dateChanged id="491">2013-04-29 14:49:59</dateChanged>
    </org.openmrs.module.metadatasharing.Item>
    <org.openmrs.module.metadatasharing.Item id="492" uuid="13e69ad2-fdd8-4b99-a39c-cabd8e5d66c2">
      <id>8974</id>
      <classname>org.openmrs.ConceptAnswer</classname>
      <dateChanged id="493">2013-04-29 14:49:59</dateChanged>
    </org.openmrs.module.metadatasharing.Item>
    <org.openmrs.module.metadatasharing.Item id="494" uuid="449c64a7-04be-4663-83b9-30f76af6f342">
      <id>8977</id>
      <classname>org.openmrs.ConceptAnswer</classname>
      <dateChanged id="495">2013-04-29 14:49:59</dateChanged>
    </org.openmrs.module.metadatasharing.Item>
    <org.openmrs.module.metadatasharing.Item id="496" uuid="9e8257a7-d609-45bb-8a99-cc3c78969be5">
      <id>6300</id>
      <classname>org.openmrs.ConceptDescription</classname>
      <dateChanged id="497">2013-04-29 14:49:59</dateChanged>
    </org.openmrs.module.metadatasharing.Item>
    <org.openmrs.module.metadatasharing.Item id="498" uuid="c15536e5-9860-4ed3-8014-0c4b01ac07a5">
      <id>17636</id>
      <classname>org.openmrs.ConceptMap</classname>
      <dateChanged id="499">2013-04-29 14:51:23</dateChanged>
    </org.openmrs.module.metadatasharing.Item>
    <org.openmrs.module.metadatasharing.Item id="500" uuid="b0210f27-be67-4146-a2d1-e1164dbf7219">
      <id>17600</id>
      <classname>org.openmrs.ConceptReferenceTerm</classname>
      <dateChanged id="501">2013-04-29 14:50:28</dateChanged>
      <retired>false</retired>
    </org.openmrs.module.metadatasharing.Item>
    <org.openmrs.module.metadatasharing.Item id="502" uuid="d9936bb2-9a49-403a-a817-0a1de84f2902">
      <id>19128</id>
      <classname>org.openmrs.ConceptMap</classname>
      <dateChanged id="503">2013-09-04 20:04:03</dateChanged>
    </org.openmrs.module.metadatasharing.Item>
    <org.openmrs.module.metadatasharing.Item id="504" uuid="86e9eca6-2450-41ef-b919-d18c3cb6f64f">
      <id>18976</id>
      <classname>org.openmrs.ConceptReferenceTerm</classname>
      <dateChanged id="505">2013-09-04 20:03:34</dateChanged>
      <retired>false</retired>
    </org.openmrs.module.metadatasharing.Item>
    <org.openmrs.module.metadatasharing.Item id="506" uuid="ee978ace-8367-448c-a3d6-90ccd46a290e">
      <id>17638</id>
      <classname>org.openmrs.ConceptMap</classname>
      <dateChanged id="507">2013-04-29 14:51:23</dateChanged>
    </org.openmrs.module.metadatasharing.Item>
    <org.openmrs.module.metadatasharing.Item id="508" uuid="696dd9b9-b75b-446d-9724-296baac35a94">
      <id>17599</id>
      <classname>org.openmrs.ConceptReferenceTerm</classname>
      <dateChanged id="509">2013-04-29 14:50:19</dateChanged>
      <retired>false</retired>
    </org.openmrs.module.metadatasharing.Item>
    <org.openmrs.module.metadatasharing.Item id="510" uuid="52da2542-7a06-4d8e-8c45-7391c43bd6ba">
      <id>19129</id>
      <classname>org.openmrs.ConceptMap</classname>
      <dateChanged id="511">2013-09-04 20:04:03</dateChanged>
    </org.openmrs.module.metadatasharing.Item>
    <org.openmrs.module.metadatasharing.Item id="512" uuid="59e3a0e8-add5-4d28-8eaf-0e5b320bae9a">
      <id>18975</id>
      <classname>org.openmrs.ConceptReferenceTerm</classname>
      <dateChanged id="513">2013-09-04 20:03:21</dateChanged>
      <retired>false</retired>
    </org.openmrs.module.metadatasharing.Item>
    <org.openmrs.module.metadatasharing.Item id="514" uuid="75a81d7a-e99d-42f6-861a-9da92c3be80a">
      <id>4274</id>
      <classname>org.openmrs.ConceptSet</classname>
      <dateChanged id="515">2013-05-13 23:18:32</dateChanged>
    </org.openmrs.module.metadatasharing.Item>
    <org.openmrs.module.metadatasharing.Item id="516" uuid="113a5ce0-6487-4f45-964d-2dcbd7d23b67">
      <id>8854</id>
      <classname>org.openmrs.Concept</classname>
      <dateChanged id="517">2013-05-13 23:17:22</dateChanged>
      <retired>false</retired>
    </org.openmrs.module.metadatasharing.Item>
    <org.openmrs.module.metadatasharing.Item id="518" uuid="713e9e7a-5fbc-4619-b334-73c8f2471aa1">
      <id>22328</id>
      <classname>org.openmrs.ConceptName</classname>
      <dateChanged id="519">2013-05-13 23:11:17</dateChanged>
    </org.openmrs.module.metadatasharing.Item>
    <org.openmrs.module.metadatasharing.Item id="520" uuid="8365f67e-d875-462b-8cd9-3495525fe1fc">
      <id>8990</id>
      <classname>org.openmrs.ConceptAnswer</classname>
      <dateChanged id="521">2013-05-13 23:17:21</dateChanged>
    </org.openmrs.module.metadatasharing.Item>
    <org.openmrs.module.metadatasharing.Item id="522" uuid="83192b97-480c-4533-8ede-aeac15a3a736">
      <id>8855</id>
      <classname>org.openmrs.Concept</classname>
      <dateChanged id="523">2013-05-13 23:14:34</dateChanged>
      <retired>false</retired>
    </org.openmrs.module.metadatasharing.Item>
    <org.openmrs.module.metadatasharing.Item id="524" uuid="6cdf5ddc-6afe-4ebe-9902-59aab8d22e00">
      <id>22329</id>
      <classname>org.openmrs.ConceptName</classname>
      <dateChanged id="525">2013-05-13 23:14:34</dateChanged>
    </org.openmrs.module.metadatasharing.Item>
    <org.openmrs.module.metadatasharing.Item id="526" uuid="ef8beed6-8141-45db-85c2-b720659ce61b">
      <id>22330</id>
      <classname>org.openmrs.ConceptName</classname>
      <dateChanged id="527">2013-05-13 23:14:34</dateChanged>
    </org.openmrs.module.metadatasharing.Item>
    <org.openmrs.module.metadatasharing.Item id="528" uuid="58e4f8d9-d4a5-4683-9440-a5de3b77c1cc">
      <id>6307</id>
      <classname>org.openmrs.ConceptDescription</classname>
      <dateChanged id="529">2013-05-13 23:14:34</dateChanged>
    </org.openmrs.module.metadatasharing.Item>
    <org.openmrs.module.metadatasharing.Item id="530" uuid="fcbf11c1-2584-4cee-9628-b9a9302efa99">
      <id>18111</id>
      <classname>org.openmrs.ConceptMap</classname>
      <dateChanged id="531">2013-05-13 23:14:34</dateChanged>
    </org.openmrs.module.metadatasharing.Item>
    <org.openmrs.module.metadatasharing.Item id="532" uuid="1221e776-13b2-4727-a8eb-9442bf0e3148">
      <id>18072</id>
      <classname>org.openmrs.ConceptReferenceTerm</classname>
      <dateChanged id="533">2013-05-13 23:14:21</dateChanged>
      <retired>false</retired>
    </org.openmrs.module.metadatasharing.Item>
    <org.openmrs.module.metadatasharing.Item id="534" uuid="c778c4ba-c9d5-40cc-8fe2-1037cc75de03">
      <id>18112</id>
      <classname>org.openmrs.ConceptMap</classname>
      <dateChanged id="535">2013-05-13 23:14:34</dateChanged>
    </org.openmrs.module.metadatasharing.Item>
    <org.openmrs.module.metadatasharing.Item id="536" uuid="9480dbb0-9e0e-4493-bb49-8da1340270b8">
      <id>18070</id>
      <classname>org.openmrs.ConceptReferenceTerm</classname>
      <dateChanged id="537">2013-05-13 23:11:52</dateChanged>
      <retired>false</retired>
    </org.openmrs.module.metadatasharing.Item>
    <org.openmrs.module.metadatasharing.Item id="538" uuid="86ff2b16-b928-48b7-9c7d-fc2211c4597c">
      <id>8991</id>
      <classname>org.openmrs.ConceptAnswer</classname>
      <dateChanged id="539">2013-05-13 23:17:21</dateChanged>
    </org.openmrs.module.metadatasharing.Item>
    <org.openmrs.module.metadatasharing.Item id="540" uuid="5b1f137c-b757-46c3-9735-c2fcb6ba221d">
      <id>8856</id>
      <classname>org.openmrs.Concept</classname>
      <dateChanged id="541">2013-05-13 23:17:00</dateChanged>
      <retired>false</retired>
    </org.openmrs.module.metadatasharing.Item>
    <org.openmrs.module.metadatasharing.Item id="542" uuid="24400e22-970d-4b6f-a478-371b6fa44fc2">
      <id>22331</id>
      <classname>org.openmrs.ConceptName</classname>
      <dateChanged id="543">2013-05-13 23:17:00</dateChanged>
    </org.openmrs.module.metadatasharing.Item>
    <org.openmrs.module.metadatasharing.Item id="544" uuid="aeca5fa9-a39a-45cb-99f6-14e44f5ae479">
      <id>22332</id>
      <classname>org.openmrs.ConceptName</classname>
      <dateChanged id="545">2013-05-13 23:17:00</dateChanged>
    </org.openmrs.module.metadatasharing.Item>
    <org.openmrs.module.metadatasharing.Item id="546" uuid="a960fac0-fdbc-4295-8acd-461fb9bd6ff4">
      <id>22333</id>
      <classname>org.openmrs.ConceptName</classname>
      <dateChanged id="547">2013-05-13 23:17:00</dateChanged>
    </org.openmrs.module.metadatasharing.Item>
    <org.openmrs.module.metadatasharing.Item id="548" uuid="530f9d57-d7cc-41fc-8887-2cdfdb891497">
      <id>6308</id>
      <classname>org.openmrs.ConceptDescription</classname>
      <dateChanged id="549">2013-05-13 23:17:00</dateChanged>
    </org.openmrs.module.metadatasharing.Item>
    <org.openmrs.module.metadatasharing.Item id="550" uuid="fd1aabe8-4c77-4c76-9288-68160cf8b369">
      <id>18113</id>
      <classname>org.openmrs.ConceptMap</classname>
      <dateChanged id="551">2013-05-13 23:17:00</dateChanged>
    </org.openmrs.module.metadatasharing.Item>
    <org.openmrs.module.metadatasharing.Item id="552" uuid="512f8628-f077-4b9d-bebc-fe48e4b6769f">
      <id>18071</id>
      <classname>org.openmrs.ConceptReferenceTerm</classname>
      <dateChanged id="553">2013-05-13 23:11:59</dateChanged>
      <retired>false</retired>
    </org.openmrs.module.metadatasharing.Item>
    <org.openmrs.module.metadatasharing.Item id="554" uuid="42755815-bfbc-49d4-9235-732c187cab1a">
      <id>18114</id>
      <classname>org.openmrs.ConceptMap</classname>
      <dateChanged id="555">2013-05-13 23:17:00</dateChanged>
    </org.openmrs.module.metadatasharing.Item>
    <org.openmrs.module.metadatasharing.Item id="556" uuid="43833018-3793-4ff4-a211-b1b3402bffbd">
      <id>18073</id>
      <classname>org.openmrs.ConceptReferenceTerm</classname>
      <dateChanged id="557">2013-05-13 23:16:38</dateChanged>
      <retired>false</retired>
    </org.openmrs.module.metadatasharing.Item>
    <org.openmrs.module.metadatasharing.Item id="558" uuid="37d0dbd1-f191-4913-bf1f-82ea2ec22012">
      <id>6306</id>
      <classname>org.openmrs.ConceptDescription</classname>
      <dateChanged id="559">2013-05-13 23:11:17</dateChanged>
    </org.openmrs.module.metadatasharing.Item>
    <org.openmrs.module.metadatasharing.Item id="560" uuid="79832084-8ec7-448e-be57-f9979517b4b9">
      <id>18109</id>
      <classname>org.openmrs.ConceptMap</classname>
      <dateChanged id="561">2013-05-13 23:11:17</dateChanged>
    </org.openmrs.module.metadatasharing.Item>
    <org.openmrs.module.metadatasharing.Item id="562" uuid="749f038b-e327-4f8d-83ea-2ae85dc422da">
      <id>18068</id>
      <classname>org.openmrs.ConceptReferenceTerm</classname>
      <dateChanged id="563">2013-05-13 23:11:06</dateChanged>
      <retired>false</retired>
    </org.openmrs.module.metadatasharing.Item>
    <org.openmrs.module.metadatasharing.Item id="564" uuid="68f05b5f-a386-4782-9098-c37d025f8f0c">
      <id>18110</id>
      <classname>org.openmrs.ConceptMap</classname>
      <dateChanged id="565">2013-05-13 23:12:09</dateChanged>
    </org.openmrs.module.metadatasharing.Item>
    <org.openmrs.module.metadatasharing.Item id="566" uuid="bdccec97-3f60-4ddc-a108-f47027e7c83a">
      <id>18069</id>
      <classname>org.openmrs.ConceptReferenceTerm</classname>
      <dateChanged id="567">2013-05-13 23:11:40</dateChanged>
      <retired>false</retired>
    </org.openmrs.module.metadatasharing.Item>
    <org.openmrs.module.metadatasharing.Item id="568" uuid="6bc7a04a-47f9-43d7-ba37-49222d3cf439">
      <id>4588</id>
      <classname>org.openmrs.ConceptSet</classname>
      <dateChanged id="569">2013-09-04 19:48:33</dateChanged>
    </org.openmrs.module.metadatasharing.Item>
    <org.openmrs.module.metadatasharing.Item id="570" uuid="3cde64e4-26fe-102b-80cb-0017a47871b2">
      <id>1815</id>
      <classname>org.openmrs.Concept</classname>
      <dateChanged id="571">2013-09-04 20:06:13</dateChanged>
      <retired>false</retired>
    </org.openmrs.module.metadatasharing.Item>
    <org.openmrs.module.metadatasharing.Item id="572" uuid="8d4a505e-c2cc-11de-8d13-0010c6dffd0f">
      <id>6</id>
      <classname>org.openmrs.ConceptDatatype</classname>
      <dateChanged id="573">2004-07-22 00:00:00</dateChanged>
      <retired>false</retired>
    </org.openmrs.module.metadatasharing.Item>
    <org.openmrs.module.metadatasharing.Item id="574" uuid="f5ff3d1d-5dfb-40c5-b667-c3e7c6593022">
      <id>14284</id>
      <classname>org.openmrs.ConceptName</classname>
      <dateChanged id="575">2010-12-06 11:48:26</dateChanged>
    </org.openmrs.module.metadatasharing.Item>
    <org.openmrs.module.metadatasharing.Item id="576" uuid="93f41b9a-07d4-102c-b5fa-0017a47871b2">
      <id>6726</id>
      <classname>org.openmrs.ConceptName</classname>
      <dateChanged id="577">2006-12-14 14:30:58</dateChanged>
    </org.openmrs.module.metadatasharing.Item>
    <org.openmrs.module.metadatasharing.Item id="578" uuid="93f4458e-07d4-102c-b5fa-0017a47871b2">
      <id>6738</id>
      <classname>org.openmrs.ConceptName</classname>
      <dateChanged id="579">2006-12-14 14:30:58</dateChanged>
    </org.openmrs.module.metadatasharing.Item>
    <org.openmrs.module.metadatasharing.Item id="580" uuid="3e1ebc46-26fe-102b-80cb-0017a47871b2">
      <id>1976</id>
      <classname>org.openmrs.ConceptName</classname>
      <dateChanged id="581">2006-12-14 14:30:58</dateChanged>
    </org.openmrs.module.metadatasharing.Item>
    <org.openmrs.module.metadatasharing.Item id="582" uuid="f6449136-d5db-102d-ad2a-000c29c2a5d7">
      <id>11313</id>
      <classname>org.openmrs.ConceptName</classname>
      <dateChanged id="583">2010-06-29 13:03:59</dateChanged>
    </org.openmrs.module.metadatasharing.Item>
    <org.openmrs.module.metadatasharing.Item id="584" uuid="ecedc15e-07fe-102c-b5fa-0017a47871b2">
      <id>1832</id>
      <classname>org.openmrs.ConceptDescription</classname>
      <dateChanged id="585">2010-12-06 12:05:14</dateChanged>
    </org.openmrs.module.metadatasharing.Item>
    <org.openmrs.module.metadatasharing.Item id="586" uuid="a3733444-5636-4e28-bf97-e756127fcb3d">
      <id>19130</id>
      <classname>org.openmrs.ConceptMap</classname>
      <dateChanged id="587">2013-09-04 20:06:13</dateChanged>
    </org.openmrs.module.metadatasharing.Item>
    <org.openmrs.module.metadatasharing.Item id="588" uuid="546be597-5b99-45df-9a8d-f344a9621167">
      <id>18977</id>
      <classname>org.openmrs.ConceptReferenceTerm</classname>
      <dateChanged id="589">2013-09-04 20:05:38</dateChanged>
      <retired>false</retired>
    </org.openmrs.module.metadatasharing.Item>
    <org.openmrs.module.metadatasharing.Item id="590" uuid="91df434a-227f-44f3-8f66-6a8a36ca8b69">
      <id>19131</id>
      <classname>org.openmrs.ConceptMap</classname>
      <dateChanged id="591">2013-09-04 20:06:13</dateChanged>
    </org.openmrs.module.metadatasharing.Item>
    <org.openmrs.module.metadatasharing.Item id="592" uuid="399312a1-fba9-4e74-b56d-e09e15915896">
      <id>18978</id>
      <classname>org.openmrs.ConceptReferenceTerm</classname>
      <dateChanged id="593">2013-09-04 20:05:49</dateChanged>
      <retired>false</retired>
    </org.openmrs.module.metadatasharing.Item>
    <org.openmrs.module.metadatasharing.Item id="594" uuid="b2162708-4864-102e-96e9-000c29c2a5d7">
      <id>1817</id>
      <classname>org.openmrs.ConceptMap</classname>
      <dateChanged id="595">2012-06-21 16:49:52</dateChanged>
    </org.openmrs.module.metadatasharing.Item>
    <org.openmrs.module.metadatasharing.Item id="596" uuid="56877845-b0cd-36bb-8c01-9198a44b0fff">
      <id>1817</id>
      <classname>org.openmrs.ConceptReferenceTerm</classname>
      <dateChanged id="597">2010-11-23 00:00:00</dateChanged>
      <retired>false</retired>
    </org.openmrs.module.metadatasharing.Item>
    <org.openmrs.module.metadatasharing.Item id="598" uuid="75783f54-4943-102e-96e9-000c29c2a5d7">
      <id>7636</id>
      <classname>org.openmrs.ConceptMap</classname>
      <dateChanged id="599">2012-06-21 16:49:52</dateChanged>
    </org.openmrs.module.metadatasharing.Item>
    <org.openmrs.module.metadatasharing.Item id="600" uuid="7703d772-223e-32d7-b2d8-479b229a9017">
      <id>7636</id>
      <classname>org.openmrs.ConceptReferenceTerm</classname>
      <dateChanged id="601">2010-11-24 00:00:00</dateChanged>
      <retired>false</retired>
    </org.openmrs.module.metadatasharing.Item>
    <org.openmrs.module.metadatasharing.Item id="602" uuid="936a7601-bc57-4f4b-bcba-3f394c2f49fb">
      <id>6297</id>
      <classname>org.openmrs.ConceptDescription</classname>
      <dateChanged id="603">2013-04-26 18:14:35</dateChanged>
    </org.openmrs.module.metadatasharing.Item>
    <org.openmrs.module.metadatasharing.Item id="604" uuid="11095acf-4cb2-453f-886b-8022f8b3a55b">
      <id>18120</id>
      <classname>org.openmrs.ConceptMap</classname>
      <dateChanged id="605">2013-05-14 01:21:52</dateChanged>
    </org.openmrs.module.metadatasharing.Item>
    <org.openmrs.module.metadatasharing.Item id="606" uuid="60a19ccb-517f-4f10-b260-bef80764249b">
      <id>18079</id>
      <classname>org.openmrs.ConceptReferenceTerm</classname>
      <dateChanged id="607">2013-05-14 01:21:36</dateChanged>
      <retired>false</retired>
    </org.openmrs.module.metadatasharing.Item>
    <org.openmrs.module.metadatasharing.Item id="608" uuid="042e7aa5-65b3-4c86-9201-22a41f41f08a">
      <id>19124</id>
      <classname>org.openmrs.ConceptMap</classname>
      <dateChanged id="609">2013-09-04 19:52:34</dateChanged>
    </org.openmrs.module.metadatasharing.Item>
    <org.openmrs.module.metadatasharing.Item id="610" uuid="aa96e066-c6b2-470c-a799-0c49b5d0a1bf">
      <id>18971</id>
      <classname>org.openmrs.ConceptReferenceTerm</classname>
      <dateChanged id="611">2013-09-04 19:52:16</dateChanged>
      <retired>false</retired>
    </org.openmrs.module.metadatasharing.Item>
    <org.openmrs.module.metadatasharing.Item id="612" uuid="abd12f1a-dd13-4323-8a0a-cf23846eefff">
      <id>17639</id>
      <classname>org.openmrs.ConceptMap</classname>
      <dateChanged id="613">2013-04-29 14:52:39</dateChanged>
    </org.openmrs.module.metadatasharing.Item>
    <org.openmrs.module.metadatasharing.Item id="614" uuid="6a3aba75-4c7e-4055-94d2-8378576c8624">
      <id>17603</id>
      <classname>org.openmrs.ConceptReferenceTerm</classname>
      <dateChanged id="615">2013-04-29 14:52:19</dateChanged>
      <retired>false</retired>
    </org.openmrs.module.metadatasharing.Item>
    <org.openmrs.module.metadatasharing.Item id="616" uuid="719a89f6-34ef-4b40-aad9-fda939639280">
      <id>17640</id>
      <classname>org.openmrs.ConceptMap</classname>
      <dateChanged id="617">2013-04-29 14:52:39</dateChanged>
    </org.openmrs.module.metadatasharing.Item>
    <org.openmrs.module.metadatasharing.Item id="618" uuid="08b51486-3599-4621-a621-eb8d8c786281">
      <id>17602</id>
      <classname>org.openmrs.ConceptReferenceTerm</classname>
      <dateChanged id="619">2013-04-29 14:52:09</dateChanged>
      <retired>false</retired>
    </org.openmrs.module.metadatasharing.Item>
  </relatedItems>
</package>
