<?xml version="1.0" encoding="UTF-8"?>
<package id="1" uuid="539d1b93-170e-4869-98f5-733e255dc847">
  <dateCreated id="2">2015-04-07 18:46:46</dateCreated>
  <name>HUM Provider Roles</name>
  <description>Provider roles at Mirebalais Hospital</description>
  <openmrsVersion>1.9.4 SNAPSHOT Build 7297fb</openmrsVersion>
  <version>8</version>
  <groupUuid>ebaf1f5d-5c86-485d-9e5f-9d56d545aff3</groupUuid>
  <modules id="3">
    <entry>
      <string>uilibrary</string>
      <string>2.0.3.1</string>
    </entry>
    <entry>
      <string>reportingcompatibility</string>
      <string>1.5.8</string>
    </entry>
    <entry>
      <string>groovy</string>
      <string>2.2.4</string>
    </entry>
    <entry>
      <string>providermanagement</string>
      <string>2.0</string>
    </entry>
    <entry>
      <string>validation</string>
      <string>1.0.1</string>
    </entry>
    <entry>
      <string>uiframework</string>
      <string>3.1</string>
    </entry>
    <entry>
      <string>htmlformentry</string>
      <string>2.2.1</string>
    </entry>
    <entry>
      <string>htmlformentry19ext</string>
      <string>1.4</string>
    </entry>
    <entry>
      <string>metadatamapping</string>
      <string>1.0.1</string>
    </entry>
    <entry>
      <string>metadatasharing</string>
      <string>1.1.8</string>
    </entry>
    <entry>
      <string>logic</string>
      <string>0.5.2</string>
    </entry>
    <entry>
      <string>serialization.xstream</string>
      <string>0.2.7</string>
    </entry>
  </modules>
  <items class="linked-hash-set" id="4">
    <org.openmrs.module.metadatasharing.Item id="5" uuid="acda2647-8ff0-4599-8cf8-2500250cbc75">
      <id>16</id>
      <classname>org.openmrs.module.providermanagement.ProviderRole</classname>
      <dateChanged id="6">2013-02-14 23:09:43</dateChanged>
      <retired>false</retired>
    </org.openmrs.module.metadatasharing.Item>
    <org.openmrs.module.metadatasharing.Item id="7" uuid="28d3a004-40ea-4ea3-9446-b3e325305a79">
      <id>20</id>
      <classname>org.openmrs.module.providermanagement.ProviderRole</classname>
      <dateChanged id="8">2015-04-07 18:07:36</dateChanged>
      <retired>false</retired>
    </org.openmrs.module.metadatasharing.Item>
    <org.openmrs.module.metadatasharing.Item id="9" uuid="7207ba62-027f-4f9b-be67-a9f7a8a3abcc">
      <id>9</id>
      <classname>org.openmrs.module.providermanagement.ProviderRole</classname>
      <dateChanged id="10">2013-02-14 23:08:34</dateChanged>
      <retired>false</retired>
    </org.openmrs.module.metadatasharing.Item>
    <org.openmrs.module.metadatasharing.Item id="11" uuid="d85089d4-ee5b-4c2e-8f55-568038266db7">
      <id>27</id>
      <classname>org.openmrs.module.providermanagement.ProviderRole</classname>
      <dateChanged id="12">2015-04-07 18:09:45</dateChanged>
      <retired>false</retired>
    </org.openmrs.module.metadatasharing.Item>
    <org.openmrs.module.metadatasharing.Item id="13" uuid="61eed524-4547-4228-a3ac-631fe1628a5e">
      <id>17</id>
      <classname>org.openmrs.module.providermanagement.ProviderRole</classname>
      <dateChanged id="14">2013-02-14 23:09:51</dateChanged>
      <retired>false</retired>
    </org.openmrs.module.metadatasharing.Item>
    <org.openmrs.module.metadatasharing.Item id="15" uuid="1474c25d-4fae-46d4-9fce-c77cb17b6610">
      <id>10</id>
      <classname>org.openmrs.module.providermanagement.ProviderRole</classname>
      <dateChanged id="16">2013-02-14 23:08:42</dateChanged>
      <retired>false</retired>
    </org.openmrs.module.metadatasharing.Item>
    <org.openmrs.module.metadatasharing.Item id="17" uuid="d6c2343b-a02c-4664-b433-a1a212729291">
      <id>18</id>
      <classname>org.openmrs.module.providermanagement.ProviderRole</classname>
      <dateChanged id="18">2015-04-07 18:14:00</dateChanged>
      <retired>false</retired>
    </org.openmrs.module.metadatasharing.Item>
    <org.openmrs.module.metadatasharing.Item id="19" uuid="72a49488-2f7b-4cdc-a361-1f90cbb3d6bc">
      <id>21</id>
      <classname>org.openmrs.module.providermanagement.ProviderRole</classname>
      <dateChanged id="20">2015-04-07 18:07:47</dateChanged>
      <retired>false</retired>
    </org.openmrs.module.metadatasharing.Item>
    <org.openmrs.module.metadatasharing.Item id="21" uuid="b22929dc-d40a-4f10-9a9b-1eb2ba319775">
      <id>26</id>
      <classname>org.openmrs.module.providermanagement.ProviderRole</classname>
      <dateChanged id="22">2015-04-07 18:09:29</dateChanged>
      <retired>false</retired>
    </org.openmrs.module.metadatasharing.Item>
    <org.openmrs.module.metadatasharing.Item id="23" uuid="f2c00ccb-bc65-431d-a688-174146463cb7">
      <id>25</id>
      <classname>org.openmrs.module.providermanagement.ProviderRole</classname>
      <dateChanged id="24">2015-04-07 18:09:10</dateChanged>
      <retired>false</retired>
    </org.openmrs.module.metadatasharing.Item>
    <org.openmrs.module.metadatasharing.Item id="25" uuid="58fa14e6-e336-4e03-8811-22117027f25a">
      <id>22</id>
      <classname>org.openmrs.module.providermanagement.ProviderRole</classname>
      <dateChanged id="26">2015-04-07 18:08:02</dateChanged>
      <retired>false</retired>
    </org.openmrs.module.metadatasharing.Item>
    <org.openmrs.module.metadatasharing.Item id="27" uuid="e92792de-006a-4dea-b078-cf3776638b0c">
      <id>24</id>
      <classname>org.openmrs.module.providermanagement.ProviderRole</classname>
      <dateChanged id="28">2015-04-07 18:08:36</dateChanged>
      <retired>false</retired>
    </org.openmrs.module.metadatasharing.Item>
    <org.openmrs.module.metadatasharing.Item id="29" uuid="62fbeae3-4e6f-4c35-8705-f3de10ab5b87">
      <id>19</id>
      <classname>org.openmrs.module.providermanagement.ProviderRole</classname>
      <dateChanged id="30">2013-05-31 15:03:51</dateChanged>
      <retired>false</retired>
    </org.openmrs.module.metadatasharing.Item>
    <org.openmrs.module.metadatasharing.Item id="31" uuid="96b15916-2d56-4f7b-9072-18c2a23d8ea2">
      <id>15</id>
      <classname>org.openmrs.module.providermanagement.ProviderRole</classname>
      <dateChanged id="32">2013-02-14 23:09:34</dateChanged>
      <retired>false</retired>
    </org.openmrs.module.metadatasharing.Item>
    <org.openmrs.module.metadatasharing.Item id="33" uuid="7ec19cca-f563-4cee-940f-effec16b3b80">
      <id>23</id>
      <classname>org.openmrs.module.providermanagement.ProviderRole</classname>
      <dateChanged id="34">2015-04-07 18:08:20</dateChanged>
      <retired>false</retired>
    </org.openmrs.module.metadatasharing.Item>
    <org.openmrs.module.metadatasharing.Item id="35" uuid="248bc67b-4da1-4c50-b556-b8584c1c8d65">
      <id>14</id>
      <classname>org.openmrs.module.providermanagement.ProviderRole</classname>
      <dateChanged id="36">2013-02-14 23:09:14</dateChanged>
      <retired>false</retired>
    </org.openmrs.module.metadatasharing.Item>
    <org.openmrs.module.metadatasharing.Item id="37" uuid="8fd1552e-6cb9-4719-b198-23a2c512a073">
      <id>13</id>
      <classname>org.openmrs.module.providermanagement.ProviderRole</classname>
      <dateChanged id="38">2013-02-14 23:09:07</dateChanged>
      <retired>false</retired>
    </org.openmrs.module.metadatasharing.Item>
    <org.openmrs.module.metadatasharing.Item id="39" uuid="3182ee51-b895-4804-a342-5f261e995222">
      <id>11</id>
      <classname>org.openmrs.module.providermanagement.ProviderRole</classname>
      <dateChanged id="40">2013-02-14 23:08:53</dateChanged>
      <retired>false</retired>
    </org.openmrs.module.metadatasharing.Item>
    <org.openmrs.module.metadatasharing.Item id="41" uuid="39c28f78-6637-4c21-9bf4-db3e2398054f">
      <id>12</id>
      <classname>org.openmrs.module.providermanagement.ProviderRole</classname>
      <dateChanged id="42">2013-02-14 23:09:00</dateChanged>
      <retired>false</retired>
    </org.openmrs.module.metadatasharing.Item>
    <org.openmrs.module.metadatasharing.Item id="43" uuid="556ceee6-d899-43d4-a98b-7973ebc85b75">
      <id>8</id>
      <classname>org.openmrs.module.providermanagement.ProviderRole</classname>
      <dateChanged id="44">2015-04-07 18:08:48</dateChanged>
      <retired>false</retired>
    </org.openmrs.module.metadatasharing.Item>
  </items>
  <relatedItems class="linked-hash-set" id="45"/>
  <incrementalVersion>false</incrementalVersion>
</package>
