<?xml version="1.0" encoding="UTF-8"?>
<list id="1">
  <org.openmrs.Concept id="2" uuid="db2116b0-aa00-4e9b-b848-7f290a289fc9">
    <conceptId>11397</conceptId>
    <retired>false</retired>
    <datatype id="3" resolves-to="org.openmrs.ConceptDatatype" uuid="8d4a4c94-c2cc-11de-8d13-0010c6dffd0f">
      <name>N/A</name>
      <description>Not associated with a datatype (e.g., term answers, sets)</description>
      <creator/>
      <dateCreated id="4">2004-02-02 05:00:00</dateCreated>
      <retired>false</retired>
      <conceptDatatypeId>4</conceptDatatypeId>
      <hl7Abbreviation>ZZ</hl7Abbreviation>
    </datatype>
    <conceptClass id="5" resolves-to="org.openmrs.ConceptClass" uuid="8d492594-c2cc-11de-8d13-0010c6dffd0f">
      <name>ConvSet</name>
      <description>Term to describe convenience sets</description>
      <creator/>
      <dateCreated id="6">2015-07-01 17:25:50</dateCreated>
      <retired>false</retired>
      <conceptClassId>10</conceptClassId>
    </conceptClass>
    <set>true</set>
    <creator/>
    <dateCreated id="7">2017-05-24 16:18:47</dateCreated>
    <changedBy/>
    <dateChanged id="8">2017-06-19 18:28:03</dateChanged>
    <names class="set" id="9">
      <org.openmrs.ConceptName id="10" uuid="e0954fb9-0112-4ef5-a398-237c392d5a92">
        <conceptNameId>34944</conceptNameId>
        <concept reference="2"/>
        <name>Zika study concept set</name>
        <locale id="11">en</locale>
        <creator/>
        <dateCreated id="12">2017-05-24 16:18:47</dateCreated>
        <voided>false</voided>
        <tags class="set" id="13"/>
        <conceptNameType>FULLY_SPECIFIED</conceptNameType>
        <localePreferred>true</localePreferred>
      </org.openmrs.ConceptName>
    </names>
    <answers class="set" id="14"/>
    <conceptSets class="set" id="15">
      <org.openmrs.ConceptSet id="16" uuid="2aac6ba7-a40e-4604-bc0d-5f845bc0d1d8">
        <conceptSetId>7594</conceptSetId>
        <concept id="17" resolves-to="org.openmrs.Concept" uuid="70aef195-0a00-4275-88cc-b446efe25e4a">
          <conceptId>11404</conceptId>
          <retired>false</retired>
          <datatype reference="3"/>
          <conceptClass id="18" resolves-to="org.openmrs.ConceptClass" uuid="3d7297ae-26fe-102b-80cb-0017a47871b2">
            <name>State</name>
            <description>A state within a workflow</description>
            <creator/>
            <dateCreated id="19">2006-08-16 02:04:43</dateCreated>
            <retired>false</retired>
            <conceptClassId>18</conceptClassId>
          </conceptClass>
          <set>false</set>
          <creator/>
          <dateCreated id="20">2017-05-24 20:03:08</dateCreated>
          <changedBy/>
          <dateChanged id="21">2017-05-24 20:03:08</dateChanged>
          <names class="set" id="22">
            <org.openmrs.ConceptName id="23" uuid="a9b9935f-5f93-4977-8d56-e80a88499426">
              <conceptNameId>34953</conceptNameId>
              <concept reference="17"/>
              <name>Blood results received</name>
              <locale id="24">en</locale>
              <creator/>
              <dateCreated id="25">2017-05-24 20:03:09</dateCreated>
              <voided>false</voided>
              <tags class="set" id="26"/>
              <conceptNameType>FULLY_SPECIFIED</conceptNameType>
              <localePreferred>true</localePreferred>
            </org.openmrs.ConceptName>
          </names>
          <answers class="set" id="27"/>
          <conceptSets class="set" id="28"/>
          <descriptions class="set" id="29"/>
          <conceptMappings class="set" id="30">
            <org.openmrs.ConceptMap id="31" uuid="0eea6fd1-a330-4158-bc68-db85669bd05e">
              <conceptMapType id="32" resolves-to="org.openmrs.ConceptMapType" uuid="35543629-7d8c-11e1-909d-c80aa9edcf4e">
                <name>SAME-AS</name>
                <creator/>
                <dateCreated id="33">2012-06-21 00:00:00</dateCreated>
                <retired>false</retired>
                <conceptMapTypeId>1</conceptMapTypeId>
                <isHidden>false</isHidden>
              </conceptMapType>
              <creator/>
              <dateCreated id="34">2017-05-24 20:03:09</dateCreated>
              <conceptMapId>29349</conceptMapId>
              <concept reference="17"/>
              <conceptReferenceTerm id="35" resolves-to="org.openmrs.ConceptReferenceTerm" uuid="962866ba-5fa8-4ede-811a-4ec20e558e54">
                <creator/>
                <dateCreated id="36">2017-05-24 20:02:58</dateCreated>
                <retired>false</retired>
                <conceptReferenceTermId>28767</conceptReferenceTermId>
                <conceptSource id="37" resolves-to="org.openmrs.ConceptSource" uuid="fb9aaaf1-65e2-4c18-b53c-16b575f2f385">
                  <name>PIH</name>
                  <description>Partners In Health concept dictionary using concept ids and preferred English names</description>
                  <creator/>
                  <dateCreated id="38">2015-07-01 17:25:50</dateCreated>
                  <retired>false</retired>
                  <conceptSourceId>5</conceptSourceId>
                </conceptSource>
                <code>Blood results received</code>
                <conceptReferenceTermMaps id="39"/>
              </conceptReferenceTerm>
            </org.openmrs.ConceptMap>
            <org.openmrs.ConceptMap id="40" uuid="4c57f88f-1ca6-4046-bf59-9867af37150a">
              <conceptMapType reference="32"/>
              <creator/>
              <dateCreated id="41">2017-05-24 20:03:09</dateCreated>
              <conceptMapId>29348</conceptMapId>
              <concept reference="17"/>
              <conceptReferenceTerm id="42" resolves-to="org.openmrs.ConceptReferenceTerm" uuid="ccf67f65-41c0-4913-b8e7-0b3e24499ff6">
                <creator/>
                <dateCreated id="43">2017-05-24 20:00:05</dateCreated>
                <retired>false</retired>
                <conceptReferenceTermId>28764</conceptReferenceTermId>
                <conceptSource reference="37"/>
                <code>11404</code>
                <conceptReferenceTermMaps id="44"/>
              </conceptReferenceTerm>
            </org.openmrs.ConceptMap>
          </conceptMappings>
          <attributes id="45"/>
        </concept>
        <conceptSet reference="2"/>
        <sortWeight>5.0</sortWeight>
        <creator/>
        <dateCreated id="46">2017-05-24 20:04:29</dateCreated>
      </org.openmrs.ConceptSet>
      <org.openmrs.ConceptSet id="47" uuid="161505c4-e5b3-40bf-8bf6-5a76d91ca8f4">
        <conceptSetId>7586</conceptSetId>
        <concept id="48" resolves-to="org.openmrs.Concept" uuid="e39310c1-2936-4395-83a5-f4d49061a117">
          <conceptId>11396</conceptId>
          <retired>false</retired>
          <datatype id="49" resolves-to="org.openmrs.ConceptDatatype" uuid="8d4a48b6-c2cc-11de-8d13-0010c6dffd0f">
            <name>Coded</name>
            <description>Value determined by term dictionary lookup (i.e., term identifier)</description>
            <creator/>
            <dateCreated id="50">2004-02-02 05:00:00</dateCreated>
            <retired>false</retired>
            <conceptDatatypeId>2</conceptDatatypeId>
            <hl7Abbreviation>CWE</hl7Abbreviation>
          </datatype>
          <conceptClass id="51" resolves-to="org.openmrs.ConceptClass" uuid="3d72960a-26fe-102b-80cb-0017a47871b2">
            <name>Workflow</name>
            <description>A workflow within a treatment program</description>
            <creator/>
            <dateCreated id="52">2006-08-16 02:04:21</dateCreated>
            <retired>false</retired>
            <conceptClassId>17</conceptClassId>
          </conceptClass>
          <set>false</set>
          <creator/>
          <dateCreated id="53">2017-05-24 16:17:22</dateCreated>
          <changedBy/>
          <dateChanged id="54">2017-06-19 18:27:17</dateChanged>
          <names class="set" id="55">
            <org.openmrs.ConceptName id="56" uuid="8321ce7b-0650-4073-b342-25c296019cc9">
              <conceptNameId>34943</conceptNameId>
              <concept reference="48"/>
              <name>Study outcome</name>
              <locale id="57">en</locale>
              <creator/>
              <dateCreated id="58">2017-05-24 16:17:22</dateCreated>
              <voided>false</voided>
              <tags class="set" id="59"/>
              <conceptNameType>FULLY_SPECIFIED</conceptNameType>
              <localePreferred>true</localePreferred>
            </org.openmrs.ConceptName>
          </names>
          <answers class="set" id="60">
            <org.openmrs.ConceptAnswer id="61" uuid="9083491d-8888-4bf0-a6b8-9af1dcc14db4">
              <conceptAnswerId>10204</conceptAnswerId>
              <concept reference="48"/>
              <answerConcept id="62" resolves-to="org.openmrs.Concept" uuid="3ceb0ed8-26fe-102b-80cb-0017a47871b2">
                <conceptId>5240</conceptId>
                <retired>false</retired>
                <datatype reference="3"/>
                <conceptClass reference="18"/>
                <set>false</set>
                <creator/>
                <dateCreated id="63">2004-08-12 00:00:00</dateCreated>
                <changedBy/>
                <dateChanged id="64">2017-05-24 19:06:08</dateChanged>
                <names class="set" id="65">
                  <org.openmrs.ConceptName id="66" uuid="79ea3cbe-b22f-488e-8bcc-ecb0436dd177">
                    <conceptNameId>34945</conceptNameId>
                    <concept reference="62"/>
                    <name>Perdu au suivi</name>
                    <locale id="67">fr</locale>
                    <creator/>
                    <dateCreated id="68">2017-05-24 19:06:08</dateCreated>
                    <voided>false</voided>
                    <tags class="set" id="69"/>
                    <conceptNameType>FULLY_SPECIFIED</conceptNameType>
                    <localePreferred>true</localePreferred>
                  </org.openmrs.ConceptName>
                  <org.openmrs.ConceptName id="70" uuid="3e3cdbc2-26fe-102b-80cb-0017a47871b2">
                    <conceptNameId>3607</conceptNameId>
                    <concept reference="62"/>
                    <name>Lost to followup</name>
                    <locale id="71">en</locale>
                    <creator/>
                    <dateCreated id="72">2004-08-12 00:00:00</dateCreated>
                    <voided>false</voided>
                    <tags class="set" id="73"/>
                    <conceptNameType>FULLY_SPECIFIED</conceptNameType>
                    <localePreferred>true</localePreferred>
                  </org.openmrs.ConceptName>
                  <org.openmrs.ConceptName id="74" uuid="f758e720-d5db-102d-ad2a-000c29c2a5d7">
                    <conceptNameId>13672</conceptNameId>
                    <concept reference="62"/>
                    <name>PERDU AU SUIVI</name>
                    <locale id="75">fr</locale>
                    <creator/>
                    <dateCreated id="76">2010-06-29 13:05:29</dateCreated>
                    <voided>true</voided>
                    <voidedBy/>
                    <dateVoided id="77">2017-05-24 19:06:08</dateVoided>
                    <voidReason>Removed from user interface</voidReason>
                    <tags class="set" id="78"/>
                    <localePreferred>true</localePreferred>
                  </org.openmrs.ConceptName>
                </names>
                <answers class="set" id="79"/>
                <conceptSets class="set" id="80"/>
                <descriptions class="set" id="81">
                  <org.openmrs.ConceptDescription id="82" uuid="b608e9cb-f7ba-406a-a07b-b404e3186bcf">
                    <conceptDescriptionId>3042</conceptDescriptionId>
                    <concept reference="62"/>
                    <description>Patients that are lost to followup.</description>
                    <locale id="83">en</locale>
                    <creator/>
                    <dateCreated id="84">2004-08-12 00:00:00</dateCreated>
                  </org.openmrs.ConceptDescription>
                </descriptions>
                <conceptMappings class="set" id="85">
                  <org.openmrs.ConceptMap id="86" uuid="b2937b0e-4864-102e-96e9-000c29c2a5d7">
                    <conceptMapType reference="32"/>
                    <creator/>
                    <changedBy/>
                    <dateCreated id="87">2010-11-23 10:15:31</dateCreated>
                    <dateChanged id="88">2012-06-21 16:49:52</dateChanged>
                    <conceptMapId>4311</conceptMapId>
                    <concept reference="62"/>
                    <conceptReferenceTerm id="89" resolves-to="org.openmrs.ConceptReferenceTerm" uuid="2a1e29bd-09d6-3de6-995a-3a98e9d19bd7">
                      <creator/>
                      <dateCreated id="90">2010-11-23 00:00:00</dateCreated>
                      <retired>false</retired>
                      <conceptReferenceTermId>4311</conceptReferenceTermId>
                      <conceptSource reference="37"/>
                      <code>5240</code>
                      <conceptReferenceTermMaps id="91"/>
                    </conceptReferenceTerm>
                  </org.openmrs.ConceptMap>
                  <org.openmrs.ConceptMap id="92" uuid="75a7da66-4943-102e-96e9-000c29c2a5d7">
                    <conceptMapType reference="32"/>
                    <creator/>
                    <changedBy/>
                    <dateCreated id="93">2010-11-24 12:49:58</dateCreated>
                    <dateChanged id="94">2012-06-21 16:49:52</dateChanged>
                    <conceptMapId>10021</conceptMapId>
                    <concept reference="62"/>
                    <conceptReferenceTerm id="95" resolves-to="org.openmrs.ConceptReferenceTerm" uuid="d94364a0-627d-383c-af79-367fd653f25f">
                      <creator/>
                      <dateCreated id="96">2010-11-24 00:00:00</dateCreated>
                      <retired>false</retired>
                      <conceptReferenceTermId>10021</conceptReferenceTermId>
                      <conceptSource reference="37"/>
                      <code>LOST TO FOLLOWUP</code>
                      <conceptReferenceTermMaps id="97"/>
                    </conceptReferenceTerm>
                  </org.openmrs.ConceptMap>
                </conceptMappings>
                <attributes id="98"/>
              </answerConcept>
              <creator/>
              <dateCreated id="99">2017-06-19 18:27:17</dateCreated>
              <sortWeight>1.0</sortWeight>
            </org.openmrs.ConceptAnswer>
            <org.openmrs.ConceptAnswer id="100" uuid="6a4dc77b-b9a0-4fae-9c69-51e8454d9351">
              <conceptAnswerId>10206</conceptAnswerId>
              <concept reference="48"/>
              <answerConcept id="101" resolves-to="org.openmrs.Concept" uuid="60f554e7-0feb-4cf1-843f-b1fff52307a8">
                <conceptId>11399</conceptId>
                <retired>false</retired>
                <datatype reference="3"/>
                <conceptClass reference="18"/>
                <set>false</set>
                <creator/>
                <dateCreated id="102">2017-05-24 19:11:30</dateCreated>
                <changedBy/>
                <dateChanged id="103">2017-05-24 19:11:55</dateChanged>
                <names class="set" id="104">
                  <org.openmrs.ConceptName id="105" uuid="acaf4673-ab8d-4a56-b3a9-88354a95570e">
                    <conceptNameId>34947</conceptNameId>
                    <concept reference="101"/>
                    <name>Patient removed themselves</name>
                    <locale id="106">en</locale>
                    <creator/>
                    <dateCreated id="107">2017-05-24 19:11:30</dateCreated>
                    <voided>false</voided>
                    <tags class="set" id="108"/>
                    <conceptNameType>FULLY_SPECIFIED</conceptNameType>
                    <localePreferred>true</localePreferred>
                  </org.openmrs.ConceptName>
                </names>
                <answers class="set" id="109"/>
                <conceptSets class="set" id="110"/>
                <descriptions class="set" id="111"/>
                <conceptMappings class="set" id="112">
                  <org.openmrs.ConceptMap id="113" uuid="8bdae90e-dc30-44e7-8370-079ae4ab1730">
                    <conceptMapType reference="32"/>
                    <creator/>
                    <dateCreated id="114">2017-05-24 19:11:30</dateCreated>
                    <conceptMapId>29338</conceptMapId>
                    <concept reference="101"/>
                    <conceptReferenceTerm id="115" resolves-to="org.openmrs.ConceptReferenceTerm" uuid="db18941b-4542-46d7-b6bb-75d3a824798b">
                      <creator/>
                      <dateCreated id="116">2017-05-24 19:11:15</dateCreated>
                      <retired>false</retired>
                      <conceptReferenceTermId>28756</conceptReferenceTermId>
                      <conceptSource reference="37"/>
                      <code>Patient removed themselves</code>
                      <conceptReferenceTermMaps id="117"/>
                    </conceptReferenceTerm>
                  </org.openmrs.ConceptMap>
                  <org.openmrs.ConceptMap id="118" uuid="3307d602-7c19-499e-9af5-d4c1a0066326">
                    <conceptMapType reference="32"/>
                    <creator/>
                    <dateCreated id="119">2017-05-24 19:11:55</dateCreated>
                    <conceptMapId>29339</conceptMapId>
                    <concept reference="101"/>
                    <conceptReferenceTerm id="120" resolves-to="org.openmrs.ConceptReferenceTerm" uuid="acd7a1c3-c993-4f27-8b1e-f461852f42f5">
                      <creator/>
                      <dateCreated id="121">2017-05-24 19:11:39</dateCreated>
                      <retired>false</retired>
                      <conceptReferenceTermId>28757</conceptReferenceTermId>
                      <conceptSource reference="37"/>
                      <code>11399</code>
                      <conceptReferenceTermMaps id="122"/>
                    </conceptReferenceTerm>
                  </org.openmrs.ConceptMap>
                </conceptMappings>
                <attributes id="123"/>
              </answerConcept>
              <creator/>
              <dateCreated id="124">2017-06-19 18:27:17</dateCreated>
              <sortWeight>3.0</sortWeight>
            </org.openmrs.ConceptAnswer>
            <org.openmrs.ConceptAnswer id="125" uuid="0ae276b8-d6fa-4a74-97f2-a7dd84449d5c">
              <conceptAnswerId>10207</conceptAnswerId>
              <concept reference="48"/>
              <answerConcept id="126" resolves-to="org.openmrs.Concept" uuid="3cdd446a-26fe-102b-80cb-0017a47871b2">
                <conceptId>1742</conceptId>
                <retired>false</retired>
                <datatype reference="3"/>
                <conceptClass reference="18"/>
                <set>false</set>
                <creator/>
                <dateCreated id="127">2006-10-27 11:39:50</dateCreated>
                <changedBy/>
                <dateChanged id="128">2017-04-28 23:43:14</dateChanged>
                <names class="set" id="129">
                  <org.openmrs.ConceptName id="130" uuid="83a000f2-4a35-4689-adc4-8b5ba7a22520">
                    <conceptNameId>31953</conceptNameId>
                    <concept reference="126"/>
                    <name>Mouri</name>
                    <locale id="131">ht</locale>
                    <creator/>
                    <dateCreated id="132">2017-04-04 22:38:02</dateCreated>
                    <voided>false</voided>
                    <tags class="set" id="133"/>
                    <localePreferred>false</localePreferred>
                  </org.openmrs.ConceptName>
                  <org.openmrs.ConceptName id="134" uuid="5e929158-563f-46fe-a822-80158ee2e3ae">
                    <conceptNameId>34802</conceptNameId>
                    <concept reference="126"/>
                    <name>Dècédé</name>
                    <locale id="135">fr</locale>
                    <creator/>
                    <dateCreated id="136">2017-04-28 23:43:14</dateCreated>
                    <voided>false</voided>
                    <tags class="set" id="137"/>
                    <localePreferred>false</localePreferred>
                  </org.openmrs.ConceptName>
                  <org.openmrs.ConceptName id="138" uuid="dcf0b6f0-ee9e-48d8-856a-4b38bcd1299f">
                    <conceptNameId>26248</conceptNameId>
                    <concept reference="126"/>
                    <name>Patient mort</name>
                    <locale id="139">fr</locale>
                    <creator/>
                    <dateCreated id="140">2014-05-28 18:02:13</dateCreated>
                    <voided>true</voided>
                    <voidedBy/>
                    <dateVoided id="141">2017-04-28 23:16:33</dateVoided>
                    <voidReason>Voided due to change of name</voidReason>
                    <tags class="set" id="142"/>
                    <localePreferred>false</localePreferred>
                  </org.openmrs.ConceptName>
                  <org.openmrs.ConceptName id="143" uuid="bc9283d3-6e71-48da-af52-cd901378657f">
                    <conceptNameId>34545</conceptNameId>
                    <concept reference="126"/>
                    <name>Died</name>
                    <locale id="144">en</locale>
                    <creator/>
                    <dateCreated id="145">2017-04-28 23:16:33</dateCreated>
                    <voided>true</voided>
                    <voidedBy/>
                    <dateVoided id="146">2017-04-28 23:43:14</dateVoided>
                    <voidReason>Voided due to change of name</voidReason>
                    <tags class="set" id="147"/>
                    <localePreferred>false</localePreferred>
                  </org.openmrs.ConceptName>
                  <org.openmrs.ConceptName id="148" uuid="1b6b03a2-4927-4d62-a1f3-965d206ad9f8">
                    <conceptNameId>34803</conceptNameId>
                    <concept reference="126"/>
                    <name>Patient died</name>
                    <locale id="149">en</locale>
                    <creator/>
                    <dateCreated id="150">2017-04-28 23:43:14</dateCreated>
                    <voided>false</voided>
                    <tags class="set" id="151"/>
                    <conceptNameType>FULLY_SPECIFIED</conceptNameType>
                    <localePreferred>true</localePreferred>
                  </org.openmrs.ConceptName>
                  <org.openmrs.ConceptName id="152" uuid="f63bc4b6-d5db-102d-ad2a-000c29c2a5d7">
                    <conceptNameId>11242</conceptNameId>
                    <concept reference="126"/>
                    <name>PATIENT MORTm</name>
                    <locale id="153">fr</locale>
                    <creator/>
                    <dateCreated id="154">2010-06-29 13:03:59</dateCreated>
                    <voided>true</voided>
                    <voidedBy/>
                    <dateVoided id="155">2014-05-28 18:02:13</dateVoided>
                    <voidReason>Removed from user interface</voidReason>
                    <tags class="set" id="156"/>
                    <localePreferred>true</localePreferred>
                  </org.openmrs.ConceptName>
                  <org.openmrs.ConceptName id="157" uuid="123559BBBBBBBBBBBBBBBBBBBBBBBBBBBBBB">
                    <conceptNameId>33112</conceptNameId>
                    <concept reference="126"/>
                    <name>Muerte</name>
                    <locale id="158">es</locale>
                    <creator/>
                    <dateCreated id="159">2013-03-10 05:13:48</dateCreated>
                    <voided>false</voided>
                    <tags class="set" id="160"/>
                    <conceptNameType>FULLY_SPECIFIED</conceptNameType>
                    <localePreferred>true</localePreferred>
                  </org.openmrs.ConceptName>
                  <org.openmrs.ConceptName id="161" uuid="32785e49-6318-4dd5-935c-955794c71f49">
                    <conceptNameId>34805</conceptNameId>
                    <concept reference="126"/>
                    <name>Pasyan mouri</name>
                    <locale id="162">ht</locale>
                    <creator/>
                    <dateCreated id="163">2017-04-28 23:43:14</dateCreated>
                    <voided>false</voided>
                    <tags class="set" id="164"/>
                    <conceptNameType>FULLY_SPECIFIED</conceptNameType>
                    <localePreferred>true</localePreferred>
                  </org.openmrs.ConceptName>
                  <org.openmrs.ConceptName id="165" uuid="a03d9cd9-4ce8-405f-b56a-643fd965e8da">
                    <conceptNameId>34544</conceptNameId>
                    <concept reference="126"/>
                    <name>Dècédé</name>
                    <locale id="166">fr</locale>
                    <creator/>
                    <dateCreated id="167">2017-04-28 23:16:33</dateCreated>
                    <voided>true</voided>
                    <voidedBy/>
                    <dateVoided id="168">2017-04-28 23:43:14</dateVoided>
                    <voidReason>Voided due to change of name</voidReason>
                    <tags class="set" id="169"/>
                    <localePreferred>false</localePreferred>
                  </org.openmrs.ConceptName>
                  <org.openmrs.ConceptName id="170" uuid="4b1e2b9d-c95b-43cf-974a-b69baf611e56">
                    <conceptNameId>31952</conceptNameId>
                    <concept reference="126"/>
                    <name>Dècédé</name>
                    <locale id="171">fr</locale>
                    <creator/>
                    <dateCreated id="172">2017-04-04 22:33:43</dateCreated>
                    <voided>true</voided>
                    <voidedBy/>
                    <dateVoided id="173">2017-04-28 23:16:33</dateVoided>
                    <voidReason>Removed from user interface</voidReason>
                    <tags class="set" id="174"/>
                    <localePreferred>false</localePreferred>
                  </org.openmrs.ConceptName>
                  <org.openmrs.ConceptName id="175" uuid="a5f11f13-b71b-44d6-b830-d46420218d56">
                    <conceptNameId>31954</conceptNameId>
                    <concept reference="126"/>
                    <name>Pasyan mouri</name>
                    <locale id="176">ht</locale>
                    <creator/>
                    <dateCreated id="177">2017-04-04 22:38:02</dateCreated>
                    <voided>true</voided>
                    <voidedBy/>
                    <dateVoided id="178">2017-04-28 23:35:53</dateVoided>
                    <voidReason>Voided due to change of name</voidReason>
                    <tags class="set" id="179"/>
                    <localePreferred>false</localePreferred>
                  </org.openmrs.ConceptName>
                  <org.openmrs.ConceptName id="180" uuid="3e1e2272-26fe-102b-80cb-0017a47871b2">
                    <conceptNameId>1902</conceptNameId>
                    <concept reference="126"/>
                    <name>Patient died</name>
                    <locale id="181">en</locale>
                    <creator/>
                    <dateCreated id="182">2006-10-27 11:39:50</dateCreated>
                    <voided>true</voided>
                    <voidedBy/>
                    <dateVoided id="183">2017-04-28 23:16:33</dateVoided>
                    <voidReason>Voided due to change of name</voidReason>
                    <tags class="set" id="184"/>
                    <localePreferred>false</localePreferred>
                  </org.openmrs.ConceptName>
                  <org.openmrs.ConceptName id="185" uuid="d599c335-9a18-44ba-b124-16a7dc28086e">
                    <conceptNameId>34804</conceptNameId>
                    <concept reference="126"/>
                    <name>Patient mort</name>
                    <locale id="186">fr</locale>
                    <creator/>
                    <dateCreated id="187">2017-04-28 23:43:14</dateCreated>
                    <voided>false</voided>
                    <tags class="set" id="188"/>
                    <conceptNameType>FULLY_SPECIFIED</conceptNameType>
                    <localePreferred>true</localePreferred>
                  </org.openmrs.ConceptName>
                  <org.openmrs.ConceptName id="189" uuid="93f4e6ba-07d4-102c-b5fa-0017a47871b2">
                    <conceptNameId>6771</conceptNameId>
                    <concept reference="126"/>
                    <name>Died</name>
                    <locale id="190">en</locale>
                    <creator/>
                    <dateCreated id="191">2006-12-18 11:21:26</dateCreated>
                    <voided>true</voided>
                    <voidedBy/>
                    <dateVoided id="192">2017-04-28 23:16:33</dateVoided>
                    <voidReason>Removed from user interface</voidReason>
                    <tags class="set" id="193"/>
                    <localePreferred>false</localePreferred>
                  </org.openmrs.ConceptName>
                  <org.openmrs.ConceptName id="194" uuid="3c857c92-aa1c-4027-abbf-41f1a2eff6f4">
                    <conceptNameId>34546</conceptNameId>
                    <concept reference="126"/>
                    <name>Pasy mouri</name>
                    <locale id="195">ht</locale>
                    <creator/>
                    <dateCreated id="196">2017-04-28 23:35:53</dateCreated>
                    <voided>true</voided>
                    <voidedBy/>
                    <dateVoided id="197">2017-04-28 23:43:14</dateVoided>
                    <voidReason>Voided due to change of name</voidReason>
                    <tags class="set" id="198"/>
                    <localePreferred>false</localePreferred>
                  </org.openmrs.ConceptName>
                </names>
                <answers class="set" id="199"/>
                <conceptSets class="set" id="200"/>
                <descriptions class="set" id="201">
                  <org.openmrs.ConceptDescription id="202" uuid="ecec6994-07fe-102c-b5fa-0017a47871b2">
                    <conceptDescriptionId>1762</conceptDescriptionId>
                    <concept reference="126"/>
                    <description>Status indicating the patient died while enrolled in a program</description>
                    <locale id="203">en</locale>
                    <creator/>
                    <dateCreated id="204">2006-10-27 11:39:50</dateCreated>
                  </org.openmrs.ConceptDescription>
                </descriptions>
                <conceptMappings class="set" id="205">
                  <org.openmrs.ConceptMap id="206" uuid="b215125a-4864-102e-96e9-000c29c2a5d7">
                    <conceptMapType reference="32"/>
                    <creator/>
                    <changedBy/>
                    <dateCreated id="207">2010-11-23 10:15:31</dateCreated>
                    <dateChanged id="208">2012-06-21 16:49:52</dateChanged>
                    <conceptMapId>1744</conceptMapId>
                    <concept reference="126"/>
                    <conceptReferenceTerm id="209" resolves-to="org.openmrs.ConceptReferenceTerm" uuid="3e13702d-6f6f-3aba-abe6-b9b6873c6cc5">
                      <creator/>
                      <dateCreated id="210">2010-11-23 00:00:00</dateCreated>
                      <retired>false</retired>
                      <conceptReferenceTermId>1744</conceptReferenceTermId>
                      <conceptSource reference="37"/>
                      <code>1742</code>
                      <conceptReferenceTermMaps id="211"/>
                    </conceptReferenceTerm>
                  </org.openmrs.ConceptMap>
                  <org.openmrs.ConceptMap id="212" uuid="27755f32-8254-4842-8481-74d0d74a25c0">
                    <conceptMapType reference="32"/>
                    <creator/>
                    <dateCreated id="213">2017-04-04 22:38:02</dateCreated>
                    <conceptMapId>27315</conceptMapId>
                    <concept reference="126"/>
                    <conceptReferenceTerm id="214" resolves-to="org.openmrs.ConceptReferenceTerm" uuid="b6094f44-80c6-4c67-8897-a609970ce46f">
                      <creator/>
                      <dateCreated id="215">2017-04-04 22:37:48</dateCreated>
                      <retired>false</retired>
                      <conceptReferenceTermId>26554</conceptReferenceTermId>
                      <conceptSource id="216" resolves-to="org.openmrs.ConceptSource" uuid="21ADDDDDDDDDDDDDDDDDDDDDDDDDDDDDDDDD">
                        <name>CIEL</name>
                        <description>Columbia International eHealth Laboratory concept ID</description>
                        <creator/>
                        <dateCreated id="217">2015-07-01 17:25:50</dateCreated>
                        <retired>false</retired>
                        <conceptSourceId>29</conceptSourceId>
                      </conceptSource>
                      <code>160034</code>
                      <conceptReferenceTermMaps id="218"/>
                    </conceptReferenceTerm>
                  </org.openmrs.ConceptMap>
                  <org.openmrs.ConceptMap id="219" uuid="fe4c95b4-5b68-102e-96e9-000c29c2a5d7">
                    <conceptMapType reference="32"/>
                    <creator/>
                    <changedBy/>
                    <dateCreated id="220">2010-12-17 00:00:00</dateCreated>
                    <dateChanged id="221">2012-06-21 16:49:52</dateChanged>
                    <conceptMapId>11780</conceptMapId>
                    <concept reference="126"/>
                    <conceptReferenceTerm id="222" resolves-to="org.openmrs.ConceptReferenceTerm" uuid="6d379de3-42d8-3f88-b0cd-c286e8d87661">
                      <creator/>
                      <dateCreated id="223">2010-12-17 00:00:00</dateCreated>
                      <retired>false</retired>
                      <conceptReferenceTermId>11780</conceptReferenceTermId>
                      <conceptSource id="224" resolves-to="org.openmrs.ConceptSource" uuid="ddb6b595-0b85-4a80-9243-efe4ba404eef">
                        <name>org.openmrs.module.mdrtb</name>
                        <description>Concepts used with the MDR-TB module</description>
                        <creator/>
                        <dateCreated id="225">2015-07-01 17:25:50</dateCreated>
                        <retired>false</retired>
                        <conceptSourceId>4</conceptSourceId>
                      </conceptSource>
                      <code>DIED</code>
                      <conceptReferenceTermMaps id="226"/>
                    </conceptReferenceTerm>
                  </org.openmrs.ConceptMap>
                  <org.openmrs.ConceptMap id="227" uuid="137927ABBBBBBBBBBBBBBBBBBBBBBBBBBBBB">
                    <conceptMapType reference="32"/>
                    <creator/>
                    <dateCreated id="228">2011-01-18 01:53:23</dateCreated>
                    <conceptMapId>28041</conceptMapId>
                    <concept reference="126"/>
                    <conceptReferenceTerm id="229" resolves-to="org.openmrs.ConceptReferenceTerm" uuid="7d45de87-1519-3fba-9941-05dab01b8da1">
                      <creator/>
                      <dateCreated id="230">2010-12-05 05:00:00</dateCreated>
                      <retired>false</retired>
                      <conceptReferenceTermId>27470</conceptReferenceTermId>
                      <conceptSource id="231" resolves-to="org.openmrs.ConceptSource" uuid="1ADDDDDDDDDDDDDDDDDDDDDDDDDDDDDDDDDD">
                        <name>SNOMED CT</name>
                        <description>SNOMED Preferred mapping</description>
                        <creator/>
                        <dateCreated id="232">2015-07-01 17:25:50</dateCreated>
                        <retired>false</retired>
                        <conceptSourceId>6</conceptSourceId>
                        <hl7Code>SCT</hl7Code>
                      </conceptSource>
                      <code>397709008</code>
                      <conceptReferenceTermMaps id="233"/>
                    </conceptReferenceTerm>
                  </org.openmrs.ConceptMap>
                  <org.openmrs.ConceptMap id="234" uuid="7577c646-4943-102e-96e9-000c29c2a5d7">
                    <conceptMapType reference="32"/>
                    <creator/>
                    <changedBy/>
                    <dateCreated id="235">2010-11-24 12:49:58</dateCreated>
                    <dateChanged id="236">2012-06-21 16:49:52</dateChanged>
                    <conceptMapId>7566</conceptMapId>
                    <concept reference="126"/>
                    <conceptReferenceTerm id="237" resolves-to="org.openmrs.ConceptReferenceTerm" uuid="13a877b1-e309-3aa3-9cbb-8065747e2d97">
                      <creator/>
                      <dateCreated id="238">2010-11-24 00:00:00</dateCreated>
                      <retired>false</retired>
                      <conceptReferenceTermId>7566</conceptReferenceTermId>
                      <conceptSource reference="37"/>
                      <code>PATIENT DIED</code>
                      <conceptReferenceTermMaps id="239"/>
                    </conceptReferenceTerm>
                  </org.openmrs.ConceptMap>
                </conceptMappings>
                <attributes id="240"/>
              </answerConcept>
              <creator/>
              <dateCreated id="241">2017-06-19 18:27:17</dateCreated>
              <sortWeight>4.0</sortWeight>
            </org.openmrs.ConceptAnswer>
            <org.openmrs.ConceptAnswer id="242" uuid="9300de22-4df3-43be-b6fd-1be115cedcf0">
              <conceptAnswerId>10205</conceptAnswerId>
              <concept reference="48"/>
              <answerConcept id="243" resolves-to="org.openmrs.Concept" uuid="2897eddf-8f6e-4a3a-ae20-6669e024fd42">
                <conceptId>11398</conceptId>
                <retired>false</retired>
                <datatype reference="3"/>
                <conceptClass reference="18"/>
                <set>false</set>
                <creator/>
                <dateCreated id="244">2017-05-24 19:09:07</dateCreated>
                <changedBy/>
                <dateChanged id="245">2017-05-24 19:09:42</dateChanged>
                <names class="set" id="246">
                  <org.openmrs.ConceptName id="247" uuid="d555a82f-07a7-4244-9ad5-067f2d8239bd">
                    <conceptNameId>34946</conceptNameId>
                    <concept reference="243"/>
                    <name>Patient removed</name>
                    <locale id="248">en</locale>
                    <creator/>
                    <dateCreated id="249">2017-05-24 19:09:07</dateCreated>
                    <voided>false</voided>
                    <tags class="set" id="250"/>
                    <conceptNameType>FULLY_SPECIFIED</conceptNameType>
                    <localePreferred>true</localePreferred>
                  </org.openmrs.ConceptName>
                </names>
                <answers class="set" id="251"/>
                <conceptSets class="set" id="252"/>
                <descriptions class="set" id="253"/>
                <conceptMappings class="set" id="254">
                  <org.openmrs.ConceptMap id="255" uuid="78946b53-246c-4f1f-a307-bd6cf1e115e7">
                    <conceptMapType reference="32"/>
                    <creator/>
                    <dateCreated id="256">2017-05-24 19:09:42</dateCreated>
                    <conceptMapId>29337</conceptMapId>
                    <concept reference="243"/>
                    <conceptReferenceTerm id="257" resolves-to="org.openmrs.ConceptReferenceTerm" uuid="4975763f-47a1-45c0-bb8c-21a8d61c3efc">
                      <creator/>
                      <dateCreated id="258">2017-05-24 19:09:27</dateCreated>
                      <retired>false</retired>
                      <conceptReferenceTermId>28755</conceptReferenceTermId>
                      <conceptSource reference="37"/>
                      <code>11398</code>
                      <conceptReferenceTermMaps id="259"/>
                    </conceptReferenceTerm>
                  </org.openmrs.ConceptMap>
                  <org.openmrs.ConceptMap id="260" uuid="49583002-ffd6-4dba-8f99-e7c318b8fee2">
                    <conceptMapType reference="32"/>
                    <creator/>
                    <dateCreated id="261">2017-05-24 19:09:07</dateCreated>
                    <conceptMapId>29336</conceptMapId>
                    <concept reference="243"/>
                    <conceptReferenceTerm id="262" resolves-to="org.openmrs.ConceptReferenceTerm" uuid="e5590963-03ae-48b3-affe-bf12507c9783">
                      <creator/>
                      <dateCreated id="263">2017-05-24 19:08:57</dateCreated>
                      <retired>false</retired>
                      <conceptReferenceTermId>28754</conceptReferenceTermId>
                      <conceptSource reference="37"/>
                      <code>Patient removed</code>
                      <conceptReferenceTermMaps id="264"/>
                    </conceptReferenceTerm>
                  </org.openmrs.ConceptMap>
                </conceptMappings>
                <attributes id="265"/>
              </answerConcept>
              <creator/>
              <dateCreated id="266">2017-06-19 18:27:17</dateCreated>
              <sortWeight>2.0</sortWeight>
            </org.openmrs.ConceptAnswer>
          </answers>
          <conceptSets class="set" id="267"/>
          <descriptions class="set" id="268"/>
          <conceptMappings class="set" id="269">
            <org.openmrs.ConceptMap id="270" uuid="68f3a287-6762-48bc-b00c-67c9bf50c1ed">
              <conceptMapType reference="32"/>
              <creator/>
              <dateCreated id="271">2017-05-24 16:17:57</dateCreated>
              <conceptMapId>29331</conceptMapId>
              <concept reference="48"/>
              <conceptReferenceTerm id="272" resolves-to="org.openmrs.ConceptReferenceTerm" uuid="c9284dd2-f9df-4054-bd86-c59ee74d9d8b">
                <creator/>
                <dateCreated id="273">2017-05-24 16:17:36</dateCreated>
                <retired>false</retired>
                <conceptReferenceTermId>28749</conceptReferenceTermId>
                <conceptSource reference="37"/>
                <code>11396</code>
                <conceptReferenceTermMaps id="274"/>
              </conceptReferenceTerm>
            </org.openmrs.ConceptMap>
            <org.openmrs.ConceptMap id="275" uuid="af37724d-75c5-4cc1-8971-eef2aea37105">
              <conceptMapType reference="32"/>
              <creator/>
              <dateCreated id="276">2017-05-24 16:17:22</dateCreated>
              <conceptMapId>29330</conceptMapId>
              <concept reference="48"/>
              <conceptReferenceTerm id="277" resolves-to="org.openmrs.ConceptReferenceTerm" uuid="1e5fdb88-a7c2-405d-bceb-83531bc41447">
                <creator/>
                <dateCreated id="278">2017-05-24 16:17:11</dateCreated>
                <retired>false</retired>
                <conceptReferenceTermId>28748</conceptReferenceTermId>
                <conceptSource reference="37"/>
                <code>Study outcome</code>
                <conceptReferenceTermMaps id="279"/>
              </conceptReferenceTerm>
            </org.openmrs.ConceptMap>
          </conceptMappings>
          <attributes id="280"/>
        </concept>
        <conceptSet reference="2"/>
        <sortWeight>0.0</sortWeight>
        <creator/>
        <dateCreated id="281">2017-05-24 16:18:47</dateCreated>
      </org.openmrs.ConceptSet>
      <org.openmrs.ConceptSet id="282" uuid="bac6e428-7b6e-45f6-9fb1-993b61e175a7">
        <conceptSetId>7593</conceptSetId>
        <concept id="283" resolves-to="org.openmrs.Concept" uuid="8a4ca8a2-236b-4536-81d5-c965952a1927">
          <conceptId>11403</conceptId>
          <retired>false</retired>
          <datatype reference="3"/>
          <conceptClass reference="18"/>
          <set>false</set>
          <creator/>
          <dateCreated id="284">2017-05-24 20:02:09</dateCreated>
          <changedBy/>
          <dateChanged id="285">2017-05-24 20:02:09</dateChanged>
          <names class="set" id="286">
            <org.openmrs.ConceptName id="287" uuid="a0bf960b-9a98-4f1e-8b3e-da0b64721bcb">
              <conceptNameId>34952</conceptNameId>
              <concept reference="283"/>
              <name>Blood sent</name>
              <locale id="288">en</locale>
              <creator/>
              <dateCreated id="289">2017-05-24 20:02:09</dateCreated>
              <voided>false</voided>
              <tags class="set" id="290"/>
              <conceptNameType>FULLY_SPECIFIED</conceptNameType>
              <localePreferred>true</localePreferred>
            </org.openmrs.ConceptName>
          </names>
          <answers class="set" id="291"/>
          <conceptSets class="set" id="292"/>
          <descriptions class="set" id="293"/>
          <conceptMappings class="set" id="294">
            <org.openmrs.ConceptMap id="295" uuid="c9768c25-06ea-46c0-8e7c-ac9895a1d675">
              <conceptMapType reference="32"/>
              <creator/>
              <dateCreated id="296">2017-05-24 20:02:09</dateCreated>
              <conceptMapId>29346</conceptMapId>
              <concept reference="283"/>
              <conceptReferenceTerm id="297" resolves-to="org.openmrs.ConceptReferenceTerm" uuid="4ad278b1-a9d1-4053-a188-84081b2570f2">
                <creator/>
                <dateCreated id="298">2017-05-24 19:59:58</dateCreated>
                <retired>false</retired>
                <conceptReferenceTermId>28763</conceptReferenceTermId>
                <conceptSource reference="37"/>
                <code>11403</code>
                <conceptReferenceTermMaps id="299"/>
              </conceptReferenceTerm>
            </org.openmrs.ConceptMap>
            <org.openmrs.ConceptMap id="300" uuid="ee70bf4d-53b6-444e-87ef-4f82ba7f0f1c">
              <conceptMapType reference="32"/>
              <creator/>
              <dateCreated id="301">2017-05-24 20:02:09</dateCreated>
              <conceptMapId>29347</conceptMapId>
              <concept reference="283"/>
              <conceptReferenceTerm id="302" resolves-to="org.openmrs.ConceptReferenceTerm" uuid="47978772-f9d9-4781-a5ce-78d4fc8e9b42">
                <creator/>
                <dateCreated id="303">2017-05-24 20:01:55</dateCreated>
                <retired>false</retired>
                <conceptReferenceTermId>28766</conceptReferenceTermId>
                <conceptSource reference="37"/>
                <code>Blood sent</code>
                <conceptReferenceTermMaps id="304"/>
              </conceptReferenceTerm>
            </org.openmrs.ConceptMap>
          </conceptMappings>
          <attributes id="305"/>
        </concept>
        <conceptSet reference="2"/>
        <sortWeight>4.0</sortWeight>
        <creator/>
        <dateCreated id="306">2017-05-24 20:04:29</dateCreated>
      </org.openmrs.ConceptSet>
      <org.openmrs.ConceptSet id="307" uuid="9b503d1c-c5f3-4bad-8a1d-98b01c517c9f">
        <conceptSetId>7590</conceptSetId>
        <concept id="308" resolves-to="org.openmrs.Concept" uuid="ae3d0e65-4fe5-45a8-939b-883e0a0094a0">
          <conceptId>11400</conceptId>
          <retired>false</retired>
          <datatype reference="3"/>
          <conceptClass reference="51"/>
          <set>false</set>
          <creator/>
          <dateCreated id="309">2017-05-24 19:58:37</dateCreated>
          <changedBy/>
          <dateChanged id="310">2017-05-24 19:58:37</dateChanged>
          <names class="set" id="311">
            <org.openmrs.ConceptName id="312" uuid="7ced7fb4-c29d-442c-9311-7633ca09738a">
              <conceptNameId>34949</conceptNameId>
              <concept reference="308"/>
              <name>Enrollment blood work status</name>
              <locale id="313">en</locale>
              <creator/>
              <dateCreated id="314">2017-05-24 19:58:37</dateCreated>
              <voided>false</voided>
              <tags class="set" id="315"/>
              <conceptNameType>FULLY_SPECIFIED</conceptNameType>
              <localePreferred>true</localePreferred>
            </org.openmrs.ConceptName>
            <org.openmrs.ConceptName id="316" uuid="c926cac4-7425-4bdb-911c-05eedf8f2de5">
              <conceptNameId>34948</conceptNameId>
              <concept reference="308"/>
              <name>Enrollment blood status</name>
              <locale id="317">en</locale>
              <creator/>
              <dateCreated id="318">2017-05-24 19:58:37</dateCreated>
              <voided>false</voided>
              <tags class="set" id="319"/>
              <localePreferred>false</localePreferred>
            </org.openmrs.ConceptName>
          </names>
          <answers class="set" id="320"/>
          <conceptSets class="set" id="321"/>
          <descriptions class="set" id="322"/>
          <conceptMappings class="set" id="323">
            <org.openmrs.ConceptMap id="324" uuid="1c7bef63-982d-4e86-b239-4774c7a699e4">
              <conceptMapType reference="32"/>
              <creator/>
              <dateCreated id="325">2017-05-24 19:58:37</dateCreated>
              <conceptMapId>29341</conceptMapId>
              <concept reference="308"/>
              <conceptReferenceTerm id="326" resolves-to="org.openmrs.ConceptReferenceTerm" uuid="8567928e-b70f-4abe-8969-8061a5777bb3">
                <creator/>
                <dateCreated id="327">2017-05-24 19:58:19</dateCreated>
                <retired>false</retired>
                <conceptReferenceTermId>28759</conceptReferenceTermId>
                <conceptSource reference="37"/>
                <code>11400</code>
                <conceptReferenceTermMaps id="328"/>
              </conceptReferenceTerm>
            </org.openmrs.ConceptMap>
            <org.openmrs.ConceptMap id="329" uuid="69a6c50f-d378-49c0-bfa6-505770a8d4c8">
              <conceptMapType reference="32"/>
              <creator/>
              <dateCreated id="330">2017-05-24 19:58:37</dateCreated>
              <conceptMapId>29340</conceptMapId>
              <concept reference="308"/>
              <conceptReferenceTerm id="331" resolves-to="org.openmrs.ConceptReferenceTerm" uuid="e66f6ae7-41f7-4232-b8f4-0fdf1e205ef3">
                <creator/>
                <dateCreated id="332">2017-05-24 19:58:09</dateCreated>
                <retired>false</retired>
                <conceptReferenceTermId>28758</conceptReferenceTermId>
                <conceptSource reference="37"/>
                <code>Enrollment blood work status</code>
                <conceptReferenceTermMaps id="333"/>
              </conceptReferenceTerm>
            </org.openmrs.ConceptMap>
          </conceptMappings>
          <attributes id="334"/>
        </concept>
        <conceptSet reference="2"/>
        <sortWeight>1.0</sortWeight>
        <creator/>
        <dateCreated id="335">2017-05-24 20:04:29</dateCreated>
      </org.openmrs.ConceptSet>
      <org.openmrs.ConceptSet id="336" uuid="39bccdf4-084f-4355-9e10-9e394d64f7db">
        <conceptSetId>7591</conceptSetId>
        <concept id="337" resolves-to="org.openmrs.Concept" uuid="c1a26fe5-793e-45fc-875d-e895aa8646e6">
          <conceptId>11401</conceptId>
          <retired>false</retired>
          <datatype reference="3"/>
          <conceptClass reference="18"/>
          <set>false</set>
          <creator/>
          <dateCreated id="338">2017-05-24 19:59:18</dateCreated>
          <changedBy/>
          <dateChanged id="339">2017-05-24 20:00:23</dateChanged>
          <names class="set" id="340">
            <org.openmrs.ConceptName id="341" uuid="0d84540d-bf39-4513-b83c-af4fe3369bf5">
              <conceptNameId>34950</conceptNameId>
              <concept reference="337"/>
              <name>Blood drawn</name>
              <locale id="342">en</locale>
              <creator/>
              <dateCreated id="343">2017-05-24 19:59:18</dateCreated>
              <voided>false</voided>
              <tags class="set" id="344"/>
              <conceptNameType>FULLY_SPECIFIED</conceptNameType>
              <localePreferred>true</localePreferred>
            </org.openmrs.ConceptName>
          </names>
          <answers class="set" id="345"/>
          <conceptSets class="set" id="346"/>
          <descriptions class="set" id="347"/>
          <conceptMappings class="set" id="348">
            <org.openmrs.ConceptMap id="349" uuid="5bda70b4-504c-4b44-ba7b-cdc3b49309e2">
              <conceptMapType reference="32"/>
              <creator/>
              <dateCreated id="350">2017-05-24 20:00:23</dateCreated>
              <conceptMapId>29343</conceptMapId>
              <concept reference="337"/>
              <conceptReferenceTerm id="351" resolves-to="org.openmrs.ConceptReferenceTerm" uuid="0a7cd47f-9abf-48b0-b77a-29a9c977f224">
                <creator/>
                <dateCreated id="352">2017-05-24 19:59:43</dateCreated>
                <retired>false</retired>
                <conceptReferenceTermId>28761</conceptReferenceTermId>
                <conceptSource reference="37"/>
                <code>Blood drawn</code>
                <conceptReferenceTermMaps id="353"/>
              </conceptReferenceTerm>
            </org.openmrs.ConceptMap>
            <org.openmrs.ConceptMap id="354" uuid="acfac48c-6a7f-4f06-bf0b-4e071c580495">
              <conceptMapType reference="32"/>
              <creator/>
              <dateCreated id="355">2017-05-24 20:00:23</dateCreated>
              <conceptMapId>29342</conceptMapId>
              <concept reference="337"/>
              <conceptReferenceTerm id="356" resolves-to="org.openmrs.ConceptReferenceTerm" uuid="a4968074-d9c5-4b8a-8fee-3819b478bffa">
                <creator/>
                <dateCreated id="357">2017-05-24 19:59:35</dateCreated>
                <retired>false</retired>
                <conceptReferenceTermId>28760</conceptReferenceTermId>
                <conceptSource reference="37"/>
                <code>11401</code>
                <conceptReferenceTermMaps id="358"/>
              </conceptReferenceTerm>
            </org.openmrs.ConceptMap>
          </conceptMappings>
          <attributes id="359"/>
        </concept>
        <conceptSet reference="2"/>
        <sortWeight>2.0</sortWeight>
        <creator/>
        <dateCreated id="360">2017-05-24 20:04:29</dateCreated>
      </org.openmrs.ConceptSet>
      <org.openmrs.ConceptSet id="361" uuid="5fcf5e81-1798-4526-9c06-bd675eebec5a">
        <conceptSetId>7592</conceptSetId>
        <concept id="362" resolves-to="org.openmrs.Concept" uuid="8ae634e5-444b-4b6c-8510-36e0a0b36342">
          <conceptId>11402</conceptId>
          <retired>false</retired>
          <datatype reference="3"/>
          <conceptClass reference="18"/>
          <set>false</set>
          <creator/>
          <dateCreated id="363">2017-05-24 20:01:13</dateCreated>
          <changedBy/>
          <dateChanged id="364">2017-05-24 20:01:13</dateChanged>
          <names class="set" id="365">
            <org.openmrs.ConceptName id="366" uuid="4db4b7f9-edd4-4142-af29-efdf969bffe4">
              <conceptNameId>34951</conceptNameId>
              <concept reference="362"/>
              <name>Blood Processed</name>
              <locale id="367">en</locale>
              <creator/>
              <dateCreated id="368">2017-05-24 20:01:13</dateCreated>
              <voided>false</voided>
              <tags class="set" id="369"/>
              <conceptNameType>FULLY_SPECIFIED</conceptNameType>
              <localePreferred>true</localePreferred>
            </org.openmrs.ConceptName>
          </names>
          <answers class="set" id="370"/>
          <conceptSets class="set" id="371"/>
          <descriptions class="set" id="372"/>
          <conceptMappings class="set" id="373">
            <org.openmrs.ConceptMap id="374" uuid="4980efc7-f2d4-4e5a-9199-6bfb6910e53d">
              <conceptMapType reference="32"/>
              <creator/>
              <dateCreated id="375">2017-05-24 20:01:13</dateCreated>
              <conceptMapId>29344</conceptMapId>
              <concept reference="362"/>
              <conceptReferenceTerm id="376" resolves-to="org.openmrs.ConceptReferenceTerm" uuid="aa87e9e0-596b-46a8-ac72-938d5b7fc00c">
                <creator/>
                <dateCreated id="377">2017-05-24 20:01:04</dateCreated>
                <retired>false</retired>
                <conceptReferenceTermId>28765</conceptReferenceTermId>
                <conceptSource reference="37"/>
                <code>Blood Processed</code>
                <conceptReferenceTermMaps id="378"/>
              </conceptReferenceTerm>
            </org.openmrs.ConceptMap>
            <org.openmrs.ConceptMap id="379" uuid="be89f86c-9c02-4c85-bcaf-9c761274f562">
              <conceptMapType reference="32"/>
              <creator/>
              <dateCreated id="380">2017-05-24 20:01:13</dateCreated>
              <conceptMapId>29345</conceptMapId>
              <concept reference="362"/>
              <conceptReferenceTerm id="381" resolves-to="org.openmrs.ConceptReferenceTerm" uuid="bf95d2f4-2910-4a3b-a334-0ad1b0e9b8b0">
                <creator/>
                <dateCreated id="382">2017-05-24 19:59:50</dateCreated>
                <retired>false</retired>
                <conceptReferenceTermId>28762</conceptReferenceTermId>
                <conceptSource reference="37"/>
                <code>11402</code>
                <conceptReferenceTermMaps id="383"/>
              </conceptReferenceTerm>
            </org.openmrs.ConceptMap>
          </conceptMappings>
          <attributes id="384"/>
        </concept>
        <conceptSet reference="2"/>
        <sortWeight>3.0</sortWeight>
        <creator/>
        <dateCreated id="385">2017-05-24 20:04:29</dateCreated>
      </org.openmrs.ConceptSet>
    </conceptSets>
    <descriptions class="set" id="386"/>
    <conceptMappings class="set" id="387"/>
    <attributes id="388"/>
  </org.openmrs.Concept>
</list>
