<?xml version="1.0" encoding="UTF-8"?>
<package id="1" uuid="dcebc7a3-a304-4ff1-9a22-c03b175d78ee">
  <dateCreated id="2">2013-11-22 19:58:30</dateCreated>
  <name>HUM Metadata</name>
  <description>Metadata for Mirebalais Hospital. (Does not include locations or roles/privileges. Does not include clinical concepts.)  </description>
  <openmrsVersion>1.9.4 SNAPSHOT Build 7297fb</openmrsVersion>
  <version>53</version>
  <groupUuid>fa25ad0c-66cc-4715-8464-58570f7b5132</groupUuid>
  <modules id="3">
    <entry>
      <string>uilibrary</string>
      <string>2.0.3.1</string>
    </entry>
    <entry>
      <string>reportingcompatibility</string>
      <string>1.5.4.1</string>
    </entry>
    <entry>
      <string>groovy</string>
      <string>2.2.1</string>
    </entry>
    <entry>
      <string>providermanagement</string>
      <string>1.1.1</string>
    </entry>
    <entry>
      <string>uiframework</string>
      <string>2.4</string>
    </entry>
    <entry>
      <string>validation</string>
      <string>1.0.1</string>
    </entry>
    <entry>
      <string>htmlformentry</string>
      <string>2.1-SNAPSHOT</string>
    </entry>
    <entry>
      <string>htmlformentry19ext</string>
      <string>1.0</string>
    </entry>
    <entry>
      <string>metadatamapping</string>
      <string>1.0.1</string>
    </entry>
    <entry>
      <string>metadatasharing</string>
      <string>1.1.7.1</string>
    </entry>
    <entry>
      <string>logic</string>
      <string>0.5.2</string>
    </entry>
    <entry>
      <string>serialization.xstream</string>
      <string>0.2.7</string>
    </entry>
  </modules>
  <items class="linked-hash-set" id="4">
    <org.openmrs.module.metadatasharing.Item id="5" uuid="139766e8-15f5-102d-96e4-000c29c2a5d7">
      <id>1</id>
      <classname>org.openmrs.PatientIdentifierType</classname>
      <dateChanged id="6">2005-09-22 00:00:00</dateChanged>
      <retired>false</retired>
    </org.openmrs.module.metadatasharing.Item>
    <org.openmrs.module.metadatasharing.Item id="7" uuid="e66645eb-03a8-4991-b4ce-e87318e37566">
      <id>11</id>
      <classname>org.openmrs.PatientIdentifierType</classname>
      <dateChanged id="8">2012-01-24 15:00:55</dateChanged>
      <retired>false</retired>
    </org.openmrs.module.metadatasharing.Item>
    <org.openmrs.module.metadatasharing.Item id="9" uuid="9dbea4d4-35a9-4793-959e-952f2a9f5347">
      <id>12</id>
      <classname>org.openmrs.PatientIdentifierType</classname>
      <dateChanged id="10">2013-05-30 14:26:44</dateChanged>
      <retired>false</retired>
    </org.openmrs.module.metadatasharing.Item>
    <org.openmrs.module.metadatasharing.Item id="11" uuid="a541af1e-105c-40bf-b345-ba1fd6a59b85">
      <id>7</id>
      <classname>org.openmrs.PatientIdentifierType</classname>
      <dateChanged id="12">2010-11-16 12:39:56</dateChanged>
      <retired>false</retired>
    </org.openmrs.module.metadatasharing.Item>
    <org.openmrs.module.metadatasharing.Item id="13" uuid="f01c54cb-2225-471a-9cd5-d348552c337c">
      <id>1</id>
      <classname>org.openmrs.VisitType</classname>
      <dateChanged id="14">2012-10-23 18:04:14</dateChanged>
      <retired>false</retired>
    </org.openmrs.module.metadatasharing.Item>
    <org.openmrs.module.metadatasharing.Item id="15" uuid="6de6c415-97a2-4cca-817a-9501cd9ef382">
      <id>13</id>
      <classname>org.openmrs.PersonAttributeType</classname>
      <dateChanged id="16">2012-08-22 13:25:37</dateChanged>
      <retired>false</retired>
    </org.openmrs.module.metadatasharing.Item>
    <org.openmrs.module.metadatasharing.Item id="17" uuid="14d4f066-15f5-102d-96e4-000c29c2a5d7">
      <id>9</id>
      <classname>org.openmrs.PersonAttributeType</classname>
      <dateChanged id="18">2007-08-16 14:38:20</dateChanged>
      <retired>false</retired>
    </org.openmrs.module.metadatasharing.Item>
    <org.openmrs.module.metadatasharing.Item id="19" uuid="8b56eac7-5c76-4b9c-8c6f-1deab8d3fc47">
      <id>14</id>
      <classname>org.openmrs.PersonAttributeType</classname>
      <dateChanged id="20">2012-10-19 21:24:15</dateChanged>
      <retired>false</retired>
    </org.openmrs.module.metadatasharing.Item>
    <org.openmrs.module.metadatasharing.Item id="21" uuid="55a0d3ea-a4d7-4e88-8f01-5aceb2d3c61b">
      <id>29</id>
      <classname>org.openmrs.EncounterType</classname>
      <dateChanged id="22">2012-01-24 10:39:13</dateChanged>
      <retired>false</retired>
    </org.openmrs.module.metadatasharing.Item>
    <org.openmrs.module.metadatasharing.Item id="23" uuid="f1c286d0-b83f-4cd4-8348-7ea3c28ead13">
      <id>32</id>
      <classname>org.openmrs.EncounterType</classname>
      <dateChanged id="24">2012-12-07 16:04:32</dateChanged>
      <retired>false</retired>
    </org.openmrs.module.metadatasharing.Item>
    <org.openmrs.module.metadatasharing.Item id="25" uuid="d5ca53a7-d3b5-44ac-9aa2-1491d2a4b4e9">
      <id>38</id>
      <classname>org.openmrs.EncounterType</classname>
      <dateChanged id="26">2013-04-19 14:27:02</dateChanged>
      <retired>false</retired>
    </org.openmrs.module.metadatasharing.Item>
    <org.openmrs.module.metadatasharing.Item id="27" uuid="1373cf95-06e8-468b-a3da-360ac1cf026d">
      <id>30</id>
      <classname>org.openmrs.EncounterType</classname>
      <dateChanged id="28">2012-01-24 10:40:50</dateChanged>
      <retired>false</retired>
    </org.openmrs.module.metadatasharing.Item>
    <org.openmrs.module.metadatasharing.Item id="29" uuid="c4941dee-7a9b-4c1c-aa6f-8193e9e5e4e5">
      <id>34</id>
      <classname>org.openmrs.EncounterType</classname>
      <dateChanged id="30">2013-01-14 20:47:38</dateChanged>
      <retired>false</retired>
    </org.openmrs.module.metadatasharing.Item>
    <org.openmrs.module.metadatasharing.Item id="31" uuid="436cfe33-6b81-40ef-a455-f134a9f7e580">
      <id>41</id>
      <classname>org.openmrs.EncounterType</classname>
      <dateChanged id="32">2013-05-16 00:41:12</dateChanged>
      <retired>false</retired>
    </org.openmrs.module.metadatasharing.Item>
    <org.openmrs.module.metadatasharing.Item id="33" uuid="4fb47712-34a6-40d2-8ed3-e153abbd25b7">
      <id>33</id>
      <classname>org.openmrs.EncounterType</classname>
      <dateChanged id="34">2013-01-14 20:43:05</dateChanged>
      <retired>false</retired>
    </org.openmrs.module.metadatasharing.Item>
    <org.openmrs.module.metadatasharing.Item id="35" uuid="873f968a-73a8-4f9c-ac78-9f4778b751b6">
      <id>31</id>
      <classname>org.openmrs.EncounterType</classname>
      <dateChanged id="36">2012-01-24 10:38:06</dateChanged>
      <retired>false</retired>
    </org.openmrs.module.metadatasharing.Item>
    <org.openmrs.module.metadatasharing.Item id="37" uuid="b6631959-2105-49dd-b154-e1249e0fbcd7">
      <id>40</id>
      <classname>org.openmrs.EncounterType</classname>
      <dateChanged id="38">2013-05-15 01:21:05</dateChanged>
      <retired>false</retired>
    </org.openmrs.module.metadatasharing.Item>
    <org.openmrs.module.metadatasharing.Item id="39" uuid="5b1b4a4e-0084-4137-87db-dba76c784439">
      <id>37</id>
      <classname>org.openmrs.EncounterType</classname>
      <dateChanged id="40">2013-04-19 14:24:09</dateChanged>
      <retired>false</retired>
    </org.openmrs.module.metadatasharing.Item>
    <org.openmrs.module.metadatasharing.Item id="41" uuid="8ff50dea-18a1-4609-b4c9-3f8f2d611b84">
      <id>42</id>
      <classname>org.openmrs.EncounterType</classname>
      <dateChanged id="42">2013-08-20 19:18:38</dateChanged>
      <retired>false</retired>
    </org.openmrs.module.metadatasharing.Item>
    <org.openmrs.module.metadatasharing.Item id="43" uuid="260566e1-c909-4d61-a96f-c1019291a09d">
      <id>39</id>
      <classname>org.openmrs.EncounterType</classname>
      <dateChanged id="44">2013-05-15 01:19:35</dateChanged>
      <retired>false</retired>
    </org.openmrs.module.metadatasharing.Item>
    <org.openmrs.module.metadatasharing.Item id="45" uuid="1b3d1e13-f0b1-4b83-86ea-b1b1e2fb4efa">
      <id>35</id>
      <classname>org.openmrs.EncounterType</classname>
      <dateChanged id="46">2013-02-15 20:45:33</dateChanged>
      <retired>false</retired>
    </org.openmrs.module.metadatasharing.Item>
    <org.openmrs.module.metadatasharing.Item id="47" uuid="92fd09b4-5335-4f7e-9f63-b2a663fd09a6">
      <id>36</id>
      <classname>org.openmrs.EncounterType</classname>
      <dateChanged id="48">2013-02-21 00:58:25</dateChanged>
      <retired>false</retired>
    </org.openmrs.module.metadatasharing.Item>
    <org.openmrs.module.metadatasharing.Item id="49" uuid="bad21515-fd04-4ff6-bfcd-78456d12f168">
      <id>11</id>
      <classname>org.openmrs.EncounterRole</classname>
      <dateChanged id="50">2013-08-29 20:45:05</dateChanged>
      <retired>false</retired>
    </org.openmrs.module.metadatasharing.Item>
    <org.openmrs.module.metadatasharing.Item id="51" uuid="98bf2792-3f0a-4388-81bb-c78b29c0df92">
      <id>6</id>
      <classname>org.openmrs.EncounterRole</classname>
      <dateChanged id="52">2013-01-29 16:20:43</dateChanged>
      <retired>false</retired>
    </org.openmrs.module.metadatasharing.Item>
    <org.openmrs.module.metadatasharing.Item id="53" uuid="4f10ad1a-ec49-48df-98c7-1391c6ac7f05">
      <id>8</id>
      <classname>org.openmrs.EncounterRole</classname>
      <dateChanged id="54">2013-02-21 01:10:42</dateChanged>
      <retired>false</retired>
    </org.openmrs.module.metadatasharing.Item>
    <org.openmrs.module.metadatasharing.Item id="55" uuid="8f4d96e2-c97c-4285-9319-e56b9ba6029c">
      <id>9</id>
      <classname>org.openmrs.EncounterRole</classname>
      <dateChanged id="56">2013-04-19 14:30:35</dateChanged>
      <retired>false</retired>
    </org.openmrs.module.metadatasharing.Item>
    <org.openmrs.module.metadatasharing.Item id="57" uuid="cbfe0b9d-9923-404c-941b-f048adc8cdc0">
      <id>2</id>
      <classname>org.openmrs.EncounterRole</classname>
      <dateChanged id="58">2012-10-24 20:31:51</dateChanged>
      <retired>false</retired>
    </org.openmrs.module.metadatasharing.Item>
    <org.openmrs.module.metadatasharing.Item id="59" uuid="c458d78e-8374-4767-ad58-9f8fe276e01c">
      <id>7</id>
      <classname>org.openmrs.EncounterRole</classname>
      <dateChanged id="60">2013-02-15 21:26:25</dateChanged>
      <retired>false</retired>
    </org.openmrs.module.metadatasharing.Item>
    <org.openmrs.module.metadatasharing.Item id="61" uuid="08f73be2-9452-44b5-801b-bdf7418c2f71">
      <id>10</id>
      <classname>org.openmrs.EncounterRole</classname>
      <dateChanged id="62">2013-04-19 14:33:09</dateChanged>
      <retired>false</retired>
    </org.openmrs.module.metadatasharing.Item>
    <org.openmrs.module.metadatasharing.Item id="63" uuid="5a3a8d2e-97c3-4797-a6a8-5417e6e699ec">
      <id>4</id>
      <classname>org.openmrs.OrderType</classname>
      <dateChanged id="64">2012-10-22 21:20:01</dateChanged>
      <retired>false</retired>
    </org.openmrs.module.metadatasharing.Item>
    <org.openmrs.module.metadatasharing.Item id="65" uuid="1fdda9ad-2728-423b-9150-dabe107b8669">
      <id>8604</id>
      <classname>org.openmrs.Concept</classname>
      <dateChanged id="66">2013-09-26 19:57:15</dateChanged>
      <retired>false</retired>
    </org.openmrs.module.metadatasharing.Item>
    <org.openmrs.module.metadatasharing.Item id="67" uuid="7a6330f1-9503-465c-8d63-82e1ad914b47">
      <id>7810</id>
      <classname>org.openmrs.Concept</classname>
      <dateChanged id="68">2013-11-21 13:58:01</dateChanged>
      <retired>false</retired>
    </org.openmrs.module.metadatasharing.Item>
    <org.openmrs.module.metadatasharing.Item id="69" uuid="ac2c66f7-4a88-4591-8cfa-4ca986f46de9">
      <id>8594</id>
      <classname>org.openmrs.Concept</classname>
      <dateChanged id="70">2013-09-26 19:57:15</dateChanged>
      <retired>false</retired>
    </org.openmrs.module.metadatasharing.Item>
    <org.openmrs.module.metadatasharing.Item id="71" uuid="84e003b6-04f7-40ae-b31b-90a973dd7b04">
      <id>7572</id>
      <classname>org.openmrs.Concept</classname>
      <dateChanged id="72">2012-09-20 18:24:17</dateChanged>
      <retired>false</retired>
    </org.openmrs.module.metadatasharing.Item>
  </items>
  <relatedItems class="linked-hash-set" id="73">
    <org.openmrs.module.metadatasharing.Item id="74" uuid="8d4a4c94-c2cc-11de-8d13-0010c6dffd0f">
      <id>4</id>
      <classname>org.openmrs.ConceptDatatype</classname>
      <dateChanged id="75">2004-02-02 05:00:00</dateChanged>
      <retired>false</retired>
    </org.openmrs.module.metadatasharing.Item>
    <org.openmrs.module.metadatasharing.Item id="76" uuid="8d492594-c2cc-11de-8d13-0010c6dffd0f">
      <id>10</id>
      <classname>org.openmrs.ConceptClass</classname>
      <dateChanged id="77">2004-03-02 00:00:00</dateChanged>
      <retired>false</retired>
    </org.openmrs.module.metadatasharing.Item>
    <org.openmrs.module.metadatasharing.Item id="78" uuid="9b5a48d5-9685-4d01-afce-b4f07cd6ee11">
      <id>21365</id>
      <classname>org.openmrs.ConceptName</classname>
      <dateChanged id="79">2013-04-05 15:31:20</dateChanged>
    </org.openmrs.module.metadatasharing.Item>
    <org.openmrs.module.metadatasharing.Item id="80" uuid="0a90e1a1-0e23-4ec0-a932-384116b34951">
      <id>3679</id>
      <classname>org.openmrs.ConceptSet</classname>
      <dateChanged id="81">2013-04-05 15:31:20</dateChanged>
    </org.openmrs.module.metadatasharing.Item>
    <org.openmrs.module.metadatasharing.Item id="82" uuid="57f4473c-4420-4dd8-9e56-5cac985d1fa1">
      <id>8593</id>
      <classname>org.openmrs.Concept</classname>
      <dateChanged id="83">2013-09-26 19:57:17</dateChanged>
      <retired>false</retired>
    </org.openmrs.module.metadatasharing.Item>
    <org.openmrs.module.metadatasharing.Item id="84" uuid="8d4a4ab4-c2cc-11de-8d13-0010c6dffd0f">
      <id>3</id>
      <classname>org.openmrs.ConceptDatatype</classname>
      <dateChanged id="85">2004-02-02 00:00:00</dateChanged>
      <retired>false</retired>
    </org.openmrs.module.metadatasharing.Item>
    <org.openmrs.module.metadatasharing.Item id="86" uuid="8d491e50-c2cc-11de-8d13-0010c6dffd0f">
      <id>7</id>
      <classname>org.openmrs.ConceptClass</classname>
      <dateChanged id="87">2004-03-02 00:00:00</dateChanged>
      <retired>false</retired>
    </org.openmrs.module.metadatasharing.Item>
    <org.openmrs.module.metadatasharing.Item id="88" uuid="0ca259ac-cc15-4902-9649-1957dd0ae675">
      <id>21264</id>
      <classname>org.openmrs.ConceptName</classname>
      <dateChanged id="89">2013-04-04 14:13:25</dateChanged>
    </org.openmrs.module.metadatasharing.Item>
    <org.openmrs.module.metadatasharing.Item id="90" uuid="52ddc5cf-e724-4d5a-919d-d0009a84deb4">
      <id>21265</id>
      <classname>org.openmrs.ConceptName</classname>
      <dateChanged id="91">2013-04-04 14:13:25</dateChanged>
    </org.openmrs.module.metadatasharing.Item>
    <org.openmrs.module.metadatasharing.Item id="92" uuid="1fb29c71-0c38-4f6a-a22b-da007132fbc8">
      <id>6282</id>
      <classname>org.openmrs.ConceptDescription</classname>
      <dateChanged id="93">2013-04-04 14:13:25</dateChanged>
    </org.openmrs.module.metadatasharing.Item>
    <org.openmrs.module.metadatasharing.Item id="94" uuid="c04d4ec4-73d0-4e1d-ad77-1ded48bebf20">
      <id>20043</id>
      <classname>org.openmrs.ConceptMap</classname>
      <dateChanged id="95">2013-09-26 19:57:16</dateChanged>
    </org.openmrs.module.metadatasharing.Item>
    <org.openmrs.module.metadatasharing.Item id="96" uuid="35543629-7d8c-11e1-909d-c80aa9edcf4e">
      <id>1</id>
      <classname>org.openmrs.ConceptMapType</classname>
      <dateChanged id="97">2012-06-21 00:00:00</dateChanged>
      <retired>false</retired>
    </org.openmrs.module.metadatasharing.Item>
    <org.openmrs.module.metadatasharing.Item id="98" uuid="0c2f795d-dddf-4ac6-955a-4077c32846b3">
      <id>19915</id>
      <classname>org.openmrs.ConceptReferenceTerm</classname>
      <dateChanged id="99">2013-09-26 19:38:23</dateChanged>
      <retired>false</retired>
    </org.openmrs.module.metadatasharing.Item>
    <org.openmrs.module.metadatasharing.Item id="100" uuid="edd52713-8887-47b7-ba9e-6e1148824ca4">
      <id>31</id>
      <classname>org.openmrs.ConceptSource</classname>
      <dateChanged id="101">2013-09-04 19:50:05</dateChanged>
      <retired>false</retired>
    </org.openmrs.module.metadatasharing.Item>
    <org.openmrs.module.metadatasharing.Item id="102" uuid="c896702a-2118-4970-a0be-47e3d0726aaf">
      <id>17584</id>
      <classname>org.openmrs.ConceptMap</classname>
      <dateChanged id="103">2013-04-19 14:46:32</dateChanged>
    </org.openmrs.module.metadatasharing.Item>
    <org.openmrs.module.metadatasharing.Item id="104" uuid="3a0409cb-3bcf-4a1f-b429-d9d065f4926d">
      <id>17549</id>
      <classname>org.openmrs.ConceptReferenceTerm</classname>
      <dateChanged id="105">2013-04-19 14:46:18</dateChanged>
      <retired>false</retired>
    </org.openmrs.module.metadatasharing.Item>
    <org.openmrs.module.metadatasharing.Item id="106" uuid="b5e44116-778f-11e2-ad73-903c7bb72694">
      <id>25</id>
      <classname>org.openmrs.ConceptSource</classname>
      <dateChanged id="107">2013-02-20 04:39:48</dateChanged>
      <retired>false</retired>
    </org.openmrs.module.metadatasharing.Item>
    <org.openmrs.module.metadatasharing.Item id="108" uuid="bf772e06-8ac6-4b03-8910-ae82cf9e9941">
      <id>17523</id>
      <classname>org.openmrs.ConceptMap</classname>
      <dateChanged id="109">2013-04-04 14:26:19</dateChanged>
    </org.openmrs.module.metadatasharing.Item>
    <org.openmrs.module.metadatasharing.Item id="110" uuid="59deb1a7-48fa-4bf8-b7ad-d4fe2cd00e08">
      <id>17491</id>
      <classname>org.openmrs.ConceptReferenceTerm</classname>
      <dateChanged id="111">2013-04-04 14:26:00</dateChanged>
      <retired>false</retired>
    </org.openmrs.module.metadatasharing.Item>
    <org.openmrs.module.metadatasharing.Item id="112" uuid="fb9aaaf1-65e2-4c18-b53c-16b575f2f385">
      <id>5</id>
      <classname>org.openmrs.ConceptSource</classname>
      <dateChanged id="113">2010-11-23 13:56:26</dateChanged>
      <retired>false</retired>
    </org.openmrs.module.metadatasharing.Item>
    <org.openmrs.module.metadatasharing.Item id="114" uuid="dca92029-90cd-459b-8fba-a31fd2c6cb94">
      <id>17524</id>
      <classname>org.openmrs.ConceptMap</classname>
      <dateChanged id="115">2013-04-04 14:26:19</dateChanged>
    </org.openmrs.module.metadatasharing.Item>
    <org.openmrs.module.metadatasharing.Item id="116" uuid="3f0c775c-e3ba-4f05-b00e-f94275e2da3c">
      <id>17488</id>
      <classname>org.openmrs.ConceptReferenceTerm</classname>
      <dateChanged id="117">2013-04-04 14:23:01</dateChanged>
      <retired>false</retired>
    </org.openmrs.module.metadatasharing.Item>
    <org.openmrs.module.metadatasharing.Item id="118" uuid="9731ea5e-89e1-4683-9e47-2961e113cd62">
      <id>3681</id>
      <classname>org.openmrs.ConceptSet</classname>
      <dateChanged id="119">2013-04-05 15:34:32</dateChanged>
    </org.openmrs.module.metadatasharing.Item>
    <org.openmrs.module.metadatasharing.Item id="120" uuid="44899793-4fbf-46fd-ae05-c2c60606bdda">
      <id>8605</id>
      <classname>org.openmrs.Concept</classname>
      <dateChanged id="121">2013-09-26 19:57:17</dateChanged>
      <retired>false</retired>
    </org.openmrs.module.metadatasharing.Item>
    <org.openmrs.module.metadatasharing.Item id="122" uuid="8d4a5cca-c2cc-11de-8d13-0010c6dffd0f">
      <id>10</id>
      <classname>org.openmrs.ConceptDatatype</classname>
      <dateChanged id="123">2004-08-26 00:00:00</dateChanged>
      <retired>false</retired>
    </org.openmrs.module.metadatasharing.Item>
    <org.openmrs.module.metadatasharing.Item id="124" uuid="106c152d-4d26-414a-a200-e91c7c26d7f7">
      <id>21366</id>
      <classname>org.openmrs.ConceptName</classname>
      <dateChanged id="125">2013-04-05 15:33:16</dateChanged>
    </org.openmrs.module.metadatasharing.Item>
    <org.openmrs.module.metadatasharing.Item id="126" uuid="d0aae034-cb55-4b6a-840e-c459f9b87eb1">
      <id>21367</id>
      <classname>org.openmrs.ConceptName</classname>
      <dateChanged id="127">2013-04-05 15:33:16</dateChanged>
    </org.openmrs.module.metadatasharing.Item>
    <org.openmrs.module.metadatasharing.Item id="128" uuid="3c1abbf9-c406-496d-ab53-0ed0a8ef5020">
      <id>6291</id>
      <classname>org.openmrs.ConceptDescription</classname>
      <dateChanged id="129">2013-04-05 15:33:16</dateChanged>
    </org.openmrs.module.metadatasharing.Item>
    <org.openmrs.module.metadatasharing.Item id="130" uuid="f2be7900-ccbd-4132-a2b6-b0f9da6b06b8">
      <id>17585</id>
      <classname>org.openmrs.ConceptMap</classname>
      <dateChanged id="131">2013-04-19 14:48:18</dateChanged>
    </org.openmrs.module.metadatasharing.Item>
    <org.openmrs.module.metadatasharing.Item id="132" uuid="362bbcfb-59b8-490e-9a39-c9f18c0c81ed">
      <id>17550</id>
      <classname>org.openmrs.ConceptReferenceTerm</classname>
      <dateChanged id="133">2013-04-19 14:48:04</dateChanged>
      <retired>false</retired>
    </org.openmrs.module.metadatasharing.Item>
    <org.openmrs.module.metadatasharing.Item id="134" uuid="5b37b074-b0d9-4e70-acaa-444e2a0054c8">
      <id>20044</id>
      <classname>org.openmrs.ConceptMap</classname>
      <dateChanged id="135">2013-09-26 19:57:17</dateChanged>
    </org.openmrs.module.metadatasharing.Item>
    <org.openmrs.module.metadatasharing.Item id="136" uuid="2526d866-7f00-4526-8597-0bc2a525b339">
      <id>19916</id>
      <classname>org.openmrs.ConceptReferenceTerm</classname>
      <dateChanged id="137">2013-09-26 19:38:23</dateChanged>
      <retired>false</retired>
    </org.openmrs.module.metadatasharing.Item>
    <org.openmrs.module.metadatasharing.Item id="138" uuid="8cc9c3a8-9a70-4a7f-bfb6-8f9f6f730d5f">
      <id>17547</id>
      <classname>org.openmrs.ConceptMap</classname>
      <dateChanged id="139">2013-04-05 15:33:16</dateChanged>
    </org.openmrs.module.metadatasharing.Item>
    <org.openmrs.module.metadatasharing.Item id="140" uuid="caf13874-2051-45d1-a95d-cce0d35f09ac">
      <id>17513</id>
      <classname>org.openmrs.ConceptReferenceTerm</classname>
      <dateChanged id="141">2013-04-05 15:32:57</dateChanged>
      <retired>false</retired>
    </org.openmrs.module.metadatasharing.Item>
    <org.openmrs.module.metadatasharing.Item id="142" uuid="a573f00d-6913-40b8-8ccd-5dbec7788eac">
      <id>17548</id>
      <classname>org.openmrs.ConceptMap</classname>
      <dateChanged id="143">2013-04-05 15:33:43</dateChanged>
    </org.openmrs.module.metadatasharing.Item>
    <org.openmrs.module.metadatasharing.Item id="144" uuid="42d5221c-bf9d-4f8c-a830-bf9e16371a9c">
      <id>17514</id>
      <classname>org.openmrs.ConceptReferenceTerm</classname>
      <dateChanged id="145">2013-04-05 15:33:27</dateChanged>
      <retired>false</retired>
    </org.openmrs.module.metadatasharing.Item>
    <org.openmrs.module.metadatasharing.Item id="146" uuid="d60890e1-dff0-4a3c-ad36-81e1f9e0852b">
      <id>3781</id>
      <classname>org.openmrs.ConceptSet</classname>
      <dateChanged id="147">2013-04-19 16:17:57</dateChanged>
    </org.openmrs.module.metadatasharing.Item>
    <org.openmrs.module.metadatasharing.Item id="148" uuid="d12c94fe-264a-4471-9b31-b03a6d2ca078">
      <id>8614</id>
      <classname>org.openmrs.Concept</classname>
      <dateChanged id="149">2013-09-26 19:57:18</dateChanged>
      <retired>false</retired>
    </org.openmrs.module.metadatasharing.Item>
    <org.openmrs.module.metadatasharing.Item id="150" uuid="8d4a48b6-c2cc-11de-8d13-0010c6dffd0f">
      <id>2</id>
      <classname>org.openmrs.ConceptDatatype</classname>
      <dateChanged id="151">2004-02-02 00:00:00</dateChanged>
      <retired>false</retired>
    </org.openmrs.module.metadatasharing.Item>
    <org.openmrs.module.metadatasharing.Item id="152" uuid="88bf6821-2ef7-46c6-84de-af28e831f0df">
      <id>21460</id>
      <classname>org.openmrs.ConceptName</classname>
      <dateChanged id="153">2013-04-19 16:15:12</dateChanged>
    </org.openmrs.module.metadatasharing.Item>
    <org.openmrs.module.metadatasharing.Item id="154" uuid="816ad81b-36e5-45d7-98d3-5b272349098e">
      <id>6294</id>
      <classname>org.openmrs.ConceptDescription</classname>
      <dateChanged id="155">2013-04-19 16:15:12</dateChanged>
    </org.openmrs.module.metadatasharing.Item>
    <org.openmrs.module.metadatasharing.Item id="156" uuid="59c1f908-0f61-4868-8d24-de137b1f073c">
      <id>17588</id>
      <classname>org.openmrs.ConceptMap</classname>
      <dateChanged id="157">2013-04-19 16:19:57</dateChanged>
    </org.openmrs.module.metadatasharing.Item>
    <org.openmrs.module.metadatasharing.Item id="158" uuid="3e706878-800f-448e-9582-48a311acb43f">
      <id>17552</id>
      <classname>org.openmrs.ConceptReferenceTerm</classname>
      <dateChanged id="159">2013-04-19 16:19:15</dateChanged>
      <retired>false</retired>
    </org.openmrs.module.metadatasharing.Item>
    <org.openmrs.module.metadatasharing.Item id="160" uuid="f6a84784-6a57-4b96-85c1-0646a1dd571a">
      <id>17589</id>
      <classname>org.openmrs.ConceptMap</classname>
      <dateChanged id="161">2013-04-19 16:19:57</dateChanged>
    </org.openmrs.module.metadatasharing.Item>
    <org.openmrs.module.metadatasharing.Item id="162" uuid="fa31ffe1-880c-44dc-a7f7-cb06ae3b6153">
      <id>17553</id>
      <classname>org.openmrs.ConceptReferenceTerm</classname>
      <dateChanged id="163">2013-04-19 16:19:27</dateChanged>
      <retired>false</retired>
    </org.openmrs.module.metadatasharing.Item>
    <org.openmrs.module.metadatasharing.Item id="164" uuid="baff0cd8-ec10-4ffa-aa82-40326b5e40f3">
      <id>20045</id>
      <classname>org.openmrs.ConceptMap</classname>
      <dateChanged id="165">2013-09-26 19:57:18</dateChanged>
    </org.openmrs.module.metadatasharing.Item>
    <org.openmrs.module.metadatasharing.Item id="166" uuid="27891ac7-16c4-4076-9621-04f34c81305e">
      <id>19917</id>
      <classname>org.openmrs.ConceptReferenceTerm</classname>
      <dateChanged id="167">2013-09-26 19:38:23</dateChanged>
      <retired>false</retired>
    </org.openmrs.module.metadatasharing.Item>
    <org.openmrs.module.metadatasharing.Item id="168" uuid="9ffa04aa-bcc4-4c3b-be7f-8386d91a9ec9">
      <id>17587</id>
      <classname>org.openmrs.ConceptMap</classname>
      <dateChanged id="169">2013-04-19 16:16:46</dateChanged>
    </org.openmrs.module.metadatasharing.Item>
    <org.openmrs.module.metadatasharing.Item id="170" uuid="cacdf9d8-69d5-4065-b661-b0dc9ad1e83a">
      <id>17551</id>
      <classname>org.openmrs.ConceptReferenceTerm</classname>
      <dateChanged id="171">2013-04-19 15:00:52</dateChanged>
      <retired>false</retired>
    </org.openmrs.module.metadatasharing.Item>
    <org.openmrs.module.metadatasharing.Item id="172" uuid="fc54db7e-5e19-47f3-8e65-e7c9af060d50">
      <id>6290</id>
      <classname>org.openmrs.ConceptDescription</classname>
      <dateChanged id="173">2013-04-05 15:31:20</dateChanged>
    </org.openmrs.module.metadatasharing.Item>
    <org.openmrs.module.metadatasharing.Item id="174" uuid="31534a0b-6eb4-4155-97de-885c518fb798">
      <id>20039</id>
      <classname>org.openmrs.ConceptMap</classname>
      <dateChanged id="175">2013-09-26 19:57:14</dateChanged>
    </org.openmrs.module.metadatasharing.Item>
    <org.openmrs.module.metadatasharing.Item id="176" uuid="4b4c9687-2767-49ac-b95a-88f6513a54a2">
      <id>19923</id>
      <classname>org.openmrs.ConceptReferenceTerm</classname>
      <dateChanged id="177">2013-09-26 19:38:23</dateChanged>
      <retired>false</retired>
    </org.openmrs.module.metadatasharing.Item>
    <org.openmrs.module.metadatasharing.Item id="178" uuid="74262c0e-79f6-46c3-978d-75780595b17e">
      <id>17580</id>
      <classname>org.openmrs.ConceptMap</classname>
      <dateChanged id="179">2013-04-19 14:37:00</dateChanged>
    </org.openmrs.module.metadatasharing.Item>
    <org.openmrs.module.metadatasharing.Item id="180" uuid="2b754ea9-a04d-4ef6-a321-cc44273403e5">
      <id>17545</id>
      <classname>org.openmrs.ConceptReferenceTerm</classname>
      <dateChanged id="181">2013-04-19 14:39:11</dateChanged>
      <retired>false</retired>
    </org.openmrs.module.metadatasharing.Item>
    <org.openmrs.module.metadatasharing.Item id="182" uuid="a9878b7b-c966-4d78-bf91-c4e03325cf50">
      <id>17549</id>
      <classname>org.openmrs.ConceptMap</classname>
      <dateChanged id="183">2013-04-05 15:38:58</dateChanged>
    </org.openmrs.module.metadatasharing.Item>
    <org.openmrs.module.metadatasharing.Item id="184" uuid="ba04fa92-0b55-4b85-b620-ad82f6330217">
      <id>17515</id>
      <classname>org.openmrs.ConceptReferenceTerm</classname>
      <dateChanged id="185">2013-04-05 15:34:54</dateChanged>
      <retired>false</retired>
    </org.openmrs.module.metadatasharing.Item>
    <org.openmrs.module.metadatasharing.Item id="186" uuid="ddeb25fb-6e3f-439a-90c8-d46259850995">
      <id>25198</id>
      <classname>org.openmrs.ConceptName</classname>
      <dateChanged id="187">2013-11-21 13:58:01</dateChanged>
    </org.openmrs.module.metadatasharing.Item>
    <org.openmrs.module.metadatasharing.Item id="188" uuid="8eda22f2-35a1-45ab-81ad-d47c98f87667">
      <id>25195</id>
      <classname>org.openmrs.ConceptName</classname>
      <dateChanged id="189">2013-11-19 14:44:04</dateChanged>
    </org.openmrs.module.metadatasharing.Item>
    <org.openmrs.module.metadatasharing.Item id="190" uuid="8af62975-330e-4de7-ab85-1cc5ae5da9a8">
      <id>17745</id>
      <classname>org.openmrs.ConceptName</classname>
      <dateChanged id="191">2012-12-07 20:27:02</dateChanged>
    </org.openmrs.module.metadatasharing.Item>
    <org.openmrs.module.metadatasharing.Item id="192" uuid="58061275-ef49-40a0-8f97-b87f2c9c5876">
      <id>25194</id>
      <classname>org.openmrs.ConceptName</classname>
      <dateChanged id="193">2013-11-19 14:43:40</dateChanged>
    </org.openmrs.module.metadatasharing.Item>
    <org.openmrs.module.metadatasharing.Item id="194" uuid="e6a03022-9576-4cf4-8708-b47dd592b2ea">
      <id>17748</id>
      <classname>org.openmrs.ConceptName</classname>
      <dateChanged id="195">2012-12-07 16:26:29</dateChanged>
    </org.openmrs.module.metadatasharing.Item>
    <org.openmrs.module.metadatasharing.Item id="196" uuid="d4090748-583d-41f7-abfc-6015c4fc014d">
      <id>2071</id>
      <classname>org.openmrs.ConceptSet</classname>
      <dateChanged id="197">2012-12-07 16:26:29</dateChanged>
    </org.openmrs.module.metadatasharing.Item>
    <org.openmrs.module.metadatasharing.Item id="198" uuid="36ba7721-fae0-4da4-aef2-7e476cc04bdf">
      <id>7704</id>
      <classname>org.openmrs.Concept</classname>
      <dateChanged id="199">2012-10-01 17:09:40</dateChanged>
      <retired>false</retired>
    </org.openmrs.module.metadatasharing.Item>
    <org.openmrs.module.metadatasharing.Item id="200" uuid="989130fb-e8e2-47bf-a1e4-3126c01a437e">
      <id>17248</id>
      <classname>org.openmrs.ConceptName</classname>
      <dateChanged id="201">2012-10-01 19:18:08</dateChanged>
    </org.openmrs.module.metadatasharing.Item>
    <org.openmrs.module.metadatasharing.Item id="202" uuid="e5c5ea73-a952-4c2c-b69c-bb915f4f4fbf">
      <id>17249</id>
      <classname>org.openmrs.ConceptName</classname>
      <dateChanged id="203">2012-10-01 19:19:53</dateChanged>
    </org.openmrs.module.metadatasharing.Item>
    <org.openmrs.module.metadatasharing.Item id="204" uuid="d168da4f-32bc-461f-b1ba-9c458eaf0b54">
      <id>17254</id>
      <classname>org.openmrs.ConceptName</classname>
      <dateChanged id="205">2012-10-01 17:09:40</dateChanged>
    </org.openmrs.module.metadatasharing.Item>
    <org.openmrs.module.metadatasharing.Item id="206" uuid="bc4e724a-e9bd-4e10-9599-2bf66acc61c5">
      <id>17255</id>
      <classname>org.openmrs.ConceptName</classname>
      <dateChanged id="207">2012-10-01 17:09:40</dateChanged>
    </org.openmrs.module.metadatasharing.Item>
    <org.openmrs.module.metadatasharing.Item id="208" uuid="6447dd79-d2e4-4c80-afbf-af13e34915f9">
      <id>17250</id>
      <classname>org.openmrs.ConceptName</classname>
      <dateChanged id="209">2012-10-01 19:19:53</dateChanged>
    </org.openmrs.module.metadatasharing.Item>
    <org.openmrs.module.metadatasharing.Item id="210" uuid="b3e46646-95c4-4e39-b711-114bfb2e5bf4">
      <id>17253</id>
      <classname>org.openmrs.ConceptName</classname>
      <dateChanged id="211">2012-10-01 17:09:40</dateChanged>
    </org.openmrs.module.metadatasharing.Item>
    <org.openmrs.module.metadatasharing.Item id="212" uuid="295e3d1a-6a53-43fe-be75-2e451ec3ce36">
      <id>8767</id>
      <classname>org.openmrs.ConceptAnswer</classname>
      <dateChanged id="213">2012-10-01 19:26:09</dateChanged>
    </org.openmrs.module.metadatasharing.Item>
    <org.openmrs.module.metadatasharing.Item id="214" uuid="e6bc8782-838f-491a-a8c1-47af72182010">
      <id>7705</id>
      <classname>org.openmrs.Concept</classname>
      <dateChanged id="215">2013-11-04 21:15:21</dateChanged>
      <retired>false</retired>
    </org.openmrs.module.metadatasharing.Item>
    <org.openmrs.module.metadatasharing.Item id="216" uuid="8d492774-c2cc-11de-8d13-0010c6dffd0f">
      <id>11</id>
      <classname>org.openmrs.ConceptClass</classname>
      <dateChanged id="217">2004-03-02 05:00:00</dateChanged>
      <retired>false</retired>
    </org.openmrs.module.metadatasharing.Item>
    <org.openmrs.module.metadatasharing.Item id="218" uuid="1d7a8214-5191-4813-bef0-f16db749176d">
      <id>17256</id>
      <classname>org.openmrs.ConceptName</classname>
      <dateChanged id="219">2012-10-01 19:22:18</dateChanged>
    </org.openmrs.module.metadatasharing.Item>
    <org.openmrs.module.metadatasharing.Item id="220" uuid="e048bf32-d682-4c26-8530-5900beb2bb6d">
      <id>17753</id>
      <classname>org.openmrs.ConceptName</classname>
      <dateChanged id="221">2013-01-10 19:17:44</dateChanged>
    </org.openmrs.module.metadatasharing.Item>
    <org.openmrs.module.metadatasharing.Item id="222" uuid="8aafbe11-298c-4500-97f3-421c0d7c3a91">
      <id>24986</id>
      <classname>org.openmrs.ConceptName</classname>
      <dateChanged id="223">2013-11-04 21:15:21</dateChanged>
    </org.openmrs.module.metadatasharing.Item>
    <org.openmrs.module.metadatasharing.Item id="224" uuid="6b061862-ef5e-44de-9304-ecfdb430797b">
      <id>17754</id>
      <classname>org.openmrs.ConceptName</classname>
      <dateChanged id="225">2013-01-10 19:17:44</dateChanged>
    </org.openmrs.module.metadatasharing.Item>
    <org.openmrs.module.metadatasharing.Item id="226" uuid="af1f462c-264c-4b3c-bdaf-47fc5da7dff2">
      <id>14205</id>
      <classname>org.openmrs.ConceptMap</classname>
      <dateChanged id="227">2012-10-01 19:22:18</dateChanged>
    </org.openmrs.module.metadatasharing.Item>
    <org.openmrs.module.metadatasharing.Item id="228" uuid="58fc6316-bc74-4a8a-b0b1-0a28f2116375">
      <id>14312</id>
      <classname>org.openmrs.ConceptReferenceTerm</classname>
      <dateChanged id="229">2012-10-01 19:21:40</dateChanged>
      <retired>false</retired>
    </org.openmrs.module.metadatasharing.Item>
    <org.openmrs.module.metadatasharing.Item id="230" uuid="780d6cd5-b393-417b-bd48-defde2e08e90">
      <id>14206</id>
      <classname>org.openmrs.ConceptMap</classname>
      <dateChanged id="231">2012-10-01 19:23:03</dateChanged>
    </org.openmrs.module.metadatasharing.Item>
    <org.openmrs.module.metadatasharing.Item id="232" uuid="a909a02b-23d9-465a-b7cf-e8ef5169edc5">
      <id>14313</id>
      <classname>org.openmrs.ConceptReferenceTerm</classname>
      <dateChanged id="233">2012-10-01 19:22:51</dateChanged>
      <retired>false</retired>
    </org.openmrs.module.metadatasharing.Item>
    <org.openmrs.module.metadatasharing.Item id="234" uuid="8de9c761-5b91-448d-9362-9185166ec2e6">
      <id>8768</id>
      <classname>org.openmrs.ConceptAnswer</classname>
      <dateChanged id="235">2012-10-01 19:26:09</dateChanged>
    </org.openmrs.module.metadatasharing.Item>
    <org.openmrs.module.metadatasharing.Item id="236" uuid="980a5495-0ee2-4050-9eee-ccff53561e13">
      <id>7706</id>
      <classname>org.openmrs.Concept</classname>
      <dateChanged id="237">2013-11-04 22:07:04</dateChanged>
      <retired>false</retired>
    </org.openmrs.module.metadatasharing.Item>
    <org.openmrs.module.metadatasharing.Item id="238" uuid="fd2692ce-6e88-4b25-bbca-fbe3037360c9">
      <id>25024</id>
      <classname>org.openmrs.ConceptName</classname>
      <dateChanged id="239">2013-11-04 22:04:55</dateChanged>
    </org.openmrs.module.metadatasharing.Item>
    <org.openmrs.module.metadatasharing.Item id="240" uuid="462a2651-adad-4123-a900-6a1c0c44b806">
      <id>17257</id>
      <classname>org.openmrs.ConceptName</classname>
      <dateChanged id="241">2012-10-01 19:24:39</dateChanged>
    </org.openmrs.module.metadatasharing.Item>
    <org.openmrs.module.metadatasharing.Item id="242" uuid="d2f97e64-1493-4fc6-bd1b-11f07d854825">
      <id>25025</id>
      <classname>org.openmrs.ConceptName</classname>
      <dateChanged id="243">2013-11-04 22:07:04</dateChanged>
    </org.openmrs.module.metadatasharing.Item>
    <org.openmrs.module.metadatasharing.Item id="244" uuid="78576592-482f-4742-9984-ef9b19602ea1">
      <id>17755</id>
      <classname>org.openmrs.ConceptName</classname>
      <dateChanged id="245">2013-11-04 22:07:04</dateChanged>
    </org.openmrs.module.metadatasharing.Item>
    <org.openmrs.module.metadatasharing.Item id="246" uuid="74b8ae26-a837-4f08-94eb-e88db97c1d93">
      <id>17756</id>
      <classname>org.openmrs.ConceptName</classname>
      <dateChanged id="247">2013-11-04 22:04:55</dateChanged>
    </org.openmrs.module.metadatasharing.Item>
    <org.openmrs.module.metadatasharing.Item id="248" uuid="ef426357-c2ff-461a-ad9a-db147f5dfeb7">
      <id>25026</id>
      <classname>org.openmrs.ConceptName</classname>
      <dateChanged id="249">2013-11-04 22:07:04</dateChanged>
    </org.openmrs.module.metadatasharing.Item>
    <org.openmrs.module.metadatasharing.Item id="250" uuid="c3b9124c-2741-483e-aec3-21f2d8297f43">
      <id>14207</id>
      <classname>org.openmrs.ConceptMap</classname>
      <dateChanged id="251">2012-10-01 19:24:39</dateChanged>
    </org.openmrs.module.metadatasharing.Item>
    <org.openmrs.module.metadatasharing.Item id="252" uuid="4326814d-67e3-4c9a-a47d-a312888ac9cf">
      <id>14314</id>
      <classname>org.openmrs.ConceptReferenceTerm</classname>
      <dateChanged id="253">2012-10-01 19:23:58</dateChanged>
      <retired>false</retired>
    </org.openmrs.module.metadatasharing.Item>
    <org.openmrs.module.metadatasharing.Item id="254" uuid="f7a59583-afc8-45fd-8de5-a0cf86e360d6">
      <id>14208</id>
      <classname>org.openmrs.ConceptMap</classname>
      <dateChanged id="255">2012-10-01 19:25:24</dateChanged>
    </org.openmrs.module.metadatasharing.Item>
    <org.openmrs.module.metadatasharing.Item id="256" uuid="52e224c2-6ad7-4422-80c9-973caf8c148d">
      <id>14315</id>
      <classname>org.openmrs.ConceptReferenceTerm</classname>
      <dateChanged id="257">2012-10-01 19:25:10</dateChanged>
      <retired>false</retired>
    </org.openmrs.module.metadatasharing.Item>
    <org.openmrs.module.metadatasharing.Item id="258" uuid="e3505d43-1dbe-49b8-8862-a9e4974bb659">
      <id>8769</id>
      <classname>org.openmrs.ConceptAnswer</classname>
      <dateChanged id="259">2012-10-01 19:52:46</dateChanged>
    </org.openmrs.module.metadatasharing.Item>
    <org.openmrs.module.metadatasharing.Item id="260" uuid="3905ed77-c41c-400e-ba1f-67cee367d4fd">
      <id>7702</id>
      <classname>org.openmrs.Concept</classname>
      <dateChanged id="261">2012-08-10 11:58:46</dateChanged>
      <retired>false</retired>
    </org.openmrs.module.metadatasharing.Item>
    <org.openmrs.module.metadatasharing.Item id="262" uuid="021d59c3-b8e5-4ff7-8d4a-2505a14d5877">
      <id>17223</id>
      <classname>org.openmrs.ConceptName</classname>
      <dateChanged id="263">2012-05-11 15:54:58</dateChanged>
    </org.openmrs.module.metadatasharing.Item>
    <org.openmrs.module.metadatasharing.Item id="264" uuid="ae03a0b7-38e7-42ed-98ba-26789b80b506">
      <id>17258</id>
      <classname>org.openmrs.ConceptName</classname>
      <dateChanged id="265">2012-10-01 19:27:04</dateChanged>
    </org.openmrs.module.metadatasharing.Item>
    <org.openmrs.module.metadatasharing.Item id="266" uuid="11cdb50d-a63f-4c59-ab87-70f332711d99">
      <id>17224</id>
      <classname>org.openmrs.ConceptName</classname>
      <dateChanged id="267">2012-05-11 15:54:58</dateChanged>
    </org.openmrs.module.metadatasharing.Item>
    <org.openmrs.module.metadatasharing.Item id="268" uuid="fa6603d1-4d70-4038-8839-6446a288c95a">
      <id>14159</id>
      <classname>org.openmrs.ConceptMap</classname>
      <dateChanged id="269">2012-05-11 15:54:58</dateChanged>
    </org.openmrs.module.metadatasharing.Item>
    <org.openmrs.module.metadatasharing.Item id="270" uuid="14ec7116-b1c5-3767-b4bb-5fb31f2952b4">
      <id>14294</id>
      <classname>org.openmrs.ConceptReferenceTerm</classname>
      <dateChanged id="271">2012-05-11 00:00:00</dateChanged>
      <retired>false</retired>
    </org.openmrs.module.metadatasharing.Item>
    <org.openmrs.module.metadatasharing.Item id="272" uuid="cfcd2326-0de8-4e72-bf0e-f7b49811b413">
      <id>14189</id>
      <classname>org.openmrs.ConceptMap</classname>
      <dateChanged id="273">2012-09-20 21:28:56</dateChanged>
    </org.openmrs.module.metadatasharing.Item>
    <org.openmrs.module.metadatasharing.Item id="274" uuid="ae7d46a7-e49d-4db8-87ce-3389fc314b55">
      <id>14296</id>
      <classname>org.openmrs.ConceptReferenceTerm</classname>
      <dateChanged id="275">2012-09-20 21:28:46</dateChanged>
      <retired>false</retired>
    </org.openmrs.module.metadatasharing.Item>
    <org.openmrs.module.metadatasharing.Item id="276" uuid="807ba38f-7698-40dc-9d3d-e10b4c942f6b">
      <id>8770</id>
      <classname>org.openmrs.ConceptAnswer</classname>
      <dateChanged id="277">2012-10-01 19:52:46</dateChanged>
    </org.openmrs.module.metadatasharing.Item>
    <org.openmrs.module.metadatasharing.Item id="278" uuid="8fea306b-a60a-4f58-997e-45d59aa2e979">
      <id>7694</id>
      <classname>org.openmrs.Concept</classname>
      <dateChanged id="279">2012-08-29 15:15:33</dateChanged>
      <retired>false</retired>
    </org.openmrs.module.metadatasharing.Item>
    <org.openmrs.module.metadatasharing.Item id="280" uuid="cc694287-4251-49eb-ad37-f9e1277b87cb">
      <id>17182</id>
      <classname>org.openmrs.ConceptName</classname>
      <dateChanged id="281">2012-07-25 17:04:34</dateChanged>
    </org.openmrs.module.metadatasharing.Item>
    <org.openmrs.module.metadatasharing.Item id="282" uuid="f1a96138-40c7-4c26-9774-00ecb0bbb57b">
      <id>17183</id>
      <classname>org.openmrs.ConceptName</classname>
      <dateChanged id="283">2012-08-29 15:15:33</dateChanged>
    </org.openmrs.module.metadatasharing.Item>
    <org.openmrs.module.metadatasharing.Item id="284" uuid="00f33da2-843d-4089-8d87-505520c78d04">
      <id>17184</id>
      <classname>org.openmrs.ConceptName</classname>
      <dateChanged id="285">2012-07-25 17:04:34</dateChanged>
    </org.openmrs.module.metadatasharing.Item>
    <org.openmrs.module.metadatasharing.Item id="286" uuid="c17c0921-8565-4410-8910-afe29033f5bf">
      <id>17259</id>
      <classname>org.openmrs.ConceptName</classname>
      <dateChanged id="287">2012-10-01 19:51:37</dateChanged>
    </org.openmrs.module.metadatasharing.Item>
    <org.openmrs.module.metadatasharing.Item id="288" uuid="6302ec3f-c696-4492-80d4-8226b1c63f43">
      <id>14147</id>
      <classname>org.openmrs.ConceptMap</classname>
      <dateChanged id="289">2012-07-25 17:04:34</dateChanged>
    </org.openmrs.module.metadatasharing.Item>
    <org.openmrs.module.metadatasharing.Item id="290" uuid="fb764e63-4c07-3e59-8d6a-52dc72b12967">
      <id>14281</id>
      <classname>org.openmrs.ConceptReferenceTerm</classname>
      <dateChanged id="291">2012-07-25 00:00:00</dateChanged>
      <retired>false</retired>
    </org.openmrs.module.metadatasharing.Item>
    <org.openmrs.module.metadatasharing.Item id="292" uuid="771ab731-3b35-49c0-9c4d-bdfa3c32ebb3">
      <id>14197</id>
      <classname>org.openmrs.ConceptMap</classname>
      <dateChanged id="293">2012-09-20 21:44:12</dateChanged>
    </org.openmrs.module.metadatasharing.Item>
    <org.openmrs.module.metadatasharing.Item id="294" uuid="99772592-f21f-4cc6-97e6-2ce52668b0fd">
      <id>14304</id>
      <classname>org.openmrs.ConceptReferenceTerm</classname>
      <dateChanged id="295">2012-09-20 21:43:59</dateChanged>
      <retired>false</retired>
    </org.openmrs.module.metadatasharing.Item>
    <org.openmrs.module.metadatasharing.Item id="296" uuid="32ed1fa0-e331-41ed-9576-8f72187334d4">
      <id>5900</id>
      <classname>org.openmrs.ConceptDescription</classname>
      <dateChanged id="297">2012-10-01 19:18:08</dateChanged>
    </org.openmrs.module.metadatasharing.Item>
    <org.openmrs.module.metadatasharing.Item id="298" uuid="4dd4733a-9e11-4197-a7b9-fe16093076e4">
      <id>14202</id>
      <classname>org.openmrs.ConceptMap</classname>
      <dateChanged id="299">2012-10-01 17:09:40</dateChanged>
    </org.openmrs.module.metadatasharing.Item>
    <org.openmrs.module.metadatasharing.Item id="300" uuid="d28ee212-3bd4-465f-9072-893ee5485d44">
      <id>14310</id>
      <classname>org.openmrs.ConceptReferenceTerm</classname>
      <dateChanged id="301">2012-10-01 17:08:21</dateChanged>
      <retired>false</retired>
    </org.openmrs.module.metadatasharing.Item>
    <org.openmrs.module.metadatasharing.Item id="302" uuid="0a9d9fa3-5cc0-4c89-895c-fd8a58e79598">
      <id>14204</id>
      <classname>org.openmrs.ConceptMap</classname>
      <dateChanged id="303">2012-10-01 19:18:08</dateChanged>
    </org.openmrs.module.metadatasharing.Item>
    <org.openmrs.module.metadatasharing.Item id="304" uuid="c587e69e-4b78-4f65-afa5-757fee377d7a">
      <id>14311</id>
      <classname>org.openmrs.ConceptReferenceTerm</classname>
      <dateChanged id="305">2012-10-01 19:16:28</dateChanged>
      <retired>false</retired>
    </org.openmrs.module.metadatasharing.Item>
    <org.openmrs.module.metadatasharing.Item id="306" uuid="73c72c31-5aa1-4ffc-a2ea-1f44b9675677">
      <id>2072</id>
      <classname>org.openmrs.ConceptSet</classname>
      <dateChanged id="307">2012-12-07 16:26:29</dateChanged>
    </org.openmrs.module.metadatasharing.Item>
    <org.openmrs.module.metadatasharing.Item id="308" uuid="5d1bc5de-6a35-4195-8631-7322941fe528">
      <id>7703</id>
      <classname>org.openmrs.ConceptNumeric</classname>
      <dateChanged id="309">2012-10-01 17:05:17</dateChanged>
      <retired>false</retired>
    </org.openmrs.module.metadatasharing.Item>
    <org.openmrs.module.metadatasharing.Item id="310" uuid="8d4a4488-c2cc-11de-8d13-0010c6dffd0f">
      <id>1</id>
      <classname>org.openmrs.ConceptDatatype</classname>
      <dateChanged id="311">2004-02-02 00:00:00</dateChanged>
      <retired>false</retired>
    </org.openmrs.module.metadatasharing.Item>
    <org.openmrs.module.metadatasharing.Item id="312" uuid="81cb4dbe-c970-4d3f-a838-3095c0c3cb7a">
      <id>17245</id>
      <classname>org.openmrs.ConceptName</classname>
      <dateChanged id="313">2012-10-01 17:05:17</dateChanged>
    </org.openmrs.module.metadatasharing.Item>
    <org.openmrs.module.metadatasharing.Item id="314" uuid="9e58e165-ebd6-45eb-becf-b50c4033ae7a">
      <id>17252</id>
      <classname>org.openmrs.ConceptName</classname>
      <dateChanged id="315">2012-10-01 17:05:17</dateChanged>
    </org.openmrs.module.metadatasharing.Item>
    <org.openmrs.module.metadatasharing.Item id="316" uuid="81a0bee4-bcc8-49fd-8871-cd7693bb309a">
      <id>17246</id>
      <classname>org.openmrs.ConceptName</classname>
      <dateChanged id="317">2012-10-01 19:10:24</dateChanged>
    </org.openmrs.module.metadatasharing.Item>
    <org.openmrs.module.metadatasharing.Item id="318" uuid="1736ad2b-6933-4a77-8d35-e5d7c8d04380">
      <id>17251</id>
      <classname>org.openmrs.ConceptName</classname>
      <dateChanged id="319">2012-10-01 19:10:24</dateChanged>
    </org.openmrs.module.metadatasharing.Item>
    <org.openmrs.module.metadatasharing.Item id="320" uuid="cc98a91f-5866-4f9d-9810-b6cf4e08cd23">
      <id>17247</id>
      <classname>org.openmrs.ConceptName</classname>
      <dateChanged id="321">2012-10-01 17:05:17</dateChanged>
    </org.openmrs.module.metadatasharing.Item>
    <org.openmrs.module.metadatasharing.Item id="322" uuid="e33dfb3e-3768-40b2-8014-34b2fef45c87">
      <id>5899</id>
      <classname>org.openmrs.ConceptDescription</classname>
      <dateChanged id="323">2012-10-01 17:05:17</dateChanged>
    </org.openmrs.module.metadatasharing.Item>
    <org.openmrs.module.metadatasharing.Item id="324" uuid="ba308be8-d465-4f23-8aca-ef78a2824043">
      <id>14201</id>
      <classname>org.openmrs.ConceptMap</classname>
      <dateChanged id="325">2012-10-01 17:06:14</dateChanged>
    </org.openmrs.module.metadatasharing.Item>
    <org.openmrs.module.metadatasharing.Item id="326" uuid="0bcb2dbb-927c-4637-a2c2-efa8bbce7746">
      <id>14308</id>
      <classname>org.openmrs.ConceptReferenceTerm</classname>
      <dateChanged id="327">2012-10-01 17:06:00</dateChanged>
      <retired>false</retired>
    </org.openmrs.module.metadatasharing.Item>
    <org.openmrs.module.metadatasharing.Item id="328" uuid="5cad8f3b-f86b-4cce-9ce3-6d84f8a00e17">
      <id>14200</id>
      <classname>org.openmrs.ConceptMap</classname>
      <dateChanged id="329">2012-10-01 17:05:17</dateChanged>
    </org.openmrs.module.metadatasharing.Item>
    <org.openmrs.module.metadatasharing.Item id="330" uuid="f41f5487-a0f6-4cb6-8416-ffbdebc79672">
      <id>14307</id>
      <classname>org.openmrs.ConceptReferenceTerm</classname>
      <dateChanged id="331">2012-10-01 17:05:04</dateChanged>
      <retired>false</retired>
    </org.openmrs.module.metadatasharing.Item>
    <org.openmrs.module.metadatasharing.Item id="332" uuid="81ef32a6-03c9-4a67-a77f-50092f918cb8">
      <id>2073</id>
      <classname>org.openmrs.ConceptSet</classname>
      <dateChanged id="333">2012-12-07 16:26:29</dateChanged>
    </org.openmrs.module.metadatasharing.Item>
    <org.openmrs.module.metadatasharing.Item id="334" uuid="20438dc7-c5b4-4d9c-8480-e888f4795123">
      <id>7578</id>
      <classname>org.openmrs.Concept</classname>
      <dateChanged id="335">2012-09-20 18:24:17</dateChanged>
      <retired>false</retired>
    </org.openmrs.module.metadatasharing.Item>
    <org.openmrs.module.metadatasharing.Item id="336" uuid="c76b6451-a56c-4e07-b485-1601e1dbae91">
      <id>15448</id>
      <classname>org.openmrs.ConceptName</classname>
      <dateChanged id="337">2012-01-24 13:13:54</dateChanged>
    </org.openmrs.module.metadatasharing.Item>
    <org.openmrs.module.metadatasharing.Item id="338" uuid="6f8ff449-84eb-475f-96f2-046d8ee055d5">
      <id>16062</id>
      <classname>org.openmrs.ConceptName</classname>
      <dateChanged id="339">2012-04-03 14:35:18</dateChanged>
    </org.openmrs.module.metadatasharing.Item>
    <org.openmrs.module.metadatasharing.Item id="340" uuid="944ca1df-3655-433b-9149-8bf3137887ba">
      <id>15447</id>
      <classname>org.openmrs.ConceptName</classname>
      <dateChanged id="341">2012-01-24 13:13:54</dateChanged>
    </org.openmrs.module.metadatasharing.Item>
    <org.openmrs.module.metadatasharing.Item id="342" uuid="863eecdb-1c01-467f-9e38-c5fbcc32509b">
      <id>5759</id>
      <classname>org.openmrs.ConceptDescription</classname>
      <dateChanged id="343">2012-09-20 18:24:17</dateChanged>
    </org.openmrs.module.metadatasharing.Item>
    <org.openmrs.module.metadatasharing.Item id="344" uuid="470b0d20-f8d3-4640-9e11-99ae83018c65">
      <id>13663</id>
      <classname>org.openmrs.ConceptMap</classname>
      <dateChanged id="345">2012-09-20 18:24:17</dateChanged>
    </org.openmrs.module.metadatasharing.Item>
    <org.openmrs.module.metadatasharing.Item id="346" uuid="bb182465-6bf1-3fce-9759-cb457b9aa6d8">
      <id>13663</id>
      <classname>org.openmrs.ConceptReferenceTerm</classname>
      <dateChanged id="347">2012-01-24 00:00:00</dateChanged>
      <retired>false</retired>
    </org.openmrs.module.metadatasharing.Item>
    <org.openmrs.module.metadatasharing.Item id="348" uuid="a6a20710-8a5c-4dab-bd52-e0b3cef37cba">
      <id>13662</id>
      <classname>org.openmrs.ConceptMap</classname>
      <dateChanged id="349">2012-09-20 18:24:17</dateChanged>
    </org.openmrs.module.metadatasharing.Item>
    <org.openmrs.module.metadatasharing.Item id="350" uuid="f2a4f871-a0a2-3a15-8bc0-f0bd64b95001">
      <id>13662</id>
      <classname>org.openmrs.ConceptReferenceTerm</classname>
      <dateChanged id="351">2012-01-24 00:00:00</dateChanged>
      <retired>false</retired>
    </org.openmrs.module.metadatasharing.Item>
    <org.openmrs.module.metadatasharing.Item id="352" uuid="00779ca5-315a-478b-a10c-d8dede425cbd">
      <id>5905</id>
      <classname>org.openmrs.ConceptDescription</classname>
      <dateChanged id="353">2012-12-07 16:26:29</dateChanged>
    </org.openmrs.module.metadatasharing.Item>
    <org.openmrs.module.metadatasharing.Item id="354" uuid="d7b96b51-c263-479e-9b44-e731ce32d209">
      <id>14510</id>
      <classname>org.openmrs.ConceptMap</classname>
      <dateChanged id="355">2012-12-07 20:28:22</dateChanged>
    </org.openmrs.module.metadatasharing.Item>
    <org.openmrs.module.metadatasharing.Item id="356" uuid="3b66a2a3-2f7c-48c6-8462-2e1c25c87b50">
      <id>14615</id>
      <classname>org.openmrs.ConceptReferenceTerm</classname>
      <dateChanged id="357">2012-12-07 20:27:49</dateChanged>
      <retired>false</retired>
    </org.openmrs.module.metadatasharing.Item>
    <org.openmrs.module.metadatasharing.Item id="358" uuid="9af2f445-1d10-4ff0-85ad-ac8c3531914b">
      <id>14511</id>
      <classname>org.openmrs.ConceptMap</classname>
      <dateChanged id="359">2012-12-07 20:28:22</dateChanged>
    </org.openmrs.module.metadatasharing.Item>
    <org.openmrs.module.metadatasharing.Item id="360" uuid="f8529c15-c37c-41af-8b86-e84a2a987a4f">
      <id>14614</id>
      <classname>org.openmrs.ConceptReferenceTerm</classname>
      <dateChanged id="361">2012-12-07 20:27:37</dateChanged>
      <retired>false</retired>
    </org.openmrs.module.metadatasharing.Item>
    <org.openmrs.module.metadatasharing.Item id="362" uuid="fb2f53d4-6809-4eae-8b83-6793b2d9a7a6">
      <id>21266</id>
      <classname>org.openmrs.ConceptName</classname>
      <dateChanged id="363">2013-04-04 14:18:27</dateChanged>
    </org.openmrs.module.metadatasharing.Item>
    <org.openmrs.module.metadatasharing.Item id="364" uuid="61efc6a2-c665-440c-b801-cf2db10a7ebc">
      <id>3634</id>
      <classname>org.openmrs.ConceptSet</classname>
      <dateChanged id="365">2013-04-04 14:18:27</dateChanged>
    </org.openmrs.module.metadatasharing.Item>
    <org.openmrs.module.metadatasharing.Item id="366" uuid="25c730cf-628f-48a4-9866-c495f604d101">
      <id>3636</id>
      <classname>org.openmrs.ConceptSet</classname>
      <dateChanged id="367">2013-04-04 14:20:20</dateChanged>
    </org.openmrs.module.metadatasharing.Item>
    <org.openmrs.module.metadatasharing.Item id="368" uuid="57455d4d-c831-4a39-b722-dcf3f0c1188f">
      <id>8595</id>
      <classname>org.openmrs.Concept</classname>
      <dateChanged id="369">2013-09-26 19:57:16</dateChanged>
      <retired>false</retired>
    </org.openmrs.module.metadatasharing.Item>
    <org.openmrs.module.metadatasharing.Item id="370" uuid="2929afd1-2b9b-4d10-bdba-1196267a5ee0">
      <id>21267</id>
      <classname>org.openmrs.ConceptName</classname>
      <dateChanged id="371">2013-04-04 14:19:58</dateChanged>
    </org.openmrs.module.metadatasharing.Item>
    <org.openmrs.module.metadatasharing.Item id="372" uuid="f5eca3a5-fe52-4804-ae22-ebe805155638">
      <id>21268</id>
      <classname>org.openmrs.ConceptName</classname>
      <dateChanged id="373">2013-04-04 14:19:58</dateChanged>
    </org.openmrs.module.metadatasharing.Item>
    <org.openmrs.module.metadatasharing.Item id="374" uuid="ff47e001-406a-4cc3-b012-4e3cb255d02e">
      <id>8958</id>
      <classname>org.openmrs.ConceptAnswer</classname>
      <dateChanged id="375">2013-04-04 14:19:58</dateChanged>
    </org.openmrs.module.metadatasharing.Item>
    <org.openmrs.module.metadatasharing.Item id="376" uuid="b3fa7102-0135-40bb-b3c3-633450598623">
      <id>6249</id>
      <classname>org.openmrs.Concept</classname>
      <dateChanged id="377">2013-09-26 19:57:18</dateChanged>
      <retired>false</retired>
    </org.openmrs.module.metadatasharing.Item>
    <org.openmrs.module.metadatasharing.Item id="378" uuid="0b93d36e-15f5-102d-96e4-000c29c2a5d7">
      <id>9272</id>
      <classname>org.openmrs.ConceptName</classname>
      <dateChanged id="379">2009-07-02 14:32:16</dateChanged>
    </org.openmrs.module.metadatasharing.Item>
    <org.openmrs.module.metadatasharing.Item id="380" uuid="b8345709-5545-44ab-88f4-95af0bed5e5d">
      <id>21278</id>
      <classname>org.openmrs.ConceptName</classname>
      <dateChanged id="381">2013-04-04 14:35:50</dateChanged>
    </org.openmrs.module.metadatasharing.Item>
    <org.openmrs.module.metadatasharing.Item id="382" uuid="842225e1-b6d2-4625-a213-64a4dfcfd065">
      <id>8927</id>
      <classname>org.openmrs.ConceptName</classname>
      <dateChanged id="383">2013-04-04 14:35:50</dateChanged>
    </org.openmrs.module.metadatasharing.Item>
    <org.openmrs.module.metadatasharing.Item id="384" uuid="4945756d-73ee-414f-80c3-236dfaf32e3b">
      <id>4866</id>
      <classname>org.openmrs.ConceptDescription</classname>
      <dateChanged id="385">2013-04-04 14:35:50</dateChanged>
    </org.openmrs.module.metadatasharing.Item>
    <org.openmrs.module.metadatasharing.Item id="386" uuid="d18fbe4a-ebc1-4dbf-89cd-7dbf6a0229c9">
      <id>20046</id>
      <classname>org.openmrs.ConceptMap</classname>
      <dateChanged id="387">2013-09-26 19:57:18</dateChanged>
    </org.openmrs.module.metadatasharing.Item>
    <org.openmrs.module.metadatasharing.Item id="388" uuid="e7ba0bbd-6427-4b49-bbfa-ccccb24ce575">
      <id>19922</id>
      <classname>org.openmrs.ConceptReferenceTerm</classname>
      <dateChanged id="389">2013-09-26 19:38:23</dateChanged>
      <retired>false</retired>
    </org.openmrs.module.metadatasharing.Item>
    <org.openmrs.module.metadatasharing.Item id="390" uuid="b2adfb96-4864-102e-96e9-000c29c2a5d7">
      <id>5318</id>
      <classname>org.openmrs.ConceptMap</classname>
      <dateChanged id="391">2012-06-21 16:49:52</dateChanged>
    </org.openmrs.module.metadatasharing.Item>
    <org.openmrs.module.metadatasharing.Item id="392" uuid="8594f7a0-6b13-3e56-a1c5-501273bfa0c7">
      <id>5318</id>
      <classname>org.openmrs.ConceptReferenceTerm</classname>
      <dateChanged id="393">2010-11-23 00:00:00</dateChanged>
      <retired>false</retired>
    </org.openmrs.module.metadatasharing.Item>
    <org.openmrs.module.metadatasharing.Item id="394" uuid="7fa9fdf6-095a-4993-9e89-7407073485bb">
      <id>17590</id>
      <classname>org.openmrs.ConceptMap</classname>
      <dateChanged id="395">2013-04-19 16:47:04</dateChanged>
    </org.openmrs.module.metadatasharing.Item>
    <org.openmrs.module.metadatasharing.Item id="396" uuid="668386d9-fa7e-4f30-8322-7c28634c9ea2">
      <id>17554</id>
      <classname>org.openmrs.ConceptReferenceTerm</classname>
      <dateChanged id="397">2013-04-19 16:50:14</dateChanged>
      <retired>false</retired>
    </org.openmrs.module.metadatasharing.Item>
    <org.openmrs.module.metadatasharing.Item id="398" uuid="75adb42c-4943-102e-96e9-000c29c2a5d7">
      <id>10896</id>
      <classname>org.openmrs.ConceptMap</classname>
      <dateChanged id="399">2012-06-21 16:49:52</dateChanged>
    </org.openmrs.module.metadatasharing.Item>
    <org.openmrs.module.metadatasharing.Item id="400" uuid="c8a1defe-8d0d-3dcc-80c1-1f7674247e7e">
      <id>10896</id>
      <classname>org.openmrs.ConceptReferenceTerm</classname>
      <dateChanged id="401">2010-11-24 00:00:00</dateChanged>
      <retired>false</retired>
    </org.openmrs.module.metadatasharing.Item>
    <org.openmrs.module.metadatasharing.Item id="402" uuid="bc47cf96-9a99-4077-85fe-382c522ddd5d">
      <id>8959</id>
      <classname>org.openmrs.ConceptAnswer</classname>
      <dateChanged id="403">2013-04-04 14:34:58</dateChanged>
    </org.openmrs.module.metadatasharing.Item>
    <org.openmrs.module.metadatasharing.Item id="404" uuid="3144604c-f5d1-4133-86c5-cdf333a0a24c">
      <id>8597</id>
      <classname>org.openmrs.Concept</classname>
      <dateChanged id="405">2013-09-26 19:57:19</dateChanged>
      <retired>false</retired>
    </org.openmrs.module.metadatasharing.Item>
    <org.openmrs.module.metadatasharing.Item id="406" uuid="09084575-c56d-4b13-b778-02cc4471d538">
      <id>21272</id>
      <classname>org.openmrs.ConceptName</classname>
      <dateChanged id="407">2013-04-04 14:31:51</dateChanged>
    </org.openmrs.module.metadatasharing.Item>
    <org.openmrs.module.metadatasharing.Item id="408" uuid="1ba2a4c7-9524-466f-b854-97650db252c4">
      <id>21270</id>
      <classname>org.openmrs.ConceptName</classname>
      <dateChanged id="409">2013-04-04 14:30:00</dateChanged>
    </org.openmrs.module.metadatasharing.Item>
    <org.openmrs.module.metadatasharing.Item id="410" uuid="8235c4da-8a70-44a1-8491-2addf70d53fc">
      <id>21271</id>
      <classname>org.openmrs.ConceptName</classname>
      <dateChanged id="411">2013-04-04 14:31:36</dateChanged>
    </org.openmrs.module.metadatasharing.Item>
    <org.openmrs.module.metadatasharing.Item id="412" uuid="0485f677-3440-49aa-9adc-fc8028cbb416">
      <id>6284</id>
      <classname>org.openmrs.ConceptDescription</classname>
      <dateChanged id="413">2013-04-04 14:30:00</dateChanged>
    </org.openmrs.module.metadatasharing.Item>
    <org.openmrs.module.metadatasharing.Item id="414" uuid="685e7f18-f3b6-4580-9b0d-4a54be6a1ad4">
      <id>20047</id>
      <classname>org.openmrs.ConceptMap</classname>
      <dateChanged id="415">2013-09-26 19:57:19</dateChanged>
    </org.openmrs.module.metadatasharing.Item>
    <org.openmrs.module.metadatasharing.Item id="416" uuid="91b26d77-5055-43a0-9878-6b3504195ad8">
      <id>19921</id>
      <classname>org.openmrs.ConceptReferenceTerm</classname>
      <dateChanged id="417">2013-09-26 19:38:23</dateChanged>
      <retired>false</retired>
    </org.openmrs.module.metadatasharing.Item>
    <org.openmrs.module.metadatasharing.Item id="418" uuid="b317d345-ccb8-4850-97a5-bf03cb44a23a">
      <id>17591</id>
      <classname>org.openmrs.ConceptMap</classname>
      <dateChanged id="419">2013-04-19 16:48:10</dateChanged>
    </org.openmrs.module.metadatasharing.Item>
    <org.openmrs.module.metadatasharing.Item id="420" uuid="609d8350-f715-418c-aa8e-b338384f1923">
      <id>17555</id>
      <classname>org.openmrs.ConceptReferenceTerm</classname>
      <dateChanged id="421">2013-04-19 16:47:52</dateChanged>
      <retired>false</retired>
    </org.openmrs.module.metadatasharing.Item>
    <org.openmrs.module.metadatasharing.Item id="422" uuid="03ef8f78-4991-4ba0-a684-9dc7be2c3f96">
      <id>17526</id>
      <classname>org.openmrs.ConceptMap</classname>
      <dateChanged id="423">2013-04-04 14:31:36</dateChanged>
    </org.openmrs.module.metadatasharing.Item>
    <org.openmrs.module.metadatasharing.Item id="424" uuid="a10c7971-357d-4436-8bf0-b2c36527f0a0">
      <id>17494</id>
      <classname>org.openmrs.ConceptReferenceTerm</classname>
      <dateChanged id="425">2013-04-04 14:31:08</dateChanged>
      <retired>false</retired>
    </org.openmrs.module.metadatasharing.Item>
    <org.openmrs.module.metadatasharing.Item id="426" uuid="24d27547-5e48-4dd4-901f-0fbb56d92ebb">
      <id>17525</id>
      <classname>org.openmrs.ConceptMap</classname>
      <dateChanged id="427">2013-04-04 14:30:00</dateChanged>
    </org.openmrs.module.metadatasharing.Item>
    <org.openmrs.module.metadatasharing.Item id="428" uuid="bbc8415f-0941-4add-ae90-7ae5cc746606">
      <id>17492</id>
      <classname>org.openmrs.ConceptReferenceTerm</classname>
      <dateChanged id="429">2013-04-04 14:29:35</dateChanged>
      <retired>false</retired>
    </org.openmrs.module.metadatasharing.Item>
    <org.openmrs.module.metadatasharing.Item id="430" uuid="c66794e3-22c5-4300-9b87-eeca6b1a0ffb">
      <id>8960</id>
      <classname>org.openmrs.ConceptAnswer</classname>
      <dateChanged id="431">2013-04-04 14:34:58</dateChanged>
    </org.openmrs.module.metadatasharing.Item>
    <org.openmrs.module.metadatasharing.Item id="432" uuid="7bea852d-9b8b-4364-92f1-f6033bd13303">
      <id>8598</id>
      <classname>org.openmrs.Concept</classname>
      <dateChanged id="433">2013-09-26 19:57:20</dateChanged>
      <retired>false</retired>
    </org.openmrs.module.metadatasharing.Item>
    <org.openmrs.module.metadatasharing.Item id="434" uuid="b2e93733-fa41-4897-8a84-3d7e23d89e45">
      <id>21273</id>
      <classname>org.openmrs.ConceptName</classname>
      <dateChanged id="435">2013-04-04 14:34:03</dateChanged>
    </org.openmrs.module.metadatasharing.Item>
    <org.openmrs.module.metadatasharing.Item id="436" uuid="8120785f-70d7-43de-803a-27875c3f52f2">
      <id>21274</id>
      <classname>org.openmrs.ConceptName</classname>
      <dateChanged id="437">2013-04-04 14:34:03</dateChanged>
    </org.openmrs.module.metadatasharing.Item>
    <org.openmrs.module.metadatasharing.Item id="438" uuid="465e4550-e498-4fc1-be5d-5892afd28e72">
      <id>21275</id>
      <classname>org.openmrs.ConceptName</classname>
      <dateChanged id="439">2013-04-04 14:34:03</dateChanged>
    </org.openmrs.module.metadatasharing.Item>
    <org.openmrs.module.metadatasharing.Item id="440" uuid="58e26e3a-4566-4461-bcc5-13a7e370980a">
      <id>21276</id>
      <classname>org.openmrs.ConceptName</classname>
      <dateChanged id="441">2013-04-04 14:34:03</dateChanged>
    </org.openmrs.module.metadatasharing.Item>
    <org.openmrs.module.metadatasharing.Item id="442" uuid="1b7a8fe1-daf6-4325-b857-d588350062a0">
      <id>21277</id>
      <classname>org.openmrs.ConceptName</classname>
      <dateChanged id="443">2013-04-04 14:34:03</dateChanged>
    </org.openmrs.module.metadatasharing.Item>
    <org.openmrs.module.metadatasharing.Item id="444" uuid="4255f795-4b55-439e-8356-3c79f2f9ebdc">
      <id>6285</id>
      <classname>org.openmrs.ConceptDescription</classname>
      <dateChanged id="445">2013-04-04 14:34:03</dateChanged>
    </org.openmrs.module.metadatasharing.Item>
    <org.openmrs.module.metadatasharing.Item id="446" uuid="91cc9050-ba61-4ef0-98d0-83a6f9642390">
      <id>17527</id>
      <classname>org.openmrs.ConceptMap</classname>
      <dateChanged id="447">2013-04-04 14:34:03</dateChanged>
    </org.openmrs.module.metadatasharing.Item>
    <org.openmrs.module.metadatasharing.Item id="448" uuid="7096b0f1-b01b-4342-bb04-550e7b970cac">
      <id>17493</id>
      <classname>org.openmrs.ConceptReferenceTerm</classname>
      <dateChanged id="449">2013-04-04 14:29:47</dateChanged>
      <retired>false</retired>
    </org.openmrs.module.metadatasharing.Item>
    <org.openmrs.module.metadatasharing.Item id="450" uuid="b934e29a-b3b1-44e5-b3b1-0ab055800a06">
      <id>20048</id>
      <classname>org.openmrs.ConceptMap</classname>
      <dateChanged id="451">2013-09-26 19:57:19</dateChanged>
    </org.openmrs.module.metadatasharing.Item>
    <org.openmrs.module.metadatasharing.Item id="452" uuid="4bc045d1-f6fa-4846-9e35-2d0dc29f324b">
      <id>19920</id>
      <classname>org.openmrs.ConceptReferenceTerm</classname>
      <dateChanged id="453">2013-09-26 19:38:23</dateChanged>
      <retired>false</retired>
    </org.openmrs.module.metadatasharing.Item>
    <org.openmrs.module.metadatasharing.Item id="454" uuid="b076d50b-ffb4-42c3-843f-b2014beeda9b">
      <id>17592</id>
      <classname>org.openmrs.ConceptMap</classname>
      <dateChanged id="455">2013-04-19 16:49:50</dateChanged>
    </org.openmrs.module.metadatasharing.Item>
    <org.openmrs.module.metadatasharing.Item id="456" uuid="3961e898-43b1-48f9-beeb-ab2cdf44c5f6">
      <id>17556</id>
      <classname>org.openmrs.ConceptReferenceTerm</classname>
      <dateChanged id="457">2013-04-19 16:49:05</dateChanged>
      <retired>false</retired>
    </org.openmrs.module.metadatasharing.Item>
    <org.openmrs.module.metadatasharing.Item id="458" uuid="ae933623-a8d5-4c98-aef4-894ebdb1a654">
      <id>17528</id>
      <classname>org.openmrs.ConceptMap</classname>
      <dateChanged id="459">2013-04-04 14:34:20</dateChanged>
    </org.openmrs.module.metadatasharing.Item>
    <org.openmrs.module.metadatasharing.Item id="460" uuid="b07e6df6-b611-44f3-b93e-709d8fbee7bc">
      <id>17495</id>
      <classname>org.openmrs.ConceptReferenceTerm</classname>
      <dateChanged id="461">2013-04-04 14:31:17</dateChanged>
      <retired>false</retired>
    </org.openmrs.module.metadatasharing.Item>
    <org.openmrs.module.metadatasharing.Item id="462" uuid="bd00cbed-86a6-4cc8-8253-bfb55179cd4b">
      <id>20042</id>
      <classname>org.openmrs.ConceptMap</classname>
      <dateChanged id="463">2013-09-26 19:57:16</dateChanged>
    </org.openmrs.module.metadatasharing.Item>
    <org.openmrs.module.metadatasharing.Item id="464" uuid="1054c059-9d09-49d4-b7a1-20793735ce4c">
      <id>19925</id>
      <classname>org.openmrs.ConceptReferenceTerm</classname>
      <dateChanged id="465">2013-09-26 19:38:23</dateChanged>
      <retired>false</retired>
    </org.openmrs.module.metadatasharing.Item>
    <org.openmrs.module.metadatasharing.Item id="466" uuid="29e94711-cb9b-4789-8a00-0bf69d6f98b7">
      <id>17583</id>
      <classname>org.openmrs.ConceptMap</classname>
      <dateChanged id="467">2013-04-19 14:42:27</dateChanged>
    </org.openmrs.module.metadatasharing.Item>
    <org.openmrs.module.metadatasharing.Item id="468" uuid="da57e7f2-c469-4d60-8cba-12a59fe886da">
      <id>17548</id>
      <classname>org.openmrs.ConceptReferenceTerm</classname>
      <dateChanged id="469">2013-04-19 14:42:11</dateChanged>
      <retired>false</retired>
    </org.openmrs.module.metadatasharing.Item>
    <org.openmrs.module.metadatasharing.Item id="470" uuid="1d9e9ecb-9ef3-46fd-98c1-3ace153d89e4">
      <id>17522</id>
      <classname>org.openmrs.ConceptMap</classname>
      <dateChanged id="471">2013-04-04 14:25:29</dateChanged>
    </org.openmrs.module.metadatasharing.Item>
    <org.openmrs.module.metadatasharing.Item id="472" uuid="94351cdb-fb37-47f0-8d43-2cd33fa45735">
      <id>17489</id>
      <classname>org.openmrs.ConceptReferenceTerm</classname>
      <dateChanged id="473">2013-04-04 14:23:50</dateChanged>
      <retired>false</retired>
    </org.openmrs.module.metadatasharing.Item>
    <org.openmrs.module.metadatasharing.Item id="474" uuid="5668eacd-26ee-4462-a16d-270cb4eb4b92">
      <id>17519</id>
      <classname>org.openmrs.ConceptMap</classname>
      <dateChanged id="475">2013-04-04 14:24:00</dateChanged>
    </org.openmrs.module.metadatasharing.Item>
    <org.openmrs.module.metadatasharing.Item id="476" uuid="74b46d2d-0f0b-40f8-80f0-fa9fc99ce16d">
      <id>17486</id>
      <classname>org.openmrs.ConceptReferenceTerm</classname>
      <dateChanged id="477">2013-04-04 14:22:42</dateChanged>
      <retired>false</retired>
    </org.openmrs.module.metadatasharing.Item>
    <org.openmrs.module.metadatasharing.Item id="478" uuid="3511a8b1-1992-4898-aa29-1aff2f88355c">
      <id>3637</id>
      <classname>org.openmrs.ConceptSet</classname>
      <dateChanged id="479">2013-04-04 14:24:21</dateChanged>
    </org.openmrs.module.metadatasharing.Item>
    <org.openmrs.module.metadatasharing.Item id="480" uuid="18b33c19-7127-42a5-8320-bb1e34f1d8c7">
      <id>8596</id>
      <classname>org.openmrs.Concept</classname>
      <dateChanged id="481">2013-09-26 19:57:16</dateChanged>
      <retired>false</retired>
    </org.openmrs.module.metadatasharing.Item>
    <org.openmrs.module.metadatasharing.Item id="482" uuid="140134e3-011b-4991-a96a-046fbb972422">
      <id>21269</id>
      <classname>org.openmrs.ConceptName</classname>
      <dateChanged id="483">2013-04-04 14:22:14</dateChanged>
    </org.openmrs.module.metadatasharing.Item>
    <org.openmrs.module.metadatasharing.Item id="484" uuid="38a16c3f-55b8-4af8-9b44-2eef9e1cd2e0">
      <id>6283</id>
      <classname>org.openmrs.ConceptDescription</classname>
      <dateChanged id="485">2013-04-04 14:22:14</dateChanged>
    </org.openmrs.module.metadatasharing.Item>
    <org.openmrs.module.metadatasharing.Item id="486" uuid="fdf5bfad-13d8-4c0b-ac5f-f076b88f04bf">
      <id>17518</id>
      <classname>org.openmrs.ConceptMap</classname>
      <dateChanged id="487">2013-04-04 14:23:13</dateChanged>
    </org.openmrs.module.metadatasharing.Item>
    <org.openmrs.module.metadatasharing.Item id="488" uuid="26a670f0-e5ec-4e2b-b22f-a64e90390d7f">
      <id>17485</id>
      <classname>org.openmrs.ConceptReferenceTerm</classname>
      <dateChanged id="489">2013-04-04 14:22:31</dateChanged>
      <retired>false</retired>
    </org.openmrs.module.metadatasharing.Item>
    <org.openmrs.module.metadatasharing.Item id="490" uuid="c34f9fe2-56d4-45fa-ae5a-3b0cb8cd712a">
      <id>17517</id>
      <classname>org.openmrs.ConceptMap</classname>
      <dateChanged id="491">2013-04-04 14:22:14</dateChanged>
    </org.openmrs.module.metadatasharing.Item>
    <org.openmrs.module.metadatasharing.Item id="492" uuid="eb06e370-d308-43af-9788-bea2168f1f19">
      <id>17484</id>
      <classname>org.openmrs.ConceptReferenceTerm</classname>
      <dateChanged id="493">2013-04-04 14:21:27</dateChanged>
      <retired>false</retired>
    </org.openmrs.module.metadatasharing.Item>
    <org.openmrs.module.metadatasharing.Item id="494" uuid="bf4ae8d3-ef2a-47f8-9c79-376ae30ee92f">
      <id>17582</id>
      <classname>org.openmrs.ConceptMap</classname>
      <dateChanged id="495">2013-04-19 14:41:35</dateChanged>
    </org.openmrs.module.metadatasharing.Item>
    <org.openmrs.module.metadatasharing.Item id="496" uuid="9ef65814-e945-40a8-b45a-c60715a6f6d8">
      <id>17547</id>
      <classname>org.openmrs.ConceptReferenceTerm</classname>
      <dateChanged id="497">2013-04-19 14:41:20</dateChanged>
      <retired>false</retired>
    </org.openmrs.module.metadatasharing.Item>
    <org.openmrs.module.metadatasharing.Item id="498" uuid="e76911ea-40d4-45fe-8ef1-a046c11a1981">
      <id>20041</id>
      <classname>org.openmrs.ConceptMap</classname>
      <dateChanged id="499">2013-09-26 19:57:15</dateChanged>
    </org.openmrs.module.metadatasharing.Item>
    <org.openmrs.module.metadatasharing.Item id="500" uuid="d2bc45b8-ef84-4e38-ac22-07bf9c9cf0e2">
      <id>19918</id>
      <classname>org.openmrs.ConceptReferenceTerm</classname>
      <dateChanged id="501">2013-09-26 19:38:23</dateChanged>
      <retired>false</retired>
    </org.openmrs.module.metadatasharing.Item>
    <org.openmrs.module.metadatasharing.Item id="502" uuid="f43f17af-1217-474a-8b68-733724f98abb">
      <id>3782</id>
      <classname>org.openmrs.ConceptSet</classname>
      <dateChanged id="503">2013-04-19 16:18:38</dateChanged>
    </org.openmrs.module.metadatasharing.Item>
    <org.openmrs.module.metadatasharing.Item id="504" uuid="fb90638a-f23c-4df7-b718-132ec906d8a1">
      <id>20040</id>
      <classname>org.openmrs.ConceptMap</classname>
      <dateChanged id="505">2013-09-26 19:57:15</dateChanged>
    </org.openmrs.module.metadatasharing.Item>
    <org.openmrs.module.metadatasharing.Item id="506" uuid="5a92fdc5-c21d-4b18-98a7-db629ecab892">
      <id>19919</id>
      <classname>org.openmrs.ConceptReferenceTerm</classname>
      <dateChanged id="507">2013-09-26 19:38:23</dateChanged>
      <retired>false</retired>
    </org.openmrs.module.metadatasharing.Item>
    <org.openmrs.module.metadatasharing.Item id="508" uuid="7fba3e32-d183-4ff5-93d2-72c55233895b">
      <id>17520</id>
      <classname>org.openmrs.ConceptMap</classname>
      <dateChanged id="509">2013-04-04 14:25:11</dateChanged>
    </org.openmrs.module.metadatasharing.Item>
    <org.openmrs.module.metadatasharing.Item id="510" uuid="9b69069d-f0d0-4187-add5-562c8c655cbe">
      <id>17487</id>
      <classname>org.openmrs.ConceptReferenceTerm</classname>
      <dateChanged id="511">2013-04-04 14:22:51</dateChanged>
      <retired>false</retired>
    </org.openmrs.module.metadatasharing.Item>
    <org.openmrs.module.metadatasharing.Item id="512" uuid="3fd810db-eb3e-452b-9aef-24a289f4a044">
      <id>17521</id>
      <classname>org.openmrs.ConceptMap</classname>
      <dateChanged id="513">2013-04-04 14:25:11</dateChanged>
    </org.openmrs.module.metadatasharing.Item>
    <org.openmrs.module.metadatasharing.Item id="514" uuid="545cd34e-d191-4fc6-a454-c8b29e432f7c">
      <id>17490</id>
      <classname>org.openmrs.ConceptReferenceTerm</classname>
      <dateChanged id="515">2013-04-04 14:25:01</dateChanged>
      <retired>false</retired>
    </org.openmrs.module.metadatasharing.Item>
    <org.openmrs.module.metadatasharing.Item id="516" uuid="5671d7d1-6be9-445d-b675-896bf2b43d8d">
      <id>17581</id>
      <classname>org.openmrs.ConceptMap</classname>
      <dateChanged id="517">2013-04-19 14:40:17</dateChanged>
    </org.openmrs.module.metadatasharing.Item>
    <org.openmrs.module.metadatasharing.Item id="518" uuid="79b77fa6-abb9-480f-82f7-fa56008ebaed">
      <id>17546</id>
      <classname>org.openmrs.ConceptReferenceTerm</classname>
      <dateChanged id="519">2013-04-19 14:39:58</dateChanged>
      <retired>false</retired>
    </org.openmrs.module.metadatasharing.Item>
    <org.openmrs.module.metadatasharing.Item id="520" uuid="ff836002-7086-416e-8033-720c994d4c05">
      <id>16088</id>
      <classname>org.openmrs.ConceptName</classname>
      <dateChanged id="521">2012-01-24 13:24:07</dateChanged>
    </org.openmrs.module.metadatasharing.Item>
    <org.openmrs.module.metadatasharing.Item id="522" uuid="488ad54b-5f08-4850-9a34-e19f2ed0b0f7">
      <id>16089</id>
      <classname>org.openmrs.ConceptName</classname>
      <dateChanged id="523">2012-04-30 16:15:10</dateChanged>
    </org.openmrs.module.metadatasharing.Item>
    <org.openmrs.module.metadatasharing.Item id="524" uuid="31d04b3d-8da2-4484-a1ae-9a89fb533fcc">
      <id>15436</id>
      <classname>org.openmrs.ConceptName</classname>
      <dateChanged id="525">2012-09-20 18:24:16</dateChanged>
    </org.openmrs.module.metadatasharing.Item>
    <org.openmrs.module.metadatasharing.Item id="526" uuid="10d46877-b131-47a3-9579-beab73affd4e">
      <id>16090</id>
      <classname>org.openmrs.ConceptName</classname>
      <dateChanged id="527">2012-02-04 14:11:31</dateChanged>
    </org.openmrs.module.metadatasharing.Item>
    <org.openmrs.module.metadatasharing.Item id="528" uuid="1c17c103-76e6-4da5-b357-b8d817311c88">
      <id>15437</id>
      <classname>org.openmrs.ConceptName</classname>
      <dateChanged id="529">2012-01-24 13:24:07</dateChanged>
    </org.openmrs.module.metadatasharing.Item>
    <org.openmrs.module.metadatasharing.Item id="530" uuid="e48f0716-00b0-4239-946c-bc7c2e8d27f6">
      <id>5754</id>
      <classname>org.openmrs.ConceptDescription</classname>
      <dateChanged id="531">2012-09-20 18:24:17</dateChanged>
    </org.openmrs.module.metadatasharing.Item>
    <org.openmrs.module.metadatasharing.Item id="532" uuid="19a31d68-95b4-43fd-b4f0-58b0848bffad">
      <id>13651</id>
      <classname>org.openmrs.ConceptMap</classname>
      <dateChanged id="533">2012-09-20 18:24:17</dateChanged>
    </org.openmrs.module.metadatasharing.Item>
    <org.openmrs.module.metadatasharing.Item id="534" uuid="527407b8-e89c-356b-b7a6-f6785853f4ed">
      <id>13651</id>
      <classname>org.openmrs.ConceptReferenceTerm</classname>
      <dateChanged id="535">2012-01-24 00:00:00</dateChanged>
      <retired>false</retired>
    </org.openmrs.module.metadatasharing.Item>
    <org.openmrs.module.metadatasharing.Item id="536" uuid="d69ad415-4f4c-49e8-ae9b-683ae216292c">
      <id>13650</id>
      <classname>org.openmrs.ConceptMap</classname>
      <dateChanged id="537">2012-09-20 18:24:17</dateChanged>
    </org.openmrs.module.metadatasharing.Item>
    <org.openmrs.module.metadatasharing.Item id="538" uuid="a0b3c68d-1919-32b4-8acf-2a0bc9ce9e32">
      <id>13650</id>
      <classname>org.openmrs.ConceptReferenceTerm</classname>
      <dateChanged id="539">2012-01-24 00:00:00</dateChanged>
      <retired>false</retired>
    </org.openmrs.module.metadatasharing.Item>
  </relatedItems>
  <incrementalVersion>false</incrementalVersion>
</package>
