<?xml version="1.0" encoding="UTF-8"?>
<package id="1" uuid="e1e16446-8c21-4596-b8bf-9016d82d0784">
  <dateCreated id="2">2015-07-14 20:25:49</dateCreated>
  <name>Liberia Concepts</name>
  <description>Concepts for the Liberia EMR.  Starting with Pleebo, but possibly expanding to metadata specific for the Liberia implementation.</description>
  <openmrsVersion>1.9.8  Build fd241c</openmrsVersion>
  <version>7</version>
  <groupUuid>c0dc491e-a26e-4dee-99c4-c4dc5cb2e787</groupUuid>
  <modules id="3">
    <entry>
      <string>uilibrary</string>
      <string>2.0.3.1</string>
    </entry>
    <entry>
      <string>reportingcompatibility</string>
      <string>1.5.8</string>
    </entry>
    <entry>
      <string>groovy</string>
      <string>2.2.4</string>
    </entry>
    <entry>
      <string>metadatadeploy</string>
      <string>1.5-SNAPSHOT</string>
    </entry>
    <entry>
      <string>uiframework</string>
      <string>3.1</string>
    </entry>
    <entry>
      <string>validation</string>
      <string>1.0.1</string>
    </entry>
    <entry>
      <string>htmlformentry</string>
      <string>2.2.1</string>
    </entry>
    <entry>
      <string>metadatamapping</string>
      <string>1.0.1</string>
    </entry>
    <entry>
      <string>pihcore</string>
      <string>1.0-SNAPSHOT</string>
    </entry>
    <entry>
      <string>logic</string>
      <string>0.5.2</string>
    </entry>
    <entry>
      <string>providermanagement</string>
      <string>2.0</string>
    </entry>
    <entry>
      <string>htmlformentry19ext</string>
      <string>1.4</string>
    </entry>
    <entry>
      <string>metadatasharing</string>
      <string>1.1.8</string>
    </entry>
    <entry>
      <string>serialization.xstream</string>
      <string>0.2.7</string>
    </entry>
  </modules>
  <items class="linked-hash-set" id="4">
    <org.openmrs.module.metadatasharing.Item id="5" uuid="86a2cf11-1ea5-4b8a-9e4b-08f4cdbe1346">
      <id>6189</id>
      <classname>org.openmrs.Concept</classname>
      <dateChanged id="6">2015-07-14 20:25:12</dateChanged>
      <retired>false</retired>
    </org.openmrs.module.metadatasharing.Item>
  </items>
  <relatedItems class="linked-hash-set" id="7">
    <org.openmrs.module.metadatasharing.Item id="8" uuid="8d4a48b6-c2cc-11de-8d13-0010c6dffd0f">
      <id>2</id>
      <classname>org.openmrs.ConceptDatatype</classname>
      <dateChanged id="9">2004-02-02 00:00:00</dateChanged>
      <retired>false</retired>
    </org.openmrs.module.metadatasharing.Item>
    <org.openmrs.module.metadatasharing.Item id="10" uuid="8d491e50-c2cc-11de-8d13-0010c6dffd0f">
      <id>7</id>
      <classname>org.openmrs.ConceptClass</classname>
      <dateChanged id="11">2015-07-01 17:25:50</dateChanged>
      <retired>false</retired>
    </org.openmrs.module.metadatasharing.Item>
    <org.openmrs.module.metadatasharing.Item id="12" uuid="0b939138-15f5-102d-96e4-000c29c2a5d7">
      <id>9212</id>
      <classname>org.openmrs.ConceptName</classname>
      <dateChanged id="13">2015-05-05 17:33:30</dateChanged>
    </org.openmrs.module.metadatasharing.Item>
    <org.openmrs.module.metadatasharing.Item id="14" uuid="75c775bb-798c-4eeb-b146-5d7a89fad4c2">
      <id>8809</id>
      <classname>org.openmrs.ConceptName</classname>
      <dateChanged id="15">2009-03-26 05:37:20</dateChanged>
    </org.openmrs.module.metadatasharing.Item>
    <org.openmrs.module.metadatasharing.Item id="16" uuid="95b28cc1-da26-4f8c-a117-01c6e0ce7332">
      <id>29664</id>
      <classname>org.openmrs.ConceptName</classname>
      <dateChanged id="17">2015-05-05 17:33:30</dateChanged>
    </org.openmrs.module.metadatasharing.Item>
    <org.openmrs.module.metadatasharing.Item id="18" uuid="d9ffff32-c1b5-4597-a529-7958341c3139">
      <id>8933</id>
      <classname>org.openmrs.ConceptName</classname>
      <dateChanged id="19">2009-05-01 06:13:53</dateChanged>
    </org.openmrs.module.metadatasharing.Item>
    <org.openmrs.module.metadatasharing.Item id="20" uuid="0b90bf9e-15f5-102d-96e4-000c29c2a5d7">
      <id>8810</id>
      <classname>org.openmrs.ConceptName</classname>
      <dateChanged id="21">2009-03-26 05:37:20</dateChanged>
    </org.openmrs.module.metadatasharing.Item>
    <org.openmrs.module.metadatasharing.Item id="22" uuid="8aca9a65-3a32-45a8-9f32-4c0e0a1cc996">
      <id>5572</id>
      <classname>org.openmrs.ConceptAnswer</classname>
      <dateChanged id="23">2009-04-14 05:43:40</dateChanged>
    </org.openmrs.module.metadatasharing.Item>
    <org.openmrs.module.metadatasharing.Item id="24" uuid="00791bf2-8867-4c16-9825-7256e33fe965">
      <id>6191</id>
      <classname>org.openmrs.Concept</classname>
      <dateChanged id="25">2009-06-30 16:39:34</dateChanged>
      <retired>false</retired>
    </org.openmrs.module.metadatasharing.Item>
    <org.openmrs.module.metadatasharing.Item id="26" uuid="8d4a4c94-c2cc-11de-8d13-0010c6dffd0f">
      <id>4</id>
      <classname>org.openmrs.ConceptDatatype</classname>
      <dateChanged id="27">2004-02-02 05:00:00</dateChanged>
      <retired>false</retired>
    </org.openmrs.module.metadatasharing.Item>
    <org.openmrs.module.metadatasharing.Item id="28" uuid="8d492774-c2cc-11de-8d13-0010c6dffd0f">
      <id>11</id>
      <classname>org.openmrs.ConceptClass</classname>
      <dateChanged id="29">2015-07-01 17:25:50</dateChanged>
      <retired>false</retired>
    </org.openmrs.module.metadatasharing.Item>
    <org.openmrs.module.metadatasharing.Item id="30" uuid="296dd0c8-8ce4-40fd-a126-4882f4b9e88a">
      <id>8814</id>
      <classname>org.openmrs.ConceptName</classname>
      <dateChanged id="31">2009-03-26 05:45:56</dateChanged>
    </org.openmrs.module.metadatasharing.Item>
    <org.openmrs.module.metadatasharing.Item id="32" uuid="0b939322-15f5-102d-96e4-000c29c2a5d7">
      <id>9214</id>
      <classname>org.openmrs.ConceptName</classname>
      <dateChanged id="33">2009-06-30 16:39:34</dateChanged>
    </org.openmrs.module.metadatasharing.Item>
    <org.openmrs.module.metadatasharing.Item id="34" uuid="588063b3-1f00-4c01-afb2-321b513ede16">
      <id>8813</id>
      <classname>org.openmrs.ConceptName</classname>
      <dateChanged id="35">2009-03-26 05:45:56</dateChanged>
    </org.openmrs.module.metadatasharing.Item>
    <org.openmrs.module.metadatasharing.Item id="36" uuid="1c2cf773-4966-4df3-87f3-55b26044582e">
      <id>4803</id>
      <classname>org.openmrs.ConceptDescription</classname>
      <dateChanged id="37">2009-03-26 05:45:56</dateChanged>
    </org.openmrs.module.metadatasharing.Item>
    <org.openmrs.module.metadatasharing.Item id="38" uuid="75ad5be4-4943-102e-96e9-000c29c2a5d7">
      <id>10838</id>
      <classname>org.openmrs.ConceptMap</classname>
      <dateChanged id="39">2012-06-21 16:49:52</dateChanged>
    </org.openmrs.module.metadatasharing.Item>
    <org.openmrs.module.metadatasharing.Item id="40" uuid="35543629-7d8c-11e1-909d-c80aa9edcf4e">
      <id>1</id>
      <classname>org.openmrs.ConceptMapType</classname>
      <dateChanged id="41">2012-06-21 00:00:00</dateChanged>
      <retired>false</retired>
    </org.openmrs.module.metadatasharing.Item>
    <org.openmrs.module.metadatasharing.Item id="42" uuid="fa85a58f-b783-36dc-b6f0-4be96db8e87b">
      <id>10838</id>
      <classname>org.openmrs.ConceptReferenceTerm</classname>
      <dateChanged id="43">2010-11-24 00:00:00</dateChanged>
      <retired>false</retired>
    </org.openmrs.module.metadatasharing.Item>
    <org.openmrs.module.metadatasharing.Item id="44" uuid="fb9aaaf1-65e2-4c18-b53c-16b575f2f385">
      <id>5</id>
      <classname>org.openmrs.ConceptSource</classname>
      <dateChanged id="45">2015-07-01 17:25:50</dateChanged>
      <retired>false</retired>
    </org.openmrs.module.metadatasharing.Item>
    <org.openmrs.module.metadatasharing.Item id="46" uuid="b2ada5d8-4864-102e-96e9-000c29c2a5d7">
      <id>5260</id>
      <classname>org.openmrs.ConceptMap</classname>
      <dateChanged id="47">2012-06-21 16:49:52</dateChanged>
    </org.openmrs.module.metadatasharing.Item>
    <org.openmrs.module.metadatasharing.Item id="48" uuid="a0f125a0-8e06-3d96-91bf-c5d42219ee5e">
      <id>5260</id>
      <classname>org.openmrs.ConceptReferenceTerm</classname>
      <dateChanged id="49">2010-11-23 00:00:00</dateChanged>
      <retired>false</retired>
    </org.openmrs.module.metadatasharing.Item>
    <org.openmrs.module.metadatasharing.Item id="50" uuid="41e55888-c43a-4d7b-a656-053d84291fb6">
      <id>5573</id>
      <classname>org.openmrs.ConceptAnswer</classname>
      <dateChanged id="51">2009-04-14 05:43:40</dateChanged>
    </org.openmrs.module.metadatasharing.Item>
    <org.openmrs.module.metadatasharing.Item id="52" uuid="1989ac72-f2c4-404e-914e-36e83a51af9c">
      <id>6193</id>
      <classname>org.openmrs.Concept</classname>
      <dateChanged id="53">2009-06-30 16:42:27</dateChanged>
      <retired>false</retired>
    </org.openmrs.module.metadatasharing.Item>
    <org.openmrs.module.metadatasharing.Item id="54" uuid="ec677888-3297-4183-8084-91e25564b75d">
      <id>9216</id>
      <classname>org.openmrs.ConceptName</classname>
      <dateChanged id="55">2009-06-30 16:42:27</dateChanged>
    </org.openmrs.module.metadatasharing.Item>
    <org.openmrs.module.metadatasharing.Item id="56" uuid="e3fdd71a-dde0-4647-873a-d8b65197d5b9">
      <id>8817</id>
      <classname>org.openmrs.ConceptName</classname>
      <dateChanged id="57">2009-03-26 05:49:42</dateChanged>
    </org.openmrs.module.metadatasharing.Item>
    <org.openmrs.module.metadatasharing.Item id="58" uuid="13e5b576-e570-4374-a6ed-2f3da0d54ea4">
      <id>8818</id>
      <classname>org.openmrs.ConceptName</classname>
      <dateChanged id="59">2009-03-26 05:49:42</dateChanged>
    </org.openmrs.module.metadatasharing.Item>
    <org.openmrs.module.metadatasharing.Item id="60" uuid="a98b0fbf-0718-4210-8087-903d1547a0fb">
      <id>4805</id>
      <classname>org.openmrs.ConceptDescription</classname>
      <dateChanged id="61">2009-03-26 05:49:42</dateChanged>
    </org.openmrs.module.metadatasharing.Item>
    <org.openmrs.module.metadatasharing.Item id="62" uuid="75ad5eb4-4943-102e-96e9-000c29c2a5d7">
      <id>10840</id>
      <classname>org.openmrs.ConceptMap</classname>
      <dateChanged id="63">2012-06-21 16:49:52</dateChanged>
    </org.openmrs.module.metadatasharing.Item>
    <org.openmrs.module.metadatasharing.Item id="64" uuid="fe08ec4e-40d1-3f7e-b6ea-8836b4f82dc3">
      <id>10840</id>
      <classname>org.openmrs.ConceptReferenceTerm</classname>
      <dateChanged id="65">2010-11-24 00:00:00</dateChanged>
      <retired>false</retired>
    </org.openmrs.module.metadatasharing.Item>
    <org.openmrs.module.metadatasharing.Item id="66" uuid="b2ada902-4864-102e-96e9-000c29c2a5d7">
      <id>5262</id>
      <classname>org.openmrs.ConceptMap</classname>
      <dateChanged id="67">2012-06-21 16:49:52</dateChanged>
    </org.openmrs.module.metadatasharing.Item>
    <org.openmrs.module.metadatasharing.Item id="68" uuid="5d9951ee-cdfc-3527-9308-3739364da46e">
      <id>5262</id>
      <classname>org.openmrs.ConceptReferenceTerm</classname>
      <dateChanged id="69">2010-11-23 00:00:00</dateChanged>
      <retired>false</retired>
    </org.openmrs.module.metadatasharing.Item>
    <org.openmrs.module.metadatasharing.Item id="70" uuid="3b1c1c66-4968-4a58-8c75-f00274d96baa">
      <id>5574</id>
      <classname>org.openmrs.ConceptAnswer</classname>
      <dateChanged id="71">2009-04-14 05:43:40</dateChanged>
    </org.openmrs.module.metadatasharing.Item>
    <org.openmrs.module.metadatasharing.Item id="72" uuid="5baf8f76-f234-4b4e-b059-9fec60af71af">
      <id>6192</id>
      <classname>org.openmrs.Concept</classname>
      <dateChanged id="73">2011-03-21 14:58:16</dateChanged>
      <retired>false</retired>
    </org.openmrs.module.metadatasharing.Item>
    <org.openmrs.module.metadatasharing.Item id="74" uuid="2cb19ac0-a7b0-4395-acfb-fe0501b22a55">
      <id>8816</id>
      <classname>org.openmrs.ConceptName</classname>
      <dateChanged id="75">2009-03-25 23:47:45</dateChanged>
    </org.openmrs.module.metadatasharing.Item>
    <org.openmrs.module.metadatasharing.Item id="76" uuid="6b1057ca-76e1-40ac-bcd4-aeb2eba67408">
      <id>8815</id>
      <classname>org.openmrs.ConceptName</classname>
      <dateChanged id="77">2009-03-25 23:47:45</dateChanged>
    </org.openmrs.module.metadatasharing.Item>
    <org.openmrs.module.metadatasharing.Item id="78" uuid="0b939412-15f5-102d-96e4-000c29c2a5d7">
      <id>9215</id>
      <classname>org.openmrs.ConceptName</classname>
      <dateChanged id="79">2009-06-30 10:40:28</dateChanged>
    </org.openmrs.module.metadatasharing.Item>
    <org.openmrs.module.metadatasharing.Item id="80" uuid="ede684e7-f360-49c4-912e-088f78748cf3">
      <id>4804</id>
      <classname>org.openmrs.ConceptDescription</classname>
      <dateChanged id="81">2011-03-21 14:58:16</dateChanged>
    </org.openmrs.module.metadatasharing.Item>
    <org.openmrs.module.metadatasharing.Item id="82" uuid="75ad5d4c-4943-102e-96e9-000c29c2a5d7">
      <id>10839</id>
      <classname>org.openmrs.ConceptMap</classname>
      <dateChanged id="83">2012-06-21 16:49:52</dateChanged>
    </org.openmrs.module.metadatasharing.Item>
    <org.openmrs.module.metadatasharing.Item id="84" uuid="8580f9ee-f1a7-3cd5-9add-b4b4dde2a50c">
      <id>10839</id>
      <classname>org.openmrs.ConceptReferenceTerm</classname>
      <dateChanged id="85">2010-11-24 00:00:00</dateChanged>
      <retired>false</retired>
    </org.openmrs.module.metadatasharing.Item>
    <org.openmrs.module.metadatasharing.Item id="86" uuid="b2ada754-4864-102e-96e9-000c29c2a5d7">
      <id>5261</id>
      <classname>org.openmrs.ConceptMap</classname>
      <dateChanged id="87">2012-06-21 16:49:52</dateChanged>
    </org.openmrs.module.metadatasharing.Item>
    <org.openmrs.module.metadatasharing.Item id="88" uuid="2f06eb8c-9879-3d1f-bc51-d9e031f8a7e3">
      <id>5261</id>
      <classname>org.openmrs.ConceptReferenceTerm</classname>
      <dateChanged id="89">2010-11-23 00:00:00</dateChanged>
      <retired>false</retired>
    </org.openmrs.module.metadatasharing.Item>
    <org.openmrs.module.metadatasharing.Item id="90" uuid="88d90e5c-1b6d-4e08-bff3-fc0f20e24aee">
      <id>5575</id>
      <classname>org.openmrs.ConceptAnswer</classname>
      <dateChanged id="91">2009-04-14 05:43:40</dateChanged>
    </org.openmrs.module.metadatasharing.Item>
    <org.openmrs.module.metadatasharing.Item id="92" uuid="7531c4c3-1221-4709-8a8a-4341408578c0">
      <id>6190</id>
      <classname>org.openmrs.Concept</classname>
      <dateChanged id="93">2009-06-30 16:39:13</dateChanged>
      <retired>false</retired>
    </org.openmrs.module.metadatasharing.Item>
    <org.openmrs.module.metadatasharing.Item id="94" uuid="0b939228-15f5-102d-96e4-000c29c2a5d7">
      <id>9213</id>
      <classname>org.openmrs.ConceptName</classname>
      <dateChanged id="95">2009-06-30 16:39:13</dateChanged>
    </org.openmrs.module.metadatasharing.Item>
    <org.openmrs.module.metadatasharing.Item id="96" uuid="a40f0604-3729-4872-b1ed-7b1d3ddbfad5">
      <id>8811</id>
      <classname>org.openmrs.ConceptName</classname>
      <dateChanged id="97">2009-03-26 05:44:04</dateChanged>
    </org.openmrs.module.metadatasharing.Item>
    <org.openmrs.module.metadatasharing.Item id="98" uuid="14fea98f-bc95-46e4-9aee-8766939ea5bd">
      <id>8812</id>
      <classname>org.openmrs.ConceptName</classname>
      <dateChanged id="99">2009-03-26 05:44:04</dateChanged>
    </org.openmrs.module.metadatasharing.Item>
    <org.openmrs.module.metadatasharing.Item id="100" uuid="495600f3-1b64-498d-a689-7d37a980a99b">
      <id>4802</id>
      <classname>org.openmrs.ConceptDescription</classname>
      <dateChanged id="101">2009-03-26 05:44:04</dateChanged>
    </org.openmrs.module.metadatasharing.Item>
    <org.openmrs.module.metadatasharing.Item id="102" uuid="b2ada466-4864-102e-96e9-000c29c2a5d7">
      <id>5259</id>
      <classname>org.openmrs.ConceptMap</classname>
      <dateChanged id="103">2012-06-21 16:49:52</dateChanged>
    </org.openmrs.module.metadatasharing.Item>
    <org.openmrs.module.metadatasharing.Item id="104" uuid="9cbb2c35-d083-3bbb-95a5-ca72c9647961">
      <id>5259</id>
      <classname>org.openmrs.ConceptReferenceTerm</classname>
      <dateChanged id="105">2010-11-23 00:00:00</dateChanged>
      <retired>false</retired>
    </org.openmrs.module.metadatasharing.Item>
    <org.openmrs.module.metadatasharing.Item id="106" uuid="75ad5a86-4943-102e-96e9-000c29c2a5d7">
      <id>10837</id>
      <classname>org.openmrs.ConceptMap</classname>
      <dateChanged id="107">2012-06-21 16:49:52</dateChanged>
    </org.openmrs.module.metadatasharing.Item>
    <org.openmrs.module.metadatasharing.Item id="108" uuid="eeaae7a1-5249-3246-a9a8-b3a568d77daf">
      <id>10837</id>
      <classname>org.openmrs.ConceptReferenceTerm</classname>
      <dateChanged id="109">2010-11-24 00:00:00</dateChanged>
      <retired>false</retired>
    </org.openmrs.module.metadatasharing.Item>
    <org.openmrs.module.metadatasharing.Item id="110" uuid="3148a345-41af-474c-bb83-587351d83389">
      <id>5576</id>
      <classname>org.openmrs.ConceptAnswer</classname>
      <dateChanged id="111">2009-04-14 05:43:40</dateChanged>
    </org.openmrs.module.metadatasharing.Item>
    <org.openmrs.module.metadatasharing.Item id="112" uuid="3cdc871e-26fe-102b-80cb-0017a47871b2">
      <id>1651</id>
      <classname>org.openmrs.Concept</classname>
      <dateChanged id="113">2015-05-05 17:36:39</dateChanged>
      <retired>false</retired>
    </org.openmrs.module.metadatasharing.Item>
    <org.openmrs.module.metadatasharing.Item id="114" uuid="fd84cd6f-eb71-4e4c-9025-28f83102e03e">
      <id>29665</id>
      <classname>org.openmrs.ConceptName</classname>
      <dateChanged id="115">2015-05-05 17:36:38</dateChanged>
    </org.openmrs.module.metadatasharing.Item>
    <org.openmrs.module.metadatasharing.Item id="116" uuid="3e1c7daa-26fe-102b-80cb-0017a47871b2">
      <id>1800</id>
      <classname>org.openmrs.ConceptName</classname>
      <dateChanged id="117">2006-09-18 09:28:17</dateChanged>
    </org.openmrs.module.metadatasharing.Item>
    <org.openmrs.module.metadatasharing.Item id="118" uuid="f62e53a8-d5db-102d-ad2a-000c29c2a5d7">
      <id>11153</id>
      <classname>org.openmrs.ConceptName</classname>
      <dateChanged id="119">2015-05-05 17:36:38</dateChanged>
    </org.openmrs.module.metadatasharing.Item>
    <org.openmrs.module.metadatasharing.Item id="120" uuid="0b932298-15f5-102d-96e4-000c29c2a5d7">
      <id>9155</id>
      <classname>org.openmrs.ConceptName</classname>
      <dateChanged id="121">2009-06-15 19:36:37</dateChanged>
    </org.openmrs.module.metadatasharing.Item>
    <org.openmrs.module.metadatasharing.Item id="122" uuid="eceb7674-07fe-102c-b5fa-0017a47871b2">
      <id>1674</id>
      <classname>org.openmrs.ConceptDescription</classname>
      <dateChanged id="123">2011-03-21 14:58:15</dateChanged>
    </org.openmrs.module.metadatasharing.Item>
    <org.openmrs.module.metadatasharing.Item id="124" uuid="b213f320-4864-102e-96e9-000c29c2a5d7">
      <id>1653</id>
      <classname>org.openmrs.ConceptMap</classname>
      <dateChanged id="125">2012-06-21 16:49:52</dateChanged>
    </org.openmrs.module.metadatasharing.Item>
    <org.openmrs.module.metadatasharing.Item id="126" uuid="23006822-6b2e-3bff-90a2-68521d88d1c5">
      <id>1653</id>
      <classname>org.openmrs.ConceptReferenceTerm</classname>
      <dateChanged id="127">2010-11-23 00:00:00</dateChanged>
      <retired>false</retired>
    </org.openmrs.module.metadatasharing.Item>
    <org.openmrs.module.metadatasharing.Item id="128" uuid="757741d0-4943-102e-96e9-000c29c2a5d7">
      <id>7476</id>
      <classname>org.openmrs.ConceptMap</classname>
      <dateChanged id="129">2012-06-21 16:49:52</dateChanged>
    </org.openmrs.module.metadatasharing.Item>
    <org.openmrs.module.metadatasharing.Item id="130" uuid="d9858c25-d4bf-3080-8ecd-625236518cca">
      <id>7476</id>
      <classname>org.openmrs.ConceptReferenceTerm</classname>
      <dateChanged id="131">2010-11-24 00:00:00</dateChanged>
      <retired>false</retired>
    </org.openmrs.module.metadatasharing.Item>
    <org.openmrs.module.metadatasharing.Item id="132" uuid="cc9ff57d-3f80-4828-be66-64c1344ac7d0">
      <id>5589</id>
      <classname>org.openmrs.ConceptAnswer</classname>
      <dateChanged id="133">2009-05-01 06:46:07</dateChanged>
    </org.openmrs.module.metadatasharing.Item>
    <org.openmrs.module.metadatasharing.Item id="134" uuid="163a6dd9-2127-417d-a47f-56c722be3ac6">
      <id>6260</id>
      <classname>org.openmrs.Concept</classname>
      <dateChanged id="135">2015-06-05 23:03:47</dateChanged>
      <retired>false</retired>
    </org.openmrs.module.metadatasharing.Item>
    <org.openmrs.module.metadatasharing.Item id="136" uuid="0b93e48a-15f5-102d-96e4-000c29c2a5d7">
      <id>9283</id>
      <classname>org.openmrs.ConceptName</classname>
      <dateChanged id="137">2009-07-02 14:54:12</dateChanged>
    </org.openmrs.module.metadatasharing.Item>
    <org.openmrs.module.metadatasharing.Item id="138" uuid="7fc9d3c5-e48e-4b4e-a26b-d98014f8333d">
      <id>8945</id>
      <classname>org.openmrs.ConceptName</classname>
      <dateChanged id="139">2009-05-01 06:41:49</dateChanged>
    </org.openmrs.module.metadatasharing.Item>
    <org.openmrs.module.metadatasharing.Item id="140" uuid="ceee6605-c04b-4d14-ab82-0fbf45cfc2ba">
      <id>8946</id>
      <classname>org.openmrs.ConceptName</classname>
      <dateChanged id="141">2009-05-01 06:41:49</dateChanged>
    </org.openmrs.module.metadatasharing.Item>
    <org.openmrs.module.metadatasharing.Item id="142" uuid="06d46552-4881-4fb9-9850-7a2a40aa5162">
      <id>4877</id>
      <classname>org.openmrs.ConceptDescription</classname>
      <dateChanged id="143">2009-05-01 06:41:49</dateChanged>
    </org.openmrs.module.metadatasharing.Item>
    <org.openmrs.module.metadatasharing.Item id="144" uuid="75adc39a-4943-102e-96e9-000c29c2a5d7">
      <id>10907</id>
      <classname>org.openmrs.ConceptMap</classname>
      <dateChanged id="145">2012-06-21 16:49:52</dateChanged>
    </org.openmrs.module.metadatasharing.Item>
    <org.openmrs.module.metadatasharing.Item id="146" uuid="c2abb0c5-586c-3e2a-b593-aa61a3860450">
      <id>10907</id>
      <classname>org.openmrs.ConceptReferenceTerm</classname>
      <dateChanged id="147">2010-11-24 00:00:00</dateChanged>
      <retired>false</retired>
    </org.openmrs.module.metadatasharing.Item>
    <org.openmrs.module.metadatasharing.Item id="148" uuid="b2ae0e1a-4864-102e-96e9-000c29c2a5d7">
      <id>5329</id>
      <classname>org.openmrs.ConceptMap</classname>
      <dateChanged id="149">2012-06-21 16:49:52</dateChanged>
    </org.openmrs.module.metadatasharing.Item>
    <org.openmrs.module.metadatasharing.Item id="150" uuid="743a20e7-97ba-3e1a-adad-2669e3b37a2c">
      <id>5329</id>
      <classname>org.openmrs.ConceptReferenceTerm</classname>
      <dateChanged id="151">2010-11-23 00:00:00</dateChanged>
      <retired>false</retired>
    </org.openmrs.module.metadatasharing.Item>
    <org.openmrs.module.metadatasharing.Item id="152" uuid="d5e2cee5-62b2-43d3-8379-9f45274d8807">
      <id>5590</id>
      <classname>org.openmrs.ConceptAnswer</classname>
      <dateChanged id="153">2009-05-01 06:46:07</dateChanged>
    </org.openmrs.module.metadatasharing.Item>
    <org.openmrs.module.metadatasharing.Item id="154" uuid="36b15ade-1cbd-4379-850f-1420ece2e75c">
      <id>6257</id>
      <classname>org.openmrs.Concept</classname>
      <dateChanged id="155">2009-07-02 14:46:51</dateChanged>
      <retired>false</retired>
    </org.openmrs.module.metadatasharing.Item>
    <org.openmrs.module.metadatasharing.Item id="156" uuid="de2f8118-54e3-4069-bd01-e6b2870b9c66">
      <id>8940</id>
      <classname>org.openmrs.ConceptName</classname>
      <dateChanged id="157">2009-05-01 06:23:46</dateChanged>
    </org.openmrs.module.metadatasharing.Item>
    <org.openmrs.module.metadatasharing.Item id="158" uuid="0b93dfe4-15f5-102d-96e4-000c29c2a5d7">
      <id>9280</id>
      <classname>org.openmrs.ConceptName</classname>
      <dateChanged id="159">2009-07-02 14:46:51</dateChanged>
    </org.openmrs.module.metadatasharing.Item>
    <org.openmrs.module.metadatasharing.Item id="160" uuid="c6f65552-d04e-40ce-aee7-2aa3c3c7fab6">
      <id>8939</id>
      <classname>org.openmrs.ConceptName</classname>
      <dateChanged id="161">2009-05-01 06:23:46</dateChanged>
    </org.openmrs.module.metadatasharing.Item>
    <org.openmrs.module.metadatasharing.Item id="162" uuid="f67edc10-3a50-4f1f-85eb-fd215e164399">
      <id>4874</id>
      <classname>org.openmrs.ConceptDescription</classname>
      <dateChanged id="163">2009-05-01 06:23:46</dateChanged>
    </org.openmrs.module.metadatasharing.Item>
    <org.openmrs.module.metadatasharing.Item id="164" uuid="75adbf62-4943-102e-96e9-000c29c2a5d7">
      <id>10904</id>
      <classname>org.openmrs.ConceptMap</classname>
      <dateChanged id="165">2012-06-21 16:49:52</dateChanged>
    </org.openmrs.module.metadatasharing.Item>
    <org.openmrs.module.metadatasharing.Item id="166" uuid="7fe9f070-e6d3-3061-851d-6c748870399a">
      <id>10904</id>
      <classname>org.openmrs.ConceptReferenceTerm</classname>
      <dateChanged id="167">2010-11-24 00:00:00</dateChanged>
      <retired>false</retired>
    </org.openmrs.module.metadatasharing.Item>
    <org.openmrs.module.metadatasharing.Item id="168" uuid="b2ae09b0-4864-102e-96e9-000c29c2a5d7">
      <id>5326</id>
      <classname>org.openmrs.ConceptMap</classname>
      <dateChanged id="169">2012-06-21 16:49:52</dateChanged>
    </org.openmrs.module.metadatasharing.Item>
    <org.openmrs.module.metadatasharing.Item id="170" uuid="260bdfbb-31ef-36b2-814f-4597ff228c05">
      <id>5326</id>
      <classname>org.openmrs.ConceptReferenceTerm</classname>
      <dateChanged id="171">2010-11-23 00:00:00</dateChanged>
      <retired>false</retired>
    </org.openmrs.module.metadatasharing.Item>
    <org.openmrs.module.metadatasharing.Item id="172" uuid="250d9794-c5d5-49ad-a83e-6e46542dcd42">
      <id>5591</id>
      <classname>org.openmrs.ConceptAnswer</classname>
      <dateChanged id="173">2009-05-01 06:46:07</dateChanged>
    </org.openmrs.module.metadatasharing.Item>
    <org.openmrs.module.metadatasharing.Item id="174" uuid="3f13b60e-5674-4a13-b5ed-5a31a62c749a">
      <id>6255</id>
      <classname>org.openmrs.Concept</classname>
      <dateChanged id="175">2015-05-28 19:58:17</dateChanged>
      <retired>false</retired>
    </org.openmrs.module.metadatasharing.Item>
    <org.openmrs.module.metadatasharing.Item id="176" uuid="702993f4-c6b6-48fe-9c62-d36892e4c310">
      <id>8936</id>
      <classname>org.openmrs.ConceptName</classname>
      <dateChanged id="177">2009-05-01 06:20:15</dateChanged>
    </org.openmrs.module.metadatasharing.Item>
    <org.openmrs.module.metadatasharing.Item id="178" uuid="0b93dcc4-15f5-102d-96e4-000c29c2a5d7">
      <id>9278</id>
      <classname>org.openmrs.ConceptName</classname>
      <dateChanged id="179">2009-07-02 14:40:04</dateChanged>
    </org.openmrs.module.metadatasharing.Item>
    <org.openmrs.module.metadatasharing.Item id="180" uuid="3b381dcb-848b-4382-b58e-ccbb87a7116a">
      <id>8934</id>
      <classname>org.openmrs.ConceptName</classname>
      <dateChanged id="181">2009-05-01 06:20:15</dateChanged>
    </org.openmrs.module.metadatasharing.Item>
    <org.openmrs.module.metadatasharing.Item id="182" uuid="a53e436b-3ffd-40d0-97f3-422a60ae3b1a">
      <id>8935</id>
      <classname>org.openmrs.ConceptName</classname>
      <dateChanged id="183">2009-05-01 06:20:15</dateChanged>
    </org.openmrs.module.metadatasharing.Item>
    <org.openmrs.module.metadatasharing.Item id="184" uuid="dc3f7aaf-199e-4de0-8d37-10dd2f6def55">
      <id>4872</id>
      <classname>org.openmrs.ConceptDescription</classname>
      <dateChanged id="185">2009-05-01 06:20:15</dateChanged>
    </org.openmrs.module.metadatasharing.Item>
    <org.openmrs.module.metadatasharing.Item id="186" uuid="b2ae06c2-4864-102e-96e9-000c29c2a5d7">
      <id>5324</id>
      <classname>org.openmrs.ConceptMap</classname>
      <dateChanged id="187">2012-06-21 16:49:52</dateChanged>
    </org.openmrs.module.metadatasharing.Item>
    <org.openmrs.module.metadatasharing.Item id="188" uuid="978a4c64-87fc-31d8-a84c-f2f6de2ec432">
      <id>5324</id>
      <classname>org.openmrs.ConceptReferenceTerm</classname>
      <dateChanged id="189">2010-11-23 00:00:00</dateChanged>
      <retired>false</retired>
    </org.openmrs.module.metadatasharing.Item>
    <org.openmrs.module.metadatasharing.Item id="190" uuid="75adbc9c-4943-102e-96e9-000c29c2a5d7">
      <id>10902</id>
      <classname>org.openmrs.ConceptMap</classname>
      <dateChanged id="191">2012-06-21 16:49:52</dateChanged>
    </org.openmrs.module.metadatasharing.Item>
    <org.openmrs.module.metadatasharing.Item id="192" uuid="de85c195-4c72-365d-8d31-367c24451b2c">
      <id>10902</id>
      <classname>org.openmrs.ConceptReferenceTerm</classname>
      <dateChanged id="193">2010-11-24 00:00:00</dateChanged>
      <retired>false</retired>
    </org.openmrs.module.metadatasharing.Item>
    <org.openmrs.module.metadatasharing.Item id="194" uuid="3239ac12-17e9-41f4-b089-b1d8f5c1a79e">
      <id>5592</id>
      <classname>org.openmrs.ConceptAnswer</classname>
      <dateChanged id="195">2009-05-01 06:46:07</dateChanged>
    </org.openmrs.module.metadatasharing.Item>
    <org.openmrs.module.metadatasharing.Item id="196" uuid="56ac3f76-1373-4599-b223-da97a7cb5215">
      <id>6256</id>
      <classname>org.openmrs.Concept</classname>
      <dateChanged id="197">2015-06-02 21:17:53</dateChanged>
      <retired>false</retired>
    </org.openmrs.module.metadatasharing.Item>
    <org.openmrs.module.metadatasharing.Item id="198" uuid="75b6c368-c588-40da-aafd-d86775009161">
      <id>8938</id>
      <classname>org.openmrs.ConceptName</classname>
      <dateChanged id="199">2015-06-02 21:17:53</dateChanged>
    </org.openmrs.module.metadatasharing.Item>
    <org.openmrs.module.metadatasharing.Item id="200" uuid="a8acc6f8-9efa-479b-a242-ab573340f3f8">
      <id>29762</id>
      <classname>org.openmrs.ConceptName</classname>
      <dateChanged id="201">2015-06-02 21:17:53</dateChanged>
    </org.openmrs.module.metadatasharing.Item>
    <org.openmrs.module.metadatasharing.Item id="202" uuid="0b93de4a-15f5-102d-96e4-000c29c2a5d7">
      <id>9279</id>
      <classname>org.openmrs.ConceptName</classname>
      <dateChanged id="203">2009-07-02 14:43:46</dateChanged>
    </org.openmrs.module.metadatasharing.Item>
    <org.openmrs.module.metadatasharing.Item id="204" uuid="68f05eb9-6e93-4870-b686-3d1a97b225fb">
      <id>8937</id>
      <classname>org.openmrs.ConceptName</classname>
      <dateChanged id="205">2015-06-02 21:17:53</dateChanged>
    </org.openmrs.module.metadatasharing.Item>
    <org.openmrs.module.metadatasharing.Item id="206" uuid="4e65fa45-3ab1-493d-813f-6f6b0347ff29">
      <id>29763</id>
      <classname>org.openmrs.ConceptName</classname>
      <dateChanged id="207">2015-06-02 21:17:53</dateChanged>
    </org.openmrs.module.metadatasharing.Item>
    <org.openmrs.module.metadatasharing.Item id="208" uuid="7b3a8459-bf81-40d5-aac5-6adec418d4de">
      <id>4873</id>
      <classname>org.openmrs.ConceptDescription</classname>
      <dateChanged id="209">2009-05-01 06:22:01</dateChanged>
    </org.openmrs.module.metadatasharing.Item>
    <org.openmrs.module.metadatasharing.Item id="210" uuid="75adbe04-4943-102e-96e9-000c29c2a5d7">
      <id>10903</id>
      <classname>org.openmrs.ConceptMap</classname>
      <dateChanged id="211">2012-06-21 16:49:52</dateChanged>
    </org.openmrs.module.metadatasharing.Item>
    <org.openmrs.module.metadatasharing.Item id="212" uuid="c55604ad-08dc-3ef6-8136-0d40131ccfa2">
      <id>10903</id>
      <classname>org.openmrs.ConceptReferenceTerm</classname>
      <dateChanged id="213">2010-11-24 00:00:00</dateChanged>
      <retired>false</retired>
    </org.openmrs.module.metadatasharing.Item>
    <org.openmrs.module.metadatasharing.Item id="214" uuid="b2ae0834-4864-102e-96e9-000c29c2a5d7">
      <id>5325</id>
      <classname>org.openmrs.ConceptMap</classname>
      <dateChanged id="215">2012-06-21 16:49:52</dateChanged>
    </org.openmrs.module.metadatasharing.Item>
    <org.openmrs.module.metadatasharing.Item id="216" uuid="1c11eded-2d5f-300d-ab7b-d460add6d04b">
      <id>5325</id>
      <classname>org.openmrs.ConceptReferenceTerm</classname>
      <dateChanged id="217">2010-11-23 00:00:00</dateChanged>
      <retired>false</retired>
    </org.openmrs.module.metadatasharing.Item>
    <org.openmrs.module.metadatasharing.Item id="218" uuid="50284547-68e7-40fb-9782-cebf6333dd59">
      <id>5593</id>
      <classname>org.openmrs.ConceptAnswer</classname>
      <dateChanged id="219">2009-05-01 06:46:07</dateChanged>
    </org.openmrs.module.metadatasharing.Item>
    <org.openmrs.module.metadatasharing.Item id="220" uuid="272d0388-f717-4738-b3e0-9cb7a7f5632d">
      <id>6261</id>
      <classname>org.openmrs.Concept</classname>
      <dateChanged id="221">2015-06-02 21:19:16</dateChanged>
      <retired>false</retired>
    </org.openmrs.module.metadatasharing.Item>
    <org.openmrs.module.metadatasharing.Item id="222" uuid="e82a7a05-6bf4-4af6-ae04-f73db723db27">
      <id>29764</id>
      <classname>org.openmrs.ConceptName</classname>
      <dateChanged id="223">2015-06-02 21:19:16</dateChanged>
    </org.openmrs.module.metadatasharing.Item>
    <org.openmrs.module.metadatasharing.Item id="224" uuid="971040b4-544e-4223-9a14-a0da739d5a01">
      <id>8947</id>
      <classname>org.openmrs.ConceptName</classname>
      <dateChanged id="225">2009-05-01 06:43:10</dateChanged>
    </org.openmrs.module.metadatasharing.Item>
    <org.openmrs.module.metadatasharing.Item id="226" uuid="b7b65e39-43fb-48fc-9a50-3ea990938d98">
      <id>8948</id>
      <classname>org.openmrs.ConceptName</classname>
      <dateChanged id="227">2009-05-01 06:43:10</dateChanged>
    </org.openmrs.module.metadatasharing.Item>
    <org.openmrs.module.metadatasharing.Item id="228" uuid="0b93e61a-15f5-102d-96e4-000c29c2a5d7">
      <id>9284</id>
      <classname>org.openmrs.ConceptName</classname>
      <dateChanged id="229">2009-07-02 14:54:37</dateChanged>
    </org.openmrs.module.metadatasharing.Item>
    <org.openmrs.module.metadatasharing.Item id="230" uuid="cf9fe515-107a-43cd-93c5-c74379d7ef38">
      <id>4878</id>
      <classname>org.openmrs.ConceptDescription</classname>
      <dateChanged id="231">2009-05-01 06:43:10</dateChanged>
    </org.openmrs.module.metadatasharing.Item>
    <org.openmrs.module.metadatasharing.Item id="232" uuid="75adc4f8-4943-102e-96e9-000c29c2a5d7">
      <id>10908</id>
      <classname>org.openmrs.ConceptMap</classname>
      <dateChanged id="233">2012-06-21 16:49:52</dateChanged>
    </org.openmrs.module.metadatasharing.Item>
    <org.openmrs.module.metadatasharing.Item id="234" uuid="faf44d3a-76fe-3655-8ddd-94a55ed9f05f">
      <id>10908</id>
      <classname>org.openmrs.ConceptReferenceTerm</classname>
      <dateChanged id="235">2010-11-24 00:00:00</dateChanged>
      <retired>false</retired>
    </org.openmrs.module.metadatasharing.Item>
    <org.openmrs.module.metadatasharing.Item id="236" uuid="b2ae0f8c-4864-102e-96e9-000c29c2a5d7">
      <id>5330</id>
      <classname>org.openmrs.ConceptMap</classname>
      <dateChanged id="237">2012-06-21 16:49:52</dateChanged>
    </org.openmrs.module.metadatasharing.Item>
    <org.openmrs.module.metadatasharing.Item id="238" uuid="521f8932-87d6-3967-9e14-5605f5429641">
      <id>5330</id>
      <classname>org.openmrs.ConceptReferenceTerm</classname>
      <dateChanged id="239">2010-11-23 00:00:00</dateChanged>
      <retired>false</retired>
    </org.openmrs.module.metadatasharing.Item>
    <org.openmrs.module.metadatasharing.Item id="240" uuid="94d83bd8-d7eb-4f56-b9ec-baf96d365f81">
      <id>5594</id>
      <classname>org.openmrs.ConceptAnswer</classname>
      <dateChanged id="241">2009-05-01 06:46:07</dateChanged>
    </org.openmrs.module.metadatasharing.Item>
    <org.openmrs.module.metadatasharing.Item id="242" uuid="19b6e33c-a6cc-4b0e-9ad1-aa42062500e4">
      <id>6262</id>
      <classname>org.openmrs.Concept</classname>
      <dateChanged id="243">2015-05-05 17:35:03</dateChanged>
      <retired>false</retired>
    </org.openmrs.module.metadatasharing.Item>
    <org.openmrs.module.metadatasharing.Item id="244" uuid="95c2b2cc-dd70-4fc3-885d-62db842033b0">
      <id>8949</id>
      <classname>org.openmrs.ConceptName</classname>
      <dateChanged id="245">2009-05-01 06:44:25</dateChanged>
    </org.openmrs.module.metadatasharing.Item>
    <org.openmrs.module.metadatasharing.Item id="246" uuid="0b93e7aa-15f5-102d-96e4-000c29c2a5d7">
      <id>9285</id>
      <classname>org.openmrs.ConceptName</classname>
      <dateChanged id="247">2009-07-02 14:55:00</dateChanged>
    </org.openmrs.module.metadatasharing.Item>
    <org.openmrs.module.metadatasharing.Item id="248" uuid="d9a2e9ce-deeb-4df7-913c-c24a9863e6eb">
      <id>8950</id>
      <classname>org.openmrs.ConceptName</classname>
      <dateChanged id="249">2009-05-01 06:44:25</dateChanged>
    </org.openmrs.module.metadatasharing.Item>
    <org.openmrs.module.metadatasharing.Item id="250" uuid="6b6a8e2b-7d38-4d07-a9db-c495ef007e4b">
      <id>4879</id>
      <classname>org.openmrs.ConceptDescription</classname>
      <dateChanged id="251">2009-05-01 06:44:25</dateChanged>
    </org.openmrs.module.metadatasharing.Item>
    <org.openmrs.module.metadatasharing.Item id="252" uuid="b2ae1108-4864-102e-96e9-000c29c2a5d7">
      <id>5331</id>
      <classname>org.openmrs.ConceptMap</classname>
      <dateChanged id="253">2012-06-21 16:49:52</dateChanged>
    </org.openmrs.module.metadatasharing.Item>
    <org.openmrs.module.metadatasharing.Item id="254" uuid="2368fd80-4339-3322-a979-c55ad3078a63">
      <id>5331</id>
      <classname>org.openmrs.ConceptReferenceTerm</classname>
      <dateChanged id="255">2010-11-23 00:00:00</dateChanged>
      <retired>false</retired>
    </org.openmrs.module.metadatasharing.Item>
    <org.openmrs.module.metadatasharing.Item id="256" uuid="75adc660-4943-102e-96e9-000c29c2a5d7">
      <id>10909</id>
      <classname>org.openmrs.ConceptMap</classname>
      <dateChanged id="257">2012-06-21 16:49:52</dateChanged>
    </org.openmrs.module.metadatasharing.Item>
    <org.openmrs.module.metadatasharing.Item id="258" uuid="70325f3e-591c-38c0-98be-3fc1180a3ad7">
      <id>10909</id>
      <classname>org.openmrs.ConceptReferenceTerm</classname>
      <dateChanged id="259">2010-11-24 00:00:00</dateChanged>
      <retired>false</retired>
    </org.openmrs.module.metadatasharing.Item>
    <org.openmrs.module.metadatasharing.Item id="260" uuid="fe08dea8-4839-4d67-a58a-e16351a42379">
      <id>5595</id>
      <classname>org.openmrs.ConceptAnswer</classname>
      <dateChanged id="261">2009-05-01 06:46:07</dateChanged>
    </org.openmrs.module.metadatasharing.Item>
    <org.openmrs.module.metadatasharing.Item id="262" uuid="66ad0745-88be-4dd5-92d0-9aacfc05d761">
      <id>6258</id>
      <classname>org.openmrs.Concept</classname>
      <dateChanged id="263">2009-07-02 14:48:25</dateChanged>
      <retired>false</retired>
    </org.openmrs.module.metadatasharing.Item>
    <org.openmrs.module.metadatasharing.Item id="264" uuid="94bb1ac4-d0b0-4b75-aa85-e2a767ed202a">
      <id>8941</id>
      <classname>org.openmrs.ConceptName</classname>
      <dateChanged id="265">2009-05-01 06:39:17</dateChanged>
    </org.openmrs.module.metadatasharing.Item>
    <org.openmrs.module.metadatasharing.Item id="266" uuid="0b93e16a-15f5-102d-96e4-000c29c2a5d7">
      <id>9281</id>
      <classname>org.openmrs.ConceptName</classname>
      <dateChanged id="267">2009-07-02 14:48:25</dateChanged>
    </org.openmrs.module.metadatasharing.Item>
    <org.openmrs.module.metadatasharing.Item id="268" uuid="4b58752a-18c1-48cf-a186-4ed76a2370a8">
      <id>8942</id>
      <classname>org.openmrs.ConceptName</classname>
      <dateChanged id="269">2009-05-01 06:39:17</dateChanged>
    </org.openmrs.module.metadatasharing.Item>
    <org.openmrs.module.metadatasharing.Item id="270" uuid="4994f838-7739-4313-be92-4a74742eb2ab">
      <id>4875</id>
      <classname>org.openmrs.ConceptDescription</classname>
      <dateChanged id="271">2009-05-01 06:39:17</dateChanged>
    </org.openmrs.module.metadatasharing.Item>
    <org.openmrs.module.metadatasharing.Item id="272" uuid="b2ae0b2c-4864-102e-96e9-000c29c2a5d7">
      <id>5327</id>
      <classname>org.openmrs.ConceptMap</classname>
      <dateChanged id="273">2012-06-21 16:49:52</dateChanged>
    </org.openmrs.module.metadatasharing.Item>
    <org.openmrs.module.metadatasharing.Item id="274" uuid="8119d0a9-2c44-3532-a780-91781466d1a5">
      <id>5327</id>
      <classname>org.openmrs.ConceptReferenceTerm</classname>
      <dateChanged id="275">2010-11-23 00:00:00</dateChanged>
      <retired>false</retired>
    </org.openmrs.module.metadatasharing.Item>
    <org.openmrs.module.metadatasharing.Item id="276" uuid="75adc0d4-4943-102e-96e9-000c29c2a5d7">
      <id>10905</id>
      <classname>org.openmrs.ConceptMap</classname>
      <dateChanged id="277">2012-06-21 16:49:52</dateChanged>
    </org.openmrs.module.metadatasharing.Item>
    <org.openmrs.module.metadatasharing.Item id="278" uuid="c7cd448b-e2ae-3131-b60c-9b88ffeeb8ee">
      <id>10905</id>
      <classname>org.openmrs.ConceptReferenceTerm</classname>
      <dateChanged id="279">2010-11-24 00:00:00</dateChanged>
      <retired>false</retired>
    </org.openmrs.module.metadatasharing.Item>
    <org.openmrs.module.metadatasharing.Item id="280" uuid="a4f18562-e7c2-48a3-a573-2be6ffd02a29">
      <id>5596</id>
      <classname>org.openmrs.ConceptAnswer</classname>
      <dateChanged id="281">2009-05-01 06:46:07</dateChanged>
    </org.openmrs.module.metadatasharing.Item>
    <org.openmrs.module.metadatasharing.Item id="282" uuid="cabf0c04-7d4e-4db4-921c-d5ba90f00fc9">
      <id>6259</id>
      <classname>org.openmrs.Concept</classname>
      <dateChanged id="283">2015-06-02 21:15:45</dateChanged>
      <retired>false</retired>
    </org.openmrs.module.metadatasharing.Item>
    <org.openmrs.module.metadatasharing.Item id="284" uuid="8f642ccd-3f4b-4f59-8f70-708afbbfa9b2">
      <id>29759</id>
      <classname>org.openmrs.ConceptName</classname>
      <dateChanged id="285">2015-06-02 21:15:45</dateChanged>
    </org.openmrs.module.metadatasharing.Item>
    <org.openmrs.module.metadatasharing.Item id="286" uuid="0b93e2fa-15f5-102d-96e4-000c29c2a5d7">
      <id>9282</id>
      <classname>org.openmrs.ConceptName</classname>
      <dateChanged id="287">2015-06-02 21:15:45</dateChanged>
    </org.openmrs.module.metadatasharing.Item>
    <org.openmrs.module.metadatasharing.Item id="288" uuid="1fd5d41e-b0de-42db-9c31-1e8f007487ba">
      <id>8943</id>
      <classname>org.openmrs.ConceptName</classname>
      <dateChanged id="289">2015-06-02 21:15:45</dateChanged>
    </org.openmrs.module.metadatasharing.Item>
    <org.openmrs.module.metadatasharing.Item id="290" uuid="442f1d0d-9893-44e4-b3f1-f4e533cb5d2a">
      <id>29760</id>
      <classname>org.openmrs.ConceptName</classname>
      <dateChanged id="291">2015-06-02 21:15:45</dateChanged>
    </org.openmrs.module.metadatasharing.Item>
    <org.openmrs.module.metadatasharing.Item id="292" uuid="0d5a3a4e-f5da-4951-ad3f-49bc380f72c5">
      <id>29761</id>
      <classname>org.openmrs.ConceptName</classname>
      <dateChanged id="293">2015-06-02 21:15:45</dateChanged>
    </org.openmrs.module.metadatasharing.Item>
    <org.openmrs.module.metadatasharing.Item id="294" uuid="ffcfc804-32b5-4ce3-ac7d-3ae1ff73dee3">
      <id>8944</id>
      <classname>org.openmrs.ConceptName</classname>
      <dateChanged id="295">2015-06-02 21:15:45</dateChanged>
    </org.openmrs.module.metadatasharing.Item>
    <org.openmrs.module.metadatasharing.Item id="296" uuid="0b49a2f8-15f5-102d-96e4-000c29c2a5d7">
      <id>4876</id>
      <classname>org.openmrs.ConceptDescription</classname>
      <dateChanged id="297">2015-06-02 21:15:45</dateChanged>
    </org.openmrs.module.metadatasharing.Item>
    <org.openmrs.module.metadatasharing.Item id="298" uuid="75adc232-4943-102e-96e9-000c29c2a5d7">
      <id>10906</id>
      <classname>org.openmrs.ConceptMap</classname>
      <dateChanged id="299">2012-06-21 16:49:52</dateChanged>
    </org.openmrs.module.metadatasharing.Item>
    <org.openmrs.module.metadatasharing.Item id="300" uuid="547226af-e7a0-3784-b6e4-2cec725695e4">
      <id>10906</id>
      <classname>org.openmrs.ConceptReferenceTerm</classname>
      <dateChanged id="301">2010-11-24 00:00:00</dateChanged>
      <retired>false</retired>
    </org.openmrs.module.metadatasharing.Item>
    <org.openmrs.module.metadatasharing.Item id="302" uuid="b2ae0c9e-4864-102e-96e9-000c29c2a5d7">
      <id>5328</id>
      <classname>org.openmrs.ConceptMap</classname>
      <dateChanged id="303">2012-06-21 16:49:52</dateChanged>
    </org.openmrs.module.metadatasharing.Item>
    <org.openmrs.module.metadatasharing.Item id="304" uuid="1786a2c8-2e69-3135-a6f0-6f3eceaee609">
      <id>5328</id>
      <classname>org.openmrs.ConceptReferenceTerm</classname>
      <dateChanged id="305">2010-11-23 00:00:00</dateChanged>
      <retired>false</retired>
    </org.openmrs.module.metadatasharing.Item>
    <org.openmrs.module.metadatasharing.Item id="306" uuid="af587227-8bea-4bb6-8919-c2e086194b6a">
      <id>9209</id>
      <classname>org.openmrs.ConceptAnswer</classname>
      <dateChanged id="307">2015-05-05 17:48:49</dateChanged>
    </org.openmrs.module.metadatasharing.Item>
    <org.openmrs.module.metadatasharing.Item id="308" uuid="3ce1e560-26fe-102b-80cb-0017a47871b2">
      <id>2234</id>
      <classname>org.openmrs.Concept</classname>
      <dateChanged id="309">2015-05-05 17:42:32</dateChanged>
      <retired>false</retired>
    </org.openmrs.module.metadatasharing.Item>
    <org.openmrs.module.metadatasharing.Item id="310" uuid="bc482192-8457-4345-b4d2-221c263ca94a">
      <id>29666</id>
      <classname>org.openmrs.ConceptName</classname>
      <dateChanged id="311">2015-05-05 17:42:32</dateChanged>
    </org.openmrs.module.metadatasharing.Item>
    <org.openmrs.module.metadatasharing.Item id="312" uuid="f679c216-d5db-102d-ad2a-000c29c2a5d7">
      <id>11734</id>
      <classname>org.openmrs.ConceptName</classname>
      <dateChanged id="313">2010-06-29 13:04:01</dateChanged>
    </org.openmrs.module.metadatasharing.Item>
    <org.openmrs.module.metadatasharing.Item id="314" uuid="3e237d8a-26fe-102b-80cb-0017a47871b2">
      <id>2417</id>
      <classname>org.openmrs.ConceptName</classname>
      <dateChanged id="315">2007-05-13 13:55:12</dateChanged>
    </org.openmrs.module.metadatasharing.Item>
    <org.openmrs.module.metadatasharing.Item id="316" uuid="ecf10e5e-07fe-102c-b5fa-0017a47871b2">
      <id>2139</id>
      <classname>org.openmrs.ConceptDescription</classname>
      <dateChanged id="317">2007-05-13 13:55:12</dateChanged>
    </org.openmrs.module.metadatasharing.Item>
    <org.openmrs.module.metadatasharing.Item id="318" uuid="758c1092-4943-102e-96e9-000c29c2a5d7">
      <id>8050</id>
      <classname>org.openmrs.ConceptMap</classname>
      <dateChanged id="319">2012-06-21 16:49:52</dateChanged>
    </org.openmrs.module.metadatasharing.Item>
    <org.openmrs.module.metadatasharing.Item id="320" uuid="76591d7f-93cf-31db-96d9-975f024d78fa">
      <id>8050</id>
      <classname>org.openmrs.ConceptReferenceTerm</classname>
      <dateChanged id="321">2010-11-24 00:00:00</dateChanged>
      <retired>false</retired>
    </org.openmrs.module.metadatasharing.Item>
    <org.openmrs.module.metadatasharing.Item id="322" uuid="b2211df2-4864-102e-96e9-000c29c2a5d7">
      <id>2236</id>
      <classname>org.openmrs.ConceptMap</classname>
      <dateChanged id="323">2012-06-21 16:49:52</dateChanged>
    </org.openmrs.module.metadatasharing.Item>
    <org.openmrs.module.metadatasharing.Item id="324" uuid="0418ef23-f2c1-3b17-b7a5-2efbb1cd10da">
      <id>2236</id>
      <classname>org.openmrs.ConceptReferenceTerm</classname>
      <dateChanged id="325">2010-11-23 00:00:00</dateChanged>
      <retired>false</retired>
    </org.openmrs.module.metadatasharing.Item>
    <org.openmrs.module.metadatasharing.Item id="326" uuid="04879ea2-3f31-41a8-9bc5-766601f41597">
      <id>9210</id>
      <classname>org.openmrs.ConceptAnswer</classname>
      <dateChanged id="327">2015-05-05 17:48:49</dateChanged>
    </org.openmrs.module.metadatasharing.Item>
    <org.openmrs.module.metadatasharing.Item id="328" uuid="3cdb4962-26fe-102b-80cb-0017a47871b2">
      <id>1482</id>
      <classname>org.openmrs.Concept</classname>
      <dateChanged id="329">2015-05-05 17:45:12</dateChanged>
      <retired>false</retired>
    </org.openmrs.module.metadatasharing.Item>
    <org.openmrs.module.metadatasharing.Item id="330" uuid="3d72947a-26fe-102b-80cb-0017a47871b2">
      <id>16</id>
      <classname>org.openmrs.ConceptClass</classname>
      <dateChanged id="331">2006-08-16 02:04:09</dateChanged>
      <retired>false</retired>
    </org.openmrs.module.metadatasharing.Item>
    <org.openmrs.module.metadatasharing.Item id="332" uuid="f615ff56-d5db-102d-ad2a-000c29c2a5d7">
      <id>10993</id>
      <classname>org.openmrs.ConceptName</classname>
      <dateChanged id="333">2015-05-05 17:45:12</dateChanged>
    </org.openmrs.module.metadatasharing.Item>
    <org.openmrs.module.metadatasharing.Item id="334" uuid="3e1a9512-26fe-102b-80cb-0017a47871b2">
      <id>1606</id>
      <classname>org.openmrs.ConceptName</classname>
      <dateChanged id="335">2006-08-16 02:05:34</dateChanged>
    </org.openmrs.module.metadatasharing.Item>
    <org.openmrs.module.metadatasharing.Item id="336" uuid="0b7bffc8-15f5-102d-96e4-000c29c2a5d7">
      <id>5585</id>
      <classname>org.openmrs.ConceptName</classname>
      <dateChanged id="337">2015-05-05 17:44:34</dateChanged>
    </org.openmrs.module.metadatasharing.Item>
    <org.openmrs.module.metadatasharing.Item id="338" uuid="11e274f8-35db-4116-b911-2d5fd09f58b7">
      <id>29667</id>
      <classname>org.openmrs.ConceptName</classname>
      <dateChanged id="339">2015-05-05 17:45:12</dateChanged>
    </org.openmrs.module.metadatasharing.Item>
    <org.openmrs.module.metadatasharing.Item id="340" uuid="ece9f236-07fe-102c-b5fa-0017a47871b2">
      <id>1513</id>
      <classname>org.openmrs.ConceptDescription</classname>
      <dateChanged id="341">2006-08-16 02:05:34</dateChanged>
    </org.openmrs.module.metadatasharing.Item>
    <org.openmrs.module.metadatasharing.Item id="342" uuid="75725c60-4943-102e-96e9-000c29c2a5d7">
      <id>7314</id>
      <classname>org.openmrs.ConceptMap</classname>
      <dateChanged id="343">2012-06-21 16:49:52</dateChanged>
    </org.openmrs.module.metadatasharing.Item>
    <org.openmrs.module.metadatasharing.Item id="344" uuid="fd4de83d-70f6-351b-8125-f4d3aad434e9">
      <id>7314</id>
      <classname>org.openmrs.ConceptReferenceTerm</classname>
      <dateChanged id="345">2010-11-24 00:00:00</dateChanged>
      <retired>false</retired>
    </org.openmrs.module.metadatasharing.Item>
    <org.openmrs.module.metadatasharing.Item id="346" uuid="b2126d3e-4864-102e-96e9-000c29c2a5d7">
      <id>1484</id>
      <classname>org.openmrs.ConceptMap</classname>
      <dateChanged id="347">2012-06-21 16:49:52</dateChanged>
    </org.openmrs.module.metadatasharing.Item>
    <org.openmrs.module.metadatasharing.Item id="348" uuid="70f35c12-38f3-3d9e-895d-84f55f7dad69">
      <id>1484</id>
      <classname>org.openmrs.ConceptReferenceTerm</classname>
      <dateChanged id="349">2010-11-23 00:00:00</dateChanged>
      <retired>false</retired>
    </org.openmrs.module.metadatasharing.Item>
    <org.openmrs.module.metadatasharing.Item id="350" uuid="83b0d8dc-a1c3-4929-87fd-65aa3617df0f">
      <id>9212</id>
      <classname>org.openmrs.ConceptAnswer</classname>
      <dateChanged id="351">2015-05-05 18:04:36</dateChanged>
    </org.openmrs.module.metadatasharing.Item>
    <org.openmrs.module.metadatasharing.Item id="352" uuid="199a0a09-bd4f-47b5-93fb-337cb214e693">
      <id>10346</id>
      <classname>org.openmrs.Concept</classname>
      <dateChanged id="353">2015-06-03 17:03:18</dateChanged>
      <retired>false</retired>
    </org.openmrs.module.metadatasharing.Item>
    <org.openmrs.module.metadatasharing.Item id="354" uuid="d1d64092-19e0-424c-8e1d-f3c473ba618a">
      <id>29758</id>
      <classname>org.openmrs.ConceptName</classname>
      <dateChanged id="355">2015-05-28 19:55:56</dateChanged>
    </org.openmrs.module.metadatasharing.Item>
    <org.openmrs.module.metadatasharing.Item id="356" uuid="cc602bb1-2c4e-49c4-a4ea-3a4a4b5b5405">
      <id>29671</id>
      <classname>org.openmrs.ConceptName</classname>
      <dateChanged id="357">2015-05-05 18:01:37</dateChanged>
    </org.openmrs.module.metadatasharing.Item>
    <org.openmrs.module.metadatasharing.Item id="358" uuid="fe5fb073-b4c3-4396-8e96-5aa8979c75d4">
      <id>29672</id>
      <classname>org.openmrs.ConceptName</classname>
      <dateChanged id="359">2015-05-05 18:01:37</dateChanged>
    </org.openmrs.module.metadatasharing.Item>
    <org.openmrs.module.metadatasharing.Item id="360" uuid="db5a73d4-fc16-4e48-8776-888ffd00cc6c">
      <id>29673</id>
      <classname>org.openmrs.ConceptName</classname>
      <dateChanged id="361">2015-05-05 18:03:44</dateChanged>
    </org.openmrs.module.metadatasharing.Item>
    <org.openmrs.module.metadatasharing.Item id="362" uuid="2493cf9d-5806-4466-b6cc-547a78337ad9">
      <id>6841</id>
      <classname>org.openmrs.ConceptDescription</classname>
      <dateChanged id="363">2015-05-05 18:01:37</dateChanged>
    </org.openmrs.module.metadatasharing.Item>
    <org.openmrs.module.metadatasharing.Item id="364" uuid="217c4c49-da0a-440e-b933-5ba492409142">
      <id>25455</id>
      <classname>org.openmrs.ConceptMap</classname>
      <dateChanged id="365">2015-05-05 18:03:07</dateChanged>
    </org.openmrs.module.metadatasharing.Item>
    <org.openmrs.module.metadatasharing.Item id="366" uuid="eb54bc38-a749-4e09-839a-3286f705ec63">
      <id>24834</id>
      <classname>org.openmrs.ConceptReferenceTerm</classname>
      <dateChanged id="367">2015-05-05 18:02:11</dateChanged>
      <retired>false</retired>
    </org.openmrs.module.metadatasharing.Item>
    <org.openmrs.module.metadatasharing.Item id="368" uuid="49b70f65-2ce6-4638-8d21-643d61d2cf5f">
      <id>25456</id>
      <classname>org.openmrs.ConceptMap</classname>
      <dateChanged id="369">2015-05-05 18:03:07</dateChanged>
    </org.openmrs.module.metadatasharing.Item>
    <org.openmrs.module.metadatasharing.Item id="370" uuid="948ef480-141b-40e4-b660-dabf90242adb">
      <id>24833</id>
      <classname>org.openmrs.ConceptReferenceTerm</classname>
      <dateChanged id="371">2015-05-05 18:02:00</dateChanged>
      <retired>false</retired>
    </org.openmrs.module.metadatasharing.Item>
    <org.openmrs.module.metadatasharing.Item id="372" uuid="089a8de6-81fe-4c8d-a590-c056038b0086">
      <id>9213</id>
      <classname>org.openmrs.ConceptAnswer</classname>
      <dateChanged id="373">2015-05-05 18:07:47</dateChanged>
    </org.openmrs.module.metadatasharing.Item>
    <org.openmrs.module.metadatasharing.Item id="374" uuid="159937AAAAAAAAAAAAAAAAAAAAAAAAAAAAAA">
      <id>10347</id>
      <classname>org.openmrs.Concept</classname>
      <dateChanged id="375">2015-05-05 18:09:18</dateChanged>
      <retired>false</retired>
    </org.openmrs.module.metadatasharing.Item>
    <org.openmrs.module.metadatasharing.Item id="376" uuid="107483BBBBBBBBBBBBBBBBBBBBBBBBBBBBBB">
      <id>29674</id>
      <classname>org.openmrs.ConceptName</classname>
      <dateChanged id="377">2010-11-30 18:20:14</dateChanged>
    </org.openmrs.module.metadatasharing.Item>
    <org.openmrs.module.metadatasharing.Item id="378" uuid="65e4fe10-eb27-4390-b109-643a48608adc">
      <id>29676</id>
      <classname>org.openmrs.ConceptName</classname>
      <dateChanged id="379">2015-05-05 18:09:18</dateChanged>
    </org.openmrs.module.metadatasharing.Item>
    <org.openmrs.module.metadatasharing.Item id="380" uuid="107484BBBBBBBBBBBBBBBBBBBBBBBBBBBBBB">
      <id>29675</id>
      <classname>org.openmrs.ConceptName</classname>
      <dateChanged id="381">2010-11-30 18:20:14</dateChanged>
    </org.openmrs.module.metadatasharing.Item>
    <org.openmrs.module.metadatasharing.Item id="382" uuid="16467FFFFFFFFFFFFFFFFFFFFFFFFFFFFFFF">
      <id>6842</id>
      <classname>org.openmrs.ConceptDescription</classname>
      <dateChanged id="383">2010-11-30 18:20:14</dateChanged>
    </org.openmrs.module.metadatasharing.Item>
    <org.openmrs.module.metadatasharing.Item id="384" uuid="217078ABBBBBBBBBBBBBBBBBBBBBBBBBBBBB">
      <id>25457</id>
      <classname>org.openmrs.ConceptMap</classname>
      <dateChanged id="385">2013-07-03 22:53:08</dateChanged>
    </org.openmrs.module.metadatasharing.Item>
    <org.openmrs.module.metadatasharing.Item id="386" uuid="dbc3d6bb-ef07-3d6b-a27e-c0fb4ef34758">
      <id>24835</id>
      <classname>org.openmrs.ConceptReferenceTerm</classname>
      <dateChanged id="387">2013-07-03 04:00:00</dateChanged>
      <retired>false</retired>
    </org.openmrs.module.metadatasharing.Item>
    <org.openmrs.module.metadatasharing.Item id="388" uuid="21ADDDDDDDDDDDDDDDDDDDDDDDDDDDDDDDDD">
      <id>29</id>
      <classname>org.openmrs.ConceptSource</classname>
      <dateChanged id="389">2015-07-01 17:25:50</dateChanged>
      <retired>false</retired>
    </org.openmrs.module.metadatasharing.Item>
    <org.openmrs.module.metadatasharing.Item id="390" uuid="137020ABBBBBBBBBBBBBBBBBBBBBBBBBBBBB">
      <id>25458</id>
      <classname>org.openmrs.ConceptMap</classname>
      <dateChanged id="391">2010-11-30 18:20:14</dateChanged>
    </org.openmrs.module.metadatasharing.Item>
    <org.openmrs.module.metadatasharing.Item id="392" uuid="43ac5109-7d8c-11e1-909d-c80aa9edcf4e">
      <id>2</id>
      <classname>org.openmrs.ConceptMapType</classname>
      <dateChanged id="393">2012-06-21 00:00:00</dateChanged>
      <retired>false</retired>
    </org.openmrs.module.metadatasharing.Item>
    <org.openmrs.module.metadatasharing.Item id="394" uuid="c0450187-3c44-3b49-b678-281a416a328b">
      <id>24836</id>
      <classname>org.openmrs.ConceptReferenceTerm</classname>
      <dateChanged id="395">2010-11-30 05:00:00</dateChanged>
      <retired>false</retired>
    </org.openmrs.module.metadatasharing.Item>
    <org.openmrs.module.metadatasharing.Item id="396" uuid="13ADDDDDDDDDDDDDDDDDDDDDDDDDDDDDDDDD">
      <id>10</id>
      <classname>org.openmrs.ConceptSource</classname>
      <dateChanged id="397">2015-07-01 17:25:50</dateChanged>
      <retired>false</retired>
    </org.openmrs.module.metadatasharing.Item>
    <org.openmrs.module.metadatasharing.Item id="398" uuid="a0d64e3f-4b40-4277-bd53-38c0bc9ee144">
      <id>9246</id>
      <classname>org.openmrs.ConceptAnswer</classname>
      <dateChanged id="399">2015-05-28 20:00:13</dateChanged>
    </org.openmrs.module.metadatasharing.Item>
    <org.openmrs.module.metadatasharing.Item id="400" uuid="3ced9a68-26fe-102b-80cb-0017a47871b2">
      <id>5489</id>
      <classname>org.openmrs.Concept</classname>
      <dateChanged id="401">2013-11-04 21:46:10</dateChanged>
      <retired>false</retired>
    </org.openmrs.module.metadatasharing.Item>
    <org.openmrs.module.metadatasharing.Item id="402" uuid="39f07783-9fd8-4a0d-b560-c5080bdfdfbf">
      <id>25007</id>
      <classname>org.openmrs.ConceptName</classname>
      <dateChanged id="403">2013-11-04 21:46:10</dateChanged>
    </org.openmrs.module.metadatasharing.Item>
    <org.openmrs.module.metadatasharing.Item id="404" uuid="5d18320d-aefc-4643-9747-2bfbf1468d4e">
      <id>25009</id>
      <classname>org.openmrs.ConceptName</classname>
      <dateChanged id="405">2013-11-04 21:46:10</dateChanged>
    </org.openmrs.module.metadatasharing.Item>
    <org.openmrs.module.metadatasharing.Item id="406" uuid="3e3f5c12-26fe-102b-80cb-0017a47871b2">
      <id>3858</id>
      <classname>org.openmrs.ConceptName</classname>
      <dateChanged id="407">2013-11-04 21:46:10</dateChanged>
    </org.openmrs.module.metadatasharing.Item>
    <org.openmrs.module.metadatasharing.Item id="408" uuid="f76546e6-d5db-102d-ad2a-000c29c2a5d7">
      <id>13731</id>
      <classname>org.openmrs.ConceptName</classname>
      <dateChanged id="409">2010-06-29 13:05:30</dateChanged>
    </org.openmrs.module.metadatasharing.Item>
    <org.openmrs.module.metadatasharing.Item id="410" uuid="1edcb4f2-dfe0-42d9-a54c-23823a3d65c5">
      <id>25010</id>
      <classname>org.openmrs.ConceptName</classname>
      <dateChanged id="411">2013-11-04 21:46:10</dateChanged>
    </org.openmrs.module.metadatasharing.Item>
    <org.openmrs.module.metadatasharing.Item id="412" uuid="0f804426-2e59-4393-b1b4-c07b8b2fd6e9">
      <id>25008</id>
      <classname>org.openmrs.ConceptName</classname>
      <dateChanged id="413">2013-11-04 21:41:00</dateChanged>
    </org.openmrs.module.metadatasharing.Item>
    <org.openmrs.module.metadatasharing.Item id="414" uuid="14647432-ddb4-4002-8f91-d9f718225e0a">
      <id>25011</id>
      <classname>org.openmrs.ConceptName</classname>
      <dateChanged id="415">2013-11-04 21:46:10</dateChanged>
    </org.openmrs.module.metadatasharing.Item>
    <org.openmrs.module.metadatasharing.Item id="416" uuid="ed17c0e4-07fe-102c-b5fa-0017a47871b2">
      <id>3291</id>
      <classname>org.openmrs.ConceptDescription</classname>
      <dateChanged id="417">2013-11-04 21:46:10</dateChanged>
    </org.openmrs.module.metadatasharing.Item>
    <org.openmrs.module.metadatasharing.Item id="418" uuid="b294f97a-4864-102e-96e9-000c29c2a5d7">
      <id>4560</id>
      <classname>org.openmrs.ConceptMap</classname>
      <dateChanged id="419">2012-06-21 16:49:52</dateChanged>
    </org.openmrs.module.metadatasharing.Item>
    <org.openmrs.module.metadatasharing.Item id="420" uuid="bb0f094b-12c5-3278-a88e-0876e605bd32">
      <id>4560</id>
      <classname>org.openmrs.ConceptReferenceTerm</classname>
      <dateChanged id="421">2010-11-23 00:00:00</dateChanged>
      <retired>false</retired>
    </org.openmrs.module.metadatasharing.Item>
    <org.openmrs.module.metadatasharing.Item id="422" uuid="75a945ae-4943-102e-96e9-000c29c2a5d7">
      <id>10258</id>
      <classname>org.openmrs.ConceptMap</classname>
      <dateChanged id="423">2012-06-21 16:49:52</dateChanged>
    </org.openmrs.module.metadatasharing.Item>
    <org.openmrs.module.metadatasharing.Item id="424" uuid="44b0dfd9-9990-37d2-a2ac-5ba2a02bce56">
      <id>10258</id>
      <classname>org.openmrs.ConceptReferenceTerm</classname>
      <dateChanged id="425">2010-11-24 00:00:00</dateChanged>
      <retired>false</retired>
    </org.openmrs.module.metadatasharing.Item>
    <org.openmrs.module.metadatasharing.Item id="426" uuid="83c66c4e-d167-46b0-bf70-0639b068fc20">
      <id>9248</id>
      <classname>org.openmrs.ConceptAnswer</classname>
      <dateChanged id="427">2015-06-02 21:25:03</dateChanged>
    </org.openmrs.module.metadatasharing.Item>
    <org.openmrs.module.metadatasharing.Item id="428" uuid="b44e2e97-0577-4747-ae42-5ac8432729ae">
      <id>10377</id>
      <classname>org.openmrs.Concept</classname>
      <dateChanged id="429">2015-06-02 21:24:39</dateChanged>
      <retired>false</retired>
    </org.openmrs.module.metadatasharing.Item>
    <org.openmrs.module.metadatasharing.Item id="430" uuid="5220056d-7532-4a5c-9529-8fc3c6644cad">
      <id>29765</id>
      <classname>org.openmrs.ConceptName</classname>
      <dateChanged id="431">2015-06-02 21:23:46</dateChanged>
    </org.openmrs.module.metadatasharing.Item>
    <org.openmrs.module.metadatasharing.Item id="432" uuid="8e8b97b0-42a9-4f86-919d-cd197427d841">
      <id>25533</id>
      <classname>org.openmrs.ConceptMap</classname>
      <dateChanged id="433">2015-06-02 21:24:39</dateChanged>
    </org.openmrs.module.metadatasharing.Item>
    <org.openmrs.module.metadatasharing.Item id="434" uuid="4b34c26a-04ba-4fcb-b7b3-7ac1ceae2a5d">
      <id>24913</id>
      <classname>org.openmrs.ConceptReferenceTerm</classname>
      <dateChanged id="435">2015-06-02 21:24:08</dateChanged>
      <retired>false</retired>
    </org.openmrs.module.metadatasharing.Item>
    <org.openmrs.module.metadatasharing.Item id="436" uuid="07442fa3-984b-480b-a64e-fe65df4e39a6">
      <id>25532</id>
      <classname>org.openmrs.ConceptMap</classname>
      <dateChanged id="437">2015-06-02 21:23:46</dateChanged>
    </org.openmrs.module.metadatasharing.Item>
    <org.openmrs.module.metadatasharing.Item id="438" uuid="3c2cc4f8-1962-4a4a-9716-df2d9d485d13">
      <id>24912</id>
      <classname>org.openmrs.ConceptReferenceTerm</classname>
      <dateChanged id="439">2015-06-02 21:23:21</dateChanged>
      <retired>false</retired>
    </org.openmrs.module.metadatasharing.Item>
    <org.openmrs.module.metadatasharing.Item id="440" uuid="d0fda892-a0bd-4703-9e2c-4fa59b4eb1ab">
      <id>9249</id>
      <classname>org.openmrs.ConceptAnswer</classname>
      <dateChanged id="441">2015-06-02 21:26:09</dateChanged>
    </org.openmrs.module.metadatasharing.Item>
    <org.openmrs.module.metadatasharing.Item id="442" uuid="3ced003a-26fe-102b-80cb-0017a47871b2">
      <id>5483</id>
      <classname>org.openmrs.Concept</classname>
      <dateChanged id="443">2013-11-04 21:56:59</dateChanged>
      <retired>false</retired>
    </org.openmrs.module.metadatasharing.Item>
    <org.openmrs.module.metadatasharing.Item id="444" uuid="fb00c110-127c-4ccd-b845-a2c604400c75">
      <id>25021</id>
      <classname>org.openmrs.ConceptName</classname>
      <dateChanged id="445">2013-11-04 21:56:59</dateChanged>
    </org.openmrs.module.metadatasharing.Item>
    <org.openmrs.module.metadatasharing.Item id="446" uuid="8127115b-dd19-481a-8631-b5604f86f04d">
      <id>25022</id>
      <classname>org.openmrs.ConceptName</classname>
      <dateChanged id="447">2013-11-04 21:56:59</dateChanged>
    </org.openmrs.module.metadatasharing.Item>
    <org.openmrs.module.metadatasharing.Item id="448" uuid="7995f7ce-640c-460c-a8aa-55c5221efd5b">
      <id>13947</id>
      <classname>org.openmrs.ConceptName</classname>
      <dateChanged id="449">2010-07-20 08:55:55</dateChanged>
    </org.openmrs.module.metadatasharing.Item>
    <org.openmrs.module.metadatasharing.Item id="450" uuid="d9a24f1b-3c94-4832-a1ed-b58935e4a121">
      <id>25023</id>
      <classname>org.openmrs.ConceptName</classname>
      <dateChanged id="451">2013-11-04 21:56:59</dateChanged>
    </org.openmrs.module.metadatasharing.Item>
    <org.openmrs.module.metadatasharing.Item id="452" uuid="3e3f4e16-26fe-102b-80cb-0017a47871b2">
      <id>3852</id>
      <classname>org.openmrs.ConceptName</classname>
      <dateChanged id="453">2004-08-12 00:00:00</dateChanged>
    </org.openmrs.module.metadatasharing.Item>
    <org.openmrs.module.metadatasharing.Item id="454" uuid="f763d81a-d5db-102d-ad2a-000c29c2a5d7">
      <id>13725</id>
      <classname>org.openmrs.ConceptName</classname>
      <dateChanged id="455">2013-11-04 21:56:59</dateChanged>
    </org.openmrs.module.metadatasharing.Item>
    <org.openmrs.module.metadatasharing.Item id="456" uuid="0b4003ec-15f5-102d-96e4-000c29c2a5d7">
      <id>3285</id>
      <classname>org.openmrs.ConceptDescription</classname>
      <dateChanged id="457">2011-01-03 11:24:45</dateChanged>
    </org.openmrs.module.metadatasharing.Item>
    <org.openmrs.module.metadatasharing.Item id="458" uuid="75a93d5c-4943-102e-96e9-000c29c2a5d7">
      <id>10252</id>
      <classname>org.openmrs.ConceptMap</classname>
      <dateChanged id="459">2012-06-21 16:49:52</dateChanged>
    </org.openmrs.module.metadatasharing.Item>
    <org.openmrs.module.metadatasharing.Item id="460" uuid="5e86438c-a393-36b8-9bad-4ca00d3a12f7">
      <id>10252</id>
      <classname>org.openmrs.ConceptReferenceTerm</classname>
      <dateChanged id="461">2010-11-24 00:00:00</dateChanged>
      <retired>false</retired>
    </org.openmrs.module.metadatasharing.Item>
    <org.openmrs.module.metadatasharing.Item id="462" uuid="b294f010-4864-102e-96e9-000c29c2a5d7">
      <id>4554</id>
      <classname>org.openmrs.ConceptMap</classname>
      <dateChanged id="463">2012-06-21 16:49:52</dateChanged>
    </org.openmrs.module.metadatasharing.Item>
    <org.openmrs.module.metadatasharing.Item id="464" uuid="7bcace4b-d2f7-34e3-9d34-518dd99de1c6">
      <id>4554</id>
      <classname>org.openmrs.ConceptReferenceTerm</classname>
      <dateChanged id="465">2010-11-23 00:00:00</dateChanged>
      <retired>false</retired>
    </org.openmrs.module.metadatasharing.Item>
    <org.openmrs.module.metadatasharing.Item id="466" uuid="0fa7e60e-8767-4a96-9856-feff26ad5c76">
      <id>9250</id>
      <classname>org.openmrs.ConceptAnswer</classname>
      <dateChanged id="467">2015-06-11 22:02:28</dateChanged>
    </org.openmrs.module.metadatasharing.Item>
    <org.openmrs.module.metadatasharing.Item id="468" uuid="a28d1b06-37f0-472a-b32d-3296ffcbf197">
      <id>10386</id>
      <classname>org.openmrs.Concept</classname>
      <dateChanged id="469">2015-06-11 22:01:28</dateChanged>
      <retired>false</retired>
    </org.openmrs.module.metadatasharing.Item>
    <org.openmrs.module.metadatasharing.Item id="470" uuid="50e39c17-6015-4aed-9f5f-b34ae013e8f8">
      <id>29775</id>
      <classname>org.openmrs.ConceptName</classname>
      <dateChanged id="471">2015-06-11 22:00:20</dateChanged>
    </org.openmrs.module.metadatasharing.Item>
    <org.openmrs.module.metadatasharing.Item id="472" uuid="80d16c8e-b8f7-4cd9-a6c6-7cd1762ed350">
      <id>6879</id>
      <classname>org.openmrs.ConceptDescription</classname>
      <dateChanged id="473">2015-06-11 22:00:20</dateChanged>
    </org.openmrs.module.metadatasharing.Item>
    <org.openmrs.module.metadatasharing.Item id="474" uuid="8dd032ae-0cb0-48ae-8051-9e716c0ae7a8">
      <id>25550</id>
      <classname>org.openmrs.ConceptMap</classname>
      <dateChanged id="475">2015-06-11 22:01:28</dateChanged>
    </org.openmrs.module.metadatasharing.Item>
    <org.openmrs.module.metadatasharing.Item id="476" uuid="a3c1da1f-f61a-45bb-a0bc-eaeabcd61db2">
      <id>24930</id>
      <classname>org.openmrs.ConceptReferenceTerm</classname>
      <dateChanged id="477">2015-06-11 22:00:55</dateChanged>
      <retired>false</retired>
    </org.openmrs.module.metadatasharing.Item>
    <org.openmrs.module.metadatasharing.Item id="478" uuid="bd11f75f-9588-49ef-b18f-a2423b9cd6ed">
      <id>25549</id>
      <classname>org.openmrs.ConceptMap</classname>
      <dateChanged id="479">2015-06-11 22:00:20</dateChanged>
    </org.openmrs.module.metadatasharing.Item>
    <org.openmrs.module.metadatasharing.Item id="480" uuid="4a3c614c-5aa8-415b-bca4-8c238310cc23">
      <id>24929</id>
      <classname>org.openmrs.ConceptReferenceTerm</classname>
      <dateChanged id="481">2015-06-11 21:59:55</dateChanged>
      <retired>false</retired>
    </org.openmrs.module.metadatasharing.Item>
    <org.openmrs.module.metadatasharing.Item id="482" uuid="5c4ef603-fb4c-4717-8b3d-522bd3465122">
      <id>9271</id>
      <classname>org.openmrs.ConceptAnswer</classname>
      <dateChanged id="483">2015-07-14 20:25:11</dateChanged>
    </org.openmrs.module.metadatasharing.Item>
    <org.openmrs.module.metadatasharing.Item id="484" uuid="3cda41f2-26fe-102b-80cb-0017a47871b2">
      <id>1429</id>
      <classname>org.openmrs.Concept</classname>
      <dateChanged id="485">2014-01-22 20:38:47</dateChanged>
      <retired>false</retired>
    </org.openmrs.module.metadatasharing.Item>
    <org.openmrs.module.metadatasharing.Item id="486" uuid="c5069a54-4c0c-4555-8fdf-81f4e4eb41fa">
      <id>24980</id>
      <classname>org.openmrs.ConceptName</classname>
      <dateChanged id="487">2013-11-04 22:44:41</dateChanged>
    </org.openmrs.module.metadatasharing.Item>
    <org.openmrs.module.metadatasharing.Item id="488" uuid="b583812d-d016-4d31-8a82-ff9d1781b6e3">
      <id>25857</id>
      <classname>org.openmrs.ConceptName</classname>
      <dateChanged id="489">2014-01-22 20:38:40</dateChanged>
    </org.openmrs.module.metadatasharing.Item>
    <org.openmrs.module.metadatasharing.Item id="490" uuid="fb1d5364-fa7d-4333-a8c7-05600738ebe0">
      <id>24978</id>
      <classname>org.openmrs.ConceptName</classname>
      <dateChanged id="491">2013-11-04 20:30:38</dateChanged>
    </org.openmrs.module.metadatasharing.Item>
    <org.openmrs.module.metadatasharing.Item id="492" uuid="87cb90cb-0525-4dd0-9d67-5ec45434043a">
      <id>25856</id>
      <classname>org.openmrs.ConceptName</classname>
      <dateChanged id="493">2014-01-22 20:32:11</dateChanged>
    </org.openmrs.module.metadatasharing.Item>
    <org.openmrs.module.metadatasharing.Item id="494" uuid="f119f43a-d90d-405e-a7c8-b8cafd015d83">
      <id>24979</id>
      <classname>org.openmrs.ConceptName</classname>
      <dateChanged id="495">2013-11-04 20:30:39</dateChanged>
    </org.openmrs.module.metadatasharing.Item>
    <org.openmrs.module.metadatasharing.Item id="496" uuid="f60f3ea0-d5db-102d-ad2a-000c29c2a5d7">
      <id>10942</id>
      <classname>org.openmrs.ConceptName</classname>
      <dateChanged id="497">2013-11-04 20:30:39</dateChanged>
    </org.openmrs.module.metadatasharing.Item>
    <org.openmrs.module.metadatasharing.Item id="498" uuid="82b1dcd5-6abb-4f58-8717-61c2c574ef89">
      <id>25041</id>
      <classname>org.openmrs.ConceptName</classname>
      <dateChanged id="499">2013-11-04 22:44:41</dateChanged>
    </org.openmrs.module.metadatasharing.Item>
    <org.openmrs.module.metadatasharing.Item id="500" uuid="3e19f602-26fe-102b-80cb-0017a47871b2">
      <id>1545</id>
      <classname>org.openmrs.ConceptName</classname>
      <dateChanged id="501">2006-09-27 19:58:49</dateChanged>
    </org.openmrs.module.metadatasharing.Item>
    <org.openmrs.module.metadatasharing.Item id="502" uuid="ece8a7fa-07fe-102c-b5fa-0017a47871b2">
      <id>1457</id>
      <classname>org.openmrs.ConceptDescription</classname>
      <dateChanged id="503">2006-09-27 19:58:49</dateChanged>
    </org.openmrs.module.metadatasharing.Item>
    <org.openmrs.module.metadatasharing.Item id="504" uuid="b21217ee-4864-102e-96e9-000c29c2a5d7">
      <id>1431</id>
      <classname>org.openmrs.ConceptMap</classname>
      <dateChanged id="505">2012-06-21 16:49:52</dateChanged>
    </org.openmrs.module.metadatasharing.Item>
    <org.openmrs.module.metadatasharing.Item id="506" uuid="13da6bf4-b785-30c9-83ed-3429de677b4d">
      <id>1431</id>
      <classname>org.openmrs.ConceptReferenceTerm</classname>
      <dateChanged id="507">2010-11-23 00:00:00</dateChanged>
      <retired>false</retired>
    </org.openmrs.module.metadatasharing.Item>
    <org.openmrs.module.metadatasharing.Item id="508" uuid="757207c4-4943-102e-96e9-000c29c2a5d7">
      <id>7262</id>
      <classname>org.openmrs.ConceptMap</classname>
      <dateChanged id="509">2012-06-21 16:49:52</dateChanged>
    </org.openmrs.module.metadatasharing.Item>
    <org.openmrs.module.metadatasharing.Item id="510" uuid="cc75a36c-41be-3aa3-8c6d-1997c898dd25">
      <id>7262</id>
      <classname>org.openmrs.ConceptReferenceTerm</classname>
      <dateChanged id="511">2010-11-24 00:00:00</dateChanged>
      <retired>false</retired>
    </org.openmrs.module.metadatasharing.Item>
    <org.openmrs.module.metadatasharing.Item id="512" uuid="8cf21b85-5123-486d-a060-d6348ee21cd0">
      <id>4801</id>
      <classname>org.openmrs.ConceptDescription</classname>
      <dateChanged id="513">2009-03-26 05:37:20</dateChanged>
    </org.openmrs.module.metadatasharing.Item>
    <org.openmrs.module.metadatasharing.Item id="514" uuid="75ad591e-4943-102e-96e9-000c29c2a5d7">
      <id>10836</id>
      <classname>org.openmrs.ConceptMap</classname>
      <dateChanged id="515">2012-06-21 16:49:52</dateChanged>
    </org.openmrs.module.metadatasharing.Item>
    <org.openmrs.module.metadatasharing.Item id="516" uuid="ed985ea8-9ba8-308d-9180-e9b8e4f9279b">
      <id>10836</id>
      <classname>org.openmrs.ConceptReferenceTerm</classname>
      <dateChanged id="517">2010-11-24 00:00:00</dateChanged>
      <retired>false</retired>
    </org.openmrs.module.metadatasharing.Item>
    <org.openmrs.module.metadatasharing.Item id="518" uuid="b2ada2ea-4864-102e-96e9-000c29c2a5d7">
      <id>5258</id>
      <classname>org.openmrs.ConceptMap</classname>
      <dateChanged id="519">2012-06-21 16:49:52</dateChanged>
    </org.openmrs.module.metadatasharing.Item>
    <org.openmrs.module.metadatasharing.Item id="520" uuid="45a1e702-3ddd-3f7b-972f-9777f828366c">
      <id>5258</id>
      <classname>org.openmrs.ConceptReferenceTerm</classname>
      <dateChanged id="521">2010-11-23 00:00:00</dateChanged>
      <retired>false</retired>
    </org.openmrs.module.metadatasharing.Item>
  </relatedItems>
  <incrementalVersion>false</incrementalVersion>
</package>
