<?xml version="1.0" encoding="UTF-8"?>
<package id="1" uuid="878ca007-3468-4d31-8205-0187237673c2">
  <dateCreated id="2">2015-06-30 18:11:40</dateCreated>
  <name>PIH Allergies</name>
  <description>All concepts needed for the allergies capture at HUM, ZL, and other PIH sites.</description>
  <openmrsVersion>1.9.8  Build fd241c</openmrsVersion>
  <version>1</version>
  <groupUuid>436cc037-074f-4253-9aa7-900c32f51ee9</groupUuid>
  <modules id="3">
    <entry>
      <string>uilibrary</string>
      <string>2.0.3.1</string>
    </entry>
    <entry>
      <string>reportingcompatibility</string>
      <string>1.5.8</string>
    </entry>
    <entry>
      <string>groovy</string>
      <string>2.2.4</string>
    </entry>
    <entry>
      <string>metadatadeploy</string>
      <string>1.5-SNAPSHOT</string>
    </entry>
    <entry>
      <string>uiframework</string>
      <string>3.1</string>
    </entry>
    <entry>
      <string>validation</string>
      <string>1.0.1</string>
    </entry>
    <entry>
      <string>htmlformentry</string>
      <string>2.2.1</string>
    </entry>
    <entry>
      <string>metadatamapping</string>
      <string>1.0.1</string>
    </entry>
    <entry>
      <string>pihcore</string>
      <string>1.0-SNAPSHOT</string>
    </entry>
    <entry>
      <string>logic</string>
      <string>0.5.2</string>
    </entry>
    <entry>
      <string>providermanagement</string>
      <string>2.0</string>
    </entry>
    <entry>
      <string>htmlformentry19ext</string>
      <string>1.4</string>
    </entry>
    <entry>
      <string>metadatasharing</string>
      <string>1.1.8</string>
    </entry>
    <entry>
      <string>serialization.xstream</string>
      <string>0.2.7</string>
    </entry>
  </modules>
  <items class="linked-hash-set" id="4">
    <org.openmrs.module.metadatasharing.Item id="5" uuid="162760AAAAAAAAAAAAAAAAAAAAAAAAAAAAAA">
      <id>10376</id>
      <classname>org.openmrs.Concept</classname>
      <dateChanged id="6">2015-05-28 14:07:47</dateChanged>
      <retired>false</retired>
    </org.openmrs.module.metadatasharing.Item>
  </items>
  <relatedItems class="linked-hash-set" id="7">
    <org.openmrs.module.metadatasharing.Item id="8" uuid="8d4a48b6-c2cc-11de-8d13-0010c6dffd0f">
      <id>2</id>
      <classname>org.openmrs.ConceptDatatype</classname>
      <dateChanged id="9">2004-02-02 00:00:00</dateChanged>
      <retired>false</retired>
    </org.openmrs.module.metadatasharing.Item>
    <org.openmrs.module.metadatasharing.Item id="10" uuid="8d491e50-c2cc-11de-8d13-0010c6dffd0f">
      <id>7</id>
      <classname>org.openmrs.ConceptClass</classname>
      <dateChanged id="11">2015-04-22 14:28:27</dateChanged>
      <retired>false</retired>
    </org.openmrs.module.metadatasharing.Item>
    <org.openmrs.module.metadatasharing.Item id="12" uuid="126624BBBBBBBBBBBBBBBBBBBBBBBBBBBBBB">
      <id>29749</id>
      <classname>org.openmrs.ConceptName</classname>
      <dateChanged id="13">2014-12-06 07:53:22</dateChanged>
    </org.openmrs.module.metadatasharing.Item>
    <org.openmrs.module.metadatasharing.Item id="14" uuid="5228CCCCCCCCCCCCCCCCCCCCCCCCCCCCCCCC">
      <id>9243</id>
      <classname>org.openmrs.ConceptAnswer</classname>
      <dateChanged id="15">2014-12-06 07:53:22</dateChanged>
    </org.openmrs.module.metadatasharing.Item>
    <org.openmrs.module.metadatasharing.Item id="16" uuid="162693AAAAAAAAAAAAAAAAAAAAAAAAAAAAAA">
      <id>10375</id>
      <classname>org.openmrs.Concept</classname>
      <dateChanged id="17">2015-05-28 14:07:46</dateChanged>
      <retired>false</retired>
    </org.openmrs.module.metadatasharing.Item>
    <org.openmrs.module.metadatasharing.Item id="18" uuid="8d4a4c94-c2cc-11de-8d13-0010c6dffd0f">
      <id>4</id>
      <classname>org.openmrs.ConceptDatatype</classname>
      <dateChanged id="19">2004-02-02 05:00:00</dateChanged>
      <retired>false</retired>
    </org.openmrs.module.metadatasharing.Item>
    <org.openmrs.module.metadatasharing.Item id="20" uuid="8d492774-c2cc-11de-8d13-0010c6dffd0f">
      <id>11</id>
      <classname>org.openmrs.ConceptClass</classname>
      <dateChanged id="21">2015-04-22 14:28:27</dateChanged>
      <retired>false</retired>
    </org.openmrs.module.metadatasharing.Item>
    <org.openmrs.module.metadatasharing.Item id="22" uuid="126526BBBBBBBBBBBBBBBBBBBBBBBBBBBBBB">
      <id>29748</id>
      <classname>org.openmrs.ConceptName</classname>
      <dateChanged id="23">2014-11-08 01:12:47</dateChanged>
    </org.openmrs.module.metadatasharing.Item>
    <org.openmrs.module.metadatasharing.Item id="24" uuid="278076ABBBBBBBBBBBBBBBBBBBBBBBBBBBBB">
      <id>25517</id>
      <classname>org.openmrs.ConceptMap</classname>
      <dateChanged id="25">2014-11-08 01:12:47</dateChanged>
    </org.openmrs.module.metadatasharing.Item>
    <org.openmrs.module.metadatasharing.Item id="26" uuid="35543629-7d8c-11e1-909d-c80aa9edcf4e">
      <id>1</id>
      <classname>org.openmrs.ConceptMapType</classname>
      <dateChanged id="27">2012-06-21 00:00:00</dateChanged>
      <retired>false</retired>
    </org.openmrs.module.metadatasharing.Item>
    <org.openmrs.module.metadatasharing.Item id="28" uuid="d1c21d72-0bd2-32f4-96fb-db9edce47391">
      <id>24903</id>
      <classname>org.openmrs.ConceptReferenceTerm</classname>
      <dateChanged id="29">2014-11-07 05:00:00</dateChanged>
      <retired>false</retired>
    </org.openmrs.module.metadatasharing.Item>
    <org.openmrs.module.metadatasharing.Item id="30" uuid="1ADDDDDDDDDDDDDDDDDDDDDDDDDDDDDDDDDD">
      <id>6</id>
      <classname>org.openmrs.ConceptSource</classname>
      <dateChanged id="31">2015-04-22 14:28:27</dateChanged>
      <retired>false</retired>
    </org.openmrs.module.metadatasharing.Item>
    <org.openmrs.module.metadatasharing.Item id="32" uuid="278077ABBBBBBBBBBBBBBBBBBBBBBBBBBBBB">
      <id>25518</id>
      <classname>org.openmrs.ConceptMap</classname>
      <dateChanged id="33">2014-11-08 01:12:54</dateChanged>
    </org.openmrs.module.metadatasharing.Item>
    <org.openmrs.module.metadatasharing.Item id="34" uuid="97d897df-10b0-355f-a5a7-941c0e168ae2">
      <id>24904</id>
      <classname>org.openmrs.ConceptReferenceTerm</classname>
      <dateChanged id="35">2014-11-07 05:00:00</dateChanged>
      <retired>false</retired>
    </org.openmrs.module.metadatasharing.Item>
    <org.openmrs.module.metadatasharing.Item id="36" uuid="21ADDDDDDDDDDDDDDDDDDDDDDDDDDDDDDDDD">
      <id>29</id>
      <classname>org.openmrs.ConceptSource</classname>
      <dateChanged id="37">2015-04-22 14:28:27</dateChanged>
      <retired>false</retired>
    </org.openmrs.module.metadatasharing.Item>
    <org.openmrs.module.metadatasharing.Item id="38" uuid="5229CCCCCCCCCCCCCCCCCCCCCCCCCCCCCCCC">
      <id>9241</id>
      <classname>org.openmrs.ConceptAnswer</classname>
      <dateChanged id="39">2014-12-06 07:53:22</dateChanged>
    </org.openmrs.module.metadatasharing.Item>
    <org.openmrs.module.metadatasharing.Item id="40" uuid="3cdef832-26fe-102b-80cb-0017a47871b2">
      <id>1900</id>
      <classname>org.openmrs.Concept</classname>
      <dateChanged id="41">2015-05-28 14:10:36</dateChanged>
      <retired>false</retired>
    </org.openmrs.module.metadatasharing.Item>
    <org.openmrs.module.metadatasharing.Item id="42" uuid="8d491a9a-c2cc-11de-8d13-0010c6dffd0f">
      <id>5</id>
      <classname>org.openmrs.ConceptClass</classname>
      <dateChanged id="43">2015-04-22 14:28:27</dateChanged>
      <retired>false</retired>
    </org.openmrs.module.metadatasharing.Item>
    <org.openmrs.module.metadatasharing.Item id="44" uuid="1741BBBBBBBBBBBBBBBBBBBBBBBBBBBBBBBB">
      <id>29746</id>
      <classname>org.openmrs.ConceptName</classname>
      <dateChanged id="45">2007-12-23 08:15:36</dateChanged>
    </org.openmrs.module.metadatasharing.Item>
    <org.openmrs.module.metadatasharing.Item id="46" uuid="0b633fa6-15f5-102d-96e4-000c29c2a5d7">
      <id>2067</id>
      <classname>org.openmrs.ConceptName</classname>
      <dateChanged id="47">2007-04-30 22:12:13</dateChanged>
    </org.openmrs.module.metadatasharing.Item>
    <org.openmrs.module.metadatasharing.Item id="48" uuid="f64f1228-d5db-102d-ad2a-000c29c2a5d7">
      <id>11398</id>
      <classname>org.openmrs.ConceptName</classname>
      <dateChanged id="49">2014-01-03 23:27:37</dateChanged>
    </org.openmrs.module.metadatasharing.Item>
    <org.openmrs.module.metadatasharing.Item id="50" uuid="93b7fa98-07d4-102c-b5fa-0017a47871b2">
      <id>5716</id>
      <classname>org.openmrs.ConceptName</classname>
      <dateChanged id="51">2007-04-30 22:12:13</dateChanged>
    </org.openmrs.module.metadatasharing.Item>
    <org.openmrs.module.metadatasharing.Item id="52" uuid="14d2181c-0275-42c8-90e4-f6bc914becad">
      <id>25730</id>
      <classname>org.openmrs.ConceptName</classname>
      <dateChanged id="53">2014-01-03 23:27:37</dateChanged>
    </org.openmrs.module.metadatasharing.Item>
    <org.openmrs.module.metadatasharing.Item id="54" uuid="d2fac9a8-b710-4ed7-9f3b-466a48ecaca5">
      <id>25731</id>
      <classname>org.openmrs.ConceptName</classname>
      <dateChanged id="55">2014-01-03 23:27:37</dateChanged>
    </org.openmrs.module.metadatasharing.Item>
    <org.openmrs.module.metadatasharing.Item id="56" uuid="16228FFFFFFFFFFFFFFFFFFFFFFFFFFFFFFF">
      <id>6868</id>
      <classname>org.openmrs.ConceptDescription</classname>
      <dateChanged id="57">2014-12-06 07:47:54</dateChanged>
    </org.openmrs.module.metadatasharing.Item>
    <org.openmrs.module.metadatasharing.Item id="58" uuid="b21e7142-4864-102e-96e9-000c29c2a5d7">
      <id>1902</id>
      <classname>org.openmrs.ConceptMap</classname>
      <dateChanged id="59">2012-06-21 16:49:52</dateChanged>
    </org.openmrs.module.metadatasharing.Item>
    <org.openmrs.module.metadatasharing.Item id="60" uuid="7661ecdb-cbeb-3992-8e4c-fe990bc76eb2">
      <id>1902</id>
      <classname>org.openmrs.ConceptReferenceTerm</classname>
      <dateChanged id="61">2010-11-23 00:00:00</dateChanged>
      <retired>false</retired>
    </org.openmrs.module.metadatasharing.Item>
    <org.openmrs.module.metadatasharing.Item id="62" uuid="fb9aaaf1-65e2-4c18-b53c-16b575f2f385">
      <id>5</id>
      <classname>org.openmrs.ConceptSource</classname>
      <dateChanged id="63">2015-04-22 14:28:27</dateChanged>
      <retired>false</retired>
    </org.openmrs.module.metadatasharing.Item>
    <org.openmrs.module.metadatasharing.Item id="64" uuid="135121ABBBBBBBBBBBBBBBBBBBBBBBBBBBBB">
      <id>25521</id>
      <classname>org.openmrs.ConceptMap</classname>
      <dateChanged id="65">2010-10-24 17:09:59</dateChanged>
    </org.openmrs.module.metadatasharing.Item>
    <org.openmrs.module.metadatasharing.Item id="66" uuid="b1e56017-45e5-3a2c-88a9-14e67cb79dc5">
      <id>24897</id>
      <classname>org.openmrs.ConceptReferenceTerm</classname>
      <dateChanged id="67">2010-10-24 04:00:00</dateChanged>
      <retired>false</retired>
    </org.openmrs.module.metadatasharing.Item>
    <org.openmrs.module.metadatasharing.Item id="68" uuid="13ADDDDDDDDDDDDDDDDDDDDDDDDDDDDDDDDD">
      <id>10</id>
      <classname>org.openmrs.ConceptSource</classname>
      <dateChanged id="69">2015-04-22 14:28:27</dateChanged>
      <retired>false</retired>
    </org.openmrs.module.metadatasharing.Item>
    <org.openmrs.module.metadatasharing.Item id="70" uuid="171741ABBBBBBBBBBBBBBBBBBBBBBBBBBBBB">
      <id>25523</id>
      <classname>org.openmrs.ConceptMap</classname>
      <dateChanged id="71">2013-07-03 22:53:08</dateChanged>
    </org.openmrs.module.metadatasharing.Item>
    <org.openmrs.module.metadatasharing.Item id="72" uuid="9d915025-0aa1-3852-bf2f-7f8cc1bb1a26">
      <id>24899</id>
      <classname>org.openmrs.ConceptReferenceTerm</classname>
      <dateChanged id="73">2013-07-03 04:00:00</dateChanged>
      <retired>false</retired>
    </org.openmrs.module.metadatasharing.Item>
    <org.openmrs.module.metadatasharing.Item id="74" uuid="133261ABBBBBBBBBBBBBBBBBBBBBBBBBBBBB">
      <id>25522</id>
      <classname>org.openmrs.ConceptMap</classname>
      <dateChanged id="75">2010-09-20 21:27:10</dateChanged>
    </org.openmrs.module.metadatasharing.Item>
    <org.openmrs.module.metadatasharing.Item id="76" uuid="50c51be6-9615-3092-b164-4a977279b3aa">
      <id>24898</id>
      <classname>org.openmrs.ConceptReferenceTerm</classname>
      <dateChanged id="77">2010-09-20 04:00:00</dateChanged>
      <retired>false</retired>
    </org.openmrs.module.metadatasharing.Item>
    <org.openmrs.module.metadatasharing.Item id="78" uuid="7578ccbc-4943-102e-96e9-000c29c2a5d7">
      <id>7720</id>
      <classname>org.openmrs.ConceptMap</classname>
      <dateChanged id="79">2012-06-21 16:49:52</dateChanged>
    </org.openmrs.module.metadatasharing.Item>
    <org.openmrs.module.metadatasharing.Item id="80" uuid="555d552d-6836-3d24-a9fb-889d17324f05">
      <id>7720</id>
      <classname>org.openmrs.ConceptReferenceTerm</classname>
      <dateChanged id="81">2010-11-24 00:00:00</dateChanged>
      <retired>false</retired>
    </org.openmrs.module.metadatasharing.Item>
    <org.openmrs.module.metadatasharing.Item id="82" uuid="5230CCCCCCCCCCCCCCCCCCCCCCCCCCCCCCCC">
      <id>9242</id>
      <classname>org.openmrs.ConceptAnswer</classname>
      <dateChanged id="83">2014-12-06 07:53:22</dateChanged>
    </org.openmrs.module.metadatasharing.Item>
    <org.openmrs.module.metadatasharing.Item id="84" uuid="3cdef9ae-26fe-102b-80cb-0017a47871b2">
      <id>1901</id>
      <classname>org.openmrs.Concept</classname>
      <dateChanged id="85">2015-05-28 14:11:45</dateChanged>
      <retired>false</retired>
    </org.openmrs.module.metadatasharing.Item>
    <org.openmrs.module.metadatasharing.Item id="86" uuid="caac4020-4fc6-4584-83e0-668177b00a77">
      <id>29750</id>
      <classname>org.openmrs.ConceptName</classname>
      <dateChanged id="87">2015-05-28 14:11:22</dateChanged>
    </org.openmrs.module.metadatasharing.Item>
    <org.openmrs.module.metadatasharing.Item id="88" uuid="93b7febc-07d4-102c-b5fa-0017a47871b2">
      <id>5717</id>
      <classname>org.openmrs.ConceptName</classname>
      <dateChanged id="89">2007-04-30 16:14:07</dateChanged>
    </org.openmrs.module.metadatasharing.Item>
    <org.openmrs.module.metadatasharing.Item id="90" uuid="f64f2fa6-d5db-102d-ad2a-000c29c2a5d7">
      <id>11399</id>
      <classname>org.openmrs.ConceptName</classname>
      <dateChanged id="91">2015-05-28 14:11:45</dateChanged>
    </org.openmrs.module.metadatasharing.Item>
    <org.openmrs.module.metadatasharing.Item id="92" uuid="1739BBBBBBBBBBBBBBBBBBBBBBBBBBBBBBBB">
      <id>29747</id>
      <classname>org.openmrs.ConceptName</classname>
      <dateChanged id="93">2007-12-23 08:18:18</dateChanged>
    </org.openmrs.module.metadatasharing.Item>
    <org.openmrs.module.metadatasharing.Item id="94" uuid="0b6340dc-15f5-102d-96e4-000c29c2a5d7">
      <id>2068</id>
      <classname>org.openmrs.ConceptName</classname>
      <dateChanged id="95">2007-04-30 16:14:07</dateChanged>
    </org.openmrs.module.metadatasharing.Item>
    <org.openmrs.module.metadatasharing.Item id="96" uuid="16227FFFFFFFFFFFFFFFFFFFFFFFFFFFFFFF">
      <id>6869</id>
      <classname>org.openmrs.ConceptDescription</classname>
      <dateChanged id="97">2014-12-06 07:47:37</dateChanged>
    </org.openmrs.module.metadatasharing.Item>
    <org.openmrs.module.metadatasharing.Item id="98" uuid="171740ABBBBBBBBBBBBBBBBBBBBBBBBBBBBB">
      <id>25524</id>
      <classname>org.openmrs.ConceptMap</classname>
      <dateChanged id="99">2013-07-03 22:53:08</dateChanged>
    </org.openmrs.module.metadatasharing.Item>
    <org.openmrs.module.metadatasharing.Item id="100" uuid="d079d5b6-3881-3be8-af0d-ba440194acc6">
      <id>24900</id>
      <classname>org.openmrs.ConceptReferenceTerm</classname>
      <dateChanged id="101">2013-07-03 04:00:00</dateChanged>
      <retired>false</retired>
    </org.openmrs.module.metadatasharing.Item>
    <org.openmrs.module.metadatasharing.Item id="102" uuid="7578ce42-4943-102e-96e9-000c29c2a5d7">
      <id>7721</id>
      <classname>org.openmrs.ConceptMap</classname>
      <dateChanged id="103">2012-06-21 16:49:52</dateChanged>
    </org.openmrs.module.metadatasharing.Item>
    <org.openmrs.module.metadatasharing.Item id="104" uuid="3623119f-d458-3bfd-b836-734a14e8a93b">
      <id>7721</id>
      <classname>org.openmrs.ConceptReferenceTerm</classname>
      <dateChanged id="105">2010-11-24 00:00:00</dateChanged>
      <retired>false</retired>
    </org.openmrs.module.metadatasharing.Item>
    <org.openmrs.module.metadatasharing.Item id="106" uuid="135120ABBBBBBBBBBBBBBBBBBBBBBBBBBBBB">
      <id>25525</id>
      <classname>org.openmrs.ConceptMap</classname>
      <dateChanged id="107">2010-10-24 17:09:59</dateChanged>
    </org.openmrs.module.metadatasharing.Item>
    <org.openmrs.module.metadatasharing.Item id="108" uuid="a15816b5-d8b4-3dd8-bd1c-2ce92c6be61c">
      <id>24901</id>
      <classname>org.openmrs.ConceptReferenceTerm</classname>
      <dateChanged id="109">2010-10-24 04:00:00</dateChanged>
      <retired>false</retired>
    </org.openmrs.module.metadatasharing.Item>
    <org.openmrs.module.metadatasharing.Item id="110" uuid="132650ABBBBBBBBBBBBBBBBBBBBBBBBBBBBB">
      <id>25526</id>
      <classname>org.openmrs.ConceptMap</classname>
      <dateChanged id="111">2010-08-23 19:49:10</dateChanged>
    </org.openmrs.module.metadatasharing.Item>
    <org.openmrs.module.metadatasharing.Item id="112" uuid="8a3eff3a-d364-31c0-b82a-b78f7ba3c304">
      <id>24902</id>
      <classname>org.openmrs.ConceptReferenceTerm</classname>
      <dateChanged id="113">2010-08-23 04:00:00</dateChanged>
      <retired>false</retired>
    </org.openmrs.module.metadatasharing.Item>
    <org.openmrs.module.metadatasharing.Item id="114" uuid="b21e72fa-4864-102e-96e9-000c29c2a5d7">
      <id>1903</id>
      <classname>org.openmrs.ConceptMap</classname>
      <dateChanged id="115">2012-06-21 16:49:52</dateChanged>
    </org.openmrs.module.metadatasharing.Item>
    <org.openmrs.module.metadatasharing.Item id="116" uuid="8fc71a70-c4e5-397b-86da-75709194498f">
      <id>1903</id>
      <classname>org.openmrs.ConceptReferenceTerm</classname>
      <dateChanged id="117">2010-11-23 00:00:00</dateChanged>
      <retired>false</retired>
    </org.openmrs.module.metadatasharing.Item>
    <org.openmrs.module.metadatasharing.Item id="118" uuid="5231CCCCCCCCCCCCCCCCCCCCCCCCCCCCCCCC">
      <id>9244</id>
      <classname>org.openmrs.ConceptAnswer</classname>
      <dateChanged id="119">2014-12-06 07:53:22</dateChanged>
    </org.openmrs.module.metadatasharing.Item>
    <org.openmrs.module.metadatasharing.Item id="120" uuid="3cdefc92-26fe-102b-80cb-0017a47871b2">
      <id>1903</id>
      <classname>org.openmrs.Concept</classname>
      <dateChanged id="121">2015-05-28 14:12:10</dateChanged>
      <retired>false</retired>
    </org.openmrs.module.metadatasharing.Item>
    <org.openmrs.module.metadatasharing.Item id="122" uuid="cc2e71b8-1cba-4ef4-9cd6-97e2efa93f0c">
      <id>25728</id>
      <classname>org.openmrs.ConceptName</classname>
      <dateChanged id="123">2014-01-03 23:26:01</dateChanged>
    </org.openmrs.module.metadatasharing.Item>
    <org.openmrs.module.metadatasharing.Item id="124" uuid="93b806dc-07d4-102c-b5fa-0017a47871b2">
      <id>5719</id>
      <classname>org.openmrs.ConceptName</classname>
      <dateChanged id="125">2007-04-30 22:16:01</dateChanged>
    </org.openmrs.module.metadatasharing.Item>
    <org.openmrs.module.metadatasharing.Item id="126" uuid="0b6342d0-15f5-102d-96e4-000c29c2a5d7">
      <id>2070</id>
      <classname>org.openmrs.ConceptName</classname>
      <dateChanged id="127">2007-04-30 22:16:01</dateChanged>
    </org.openmrs.module.metadatasharing.Item>
    <org.openmrs.module.metadatasharing.Item id="128" uuid="96a55fca-c66b-4bda-9f10-fb0ec126994d">
      <id>25729</id>
      <classname>org.openmrs.ConceptName</classname>
      <dateChanged id="129">2014-01-03 23:26:01</dateChanged>
    </org.openmrs.module.metadatasharing.Item>
    <org.openmrs.module.metadatasharing.Item id="130" uuid="f64f77a4-d5db-102d-ad2a-000c29c2a5d7">
      <id>11401</id>
      <classname>org.openmrs.ConceptName</classname>
      <dateChanged id="131">2014-01-03 23:26:01</dateChanged>
    </org.openmrs.module.metadatasharing.Item>
    <org.openmrs.module.metadatasharing.Item id="132" uuid="16229FFFFFFFFFFFFFFFFFFFFFFFFFFFFFFF">
      <id>6870</id>
      <classname>org.openmrs.ConceptDescription</classname>
      <dateChanged id="133">2014-12-06 07:48:13</dateChanged>
    </org.openmrs.module.metadatasharing.Item>
    <org.openmrs.module.metadatasharing.Item id="134" uuid="171742ABBBBBBBBBBBBBBBBBBBBBBBBBBBBB">
      <id>25527</id>
      <classname>org.openmrs.ConceptMap</classname>
      <dateChanged id="135">2013-07-03 22:53:08</dateChanged>
    </org.openmrs.module.metadatasharing.Item>
    <org.openmrs.module.metadatasharing.Item id="136" uuid="f258ec23-5f05-3a6f-81ac-3d823a33248d">
      <id>24905</id>
      <classname>org.openmrs.ConceptReferenceTerm</classname>
      <dateChanged id="137">2013-07-03 04:00:00</dateChanged>
      <retired>false</retired>
    </org.openmrs.module.metadatasharing.Item>
    <org.openmrs.module.metadatasharing.Item id="138" uuid="7578d19e-4943-102e-96e9-000c29c2a5d7">
      <id>7723</id>
      <classname>org.openmrs.ConceptMap</classname>
      <dateChanged id="139">2012-06-21 16:49:52</dateChanged>
    </org.openmrs.module.metadatasharing.Item>
    <org.openmrs.module.metadatasharing.Item id="140" uuid="f2925017-e27c-3eff-8a71-7edd44cc14d8">
      <id>7723</id>
      <classname>org.openmrs.ConceptReferenceTerm</classname>
      <dateChanged id="141">2010-11-24 00:00:00</dateChanged>
      <retired>false</retired>
    </org.openmrs.module.metadatasharing.Item>
    <org.openmrs.module.metadatasharing.Item id="142" uuid="135122ABBBBBBBBBBBBBBBBBBBBBBBBBBBBB">
      <id>25528</id>
      <classname>org.openmrs.ConceptMap</classname>
      <dateChanged id="143">2010-10-24 17:09:59</dateChanged>
    </org.openmrs.module.metadatasharing.Item>
    <org.openmrs.module.metadatasharing.Item id="144" uuid="c04c5086-d28b-39db-9050-33edbbd60ff4">
      <id>24906</id>
      <classname>org.openmrs.ConceptReferenceTerm</classname>
      <dateChanged id="145">2010-10-24 04:00:00</dateChanged>
      <retired>false</retired>
    </org.openmrs.module.metadatasharing.Item>
    <org.openmrs.module.metadatasharing.Item id="146" uuid="132651ABBBBBBBBBBBBBBBBBBBBBBBBBBBBB">
      <id>25529</id>
      <classname>org.openmrs.ConceptMap</classname>
      <dateChanged id="147">2010-08-23 19:49:10</dateChanged>
    </org.openmrs.module.metadatasharing.Item>
    <org.openmrs.module.metadatasharing.Item id="148" uuid="b19bc3ab-b8c1-3865-a009-6f77cd3ed1a2">
      <id>24907</id>
      <classname>org.openmrs.ConceptReferenceTerm</classname>
      <dateChanged id="149">2010-08-23 04:00:00</dateChanged>
      <retired>false</retired>
    </org.openmrs.module.metadatasharing.Item>
    <org.openmrs.module.metadatasharing.Item id="150" uuid="b21e7624-4864-102e-96e9-000c29c2a5d7">
      <id>1905</id>
      <classname>org.openmrs.ConceptMap</classname>
      <dateChanged id="151">2012-06-21 16:49:52</dateChanged>
    </org.openmrs.module.metadatasharing.Item>
    <org.openmrs.module.metadatasharing.Item id="152" uuid="d48facb8-4257-347e-a2c3-874232aaac61">
      <id>1905</id>
      <classname>org.openmrs.ConceptReferenceTerm</classname>
      <dateChanged id="153">2010-11-23 00:00:00</dateChanged>
      <retired>false</retired>
    </org.openmrs.module.metadatasharing.Item>
    <org.openmrs.module.metadatasharing.Item id="154" uuid="5232CCCCCCCCCCCCCCCCCCCCCCCCCCCCCCCC">
      <id>9245</id>
      <classname>org.openmrs.ConceptAnswer</classname>
      <dateChanged id="155">2015-01-07 03:26:10</dateChanged>
    </org.openmrs.module.metadatasharing.Item>
    <org.openmrs.module.metadatasharing.Item id="156" uuid="25b286a2-584b-4bbb-bb8b-558db9684c7a">
      <id>7059</id>
      <classname>org.openmrs.Concept</classname>
      <dateChanged id="157">2015-05-28 14:12:57</dateChanged>
      <retired>false</retired>
    </org.openmrs.module.metadatasharing.Item>
    <org.openmrs.module.metadatasharing.Item id="158" uuid="718228c4-7824-40f6-93a8-9f7e439c01e7">
      <id>14483</id>
      <classname>org.openmrs.ConceptName</classname>
      <dateChanged id="159">2011-03-20 09:05:24</dateChanged>
    </org.openmrs.module.metadatasharing.Item>
    <org.openmrs.module.metadatasharing.Item id="160" uuid="cb8ec00c-df19-435f-926f-302ef54c9ff6">
      <id>29751</id>
      <classname>org.openmrs.ConceptName</classname>
      <dateChanged id="161">2015-05-28 14:12:57</dateChanged>
    </org.openmrs.module.metadatasharing.Item>
    <org.openmrs.module.metadatasharing.Item id="162" uuid="0f2780f0-a543-102e-a00e-000c29c2a5d7">
      <id>12084</id>
      <classname>org.openmrs.ConceptMap</classname>
      <dateChanged id="163">2012-06-21 16:49:52</dateChanged>
    </org.openmrs.module.metadatasharing.Item>
    <org.openmrs.module.metadatasharing.Item id="164" uuid="5eab478b-316c-3ec9-9bea-598dbef4d3e8">
      <id>12084</id>
      <classname>org.openmrs.ConceptReferenceTerm</classname>
      <dateChanged id="165">2011-03-21 00:00:00</dateChanged>
      <retired>false</retired>
    </org.openmrs.module.metadatasharing.Item>
    <org.openmrs.module.metadatasharing.Item id="166" uuid="278367ABBBBBBBBBBBBBBBBBBBBBBBBBBBBB">
      <id>25530</id>
      <classname>org.openmrs.ConceptMap</classname>
      <dateChanged id="167">2015-01-07 03:25:39</dateChanged>
    </org.openmrs.module.metadatasharing.Item>
    <org.openmrs.module.metadatasharing.Item id="168" uuid="24444cba-78e4-3abc-b165-a4c0d058d6b2">
      <id>24908</id>
      <classname>org.openmrs.ConceptReferenceTerm</classname>
      <dateChanged id="169">2015-01-06 05:00:00</dateChanged>
      <retired>false</retired>
    </org.openmrs.module.metadatasharing.Item>
    <org.openmrs.module.metadatasharing.Item id="170" uuid="278368ABBBBBBBBBBBBBBBBBBBBBBBBBBBBB">
      <id>25531</id>
      <classname>org.openmrs.ConceptMap</classname>
      <dateChanged id="171">2015-01-07 03:25:47</dateChanged>
    </org.openmrs.module.metadatasharing.Item>
    <org.openmrs.module.metadatasharing.Item id="172" uuid="015533ab-1565-333e-82f8-cf006f8ce6fb">
      <id>24909</id>
      <classname>org.openmrs.ConceptReferenceTerm</classname>
      <dateChanged id="173">2015-01-06 05:00:00</dateChanged>
      <retired>false</retired>
    </org.openmrs.module.metadatasharing.Item>
    <org.openmrs.module.metadatasharing.Item id="174" uuid="cf1bfb76-a542-102e-a00e-000c29c2a5d7">
      <id>12019</id>
      <classname>org.openmrs.ConceptMap</classname>
      <dateChanged id="175">2012-06-21 16:49:52</dateChanged>
    </org.openmrs.module.metadatasharing.Item>
    <org.openmrs.module.metadatasharing.Item id="176" uuid="d830abf2-f5e0-3b62-b3bb-9bcba2561c27">
      <id>12019</id>
      <classname>org.openmrs.ConceptReferenceTerm</classname>
      <dateChanged id="177">2011-03-21 00:00:00</dateChanged>
      <retired>false</retired>
    </org.openmrs.module.metadatasharing.Item>
    <org.openmrs.module.metadatasharing.Item id="178" uuid="278208ABBBBBBBBBBBBBBBBBBBBBBBBBBBBB">
      <id>25519</id>
      <classname>org.openmrs.ConceptMap</classname>
      <dateChanged id="179">2014-12-06 07:53:33</dateChanged>
    </org.openmrs.module.metadatasharing.Item>
    <org.openmrs.module.metadatasharing.Item id="180" uuid="ca980de5-cdcc-3d4b-b100-55d0e698dc18">
      <id>24910</id>
      <classname>org.openmrs.ConceptReferenceTerm</classname>
      <dateChanged id="181">2014-12-06 05:00:00</dateChanged>
      <retired>false</retired>
    </org.openmrs.module.metadatasharing.Item>
    <org.openmrs.module.metadatasharing.Item id="182" uuid="278369ABBBBBBBBBBBBBBBBBBBBBBBBBBBBB">
      <id>25520</id>
      <classname>org.openmrs.ConceptMap</classname>
      <dateChanged id="183">2015-01-07 03:27:22</dateChanged>
    </org.openmrs.module.metadatasharing.Item>
    <org.openmrs.module.metadatasharing.Item id="184" uuid="43ac5109-7d8c-11e1-909d-c80aa9edcf4e">
      <id>2</id>
      <classname>org.openmrs.ConceptMapType</classname>
      <dateChanged id="185">2012-06-21 00:00:00</dateChanged>
      <retired>false</retired>
    </org.openmrs.module.metadatasharing.Item>
    <org.openmrs.module.metadatasharing.Item id="186" uuid="0f755ec1-c5ad-3753-92eb-f2d54a8f4da1">
      <id>24911</id>
      <classname>org.openmrs.ConceptReferenceTerm</classname>
      <dateChanged id="187">2015-01-06 05:00:00</dateChanged>
      <retired>false</retired>
    </org.openmrs.module.metadatasharing.Item>
    <org.openmrs.module.metadatasharing.Item id="188" uuid="2ADDDDDDDDDDDDDDDDDDDDDDDDDDDDDDDDDD">
      <id>8</id>
      <classname>org.openmrs.ConceptSource</classname>
      <dateChanged id="189">2015-04-22 14:28:27</dateChanged>
      <retired>false</retired>
    </org.openmrs.module.metadatasharing.Item>
  </relatedItems>
</package>
