<?xml version="1.0" encoding="UTF-8"?>
<list id="1">
  <org.openmrs.Concept id="2" uuid="162760AAAAAAAAAAAAAAAAAAAAAAAAAAAAAA">
    <conceptId>10376</conceptId>
    <retired>false</retired>
    <datatype id="3" resolves-to="org.openmrs.ConceptDatatype" uuid="8d4a48b6-c2cc-11de-8d13-0010c6dffd0f">
      <name>Coded</name>
      <description>Value determined by term dictionary lookup (i.e., term identifier)</description>
      <creator/>
      <dateCreated id="4">2004-02-02 00:00:00</dateCreated>
      <retired>false</retired>
      <conceptDatatypeId>2</conceptDatatypeId>
      <hl7Abbreviation>CWE</hl7Abbreviation>
    </datatype>
    <conceptClass id="5" resolves-to="org.openmrs.ConceptClass" uuid="8d491e50-c2cc-11de-8d13-0010c6dffd0f">
      <name>Question</name>
      <description>Question (eg, patient history, SF36 items)</description>
      <creator/>
      <dateCreated id="6">2015-04-22 14:28:27</dateCreated>
      <retired>false</retired>
      <conceptClassId>7</conceptClassId>
    </conceptClass>
    <set>false</set>
    <creator/>
    <dateCreated id="7">2014-12-06 07:53:22</dateCreated>
    <changedBy/>
    <dateChanged id="8">2015-05-28 14:07:47</dateChanged>
    <names class="set" id="9">
      <org.openmrs.ConceptName id="10" uuid="126624BBBBBBBBBBBBBBBBBBBBBBBBBBBBBB">
        <conceptNameId>29749</conceptNameId>
        <concept reference="2"/>
        <name>Severity of adverse reaction</name>
        <locale id="11">en</locale>
        <creator/>
        <dateCreated id="12">2014-12-06 07:53:22</dateCreated>
        <voided>false</voided>
        <tags class="set" id="13"/>
        <conceptNameType>FULLY_SPECIFIED</conceptNameType>
        <localePreferred>true</localePreferred>
      </org.openmrs.ConceptName>
    </names>
    <answers class="set" id="14">
      <org.openmrs.ConceptAnswer id="15" uuid="5230CCCCCCCCCCCCCCCCCCCCCCCCCCCCCCCC">
        <conceptAnswerId>9242</conceptAnswerId>
        <concept reference="2"/>
        <answerConcept id="16" resolves-to="org.openmrs.Concept" uuid="3cdef9ae-26fe-102b-80cb-0017a47871b2">
          <conceptId>1901</conceptId>
          <retired>false</retired>
          <datatype id="17" resolves-to="org.openmrs.ConceptDatatype" uuid="8d4a4c94-c2cc-11de-8d13-0010c6dffd0f">
            <name>N/A</name>
            <description>Not associated with a datatype (e.g., term answers, sets)</description>
            <creator/>
            <dateCreated id="18">2004-02-02 05:00:00</dateCreated>
            <retired>false</retired>
            <conceptDatatypeId>4</conceptDatatypeId>
            <hl7Abbreviation>ZZ</hl7Abbreviation>
          </datatype>
          <conceptClass id="19" resolves-to="org.openmrs.ConceptClass" uuid="8d491a9a-c2cc-11de-8d13-0010c6dffd0f">
            <name>Finding</name>
            <description>Practitioner observation/finding</description>
            <creator/>
            <dateCreated id="20">2015-04-22 14:28:27</dateCreated>
            <retired>false</retired>
            <conceptClassId>5</conceptClassId>
          </conceptClass>
          <set>false</set>
          <creator/>
          <dateCreated id="21">2007-04-30 16:14:07</dateCreated>
          <changedBy/>
          <dateChanged id="22">2015-05-28 14:11:45</dateChanged>
          <names class="set" id="23">
            <org.openmrs.ConceptName id="24" uuid="93b7febc-07d4-102c-b5fa-0017a47871b2">
              <conceptNameId>5717</conceptNameId>
              <concept reference="16"/>
              <name>Mild</name>
              <locale id="25">en</locale>
              <creator/>
              <dateCreated id="26">2007-04-30 16:14:07</dateCreated>
              <voided>false</voided>
              <tags class="set" id="27"/>
              <conceptNameType>SHORT</conceptNameType>
              <localePreferred>false</localePreferred>
            </org.openmrs.ConceptName>
            <org.openmrs.ConceptName id="28" uuid="caac4020-4fc6-4584-83e0-668177b00a77">
              <conceptNameId>29750</conceptNameId>
              <concept reference="16"/>
              <name>Bénin</name>
              <locale id="29">fr</locale>
              <creator/>
              <dateCreated id="30">2015-05-28 14:11:22</dateCreated>
              <voided>false</voided>
              <tags class="set" id="31"/>
              <conceptNameType>FULLY_SPECIFIED</conceptNameType>
              <localePreferred>true</localePreferred>
            </org.openmrs.ConceptName>
            <org.openmrs.ConceptName id="32" uuid="f64f2fa6-d5db-102d-ad2a-000c29c2a5d7">
              <conceptNameId>11399</conceptNameId>
              <concept reference="16"/>
              <name>BÉNIN/IGNE</name>
              <locale id="33">fr</locale>
              <creator/>
              <dateCreated id="34">2010-06-29 07:04:00</dateCreated>
              <voided>true</voided>
              <voidedBy/>
              <dateVoided id="35">2015-05-28 14:11:45</dateVoided>
              <voidReason>Removed from user interface</voidReason>
              <tags class="set" id="36"/>
              <localePreferred>false</localePreferred>
            </org.openmrs.ConceptName>
            <org.openmrs.ConceptName id="37" uuid="0b6340dc-15f5-102d-96e4-000c29c2a5d7">
              <conceptNameId>2068</conceptNameId>
              <concept reference="16"/>
              <name>Mild</name>
              <locale id="38">en</locale>
              <creator/>
              <dateCreated id="39">2007-04-30 16:14:07</dateCreated>
              <voided>false</voided>
              <tags class="set" id="40"/>
              <conceptNameType>FULLY_SPECIFIED</conceptNameType>
              <localePreferred>true</localePreferred>
            </org.openmrs.ConceptName>
            <org.openmrs.ConceptName id="41" uuid="1739BBBBBBBBBBBBBBBBBBBBBBBBBBBBBBBB">
              <conceptNameId>29747</conceptNameId>
              <concept reference="16"/>
              <name>pole</name>
              <locale id="42">sw</locale>
              <creator/>
              <dateCreated id="43">2007-12-23 08:18:18</dateCreated>
              <voided>false</voided>
              <tags class="set" id="44"/>
              <conceptNameType>FULLY_SPECIFIED</conceptNameType>
              <localePreferred>true</localePreferred>
            </org.openmrs.ConceptName>
          </names>
          <answers class="set" id="45"/>
          <conceptSets class="set" id="46"/>
          <descriptions class="set" id="47">
            <org.openmrs.ConceptDescription id="48" uuid="16227FFFFFFFFFFFFFFFFFFFFFFFFFFFFFFF">
              <conceptDescriptionId>6869</conceptDescriptionId>
              <concept reference="16"/>
              <description>General qualifier value</description>
              <locale id="49">en</locale>
              <creator/>
              <dateCreated id="50">2010-09-22 19:03:38</dateCreated>
              <dateChanged id="51">2014-12-06 07:47:37</dateChanged>
            </org.openmrs.ConceptDescription>
          </descriptions>
          <conceptMappings class="set" id="52">
            <org.openmrs.ConceptMap id="53" uuid="171740ABBBBBBBBBBBBBBBBBBBBBBBBBBBBB">
              <conceptMapType id="54" resolves-to="org.openmrs.ConceptMapType" uuid="35543629-7d8c-11e1-909d-c80aa9edcf4e">
                <name>SAME-AS</name>
                <creator/>
                <dateCreated id="55">2012-06-21 00:00:00</dateCreated>
                <retired>false</retired>
                <conceptMapTypeId>1</conceptMapTypeId>
                <isHidden>false</isHidden>
              </conceptMapType>
              <creator/>
              <dateCreated id="56">2013-07-03 22:53:08</dateCreated>
              <conceptMapId>25524</conceptMapId>
              <concept reference="16"/>
              <conceptReferenceTerm id="57" resolves-to="org.openmrs.ConceptReferenceTerm" uuid="d079d5b6-3881-3be8-af0d-ba440194acc6">
                <creator/>
                <dateCreated id="58">2013-07-03 04:00:00</dateCreated>
                <retired>false</retired>
                <conceptReferenceTermId>24900</conceptReferenceTermId>
                <conceptSource id="59" resolves-to="org.openmrs.ConceptSource" uuid="21ADDDDDDDDDDDDDDDDDDDDDDDDDDDDDDDDD">
                  <name>CIEL</name>
                  <description>Columbia International eHealth Laboratory concept ID</description>
                  <creator/>
                  <dateCreated id="60">2015-04-22 14:28:27</dateCreated>
                  <retired>false</retired>
                  <conceptSourceId>29</conceptSourceId>
                </conceptSource>
                <code>1498</code>
                <conceptReferenceTermMaps id="61"/>
              </conceptReferenceTerm>
            </org.openmrs.ConceptMap>
            <org.openmrs.ConceptMap id="62" uuid="7578ce42-4943-102e-96e9-000c29c2a5d7">
              <conceptMapType reference="54"/>
              <creator/>
              <changedBy/>
              <dateCreated id="63">2010-11-24 05:49:58</dateCreated>
              <dateChanged id="64">2012-06-21 16:49:52</dateChanged>
              <conceptMapId>7721</conceptMapId>
              <concept reference="16"/>
              <conceptReferenceTerm id="65" resolves-to="org.openmrs.ConceptReferenceTerm" uuid="3623119f-d458-3bfd-b836-734a14e8a93b">
                <creator/>
                <dateCreated id="66">2010-11-24 00:00:00</dateCreated>
                <retired>false</retired>
                <conceptReferenceTermId>7721</conceptReferenceTermId>
                <conceptSource id="67" resolves-to="org.openmrs.ConceptSource" uuid="fb9aaaf1-65e2-4c18-b53c-16b575f2f385">
                  <name>PIH</name>
                  <description>Partners In Health concept dictionary using concept ids and preferred English names</description>
                  <creator/>
                  <dateCreated id="68">2015-04-22 14:28:27</dateCreated>
                  <retired>false</retired>
                  <conceptSourceId>5</conceptSourceId>
                </conceptSource>
                <code>MILD</code>
                <conceptReferenceTermMaps id="69"/>
              </conceptReferenceTerm>
            </org.openmrs.ConceptMap>
            <org.openmrs.ConceptMap id="70" uuid="135120ABBBBBBBBBBBBBBBBBBBBBBBBBBBBB">
              <conceptMapType reference="54"/>
              <creator/>
              <dateCreated id="71">2010-10-24 17:09:59</dateCreated>
              <conceptMapId>25525</conceptMapId>
              <concept reference="16"/>
              <conceptReferenceTerm id="72" resolves-to="org.openmrs.ConceptReferenceTerm" uuid="a15816b5-d8b4-3dd8-bd1c-2ce92c6be61c">
                <creator/>
                <dateCreated id="73">2010-10-24 04:00:00</dateCreated>
                <retired>false</retired>
                <conceptReferenceTermId>24901</conceptReferenceTermId>
                <conceptSource id="74" resolves-to="org.openmrs.ConceptSource" uuid="13ADDDDDDDDDDDDDDDDDDDDDDDDDDDDDDDDD">
                  <name>AMPATH</name>
                  <description>AMPATH concept dictionary</description>
                  <creator/>
                  <dateCreated id="75">2015-04-22 14:28:27</dateCreated>
                  <retired>false</retired>
                  <conceptSourceId>10</conceptSourceId>
                </conceptSource>
                <code>1743</code>
                <conceptReferenceTermMaps id="76"/>
              </conceptReferenceTerm>
            </org.openmrs.ConceptMap>
            <org.openmrs.ConceptMap id="77" uuid="132650ABBBBBBBBBBBBBBBBBBBBBBBBBBBBB">
              <conceptMapType reference="54"/>
              <creator/>
              <dateCreated id="78">2010-08-23 19:49:10</dateCreated>
              <conceptMapId>25526</conceptMapId>
              <concept reference="16"/>
              <conceptReferenceTerm id="79" resolves-to="org.openmrs.ConceptReferenceTerm" uuid="8a3eff3a-d364-31c0-b82a-b78f7ba3c304">
                <creator/>
                <dateCreated id="80">2010-08-23 04:00:00</dateCreated>
                <retired>false</retired>
                <conceptReferenceTermId>24902</conceptReferenceTermId>
                <conceptSource id="81" resolves-to="org.openmrs.ConceptSource" uuid="1ADDDDDDDDDDDDDDDDDDDDDDDDDDDDDDDDDD">
                  <name>SNOMED CT</name>
                  <description>SNOMED Preferred mapping</description>
                  <creator/>
                  <dateCreated id="82">2015-04-22 14:28:27</dateCreated>
                  <retired>false</retired>
                  <conceptSourceId>6</conceptSourceId>
                  <hl7Code>SCT</hl7Code>
                </conceptSource>
                <code>255604002</code>
                <conceptReferenceTermMaps id="83"/>
              </conceptReferenceTerm>
            </org.openmrs.ConceptMap>
            <org.openmrs.ConceptMap id="84" uuid="b21e72fa-4864-102e-96e9-000c29c2a5d7">
              <conceptMapType reference="54"/>
              <creator/>
              <changedBy/>
              <dateCreated id="85">2010-11-23 03:15:31</dateCreated>
              <dateChanged id="86">2012-06-21 16:49:52</dateChanged>
              <conceptMapId>1903</conceptMapId>
              <concept reference="16"/>
              <conceptReferenceTerm id="87" resolves-to="org.openmrs.ConceptReferenceTerm" uuid="8fc71a70-c4e5-397b-86da-75709194498f">
                <creator/>
                <dateCreated id="88">2010-11-23 00:00:00</dateCreated>
                <retired>false</retired>
                <conceptReferenceTermId>1903</conceptReferenceTermId>
                <conceptSource reference="67"/>
                <code>1901</code>
                <conceptReferenceTermMaps id="89"/>
              </conceptReferenceTerm>
            </org.openmrs.ConceptMap>
          </conceptMappings>
        </answerConcept>
        <creator/>
        <dateCreated id="90">2014-12-06 07:53:22</dateCreated>
        <sortWeight>5230.0</sortWeight>
      </org.openmrs.ConceptAnswer>
      <org.openmrs.ConceptAnswer id="91" uuid="5229CCCCCCCCCCCCCCCCCCCCCCCCCCCCCCCC">
        <conceptAnswerId>9241</conceptAnswerId>
        <concept reference="2"/>
        <answerConcept id="92" resolves-to="org.openmrs.Concept" uuid="3cdef832-26fe-102b-80cb-0017a47871b2">
          <conceptId>1900</conceptId>
          <retired>false</retired>
          <datatype reference="17"/>
          <conceptClass reference="19"/>
          <set>false</set>
          <creator/>
          <dateCreated id="93">2007-04-30 22:12:13</dateCreated>
          <changedBy/>
          <dateChanged id="94">2015-05-28 14:10:36</dateChanged>
          <names class="set" id="95">
            <org.openmrs.ConceptName id="96" uuid="1741BBBBBBBBBBBBBBBBBBBBBBBBBBBBBBBB">
              <conceptNameId>29746</conceptNameId>
              <concept reference="92"/>
              <name>wastani au Kadiri</name>
              <locale id="97">sw</locale>
              <creator/>
              <dateCreated id="98">2007-12-23 08:15:36</dateCreated>
              <voided>false</voided>
              <tags class="set" id="99"/>
              <conceptNameType>FULLY_SPECIFIED</conceptNameType>
              <localePreferred>true</localePreferred>
            </org.openmrs.ConceptName>
            <org.openmrs.ConceptName id="100" uuid="0b633fa6-15f5-102d-96e4-000c29c2a5d7">
              <conceptNameId>2067</conceptNameId>
              <concept reference="92"/>
              <name>Moderate</name>
              <locale id="101">en</locale>
              <creator/>
              <dateCreated id="102">2007-04-30 22:12:13</dateCreated>
              <voided>false</voided>
              <tags class="set" id="103"/>
              <conceptNameType>FULLY_SPECIFIED</conceptNameType>
              <localePreferred>true</localePreferred>
            </org.openmrs.ConceptName>
            <org.openmrs.ConceptName id="104" uuid="f64f1228-d5db-102d-ad2a-000c29c2a5d7">
              <conceptNameId>11398</conceptNameId>
              <concept reference="92"/>
              <name>MODÉRÉ</name>
              <locale id="105">fr</locale>
              <creator/>
              <dateCreated id="106">2010-06-29 13:04:00</dateCreated>
              <voided>true</voided>
              <voidedBy/>
              <dateVoided id="107">2014-01-03 23:27:37</dateVoided>
              <voidReason>Removed from user interface</voidReason>
              <tags class="set" id="108"/>
              <localePreferred>true</localePreferred>
            </org.openmrs.ConceptName>
            <org.openmrs.ConceptName id="109" uuid="93b7fa98-07d4-102c-b5fa-0017a47871b2">
              <conceptNameId>5716</conceptNameId>
              <concept reference="92"/>
              <name>Moderate</name>
              <locale id="110">en</locale>
              <creator/>
              <dateCreated id="111">2007-04-30 22:12:13</dateCreated>
              <voided>false</voided>
              <tags class="set" id="112"/>
              <conceptNameType>SHORT</conceptNameType>
              <localePreferred>false</localePreferred>
            </org.openmrs.ConceptName>
            <org.openmrs.ConceptName id="113" uuid="14d2181c-0275-42c8-90e4-f6bc914becad">
              <conceptNameId>25730</conceptNameId>
              <concept reference="92"/>
              <name>Modéré</name>
              <locale id="114">fr</locale>
              <creator/>
              <dateCreated id="115">2014-01-03 23:27:37</dateCreated>
              <voided>false</voided>
              <tags class="set" id="116"/>
              <conceptNameType>FULLY_SPECIFIED</conceptNameType>
              <localePreferred>true</localePreferred>
            </org.openmrs.ConceptName>
            <org.openmrs.ConceptName id="117" uuid="d2fac9a8-b710-4ed7-9f3b-466a48ecaca5">
              <conceptNameId>25731</conceptNameId>
              <concept reference="92"/>
              <name>Modere</name>
              <locale id="118">ht</locale>
              <creator/>
              <dateCreated id="119">2014-01-03 23:27:37</dateCreated>
              <voided>false</voided>
              <tags class="set" id="120"/>
              <conceptNameType>FULLY_SPECIFIED</conceptNameType>
              <localePreferred>true</localePreferred>
            </org.openmrs.ConceptName>
          </names>
          <answers class="set" id="121"/>
          <conceptSets class="set" id="122"/>
          <descriptions class="set" id="123">
            <org.openmrs.ConceptDescription id="124" uuid="16228FFFFFFFFFFFFFFFFFFFFFFFFFFFFFFF">
              <conceptDescriptionId>6868</conceptDescriptionId>
              <concept reference="92"/>
              <description>General qualifier value of the severity</description>
              <locale id="125">en</locale>
              <creator/>
              <dateCreated id="126">2010-09-22 19:06:56</dateCreated>
              <dateChanged id="127">2014-12-06 07:47:54</dateChanged>
            </org.openmrs.ConceptDescription>
          </descriptions>
          <conceptMappings class="set" id="128">
            <org.openmrs.ConceptMap id="129" uuid="b21e7142-4864-102e-96e9-000c29c2a5d7">
              <conceptMapType reference="54"/>
              <creator/>
              <changedBy/>
              <dateCreated id="130">2010-11-23 10:15:31</dateCreated>
              <dateChanged id="131">2012-06-21 16:49:52</dateChanged>
              <conceptMapId>1902</conceptMapId>
              <concept reference="92"/>
              <conceptReferenceTerm id="132" resolves-to="org.openmrs.ConceptReferenceTerm" uuid="7661ecdb-cbeb-3992-8e4c-fe990bc76eb2">
                <creator/>
                <dateCreated id="133">2010-11-23 00:00:00</dateCreated>
                <retired>false</retired>
                <conceptReferenceTermId>1902</conceptReferenceTermId>
                <conceptSource reference="67"/>
                <code>1900</code>
                <conceptReferenceTermMaps id="134"/>
              </conceptReferenceTerm>
            </org.openmrs.ConceptMap>
            <org.openmrs.ConceptMap id="135" uuid="135121ABBBBBBBBBBBBBBBBBBBBBBBBBBBBB">
              <conceptMapType reference="54"/>
              <creator/>
              <dateCreated id="136">2010-10-24 17:09:59</dateCreated>
              <conceptMapId>25521</conceptMapId>
              <concept reference="92"/>
              <conceptReferenceTerm id="137" resolves-to="org.openmrs.ConceptReferenceTerm" uuid="b1e56017-45e5-3a2c-88a9-14e67cb79dc5">
                <creator/>
                <dateCreated id="138">2010-10-24 04:00:00</dateCreated>
                <retired>false</retired>
                <conceptReferenceTermId>24897</conceptReferenceTermId>
                <conceptSource reference="74"/>
                <code>1744</code>
                <conceptReferenceTermMaps id="139"/>
              </conceptReferenceTerm>
            </org.openmrs.ConceptMap>
            <org.openmrs.ConceptMap id="140" uuid="133261ABBBBBBBBBBBBBBBBBBBBBBBBBBBBB">
              <conceptMapType reference="54"/>
              <creator/>
              <dateCreated id="141">2010-09-20 21:27:10</dateCreated>
              <conceptMapId>25522</conceptMapId>
              <concept reference="92"/>
              <conceptReferenceTerm id="142" resolves-to="org.openmrs.ConceptReferenceTerm" uuid="50c51be6-9615-3092-b164-4a977279b3aa">
                <creator/>
                <dateCreated id="143">2010-09-20 04:00:00</dateCreated>
                <retired>false</retired>
                <conceptReferenceTermId>24898</conceptReferenceTermId>
                <conceptSource reference="81"/>
                <code>6736007</code>
                <conceptReferenceTermMaps id="144"/>
              </conceptReferenceTerm>
            </org.openmrs.ConceptMap>
            <org.openmrs.ConceptMap id="145" uuid="171741ABBBBBBBBBBBBBBBBBBBBBBBBBBBBB">
              <conceptMapType reference="54"/>
              <creator/>
              <dateCreated id="146">2013-07-03 22:53:08</dateCreated>
              <conceptMapId>25523</conceptMapId>
              <concept reference="92"/>
              <conceptReferenceTerm id="147" resolves-to="org.openmrs.ConceptReferenceTerm" uuid="9d915025-0aa1-3852-bf2f-7f8cc1bb1a26">
                <creator/>
                <dateCreated id="148">2013-07-03 04:00:00</dateCreated>
                <retired>false</retired>
                <conceptReferenceTermId>24899</conceptReferenceTermId>
                <conceptSource reference="59"/>
                <code>1499</code>
                <conceptReferenceTermMaps id="149"/>
              </conceptReferenceTerm>
            </org.openmrs.ConceptMap>
            <org.openmrs.ConceptMap id="150" uuid="7578ccbc-4943-102e-96e9-000c29c2a5d7">
              <conceptMapType reference="54"/>
              <creator/>
              <changedBy/>
              <dateCreated id="151">2010-11-24 12:49:58</dateCreated>
              <dateChanged id="152">2012-06-21 16:49:52</dateChanged>
              <conceptMapId>7720</conceptMapId>
              <concept reference="92"/>
              <conceptReferenceTerm id="153" resolves-to="org.openmrs.ConceptReferenceTerm" uuid="555d552d-6836-3d24-a9fb-889d17324f05">
                <creator/>
                <dateCreated id="154">2010-11-24 00:00:00</dateCreated>
                <retired>false</retired>
                <conceptReferenceTermId>7720</conceptReferenceTermId>
                <conceptSource reference="67"/>
                <code>MODERATE</code>
                <conceptReferenceTermMaps id="155"/>
              </conceptReferenceTerm>
            </org.openmrs.ConceptMap>
          </conceptMappings>
        </answerConcept>
        <creator/>
        <dateCreated id="156">2014-12-06 07:53:22</dateCreated>
        <sortWeight>5229.0</sortWeight>
      </org.openmrs.ConceptAnswer>
      <org.openmrs.ConceptAnswer id="157" uuid="5228CCCCCCCCCCCCCCCCCCCCCCCCCCCCCCCC">
        <conceptAnswerId>9243</conceptAnswerId>
        <concept reference="2"/>
        <answerConcept id="158" resolves-to="org.openmrs.Concept" uuid="162693AAAAAAAAAAAAAAAAAAAAAAAAAAAAAA">
          <conceptId>10375</conceptId>
          <retired>false</retired>
          <datatype reference="17"/>
          <conceptClass id="159" resolves-to="org.openmrs.ConceptClass" uuid="8d492774-c2cc-11de-8d13-0010c6dffd0f">
            <name>Misc</name>
            <description>Terms which don&apos;t fit other categories</description>
            <creator/>
            <dateCreated id="160">2015-04-22 14:28:27</dateCreated>
            <retired>false</retired>
            <conceptClassId>11</conceptClassId>
          </conceptClass>
          <set>false</set>
          <creator/>
          <dateCreated id="161">2014-11-08 01:12:47</dateCreated>
          <changedBy/>
          <dateChanged id="162">2015-05-28 14:07:46</dateChanged>
          <names class="set" id="163">
            <org.openmrs.ConceptName id="164" uuid="126526BBBBBBBBBBBBBBBBBBBBBBBBBBBBBB">
              <conceptNameId>29748</conceptNameId>
              <concept reference="158"/>
              <name>Life threatening severity</name>
              <locale id="165">en</locale>
              <creator/>
              <dateCreated id="166">2014-11-08 01:12:47</dateCreated>
              <voided>false</voided>
              <tags class="set" id="167"/>
              <conceptNameType>FULLY_SPECIFIED</conceptNameType>
              <localePreferred>true</localePreferred>
            </org.openmrs.ConceptName>
          </names>
          <answers class="set" id="168"/>
          <conceptSets class="set" id="169"/>
          <descriptions class="set" id="170"/>
          <conceptMappings class="set" id="171">
            <org.openmrs.ConceptMap id="172" uuid="278076ABBBBBBBBBBBBBBBBBBBBBBBBBBBBB">
              <conceptMapType reference="54"/>
              <creator/>
              <dateCreated id="173">2014-11-08 01:12:47</dateCreated>
              <conceptMapId>25517</conceptMapId>
              <concept reference="158"/>
              <conceptReferenceTerm id="174" resolves-to="org.openmrs.ConceptReferenceTerm" uuid="d1c21d72-0bd2-32f4-96fb-db9edce47391">
                <creator/>
                <dateCreated id="175">2014-11-07 05:00:00</dateCreated>
                <retired>false</retired>
                <conceptReferenceTermId>24903</conceptReferenceTermId>
                <conceptSource reference="81"/>
                <code>442452003</code>
                <conceptReferenceTermMaps id="176"/>
              </conceptReferenceTerm>
            </org.openmrs.ConceptMap>
            <org.openmrs.ConceptMap id="177" uuid="278077ABBBBBBBBBBBBBBBBBBBBBBBBBBBBB">
              <conceptMapType reference="54"/>
              <creator/>
              <dateCreated id="178">2014-11-08 01:12:54</dateCreated>
              <conceptMapId>25518</conceptMapId>
              <concept reference="158"/>
              <conceptReferenceTerm id="179" resolves-to="org.openmrs.ConceptReferenceTerm" uuid="97d897df-10b0-355f-a5a7-941c0e168ae2">
                <creator/>
                <dateCreated id="180">2014-11-07 05:00:00</dateCreated>
                <retired>false</retired>
                <conceptReferenceTermId>24904</conceptReferenceTermId>
                <conceptSource reference="59"/>
                <code>162693</code>
                <conceptReferenceTermMaps id="181"/>
              </conceptReferenceTerm>
            </org.openmrs.ConceptMap>
          </conceptMappings>
        </answerConcept>
        <creator/>
        <dateCreated id="182">2014-12-06 07:53:22</dateCreated>
        <sortWeight>5228.0</sortWeight>
      </org.openmrs.ConceptAnswer>
      <org.openmrs.ConceptAnswer id="183" uuid="5231CCCCCCCCCCCCCCCCCCCCCCCCCCCCCCCC">
        <conceptAnswerId>9244</conceptAnswerId>
        <concept reference="2"/>
        <answerConcept id="184" resolves-to="org.openmrs.Concept" uuid="3cdefc92-26fe-102b-80cb-0017a47871b2">
          <conceptId>1903</conceptId>
          <retired>false</retired>
          <datatype reference="17"/>
          <conceptClass reference="19"/>
          <set>false</set>
          <creator/>
          <dateCreated id="185">2007-04-30 22:16:01</dateCreated>
          <changedBy/>
          <dateChanged id="186">2015-05-28 14:12:10</dateChanged>
          <names class="set" id="187">
            <org.openmrs.ConceptName id="188" uuid="cc2e71b8-1cba-4ef4-9cd6-97e2efa93f0c">
              <conceptNameId>25728</conceptNameId>
              <concept reference="184"/>
              <name>Sévère</name>
              <locale id="189">fr</locale>
              <creator/>
              <dateCreated id="190">2014-01-03 23:26:01</dateCreated>
              <voided>false</voided>
              <tags class="set" id="191"/>
              <conceptNameType>FULLY_SPECIFIED</conceptNameType>
              <localePreferred>true</localePreferred>
            </org.openmrs.ConceptName>
            <org.openmrs.ConceptName id="192" uuid="93b806dc-07d4-102c-b5fa-0017a47871b2">
              <conceptNameId>5719</conceptNameId>
              <concept reference="184"/>
              <name>Severe</name>
              <locale id="193">en</locale>
              <creator/>
              <dateCreated id="194">2007-04-30 22:16:01</dateCreated>
              <voided>false</voided>
              <tags class="set" id="195"/>
              <conceptNameType>SHORT</conceptNameType>
              <localePreferred>false</localePreferred>
            </org.openmrs.ConceptName>
            <org.openmrs.ConceptName id="196" uuid="0b6342d0-15f5-102d-96e4-000c29c2a5d7">
              <conceptNameId>2070</conceptNameId>
              <concept reference="184"/>
              <name>Severe</name>
              <locale id="197">en</locale>
              <creator/>
              <dateCreated id="198">2007-04-30 22:16:01</dateCreated>
              <voided>false</voided>
              <tags class="set" id="199"/>
              <conceptNameType>FULLY_SPECIFIED</conceptNameType>
              <localePreferred>true</localePreferred>
            </org.openmrs.ConceptName>
            <org.openmrs.ConceptName id="200" uuid="f64f77a4-d5db-102d-ad2a-000c29c2a5d7">
              <conceptNameId>11401</conceptNameId>
              <concept reference="184"/>
              <name>SÉVÈRE</name>
              <locale id="201">fr</locale>
              <creator/>
              <dateCreated id="202">2010-06-29 13:04:00</dateCreated>
              <voided>true</voided>
              <voidedBy/>
              <dateVoided id="203">2014-01-03 23:26:01</dateVoided>
              <voidReason>Removed from user interface</voidReason>
              <tags class="set" id="204"/>
              <localePreferred>true</localePreferred>
            </org.openmrs.ConceptName>
            <org.openmrs.ConceptName id="205" uuid="96a55fca-c66b-4bda-9f10-fb0ec126994d">
              <conceptNameId>25729</conceptNameId>
              <concept reference="184"/>
              <name>Grav</name>
              <locale id="206">ht</locale>
              <creator/>
              <dateCreated id="207">2014-01-03 23:26:01</dateCreated>
              <voided>false</voided>
              <tags class="set" id="208"/>
              <conceptNameType>FULLY_SPECIFIED</conceptNameType>
              <localePreferred>true</localePreferred>
            </org.openmrs.ConceptName>
          </names>
          <answers class="set" id="209"/>
          <conceptSets class="set" id="210"/>
          <descriptions class="set" id="211">
            <org.openmrs.ConceptDescription id="212" uuid="16229FFFFFFFFFFFFFFFFFFFFFFFFFFFFFFF">
              <conceptDescriptionId>6870</conceptDescriptionId>
              <concept reference="184"/>
              <description>General qualifier value for the severity assesment</description>
              <locale id="213">en</locale>
              <creator/>
              <dateCreated id="214">2010-09-22 19:09:41</dateCreated>
              <dateChanged id="215">2014-12-06 07:48:13</dateChanged>
            </org.openmrs.ConceptDescription>
          </descriptions>
          <conceptMappings class="set" id="216">
            <org.openmrs.ConceptMap id="217" uuid="171742ABBBBBBBBBBBBBBBBBBBBBBBBBBBBB">
              <conceptMapType reference="54"/>
              <creator/>
              <dateCreated id="218">2013-07-03 22:53:08</dateCreated>
              <conceptMapId>25527</conceptMapId>
              <concept reference="184"/>
              <conceptReferenceTerm id="219" resolves-to="org.openmrs.ConceptReferenceTerm" uuid="f258ec23-5f05-3a6f-81ac-3d823a33248d">
                <creator/>
                <dateCreated id="220">2013-07-03 04:00:00</dateCreated>
                <retired>false</retired>
                <conceptReferenceTermId>24905</conceptReferenceTermId>
                <conceptSource reference="59"/>
                <code>1500</code>
                <conceptReferenceTermMaps id="221"/>
              </conceptReferenceTerm>
            </org.openmrs.ConceptMap>
            <org.openmrs.ConceptMap id="222" uuid="7578d19e-4943-102e-96e9-000c29c2a5d7">
              <conceptMapType reference="54"/>
              <creator/>
              <changedBy/>
              <dateCreated id="223">2010-11-24 12:49:58</dateCreated>
              <dateChanged id="224">2012-06-21 16:49:52</dateChanged>
              <conceptMapId>7723</conceptMapId>
              <concept reference="184"/>
              <conceptReferenceTerm id="225" resolves-to="org.openmrs.ConceptReferenceTerm" uuid="f2925017-e27c-3eff-8a71-7edd44cc14d8">
                <creator/>
                <dateCreated id="226">2010-11-24 00:00:00</dateCreated>
                <retired>false</retired>
                <conceptReferenceTermId>7723</conceptReferenceTermId>
                <conceptSource reference="67"/>
                <code>SEVERE</code>
                <conceptReferenceTermMaps id="227"/>
              </conceptReferenceTerm>
            </org.openmrs.ConceptMap>
            <org.openmrs.ConceptMap id="228" uuid="135122ABBBBBBBBBBBBBBBBBBBBBBBBBBBBB">
              <conceptMapType reference="54"/>
              <creator/>
              <dateCreated id="229">2010-10-24 17:09:59</dateCreated>
              <conceptMapId>25528</conceptMapId>
              <concept reference="184"/>
              <conceptReferenceTerm id="230" resolves-to="org.openmrs.ConceptReferenceTerm" uuid="c04c5086-d28b-39db-9050-33edbbd60ff4">
                <creator/>
                <dateCreated id="231">2010-10-24 04:00:00</dateCreated>
                <retired>false</retired>
                <conceptReferenceTermId>24906</conceptReferenceTermId>
                <conceptSource reference="74"/>
                <code>1745</code>
                <conceptReferenceTermMaps id="232"/>
              </conceptReferenceTerm>
            </org.openmrs.ConceptMap>
            <org.openmrs.ConceptMap id="233" uuid="132651ABBBBBBBBBBBBBBBBBBBBBBBBBBBBB">
              <conceptMapType reference="54"/>
              <creator/>
              <dateCreated id="234">2010-08-23 19:49:10</dateCreated>
              <conceptMapId>25529</conceptMapId>
              <concept reference="184"/>
              <conceptReferenceTerm id="235" resolves-to="org.openmrs.ConceptReferenceTerm" uuid="b19bc3ab-b8c1-3865-a009-6f77cd3ed1a2">
                <creator/>
                <dateCreated id="236">2010-08-23 04:00:00</dateCreated>
                <retired>false</retired>
                <conceptReferenceTermId>24907</conceptReferenceTermId>
                <conceptSource reference="81"/>
                <code>24484000</code>
                <conceptReferenceTermMaps id="237"/>
              </conceptReferenceTerm>
            </org.openmrs.ConceptMap>
            <org.openmrs.ConceptMap id="238" uuid="b21e7624-4864-102e-96e9-000c29c2a5d7">
              <conceptMapType reference="54"/>
              <creator/>
              <changedBy/>
              <dateCreated id="239">2010-11-23 10:15:31</dateCreated>
              <dateChanged id="240">2012-06-21 16:49:52</dateChanged>
              <conceptMapId>1905</conceptMapId>
              <concept reference="184"/>
              <conceptReferenceTerm id="241" resolves-to="org.openmrs.ConceptReferenceTerm" uuid="d48facb8-4257-347e-a2c3-874232aaac61">
                <creator/>
                <dateCreated id="242">2010-11-23 00:00:00</dateCreated>
                <retired>false</retired>
                <conceptReferenceTermId>1905</conceptReferenceTermId>
                <conceptSource reference="67"/>
                <code>1903</code>
                <conceptReferenceTermMaps id="243"/>
              </conceptReferenceTerm>
            </org.openmrs.ConceptMap>
          </conceptMappings>
        </answerConcept>
        <creator/>
        <dateCreated id="244">2014-12-06 07:53:22</dateCreated>
        <sortWeight>5231.0</sortWeight>
      </org.openmrs.ConceptAnswer>
      <org.openmrs.ConceptAnswer id="245" uuid="5232CCCCCCCCCCCCCCCCCCCCCCCCCCCCCCCC">
        <conceptAnswerId>9245</conceptAnswerId>
        <concept reference="2"/>
        <answerConcept id="246" resolves-to="org.openmrs.Concept" uuid="25b286a2-584b-4bbb-bb8b-558db9684c7a">
          <conceptId>7059</conceptId>
          <retired>false</retired>
          <datatype reference="17"/>
          <conceptClass reference="159"/>
          <set>false</set>
          <creator/>
          <dateCreated id="247">2011-03-20 09:05:24</dateCreated>
          <changedBy/>
          <dateChanged id="248">2015-05-28 14:12:57</dateChanged>
          <names class="set" id="249">
            <org.openmrs.ConceptName id="250" uuid="718228c4-7824-40f6-93a8-9f7e439c01e7">
              <conceptNameId>14483</conceptNameId>
              <concept reference="246"/>
              <name>Fatal</name>
              <locale id="251">en</locale>
              <creator/>
              <dateCreated id="252">2011-03-20 09:05:24</dateCreated>
              <voided>false</voided>
              <tags class="set" id="253"/>
              <conceptNameType>FULLY_SPECIFIED</conceptNameType>
              <localePreferred>true</localePreferred>
            </org.openmrs.ConceptName>
            <org.openmrs.ConceptName id="254" uuid="cb8ec00c-df19-435f-926f-302ef54c9ff6">
              <conceptNameId>29751</conceptNameId>
              <concept reference="246"/>
              <name>Fatal</name>
              <locale id="255">fr</locale>
              <creator/>
              <dateCreated id="256">2015-05-28 14:12:57</dateCreated>
              <voided>false</voided>
              <tags class="set" id="257"/>
              <conceptNameType>FULLY_SPECIFIED</conceptNameType>
              <localePreferred>true</localePreferred>
            </org.openmrs.ConceptName>
          </names>
          <answers class="set" id="258"/>
          <conceptSets class="set" id="259"/>
          <descriptions class="set" id="260"/>
          <conceptMappings class="set" id="261">
            <org.openmrs.ConceptMap id="262" uuid="0f2780f0-a543-102e-a00e-000c29c2a5d7">
              <conceptMapType reference="54"/>
              <creator/>
              <changedBy/>
              <dateCreated id="263">2011-03-21 15:39:03</dateCreated>
              <dateChanged id="264">2012-06-21 16:49:52</dateChanged>
              <conceptMapId>12084</conceptMapId>
              <concept reference="246"/>
              <conceptReferenceTerm id="265" resolves-to="org.openmrs.ConceptReferenceTerm" uuid="5eab478b-316c-3ec9-9bea-598dbef4d3e8">
                <creator/>
                <dateCreated id="266">2011-03-21 00:00:00</dateCreated>
                <retired>false</retired>
                <conceptReferenceTermId>12084</conceptReferenceTermId>
                <conceptSource reference="67"/>
                <code>FATAL</code>
                <conceptReferenceTermMaps id="267"/>
              </conceptReferenceTerm>
            </org.openmrs.ConceptMap>
            <org.openmrs.ConceptMap id="268" uuid="278367ABBBBBBBBBBBBBBBBBBBBBBBBBBBBB">
              <conceptMapType reference="54"/>
              <creator/>
              <dateCreated id="269">2015-01-07 03:25:39</dateCreated>
              <conceptMapId>25530</conceptMapId>
              <concept reference="246"/>
              <conceptReferenceTerm id="270" resolves-to="org.openmrs.ConceptReferenceTerm" uuid="24444cba-78e4-3abc-b165-a4c0d058d6b2">
                <creator/>
                <dateCreated id="271">2015-01-06 05:00:00</dateCreated>
                <retired>false</retired>
                <conceptReferenceTermId>24908</conceptReferenceTermId>
                <conceptSource reference="81"/>
                <code>399166001</code>
                <conceptReferenceTermMaps id="272"/>
              </conceptReferenceTerm>
            </org.openmrs.ConceptMap>
            <org.openmrs.ConceptMap id="273" uuid="278368ABBBBBBBBBBBBBBBBBBBBBBBBBBBBB">
              <conceptMapType reference="54"/>
              <creator/>
              <dateCreated id="274">2015-01-07 03:25:47</dateCreated>
              <conceptMapId>25531</conceptMapId>
              <concept reference="246"/>
              <conceptReferenceTerm id="275" resolves-to="org.openmrs.ConceptReferenceTerm" uuid="015533ab-1565-333e-82f8-cf006f8ce6fb">
                <creator/>
                <dateCreated id="276">2015-01-06 05:00:00</dateCreated>
                <retired>false</retired>
                <conceptReferenceTermId>24909</conceptReferenceTermId>
                <conceptSource reference="59"/>
                <code>162819</code>
                <conceptReferenceTermMaps id="277"/>
              </conceptReferenceTerm>
            </org.openmrs.ConceptMap>
            <org.openmrs.ConceptMap id="278" uuid="cf1bfb76-a542-102e-a00e-000c29c2a5d7">
              <conceptMapType reference="54"/>
              <creator/>
              <changedBy/>
              <dateCreated id="279">2011-03-21 15:37:16</dateCreated>
              <dateChanged id="280">2012-06-21 16:49:52</dateChanged>
              <conceptMapId>12019</conceptMapId>
              <concept reference="246"/>
              <conceptReferenceTerm id="281" resolves-to="org.openmrs.ConceptReferenceTerm" uuid="d830abf2-f5e0-3b62-b3bb-9bcba2561c27">
                <creator/>
                <dateCreated id="282">2011-03-21 00:00:00</dateCreated>
                <retired>false</retired>
                <conceptReferenceTermId>12019</conceptReferenceTermId>
                <conceptSource reference="67"/>
                <code>7059</code>
                <conceptReferenceTermMaps id="283"/>
              </conceptReferenceTerm>
            </org.openmrs.ConceptMap>
          </conceptMappings>
        </answerConcept>
        <creator/>
        <dateCreated id="284">2015-01-07 03:26:10</dateCreated>
        <sortWeight>5232.0</sortWeight>
      </org.openmrs.ConceptAnswer>
    </answers>
    <conceptSets class="set" id="285"/>
    <descriptions class="set" id="286"/>
    <conceptMappings class="set" id="287">
      <org.openmrs.ConceptMap id="288" uuid="278208ABBBBBBBBBBBBBBBBBBBBBBBBBBBBB">
        <conceptMapType reference="54"/>
        <creator/>
        <dateCreated id="289">2014-12-06 07:53:33</dateCreated>
        <conceptMapId>25519</conceptMapId>
        <concept reference="2"/>
        <conceptReferenceTerm id="290" resolves-to="org.openmrs.ConceptReferenceTerm" uuid="ca980de5-cdcc-3d4b-b100-55d0e698dc18">
          <creator/>
          <dateCreated id="291">2014-12-06 05:00:00</dateCreated>
          <retired>false</retired>
          <conceptReferenceTermId>24910</conceptReferenceTermId>
          <conceptSource reference="59"/>
          <code>162760</code>
          <conceptReferenceTermMaps id="292"/>
        </conceptReferenceTerm>
      </org.openmrs.ConceptMap>
      <org.openmrs.ConceptMap id="293" uuid="278369ABBBBBBBBBBBBBBBBBBBBBBBBBBBBB">
        <conceptMapType id="294" resolves-to="org.openmrs.ConceptMapType" uuid="43ac5109-7d8c-11e1-909d-c80aa9edcf4e">
          <name>NARROWER-THAN</name>
          <creator/>
          <dateCreated id="295">2012-06-21 00:00:00</dateCreated>
          <retired>false</retired>
          <conceptMapTypeId>2</conceptMapTypeId>
          <isHidden>false</isHidden>
        </conceptMapType>
        <creator/>
        <dateCreated id="296">2015-01-07 03:27:22</dateCreated>
        <conceptMapId>25520</conceptMapId>
        <concept reference="2"/>
        <conceptReferenceTerm id="297" resolves-to="org.openmrs.ConceptReferenceTerm" uuid="0f755ec1-c5ad-3753-92eb-f2d54a8f4da1">
          <creator/>
          <dateCreated id="298">2015-01-06 05:00:00</dateCreated>
          <retired>false</retired>
          <conceptReferenceTermId>24911</conceptReferenceTermId>
          <conceptSource id="299" resolves-to="org.openmrs.ConceptSource" uuid="2ADDDDDDDDDDDDDDDDDDDDDDDDDDDDDDDDDD">
            <name>SNOMED NP</name>
            <description>Non-preferred SNOMED CT mappings</description>
            <creator/>
            <dateCreated id="300">2015-04-22 14:28:27</dateCreated>
            <retired>false</retired>
            <conceptSourceId>8</conceptSourceId>
          </conceptSource>
          <code>405162009</code>
          <conceptReferenceTermMaps id="301"/>
        </conceptReferenceTerm>
      </org.openmrs.ConceptMap>
    </conceptMappings>
  </org.openmrs.Concept>
</list>
