<?xml version="1.0" encoding="UTF-8"?>
<list id="1">
  <org.openmrs.Concept id="2" uuid="f97e0c5b-889a-4249-b22a-3a247bf19a74">
    <conceptId>10563</conceptId>
    <retired>false</retired>
    <datatype id="3" resolves-to="org.openmrs.ConceptDatatype" uuid="8d4a4c94-c2cc-11de-8d13-0010c6dffd0f">
      <name>N/A</name>
      <description>Not associated with a datatype (e.g., term answers, sets)</description>
      <creator/>
      <dateCreated id="4">2004-02-02 05:00:00</dateCreated>
      <retired>false</retired>
      <conceptDatatypeId>4</conceptDatatypeId>
      <hl7Abbreviation>ZZ</hl7Abbreviation>
    </datatype>
    <conceptClass id="5" resolves-to="org.openmrs.ConceptClass" uuid="8d492594-c2cc-11de-8d13-0010c6dffd0f">
      <name>ConvSet</name>
      <description>Term to describe convenience sets</description>
      <creator/>
      <dateCreated id="6">2015-07-01 17:25:50</dateCreated>
      <retired>false</retired>
      <conceptClassId>10</conceptClassId>
    </conceptClass>
    <set>true</set>
    <creator/>
    <dateCreated id="7">2015-10-30 19:51:27</dateCreated>
    <changedBy/>
    <dateChanged id="8">2016-09-01 17:28:08</dateChanged>
    <names class="set" id="9">
      <org.openmrs.ConceptName id="10" uuid="6a3fd147-fa02-4dc1-8a21-6d4db68a3717">
        <conceptNameId>30466</conceptNameId>
        <concept reference="2"/>
        <name>Pediatric Feeding Form Concept Set</name>
        <locale id="11">en</locale>
        <creator/>
        <dateCreated id="12">2015-10-30 19:51:27</dateCreated>
        <voided>false</voided>
        <tags class="set" id="13"/>
        <conceptNameType>FULLY_SPECIFIED</conceptNameType>
        <localePreferred>false</localePreferred>
      </org.openmrs.ConceptName>
      <org.openmrs.ConceptName id="14" uuid="d6b6577e-b041-466f-9377-018c2f02003b">
        <conceptNameId>31390</conceptNameId>
        <concept reference="2"/>
        <name>Pediatric feeding set</name>
        <locale id="15">en</locale>
        <creator/>
        <dateCreated id="16">2016-09-01 17:28:08</dateCreated>
        <voided>false</voided>
        <tags class="set" id="17"/>
        <localePreferred>true</localePreferred>
      </org.openmrs.ConceptName>
    </names>
    <answers class="set" id="18"/>
    <conceptSets class="set" id="19">
      <org.openmrs.ConceptSet id="20" uuid="9560db49-a96a-4704-8b92-ffc112060829">
        <conceptSetId>6326</conceptSetId>
        <concept id="21" resolves-to="org.openmrs.Concept" uuid="3cf2ddc0-26fe-102b-80cb-0017a47871b2">
          <conceptId>6046</conceptId>
          <retired>false</retired>
          <datatype reference="3"/>
          <conceptClass id="22" resolves-to="org.openmrs.ConceptClass" uuid="8d491a9a-c2cc-11de-8d13-0010c6dffd0f">
            <name>Finding</name>
            <description>Practitioner observation/finding</description>
            <creator/>
            <dateCreated id="23">2015-07-01 17:25:50</dateCreated>
            <retired>false</retired>
            <conceptClassId>5</conceptClassId>
          </conceptClass>
          <set>false</set>
          <creator/>
          <dateCreated id="24">2004-08-12 00:00:00</dateCreated>
          <changedBy/>
          <dateChanged id="25">2016-09-01 17:26:35</dateChanged>
          <names class="set" id="26">
            <org.openmrs.ConceptName id="27" uuid="3e4519a4-26fe-102b-80cb-0017a47871b2">
              <conceptNameId>4425</conceptNameId>
              <concept reference="21"/>
              <name>Mixed feeding</name>
              <locale id="28">en</locale>
              <creator/>
              <dateCreated id="29">2004-08-12 00:00:00</dateCreated>
              <voided>false</voided>
              <tags class="set" id="30"/>
              <conceptNameType>FULLY_SPECIFIED</conceptNameType>
              <localePreferred>true</localePreferred>
            </org.openmrs.ConceptName>
            <org.openmrs.ConceptName id="31" uuid="029fbaeb-43df-4694-a0ef-61ce9b6bc1f4">
              <conceptNameId>31388</conceptNameId>
              <concept reference="21"/>
              <name>Alimentation mélangée</name>
              <locale id="32">fr</locale>
              <creator/>
              <dateCreated id="33">2016-09-01 17:26:35</dateCreated>
              <voided>false</voided>
              <tags class="set" id="34"/>
              <conceptNameType>FULLY_SPECIFIED</conceptNameType>
              <localePreferred>true</localePreferred>
            </org.openmrs.ConceptName>
            <org.openmrs.ConceptName id="35" uuid="f77a3d62-d5db-102d-ad2a-000c29c2a5d7">
              <conceptNameId>13859</conceptNameId>
              <concept reference="21"/>
              <name>ALIMENTATION MÉLANGÉE</name>
              <locale id="36">fr</locale>
              <creator/>
              <dateCreated id="37">2010-06-29 13:05:30</dateCreated>
              <voided>true</voided>
              <voidedBy/>
              <dateVoided id="38">2016-09-01 17:26:35</dateVoided>
              <voidReason>Removed from user interface</voidReason>
              <tags class="set" id="39"/>
              <localePreferred>true</localePreferred>
            </org.openmrs.ConceptName>
            <org.openmrs.ConceptName id="40" uuid="fbfbb826-5329-4301-bc0c-b9d37eccd037">
              <conceptNameId>31389</conceptNameId>
              <concept reference="21"/>
              <name>Combination feeding</name>
              <locale id="41">en</locale>
              <creator/>
              <dateCreated id="42">2016-09-01 17:26:35</dateCreated>
              <voided>false</voided>
              <tags class="set" id="43"/>
              <localePreferred>false</localePreferred>
            </org.openmrs.ConceptName>
          </names>
          <answers class="set" id="44"/>
          <conceptSets class="set" id="45"/>
          <descriptions class="set" id="46">
            <org.openmrs.ConceptDescription id="47" uuid="ed1e3b22-07fe-102c-b5fa-0017a47871b2">
              <conceptDescriptionId>3847</conceptDescriptionId>
              <concept reference="21"/>
              <description>Describes when families select to feed a child a combination of different foodstuffs (eg, breastmilk, formula, foods)</description>
              <locale id="48">en</locale>
              <creator/>
              <dateCreated id="49">2004-08-12 00:00:00</dateCreated>
              <changedBy/>
              <dateChanged id="50">2010-12-06 15:10:24</dateChanged>
            </org.openmrs.ConceptDescription>
          </descriptions>
          <conceptMappings class="set" id="51">
            <org.openmrs.ConceptMap id="52" uuid="d48a9233-6cfc-4c2b-bf61-d6dae984b895">
              <conceptMapType id="53" resolves-to="org.openmrs.ConceptMapType" uuid="35543629-7d8c-11e1-909d-c80aa9edcf4e">
                <name>SAME-AS</name>
                <creator/>
                <dateCreated id="54">2012-06-21 00:00:00</dateCreated>
                <retired>false</retired>
                <conceptMapTypeId>1</conceptMapTypeId>
                <isHidden>false</isHidden>
              </conceptMapType>
              <creator/>
              <changedBy/>
              <dateCreated id="55">2010-12-06 15:10:24</dateCreated>
              <dateChanged id="56">2012-06-21 16:49:52</dateChanged>
              <conceptMapId>11584</conceptMapId>
              <concept reference="21"/>
              <conceptReferenceTerm id="57" resolves-to="org.openmrs.ConceptReferenceTerm" uuid="66708454-41a4-38cb-ac54-36efbe95d66d">
                <creator/>
                <dateCreated id="58">2010-12-06 00:00:00</dateCreated>
                <retired>false</retired>
                <conceptReferenceTermId>11584</conceptReferenceTermId>
                <conceptSource id="59" resolves-to="org.openmrs.ConceptSource" uuid="fb9aaaf1-65e2-4c18-b53c-16b575f2f385">
                  <name>PIH</name>
                  <description>Partners In Health concept dictionary using concept ids and preferred English names</description>
                  <creator/>
                  <dateCreated id="60">2015-07-01 17:25:50</dateCreated>
                  <retired>false</retired>
                  <conceptSourceId>5</conceptSourceId>
                </conceptSource>
                <code>MIXED FEEDING</code>
                <conceptReferenceTermMaps id="61"/>
              </conceptReferenceTerm>
            </org.openmrs.ConceptMap>
            <org.openmrs.ConceptMap id="62" uuid="b29cd168-4864-102e-96e9-000c29c2a5d7">
              <conceptMapType reference="53"/>
              <creator/>
              <changedBy/>
              <dateCreated id="63">2010-11-23 10:15:31</dateCreated>
              <dateChanged id="64">2012-06-21 16:49:52</dateChanged>
              <conceptMapId>5117</conceptMapId>
              <concept reference="21"/>
              <conceptReferenceTerm id="65" resolves-to="org.openmrs.ConceptReferenceTerm" uuid="1f8fb18d-11ef-3954-86b0-89381a31df0b">
                <creator/>
                <dateCreated id="66">2010-11-23 00:00:00</dateCreated>
                <retired>false</retired>
                <conceptReferenceTermId>5117</conceptReferenceTermId>
                <conceptSource reference="59"/>
                <code>6046</code>
                <conceptReferenceTermMaps id="67"/>
              </conceptReferenceTerm>
            </org.openmrs.ConceptMap>
          </conceptMappings>
        </concept>
        <conceptSet reference="2"/>
        <sortWeight>2.0</sortWeight>
        <creator/>
        <dateCreated id="68">2015-10-30 19:51:27</dateCreated>
      </org.openmrs.ConceptSet>
      <org.openmrs.ConceptSet id="69" uuid="cc5c030a-3ad5-48c1-bbae-9badc6ae7b8d">
        <conceptSetId>6324</conceptSetId>
        <concept id="70" resolves-to="org.openmrs.Concept" uuid="3cedd4ec-26fe-102b-80cb-0017a47871b2">
          <conceptId>5526</conceptId>
          <retired>false</retired>
          <datatype reference="3"/>
          <conceptClass reference="22"/>
          <set>false</set>
          <creator/>
          <dateCreated id="71">2004-08-12 00:00:00</dateCreated>
          <changedBy/>
          <dateChanged id="72">2016-09-01 17:22:32</dateChanged>
          <names class="set" id="73">
            <org.openmrs.ConceptName id="74" uuid="f7664460-d5db-102d-ad2a-000c29c2a5d7">
              <conceptNameId>13735</conceptNameId>
              <concept reference="70"/>
              <name>ALLAITEMENT MATERNEL EXCLUSIF</name>
              <locale id="75">fr</locale>
              <creator/>
              <dateCreated id="76">2010-06-29 13:05:30</dateCreated>
              <voided>true</voided>
              <voidedBy/>
              <dateVoided id="77">2016-09-01 17:22:32</dateVoided>
              <voidReason>Removed from user interface</voidReason>
              <tags class="set" id="78"/>
              <localePreferred>true</localePreferred>
            </org.openmrs.ConceptName>
            <org.openmrs.ConceptName id="79" uuid="84a5dca8-7fa4-4ead-94c6-b3a4ae7722e9">
              <conceptNameId>31384</conceptNameId>
              <concept reference="70"/>
              <name>San konte bay tete</name>
              <locale id="80">ht</locale>
              <creator/>
              <dateCreated id="81">2016-09-01 17:22:32</dateCreated>
              <voided>false</voided>
              <tags class="set" id="82"/>
              <conceptNameType>FULLY_SPECIFIED</conceptNameType>
              <localePreferred>true</localePreferred>
            </org.openmrs.ConceptName>
            <org.openmrs.ConceptName id="83" uuid="bba43649-c6a0-49f6-8774-ae723c5e940b">
              <conceptNameId>31385</conceptNameId>
              <concept reference="70"/>
              <name>Allaitement maternel exclusif</name>
              <locale id="84">fr</locale>
              <creator/>
              <dateCreated id="85">2016-09-01 17:22:32</dateCreated>
              <voided>false</voided>
              <tags class="set" id="86"/>
              <conceptNameType>FULLY_SPECIFIED</conceptNameType>
              <localePreferred>true</localePreferred>
            </org.openmrs.ConceptName>
            <org.openmrs.ConceptName id="87" uuid="3e3fc990-26fe-102b-80cb-0017a47871b2">
              <conceptNameId>3895</conceptNameId>
              <concept reference="70"/>
              <name>Breastfed exclusively</name>
              <locale id="88">en</locale>
              <creator/>
              <dateCreated id="89">2004-08-12 00:00:00</dateCreated>
              <voided>false</voided>
              <tags class="set" id="90"/>
              <conceptNameType>FULLY_SPECIFIED</conceptNameType>
              <localePreferred>true</localePreferred>
            </org.openmrs.ConceptName>
          </names>
          <answers class="set" id="91"/>
          <conceptSets class="set" id="92"/>
          <descriptions class="set" id="93">
            <org.openmrs.ConceptDescription id="94" uuid="ed181350-07fe-102c-b5fa-0017a47871b2">
              <conceptDescriptionId>3328</conceptDescriptionId>
              <concept reference="70"/>
              <description>Describes when mothers exclusively feed their children their own breast milk.</description>
              <locale id="95">en</locale>
              <creator/>
              <dateCreated id="96">2004-08-12 00:00:00</dateCreated>
            </org.openmrs.ConceptDescription>
          </descriptions>
          <conceptMappings class="set" id="97">
            <org.openmrs.ConceptMap id="98" uuid="b295bf54-4864-102e-96e9-000c29c2a5d7">
              <conceptMapType reference="53"/>
              <creator/>
              <changedBy/>
              <dateCreated id="99">2010-11-23 10:15:31</dateCreated>
              <dateChanged id="100">2012-06-21 16:49:52</dateChanged>
              <conceptMapId>4597</conceptMapId>
              <concept reference="70"/>
              <conceptReferenceTerm id="101" resolves-to="org.openmrs.ConceptReferenceTerm" uuid="93049780-b3d4-3b67-ace9-0dd7a1b2cff6">
                <creator/>
                <dateCreated id="102">2010-11-23 00:00:00</dateCreated>
                <retired>false</retired>
                <conceptReferenceTermId>4597</conceptReferenceTermId>
                <conceptSource reference="59"/>
                <code>5526</code>
                <conceptReferenceTermMaps id="103"/>
              </conceptReferenceTerm>
            </org.openmrs.ConceptMap>
            <org.openmrs.ConceptMap id="104" uuid="75a98032-4943-102e-96e9-000c29c2a5d7">
              <conceptMapType reference="53"/>
              <creator/>
              <changedBy/>
              <dateCreated id="105">2010-11-24 12:49:58</dateCreated>
              <dateChanged id="106">2012-06-21 16:49:52</dateChanged>
              <conceptMapId>10294</conceptMapId>
              <concept reference="70"/>
              <conceptReferenceTerm id="107" resolves-to="org.openmrs.ConceptReferenceTerm" uuid="87444a48-7ff1-3d68-98a5-5e9620956477">
                <creator/>
                <dateCreated id="108">2010-11-24 00:00:00</dateCreated>
                <retired>false</retired>
                <conceptReferenceTermId>10294</conceptReferenceTermId>
                <conceptSource reference="59"/>
                <code>BREASTFED EXCLUSIVELY</code>
                <conceptReferenceTermMaps id="109"/>
              </conceptReferenceTerm>
            </org.openmrs.ConceptMap>
          </conceptMappings>
        </concept>
        <conceptSet reference="2"/>
        <sortWeight>0.0</sortWeight>
        <creator/>
        <dateCreated id="110">2015-10-30 19:51:27</dateCreated>
      </org.openmrs.ConceptSet>
      <org.openmrs.ConceptSet id="111" uuid="2e1ac29c-7b72-4305-843b-3c3fd416718c">
        <conceptSetId>6325</conceptSetId>
        <concept id="112" resolves-to="org.openmrs.Concept" uuid="3ceb2c7e-26fe-102b-80cb-0017a47871b2">
          <conceptId>5254</conceptId>
          <retired>false</retired>
          <datatype reference="3"/>
          <conceptClass id="113" resolves-to="org.openmrs.ConceptClass" uuid="8d490dfc-c2cc-11de-8d13-0010c6dffd0f">
            <name>Drug</name>
            <description>Drug</description>
            <creator/>
            <dateCreated id="114">2015-07-01 17:25:50</dateCreated>
            <retired>false</retired>
            <conceptClassId>3</conceptClassId>
          </conceptClass>
          <set>false</set>
          <creator/>
          <dateCreated id="115">2004-08-12 00:00:00</dateCreated>
          <changedBy/>
          <dateChanged id="116">2016-09-01 17:24:20</dateChanged>
          <names class="set" id="117">
            <org.openmrs.ConceptName id="118" uuid="3e3cf080-26fe-102b-80cb-0017a47871b2">
              <conceptNameId>3621</conceptNameId>
              <concept reference="112"/>
              <name>Infant formula</name>
              <locale id="119">en</locale>
              <creator/>
              <dateCreated id="120">2004-08-12 00:00:00</dateCreated>
              <voided>false</voided>
              <tags class="set" id="121"/>
              <conceptNameType>FULLY_SPECIFIED</conceptNameType>
              <localePreferred>true</localePreferred>
            </org.openmrs.ConceptName>
            <org.openmrs.ConceptName id="122" uuid="f759fc82-d5db-102d-ad2a-000c29c2a5d7">
              <conceptNameId>13678</conceptNameId>
              <concept reference="112"/>
              <name>FORMULE ENFANT</name>
              <locale id="123">fr</locale>
              <creator/>
              <dateCreated id="124">2010-06-29 13:05:29</dateCreated>
              <voided>true</voided>
              <voidedBy/>
              <dateVoided id="125">2016-09-01 17:24:20</dateVoided>
              <voidReason>Removed from user interface</voidReason>
              <tags class="set" id="126"/>
              <localePreferred>true</localePreferred>
            </org.openmrs.ConceptName>
            <org.openmrs.ConceptName id="127" uuid="e5f2c34d-f225-4c1a-b0ec-86eb89a236a4">
              <conceptNameId>31386</conceptNameId>
              <concept reference="112"/>
              <name>Formula</name>
              <locale id="128">en</locale>
              <creator/>
              <dateCreated id="129">2016-09-01 17:24:20</dateCreated>
              <voided>false</voided>
              <tags class="set" id="130"/>
              <localePreferred>false</localePreferred>
            </org.openmrs.ConceptName>
            <org.openmrs.ConceptName id="131" uuid="8275929e-4505-4abd-a0c1-6091278ffdea">
              <conceptNameId>31387</conceptNameId>
              <concept reference="112"/>
              <name>Formule enfant</name>
              <locale id="132">fr</locale>
              <creator/>
              <dateCreated id="133">2016-09-01 17:24:20</dateCreated>
              <voided>false</voided>
              <tags class="set" id="134"/>
              <conceptNameType>FULLY_SPECIFIED</conceptNameType>
              <localePreferred>true</localePreferred>
            </org.openmrs.ConceptName>
          </names>
          <answers class="set" id="135"/>
          <conceptSets class="set" id="136"/>
          <descriptions class="set" id="137">
            <org.openmrs.ConceptDescription id="138" uuid="ed14b9f8-07fe-102c-b5fa-0017a47871b2">
              <conceptDescriptionId>3056</conceptDescriptionId>
              <concept reference="112"/>
              <description>Describes a substance used to feed children.</description>
              <locale id="139">en</locale>
              <creator/>
              <dateCreated id="140">2004-08-12 00:00:00</dateCreated>
            </org.openmrs.ConceptDescription>
          </descriptions>
          <conceptMappings class="set" id="141">
            <org.openmrs.ConceptMap id="142" uuid="75a7ec72-4943-102e-96e9-000c29c2a5d7">
              <conceptMapType reference="53"/>
              <creator/>
              <changedBy/>
              <dateCreated id="143">2010-11-24 12:49:58</dateCreated>
              <dateChanged id="144">2012-06-21 16:49:52</dateChanged>
              <conceptMapId>10032</conceptMapId>
              <concept reference="112"/>
              <conceptReferenceTerm id="145" resolves-to="org.openmrs.ConceptReferenceTerm" uuid="f9487836-047d-3a26-a4e9-c8b6f78c422d">
                <creator/>
                <dateCreated id="146">2010-11-24 00:00:00</dateCreated>
                <retired>false</retired>
                <conceptReferenceTermId>10032</conceptReferenceTermId>
                <conceptSource reference="59"/>
                <code>INFANT FORMULA</code>
                <conceptReferenceTermMaps id="147"/>
              </conceptReferenceTerm>
            </org.openmrs.ConceptMap>
            <org.openmrs.ConceptMap id="148" uuid="b2938f86-4864-102e-96e9-000c29c2a5d7">
              <conceptMapType reference="53"/>
              <creator/>
              <changedBy/>
              <dateCreated id="149">2010-11-23 10:15:31</dateCreated>
              <dateChanged id="150">2012-06-21 16:49:52</dateChanged>
              <conceptMapId>4325</conceptMapId>
              <concept reference="112"/>
              <conceptReferenceTerm id="151" resolves-to="org.openmrs.ConceptReferenceTerm" uuid="5e3e22d0-1f62-3d71-bb62-ea5d3f2df6c3">
                <creator/>
                <dateCreated id="152">2010-11-23 00:00:00</dateCreated>
                <retired>false</retired>
                <conceptReferenceTermId>4325</conceptReferenceTermId>
                <conceptSource reference="59"/>
                <code>5254</code>
                <conceptReferenceTermMaps id="153"/>
              </conceptReferenceTerm>
            </org.openmrs.ConceptMap>
          </conceptMappings>
        </concept>
        <conceptSet reference="2"/>
        <sortWeight>1.0</sortWeight>
        <creator/>
        <dateCreated id="154">2015-10-30 19:51:27</dateCreated>
      </org.openmrs.ConceptSet>
      <org.openmrs.ConceptSet id="155" uuid="c67d635b-9fbb-4ed9-81a4-5fbcdde4b582">
        <conceptSetId>6327</conceptSetId>
        <concept id="156" resolves-to="org.openmrs.Concept" uuid="3cd78b10-26fe-102b-80cb-0017a47871b2">
          <conceptId>1152</conceptId>
          <retired>false</retired>
          <datatype reference="3"/>
          <conceptClass reference="22"/>
          <set>false</set>
          <creator/>
          <dateCreated id="157">2005-02-07 00:00:00</dateCreated>
          <changedBy/>
          <dateChanged id="158">2016-09-01 17:20:10</dateChanged>
          <names class="set" id="159">
            <org.openmrs.ConceptName id="160" uuid="22b1b659-269c-4c95-9001-733c6e0d9001">
              <conceptNameId>14152</conceptNameId>
              <concept reference="156"/>
              <name>Stopped breastfeeding</name>
              <locale id="161">en</locale>
              <creator/>
              <dateCreated id="162">2010-11-07 13:13:07</dateCreated>
              <voided>false</voided>
              <tags class="set" id="163"/>
              <localePreferred>false</localePreferred>
            </org.openmrs.ConceptName>
            <org.openmrs.ConceptName id="164" uuid="f972539f-0f60-4d5b-9ac2-3bcdffb285cd">
              <conceptNameId>31382</conceptNameId>
              <concept reference="156"/>
              <name>Sevré</name>
              <locale id="165">fr</locale>
              <creator/>
              <dateCreated id="166">2016-09-01 17:20:10</dateCreated>
              <voided>false</voided>
              <tags class="set" id="167"/>
              <conceptNameType>FULLY_SPECIFIED</conceptNameType>
              <localePreferred>true</localePreferred>
            </org.openmrs.ConceptName>
            <org.openmrs.ConceptName id="168" uuid="3e15e6d4-26fe-102b-80cb-0017a47871b2">
              <conceptNameId>1190</conceptNameId>
              <concept reference="156"/>
              <name>Weaned</name>
              <locale id="169">en</locale>
              <creator/>
              <dateCreated id="170">2005-02-07 00:00:00</dateCreated>
              <voided>false</voided>
              <tags class="set" id="171"/>
              <conceptNameType>FULLY_SPECIFIED</conceptNameType>
              <localePreferred>true</localePreferred>
            </org.openmrs.ConceptName>
            <org.openmrs.ConceptName id="172" uuid="f5dd05f2-d5db-102d-ad2a-000c29c2a5d7">
              <conceptNameId>10669</conceptNameId>
              <concept reference="156"/>
              <name>SEVRÉ</name>
              <locale id="173">fr</locale>
              <creator/>
              <dateCreated id="174">2010-06-29 13:03:16</dateCreated>
              <voided>true</voided>
              <voidedBy/>
              <dateVoided id="175">2016-09-01 17:20:10</dateVoided>
              <voidReason>Removed from user interface</voidReason>
              <tags class="set" id="176"/>
              <localePreferred>true</localePreferred>
            </org.openmrs.ConceptName>
            <org.openmrs.ConceptName id="177" uuid="aa7aec99-9bcd-4215-adf2-ae45ce0cf5aa">
              <conceptNameId>31383</conceptNameId>
              <concept reference="156"/>
              <name>Sevre</name>
              <locale id="178">ht</locale>
              <creator/>
              <dateCreated id="179">2016-09-01 17:20:10</dateCreated>
              <voided>false</voided>
              <tags class="set" id="180"/>
              <conceptNameType>FULLY_SPECIFIED</conceptNameType>
              <localePreferred>true</localePreferred>
            </org.openmrs.ConceptName>
          </names>
          <answers class="set" id="181"/>
          <conceptSets class="set" id="182"/>
          <descriptions class="set" id="183">
            <org.openmrs.ConceptDescription id="184" uuid="ece4f8e4-07fe-102c-b5fa-0017a47871b2">
              <conceptDescriptionId>1164</conceptDescriptionId>
              <concept reference="156"/>
              <description>Descriptive term.  To accustom children to take nourishment other than by suckling.</description>
              <locale id="185">en</locale>
              <creator/>
              <dateCreated id="186">2005-02-07 00:00:00</dateCreated>
              <changedBy/>
              <dateChanged id="187">2010-11-07 13:13:07</dateChanged>
            </org.openmrs.ConceptDescription>
          </descriptions>
          <conceptMappings class="set" id="188">
            <org.openmrs.ConceptMap id="189" uuid="7568e6e4-4943-102e-96e9-000c29c2a5d7">
              <conceptMapType reference="53"/>
              <creator/>
              <changedBy/>
              <dateCreated id="190">2010-11-24 12:49:58</dateCreated>
              <dateChanged id="191">2012-06-21 16:49:52</dateChanged>
              <conceptMapId>7013</conceptMapId>
              <concept reference="156"/>
              <conceptReferenceTerm id="192" resolves-to="org.openmrs.ConceptReferenceTerm" uuid="c9f5fc02-7ab0-3bfa-8bd8-459d5bfcc051">
                <creator/>
                <dateCreated id="193">2010-11-24 00:00:00</dateCreated>
                <retired>false</retired>
                <conceptReferenceTermId>7013</conceptReferenceTermId>
                <conceptSource reference="59"/>
                <code>WEANED</code>
                <conceptReferenceTermMaps id="194"/>
              </conceptReferenceTerm>
            </org.openmrs.ConceptMap>
            <org.openmrs.ConceptMap id="195" uuid="b20efcee-4864-102e-96e9-000c29c2a5d7">
              <conceptMapType reference="53"/>
              <creator/>
              <changedBy/>
              <dateCreated id="196">2010-11-23 10:15:31</dateCreated>
              <dateChanged id="197">2012-06-21 16:49:52</dateChanged>
              <conceptMapId>1154</conceptMapId>
              <concept reference="156"/>
              <conceptReferenceTerm id="198" resolves-to="org.openmrs.ConceptReferenceTerm" uuid="b9eda55a-b592-3ffd-9c06-c04662356e75">
                <creator/>
                <dateCreated id="199">2010-11-23 00:00:00</dateCreated>
                <retired>false</retired>
                <conceptReferenceTermId>1154</conceptReferenceTermId>
                <conceptSource reference="59"/>
                <code>1152</code>
                <conceptReferenceTermMaps id="200"/>
              </conceptReferenceTerm>
            </org.openmrs.ConceptMap>
          </conceptMappings>
        </concept>
        <conceptSet reference="2"/>
        <sortWeight>3.0</sortWeight>
        <creator/>
        <dateCreated id="201">2015-10-30 19:51:27</dateCreated>
      </org.openmrs.ConceptSet>
    </conceptSets>
    <descriptions class="set" id="202">
      <org.openmrs.ConceptDescription id="203" uuid="839c7d4f-8f10-4e43-b50e-dfc497663bb3">
        <conceptDescriptionId>6965</conceptDescriptionId>
        <concept reference="2"/>
        <description>Set of concepts found on Primary Care Pediatric Feeding form.</description>
        <locale id="204">en</locale>
        <creator/>
        <dateCreated id="205">2015-10-30 19:51:27</dateCreated>
      </org.openmrs.ConceptDescription>
    </descriptions>
    <conceptMappings class="set" id="206">
      <org.openmrs.ConceptMap id="207" uuid="5721dd61-67ab-4712-ba66-768001f5fb78">
        <conceptMapType reference="53"/>
        <creator/>
        <dateCreated id="208">2016-09-01 17:28:08</dateCreated>
        <conceptMapId>26844</conceptMapId>
        <concept reference="2"/>
        <conceptReferenceTerm id="209" resolves-to="org.openmrs.ConceptReferenceTerm" uuid="142d1943-dfa4-42cd-9025-543b5d1b7b16">
          <creator/>
          <dateCreated id="210">2016-09-01 17:27:16</dateCreated>
          <retired>false</retired>
          <conceptReferenceTermId>26025</conceptReferenceTermId>
          <conceptSource reference="59"/>
          <code>10563</code>
          <conceptReferenceTermMaps id="211"/>
        </conceptReferenceTerm>
      </org.openmrs.ConceptMap>
      <org.openmrs.ConceptMap id="212" uuid="630a4195-5ae4-4266-b8bb-19d7f620ad88">
        <conceptMapType reference="53"/>
        <creator/>
        <dateCreated id="213">2016-09-01 17:28:08</dateCreated>
        <conceptMapId>26845</conceptMapId>
        <concept reference="2"/>
        <conceptReferenceTerm id="214" resolves-to="org.openmrs.ConceptReferenceTerm" uuid="4b424f09-0759-446c-a9a3-008be3b81b26">
          <creator/>
          <dateCreated id="215">2016-09-01 17:27:42</dateCreated>
          <retired>false</retired>
          <conceptReferenceTermId>26026</conceptReferenceTermId>
          <conceptSource reference="59"/>
          <code>Pediatric feeding set</code>
          <conceptReferenceTermMaps id="216"/>
        </conceptReferenceTerm>
      </org.openmrs.ConceptMap>
    </conceptMappings>
  </org.openmrs.Concept>
  <org.openmrs.Concept id="217" uuid="7f32715f-b2cd-4058-9663-1ba7a0bd2d42">
    <conceptId>10567</conceptId>
    <retired>false</retired>
    <datatype reference="3"/>
    <conceptClass reference="5"/>
    <set>true</set>
    <creator/>
    <dateCreated id="218">2015-11-02 22:34:13</dateCreated>
    <changedBy/>
    <dateChanged id="219">2015-11-02 22:34:52</dateChanged>
    <names class="set" id="220">
      <org.openmrs.ConceptName id="221" uuid="70a82a73-9452-49cf-a6e8-36950295c757">
        <conceptNameId>30470</conceptNameId>
        <concept reference="217"/>
        <name>PEDIATRIC FEEDING HISTORY CONSTRUCT</name>
        <locale id="222">en</locale>
        <creator/>
        <dateCreated id="223">2015-11-02 22:34:13</dateCreated>
        <voided>false</voided>
        <tags class="set" id="224"/>
        <conceptNameType>FULLY_SPECIFIED</conceptNameType>
        <localePreferred>true</localePreferred>
      </org.openmrs.ConceptName>
    </names>
    <answers class="set" id="225"/>
    <conceptSets class="set" id="226">
      <org.openmrs.ConceptSet id="227" uuid="b81acf5b-0f51-49b1-807f-a622938b8e32">
        <conceptSetId>6329</conceptSetId>
        <concept id="228" resolves-to="org.openmrs.Concept" uuid="5b98dcbe-0efc-4cc2-9544-c1da596e7039">
          <conceptId>10564</conceptId>
          <retired>false</retired>
          <datatype id="229" resolves-to="org.openmrs.ConceptDatatype" uuid="8d4a48b6-c2cc-11de-8d13-0010c6dffd0f">
            <name>Coded</name>
            <description>Value determined by term dictionary lookup (i.e., term identifier)</description>
            <creator/>
            <dateCreated id="230">2004-02-02 00:00:00</dateCreated>
            <retired>false</retired>
            <conceptDatatypeId>2</conceptDatatypeId>
            <hl7Abbreviation>CWE</hl7Abbreviation>
          </datatype>
          <conceptClass id="231" resolves-to="org.openmrs.ConceptClass" uuid="8d491e50-c2cc-11de-8d13-0010c6dffd0f">
            <name>Question</name>
            <description>Question (eg, patient history, SF36 items)</description>
            <creator/>
            <dateCreated id="232">2015-07-01 17:25:50</dateCreated>
            <retired>false</retired>
            <conceptClassId>7</conceptClassId>
          </conceptClass>
          <set>false</set>
          <creator/>
          <dateCreated id="233">2015-11-02 22:16:39</dateCreated>
          <changedBy/>
          <dateChanged id="234">2015-11-02 22:20:33</dateChanged>
          <names class="set" id="235">
            <org.openmrs.ConceptName id="236" uuid="b5b35576-2c0c-4953-94c9-4daa474eeaa4">
              <conceptNameId>30467</conceptNameId>
              <concept reference="228"/>
              <name>FEEDING METHOD PRESENT</name>
              <locale id="237">en</locale>
              <creator/>
              <dateCreated id="238">2015-11-02 22:16:39</dateCreated>
              <voided>false</voided>
              <tags class="set" id="239"/>
              <conceptNameType>FULLY_SPECIFIED</conceptNameType>
              <localePreferred>true</localePreferred>
            </org.openmrs.ConceptName>
          </names>
          <answers class="set" id="240">
            <org.openmrs.ConceptAnswer id="241" uuid="c12a7636-71f7-45bd-a6ac-13a1d095c614">
              <conceptAnswerId>9372</conceptAnswerId>
              <concept reference="228"/>
              <answerConcept reference="112"/>
              <creator/>
              <dateCreated id="242">2015-11-02 22:16:39</dateCreated>
              <sortWeight>2.0</sortWeight>
            </org.openmrs.ConceptAnswer>
            <org.openmrs.ConceptAnswer id="243" uuid="0ca99fee-e03f-46ff-8afe-2ce3bbb9150b">
              <conceptAnswerId>9373</conceptAnswerId>
              <concept reference="228"/>
              <answerConcept reference="70"/>
              <creator/>
              <dateCreated id="244">2015-11-02 22:16:39</dateCreated>
              <sortWeight>1.0</sortWeight>
            </org.openmrs.ConceptAnswer>
            <org.openmrs.ConceptAnswer id="245" uuid="93a06a33-4f0e-4a79-a631-ee9a6a0f3241">
              <conceptAnswerId>9374</conceptAnswerId>
              <concept reference="228"/>
              <answerConcept reference="156"/>
              <creator/>
              <dateCreated id="246">2015-11-02 22:16:39</dateCreated>
              <sortWeight>4.0</sortWeight>
            </org.openmrs.ConceptAnswer>
            <org.openmrs.ConceptAnswer id="247" uuid="59bc179b-23a3-4143-97ee-e2433393c46b">
              <conceptAnswerId>9375</conceptAnswerId>
              <concept reference="228"/>
              <answerConcept reference="21"/>
              <creator/>
              <dateCreated id="248">2015-11-02 22:16:39</dateCreated>
              <sortWeight>3.0</sortWeight>
            </org.openmrs.ConceptAnswer>
          </answers>
          <conceptSets class="set" id="249"/>
          <descriptions class="set" id="250">
            <org.openmrs.ConceptDescription id="251" uuid="1306340a-ab15-4256-a4da-0eb343b00eed">
              <conceptDescriptionId>6966</conceptDescriptionId>
              <concept reference="228"/>
              <description>Indicates if a given feeding method was administered.</description>
              <locale id="252">en</locale>
              <creator/>
              <dateCreated id="253">2015-11-02 22:16:39</dateCreated>
            </org.openmrs.ConceptDescription>
          </descriptions>
          <conceptMappings class="set" id="254">
            <org.openmrs.ConceptMap id="255" uuid="ba39e2bd-558f-443b-a188-ce3af22c8184">
              <conceptMapType reference="53"/>
              <creator/>
              <dateCreated id="256">2015-11-02 22:18:52</dateCreated>
              <conceptMapId>26052</conceptMapId>
              <concept reference="228"/>
              <conceptReferenceTerm id="257" resolves-to="org.openmrs.ConceptReferenceTerm" uuid="eb87e690-67c5-4627-8125-249f06baba79">
                <creator/>
                <dateCreated id="258">2015-11-02 22:17:39</dateCreated>
                <retired>false</retired>
                <conceptReferenceTermId>25397</conceptReferenceTermId>
                <conceptSource reference="59"/>
                <code>FEEDING METHOD PRESENT</code>
                <conceptReferenceTermMaps id="259"/>
              </conceptReferenceTerm>
            </org.openmrs.ConceptMap>
            <org.openmrs.ConceptMap id="260" uuid="45cdb321-b13d-4aa4-a9b1-f7b829823b7d">
              <conceptMapType reference="53"/>
              <creator/>
              <dateCreated id="261">2015-11-02 22:20:33</dateCreated>
              <conceptMapId>26053</conceptMapId>
              <concept reference="228"/>
              <conceptReferenceTerm id="262" resolves-to="org.openmrs.ConceptReferenceTerm" uuid="a2a40541-0301-43d7-91f6-5ac4cb6553d1">
                <creator/>
                <dateCreated id="263">2015-11-02 22:19:16</dateCreated>
                <retired>false</retired>
                <conceptReferenceTermId>25398</conceptReferenceTermId>
                <conceptSource reference="59"/>
                <code>10564</code>
                <conceptReferenceTermMaps id="264"/>
              </conceptReferenceTerm>
            </org.openmrs.ConceptMap>
          </conceptMappings>
        </concept>
        <conceptSet reference="217"/>
        <sortWeight>0.0</sortWeight>
        <creator/>
        <dateCreated id="265">2015-11-02 22:34:13</dateCreated>
      </org.openmrs.ConceptSet>
      <org.openmrs.ConceptSet id="266" uuid="037dbfa0-ef95-48b0-83f4-56ae64ffd7f2">
        <conceptSetId>6331</conceptSetId>
        <concept id="267" resolves-to="org.openmrs.Concept" uuid="5e87b8c1-3498-4595-bb77-cc59c4fdc1c6">
          <conceptId>10566</conceptId>
          <retired>false</retired>
          <datatype id="268" resolves-to="org.openmrs.ConceptDatatype" uuid="8d4a4ab4-c2cc-11de-8d13-0010c6dffd0f">
            <name>Text</name>
            <description>Free text</description>
            <creator/>
            <dateCreated id="269">2004-02-02 00:00:00</dateCreated>
            <retired>false</retired>
            <conceptDatatypeId>3</conceptDatatypeId>
            <hl7Abbreviation>ST</hl7Abbreviation>
          </datatype>
          <conceptClass reference="231"/>
          <set>false</set>
          <creator/>
          <dateCreated id="270">2015-11-02 22:28:46</dateCreated>
          <changedBy/>
          <dateChanged id="271">2015-11-02 22:29:44</dateChanged>
          <names class="set" id="272">
            <org.openmrs.ConceptName id="273" uuid="0d75a1b0-d6f6-43fe-b37c-fa985273a81e">
              <conceptNameId>30469</conceptNameId>
              <concept reference="267"/>
              <name>FEEDING METHOD AGE</name>
              <locale id="274">en</locale>
              <creator/>
              <dateCreated id="275">2015-11-02 22:28:46</dateCreated>
              <voided>false</voided>
              <tags class="set" id="276"/>
              <conceptNameType>FULLY_SPECIFIED</conceptNameType>
              <localePreferred>true</localePreferred>
            </org.openmrs.ConceptName>
          </names>
          <answers class="set" id="277"/>
          <conceptSets class="set" id="278"/>
          <descriptions class="set" id="279">
            <org.openmrs.ConceptDescription id="280" uuid="26ac7ebd-4c0e-40b2-9c22-53ff1c269d5b">
              <conceptDescriptionId>6968</conceptDescriptionId>
              <concept reference="267"/>
              <description>The age of the patient at which the feeding method was administered.</description>
              <locale id="281">en</locale>
              <creator/>
              <dateCreated id="282">2015-11-02 22:28:46</dateCreated>
            </org.openmrs.ConceptDescription>
          </descriptions>
          <conceptMappings class="set" id="283">
            <org.openmrs.ConceptMap id="284" uuid="54e9f08a-c631-4fa5-bd59-54404f3b590c">
              <conceptMapType reference="53"/>
              <creator/>
              <dateCreated id="285">2015-11-02 22:29:44</dateCreated>
              <conceptMapId>26057</conceptMapId>
              <concept reference="267"/>
              <conceptReferenceTerm id="286" resolves-to="org.openmrs.ConceptReferenceTerm" uuid="254f1ecc-802f-49c4-bfdf-b0537ac20950">
                <creator/>
                <dateCreated id="287">2015-11-02 22:29:23</dateCreated>
                <retired>false</retired>
                <conceptReferenceTermId>25402</conceptReferenceTermId>
                <conceptSource reference="59"/>
                <code>10566</code>
                <conceptReferenceTermMaps id="288"/>
              </conceptReferenceTerm>
            </org.openmrs.ConceptMap>
            <org.openmrs.ConceptMap id="289" uuid="7ef0b0b3-c7e8-4b92-b9d0-8d5c04bedf51">
              <conceptMapType reference="53"/>
              <creator/>
              <dateCreated id="290">2015-11-02 22:28:46</dateCreated>
              <conceptMapId>26056</conceptMapId>
              <concept reference="267"/>
              <conceptReferenceTerm id="291" resolves-to="org.openmrs.ConceptReferenceTerm" uuid="89fa75df-eda0-4049-bca3-7c48c3e9e28a">
                <creator/>
                <dateCreated id="292">2015-11-02 22:28:25</dateCreated>
                <retired>false</retired>
                <conceptReferenceTermId>25401</conceptReferenceTermId>
                <conceptSource reference="59"/>
                <code>FEEDING METHOD AGE</code>
                <conceptReferenceTermMaps id="293"/>
              </conceptReferenceTerm>
            </org.openmrs.ConceptMap>
          </conceptMappings>
        </concept>
        <conceptSet reference="217"/>
        <sortWeight>2.0</sortWeight>
        <creator/>
        <dateCreated id="294">2015-11-02 22:34:14</dateCreated>
      </org.openmrs.ConceptSet>
      <org.openmrs.ConceptSet id="295" uuid="90a8282d-ed48-4bc0-962d-7e177d782e62">
        <conceptSetId>6330</conceptSetId>
        <concept id="296" resolves-to="org.openmrs.Concept" uuid="2f4b8b9c-0214-4f54-9446-fa306b3ddff0">
          <conceptId>10565</conceptId>
          <retired>false</retired>
          <datatype reference="229"/>
          <conceptClass reference="231"/>
          <set>false</set>
          <creator/>
          <dateCreated id="297">2015-11-02 22:25:42</dateCreated>
          <changedBy/>
          <dateChanged id="298">2015-11-02 22:26:33</dateChanged>
          <names class="set" id="299">
            <org.openmrs.ConceptName id="300" uuid="685ec9ea-b2ad-4b2a-bb71-cc44acea257a">
              <conceptNameId>30468</conceptNameId>
              <concept reference="296"/>
              <name>FEEDING METHOD ABSENT</name>
              <locale id="301">en</locale>
              <creator/>
              <dateCreated id="302">2015-11-02 22:25:42</dateCreated>
              <voided>false</voided>
              <tags class="set" id="303"/>
              <conceptNameType>FULLY_SPECIFIED</conceptNameType>
              <localePreferred>true</localePreferred>
            </org.openmrs.ConceptName>
          </names>
          <answers class="set" id="304">
            <org.openmrs.ConceptAnswer id="305" uuid="28e10eba-84fe-4ab6-992b-a3f3458d598d">
              <conceptAnswerId>9376</conceptAnswerId>
              <concept reference="296"/>
              <answerConcept reference="156"/>
              <creator/>
              <dateCreated id="306">2015-11-02 22:25:42</dateCreated>
              <sortWeight>2.0</sortWeight>
            </org.openmrs.ConceptAnswer>
            <org.openmrs.ConceptAnswer id="307" uuid="8bf307c4-db05-4967-a049-78940983deed">
              <conceptAnswerId>9377</conceptAnswerId>
              <concept reference="296"/>
              <answerConcept reference="21"/>
              <creator/>
              <dateCreated id="308">2015-11-02 22:25:42</dateCreated>
              <sortWeight>4.0</sortWeight>
            </org.openmrs.ConceptAnswer>
            <org.openmrs.ConceptAnswer id="309" uuid="e65af896-42c0-48ba-96ee-a54952b65087">
              <conceptAnswerId>9378</conceptAnswerId>
              <concept reference="296"/>
              <answerConcept reference="112"/>
              <creator/>
              <dateCreated id="310">2015-11-02 22:25:42</dateCreated>
              <sortWeight>1.0</sortWeight>
            </org.openmrs.ConceptAnswer>
            <org.openmrs.ConceptAnswer id="311" uuid="67777989-6708-47cc-9c7d-127570961757">
              <conceptAnswerId>9379</conceptAnswerId>
              <concept reference="296"/>
              <answerConcept reference="70"/>
              <creator/>
              <dateCreated id="312">2015-11-02 22:25:42</dateCreated>
              <sortWeight>3.0</sortWeight>
            </org.openmrs.ConceptAnswer>
          </answers>
          <conceptSets class="set" id="313"/>
          <descriptions class="set" id="314">
            <org.openmrs.ConceptDescription id="315" uuid="f7ea51e8-2181-4ae6-a707-81c0f3ac37b0">
              <conceptDescriptionId>6967</conceptDescriptionId>
              <concept reference="296"/>
              <description>Indicates if a given feeding method was not administered.</description>
              <locale id="316">en</locale>
              <creator/>
              <dateCreated id="317">2015-11-02 22:25:42</dateCreated>
            </org.openmrs.ConceptDescription>
          </descriptions>
          <conceptMappings class="set" id="318">
            <org.openmrs.ConceptMap id="319" uuid="7828a168-480f-4f60-a371-202e498f3f83">
              <conceptMapType reference="53"/>
              <creator/>
              <dateCreated id="320">2015-11-02 22:25:42</dateCreated>
              <conceptMapId>26054</conceptMapId>
              <concept reference="296"/>
              <conceptReferenceTerm id="321" resolves-to="org.openmrs.ConceptReferenceTerm" uuid="03cd7326-14d9-4abb-b32e-5c96a505294e">
                <creator/>
                <dateCreated id="322">2015-11-02 22:25:06</dateCreated>
                <retired>false</retired>
                <conceptReferenceTermId>25399</conceptReferenceTermId>
                <conceptSource reference="59"/>
                <code>FEEDING METHOD ABSENT</code>
                <conceptReferenceTermMaps id="323"/>
              </conceptReferenceTerm>
            </org.openmrs.ConceptMap>
            <org.openmrs.ConceptMap id="324" uuid="469f45c9-6404-44ab-93d7-9e3b83d8ac27">
              <conceptMapType reference="53"/>
              <creator/>
              <dateCreated id="325">2015-11-02 22:26:33</dateCreated>
              <conceptMapId>26055</conceptMapId>
              <concept reference="296"/>
              <conceptReferenceTerm id="326" resolves-to="org.openmrs.ConceptReferenceTerm" uuid="08fa84da-611a-4d70-a277-a267e49e20ab">
                <creator/>
                <dateCreated id="327">2015-11-02 22:26:05</dateCreated>
                <retired>false</retired>
                <conceptReferenceTermId>25400</conceptReferenceTermId>
                <conceptSource reference="59"/>
                <code>10565</code>
                <conceptReferenceTermMaps id="328"/>
              </conceptReferenceTerm>
            </org.openmrs.ConceptMap>
          </conceptMappings>
        </concept>
        <conceptSet reference="217"/>
        <sortWeight>1.0</sortWeight>
        <creator/>
        <dateCreated id="329">2015-11-02 22:34:13</dateCreated>
      </org.openmrs.ConceptSet>
    </conceptSets>
    <descriptions class="set" id="330">
      <org.openmrs.ConceptDescription id="331" uuid="fd013671-d1af-4611-a435-873b1b2993f5">
        <conceptDescriptionId>6969</conceptDescriptionId>
        <concept reference="217"/>
        <description>Represents different stages in the feeding history of a pediatric patient.</description>
        <locale id="332">en</locale>
        <creator/>
        <dateCreated id="333">2015-11-02 22:34:13</dateCreated>
      </org.openmrs.ConceptDescription>
    </descriptions>
    <conceptMappings class="set" id="334">
      <org.openmrs.ConceptMap id="335" uuid="78e18408-0085-4203-a695-526d488893a9">
        <conceptMapType reference="53"/>
        <creator/>
        <dateCreated id="336">2015-11-02 22:34:14</dateCreated>
        <conceptMapId>26058</conceptMapId>
        <concept reference="217"/>
        <conceptReferenceTerm id="337" resolves-to="org.openmrs.ConceptReferenceTerm" uuid="933f44a2-6a4d-4001-84b1-b2f6b09181f8">
          <creator/>
          <dateCreated id="338">2015-11-02 22:33:58</dateCreated>
          <retired>false</retired>
          <conceptReferenceTermId>25403</conceptReferenceTermId>
          <conceptSource reference="59"/>
          <code>PEDIATRIC FEEDING HISTORY CONSTRUCT</code>
          <conceptReferenceTermMaps id="339"/>
        </conceptReferenceTerm>
      </org.openmrs.ConceptMap>
      <org.openmrs.ConceptMap id="340" uuid="48c1dedd-43e3-461b-9fe2-75330530fdb2">
        <conceptMapType reference="53"/>
        <creator/>
        <dateCreated id="341">2015-11-02 22:34:52</dateCreated>
        <conceptMapId>26059</conceptMapId>
        <concept reference="217"/>
        <conceptReferenceTerm id="342" resolves-to="org.openmrs.ConceptReferenceTerm" uuid="f2bccbaf-1c8f-45d5-9dd9-3c0bad7adedd">
          <creator/>
          <dateCreated id="343">2015-11-02 22:34:29</dateCreated>
          <retired>false</retired>
          <conceptReferenceTermId>25404</conceptReferenceTermId>
          <conceptSource reference="59"/>
          <code>10567</code>
          <conceptReferenceTermMaps id="344"/>
        </conceptReferenceTerm>
      </org.openmrs.ConceptMap>
    </conceptMappings>
  </org.openmrs.Concept>
</list>
