<?xml version="1.0" encoding="UTF-8"?>
<package id="1" uuid="099839fa-08fa-4604-89cb-e5ce6d3ede14">
  <dateCreated id="2">2018-10-29 19:20:46</dateCreated>
  <name>Mexico Concepts</name>
  <description>Metadata for PIH Mexico, but not including the diagnoses which are in the clinical concepts mds package.</description>
  <openmrsVersion>2.1.3 SNAPSHOT Build e8c2d9</openmrsVersion>
  <version>4</version>
  <groupUuid>b5ee1651-1f90-4371-95da-7c13f8523f8c</groupUuid>
  <subscriptionUrl>https://concepts.pih-emr.org/openmrs/ws/rest/metadatasharing/package/b5ee1651-1f90-4371-95da-7c13f8523f8c/latest</subscriptionUrl>
  <modules id="3">
    <entry>
      <string>webservices.rest</string>
      <string>2.23.0-SNAPSHOT.df4734</string>
    </entry>
    <entry>
      <string>providermanagement</string>
      <string>2.10.0</string>
    </entry>
    <entry>
      <string>legacyui</string>
      <string>1.3.3</string>
    </entry>
    <entry>
      <string>groovy</string>
      <string>2.3.0-SNAPSHOT</string>
    </entry>
    <entry>
      <string>htmlformentry</string>
      <string>3.6.0</string>
    </entry>
    <entry>
      <string>metadatasharing</string>
      <string>1.5.0</string>
    </entry>
    <entry>
      <string>uiframework</string>
      <string>3.13.0</string>
    </entry>
    <entry>
      <string>metadatamapping</string>
      <string>1.3.4</string>
    </entry>
    <entry>
      <string>metadatatools</string>
      <string>1.0-SNAPSHOT</string>
    </entry>
    <entry>
      <string>uilibrary</string>
      <string>2.0.6</string>
    </entry>
    <entry>
      <string>validation</string>
      <string>1.0.1</string>
    </entry>
  </modules>
  <items class="linked-hash-set" id="4">
    <org.openmrs.module.metadatasharing.Item id="5" uuid="162558AAAAAAAAAAAAAAAAAAAAAAAAAAAAAA">
      <id>11805</id>
      <classname>org.openmrs.Concept</classname>
      <dateChanged id="6">2018-10-29 19:19:33</dateChanged>
      <retired>false</retired>
    </org.openmrs.module.metadatasharing.Item>
    <org.openmrs.module.metadatasharing.Item id="7" uuid="35742021-8321-45e2-abd1-25666e1756ed">
      <id>11763</id>
      <classname>org.openmrs.Concept</classname>
      <dateChanged id="8">2018-10-27 18:29:16</dateChanged>
      <retired>false</retired>
    </org.openmrs.module.metadatasharing.Item>
    <org.openmrs.module.metadatasharing.Item id="9" uuid="6753007a-4b3d-4728-add3-8fb210307446">
      <id>11766</id>
      <classname>org.openmrs.Concept</classname>
      <dateChanged id="10">2018-10-27 18:32:38</dateChanged>
      <retired>false</retired>
    </org.openmrs.module.metadatasharing.Item>
    <org.openmrs.module.metadatasharing.Item id="11" uuid="159400AAAAAAAAAAAAAAAAAAAAAAAAAAAAAA">
      <id>1702</id>
      <classname>org.openmrs.Concept</classname>
      <dateChanged id="12">2018-10-12 14:29:07</dateChanged>
      <retired>false</retired>
    </org.openmrs.module.metadatasharing.Item>
    <org.openmrs.module.metadatasharing.Item id="13" uuid="75073d78-c5d2-4cce-b158-242475e425e1">
      <id>11765</id>
      <classname>org.openmrs.Concept</classname>
      <dateChanged id="14">2018-10-27 18:31:51</dateChanged>
      <retired>false</retired>
    </org.openmrs.module.metadatasharing.Item>
    <org.openmrs.module.metadatasharing.Item id="15" uuid="276e4ed3-bf68-43a3-9d6a-0252cf4ca556">
      <id>11767</id>
      <classname>org.openmrs.Concept</classname>
      <dateChanged id="16">2018-10-27 18:33:09</dateChanged>
      <retired>false</retired>
    </org.openmrs.module.metadatasharing.Item>
    <org.openmrs.module.metadatasharing.Item id="17" uuid="19d83bbc-32e1-4686-8e56-0b04d8926716">
      <id>11764</id>
      <classname>org.openmrs.Concept</classname>
      <dateChanged id="18">2018-10-27 18:30:03</dateChanged>
      <retired>false</retired>
    </org.openmrs.module.metadatasharing.Item>
    <org.openmrs.module.metadatasharing.Item id="19" uuid="4e7ee269-6c8c-46b3-91e9-89fb64c2009b">
      <id>11723</id>
      <classname>org.openmrs.Concept</classname>
      <dateChanged id="20">2018-08-15 19:54:52</dateChanged>
      <retired>false</retired>
    </org.openmrs.module.metadatasharing.Item>
    <org.openmrs.module.metadatasharing.Item id="21" uuid="be92bb96-5675-4f1f-bc29-f13648e82770">
      <id>11768</id>
      <classname>org.openmrs.Concept</classname>
      <dateChanged id="22">2018-10-27 18:31:18</dateChanged>
      <retired>false</retired>
    </org.openmrs.module.metadatasharing.Item>
  </items>
  <relatedItems class="linked-hash-set" id="23">
    <org.openmrs.module.metadatasharing.Item id="24" uuid="8d4a48b6-c2cc-11de-8d13-0010c6dffd0f">
      <id>2</id>
      <classname>org.openmrs.ConceptDatatype</classname>
      <dateChanged id="25">2004-02-02 05:00:00</dateChanged>
      <retired>false</retired>
    </org.openmrs.module.metadatasharing.Item>
    <org.openmrs.module.metadatasharing.Item id="26" uuid="8d491a9a-c2cc-11de-8d13-0010c6dffd0f">
      <id>5</id>
      <classname>org.openmrs.ConceptClass</classname>
      <dateChanged id="27">2015-07-01 17:25:50</dateChanged>
      <retired>false</retired>
    </org.openmrs.module.metadatasharing.Item>
    <org.openmrs.module.metadatasharing.Item id="28" uuid="126165BBBBBBBBBBBBBBBBBBBBBBBBBBBBBB">
      <id>37092</id>
      <classname>org.openmrs.ConceptName</classname>
      <dateChanged id="29">2014-08-15 19:36:17</dateChanged>
    </org.openmrs.module.metadatasharing.Item>
    <org.openmrs.module.metadatasharing.Item id="30" uuid="feb031df-e512-4f7d-8e6b-f298a6083e07">
      <id>37099</id>
      <classname>org.openmrs.ConceptName</classname>
      <dateChanged id="31">2018-10-16 15:23:21</dateChanged>
    </org.openmrs.module.metadatasharing.Item>
    <org.openmrs.module.metadatasharing.Item id="32" uuid="126166BBBBBBBBBBBBBBBBBBBBBBBBBBBBBB">
      <id>37093</id>
      <classname>org.openmrs.ConceptName</classname>
      <dateChanged id="33">2014-08-15 19:36:17</dateChanged>
    </org.openmrs.module.metadatasharing.Item>
    <org.openmrs.module.metadatasharing.Item id="34" uuid="e4920f09-8e69-4d5e-8421-efd0f64cacab">
      <id>37097</id>
      <classname>org.openmrs.ConceptName</classname>
      <dateChanged id="35">2018-10-16 15:19:27</dateChanged>
    </org.openmrs.module.metadatasharing.Item>
    <org.openmrs.module.metadatasharing.Item id="36" uuid="a334278e-b0c8-428e-a78e-a532a41b318c">
      <id>10506</id>
      <classname>org.openmrs.ConceptAnswer</classname>
      <dateChanged id="37">2018-10-29 19:19:33</dateChanged>
    </org.openmrs.module.metadatasharing.Item>
    <org.openmrs.module.metadatasharing.Item id="38" uuid="3cd6f600-26fe-102b-80cb-0017a47871b2">
      <id>1065</id>
      <classname>org.openmrs.Concept</classname>
      <dateChanged id="39">2018-10-22 20:45:23</dateChanged>
      <retired>false</retired>
    </org.openmrs.module.metadatasharing.Item>
    <org.openmrs.module.metadatasharing.Item id="40" uuid="8d4a4c94-c2cc-11de-8d13-0010c6dffd0f">
      <id>4</id>
      <classname>org.openmrs.ConceptDatatype</classname>
      <dateChanged id="41">2004-02-02 05:00:00</dateChanged>
      <retired>false</retired>
    </org.openmrs.module.metadatasharing.Item>
    <org.openmrs.module.metadatasharing.Item id="42" uuid="8d492774-c2cc-11de-8d13-0010c6dffd0f">
      <id>11</id>
      <classname>org.openmrs.ConceptClass</classname>
      <dateChanged id="43">2015-07-01 17:25:50</dateChanged>
      <retired>false</retired>
    </org.openmrs.module.metadatasharing.Item>
    <org.openmrs.module.metadatasharing.Item id="44" uuid="127332BBBBBBBBBBBBBBBBBBBBBBBBBBBBBB">
      <id>29699</id>
      <classname>org.openmrs.ConceptName</classname>
      <dateChanged id="45">2015-04-24 21:17:40</dateChanged>
    </org.openmrs.module.metadatasharing.Item>
    <org.openmrs.module.metadatasharing.Item id="46" uuid="126316BBBBBBBBBBBBBBBBBBBBBBBBBBBBBB">
      <id>29696</id>
      <classname>org.openmrs.ConceptName</classname>
      <dateChanged id="47">2014-10-07 22:39:17</dateChanged>
    </org.openmrs.module.metadatasharing.Item>
    <org.openmrs.module.metadatasharing.Item id="48" uuid="106307BBBBBBBBBBBBBBBBBBBBBBBBBBBBBB">
      <id>29693</id>
      <classname>org.openmrs.ConceptName</classname>
      <dateChanged id="49">2010-06-21 23:11:26</dateChanged>
    </org.openmrs.module.metadatasharing.Item>
    <org.openmrs.module.metadatasharing.Item id="50" uuid="126313BBBBBBBBBBBBBBBBBBBBBBBBBBBBBB">
      <id>29692</id>
      <classname>org.openmrs.ConceptName</classname>
      <dateChanged id="51">2014-10-07 22:36:00</dateChanged>
    </org.openmrs.module.metadatasharing.Item>
    <org.openmrs.module.metadatasharing.Item id="52" uuid="3e15161e-26fe-102b-80cb-0017a47871b2">
      <id>1102</id>
      <classname>org.openmrs.ConceptName</classname>
      <dateChanged id="53">2015-04-22 14:28:44</dateChanged>
    </org.openmrs.module.metadatasharing.Item>
    <org.openmrs.module.metadatasharing.Item id="54" uuid="137332BBBBBBBBBBBBBBBBBBBBBBBBBBBBBB">
      <id>32263</id>
      <classname>org.openmrs.ConceptName</classname>
      <dateChanged id="55">2016-07-10 05:47:58</dateChanged>
    </org.openmrs.module.metadatasharing.Item>
    <org.openmrs.module.metadatasharing.Item id="56" uuid="126317BBBBBBBBBBBBBBBBBBBBBBBBBBBBBB">
      <id>29698</id>
      <classname>org.openmrs.ConceptName</classname>
      <dateChanged id="57">2014-10-07 22:39:17</dateChanged>
    </org.openmrs.module.metadatasharing.Item>
    <org.openmrs.module.metadatasharing.Item id="58" uuid="108333BBBBBBBBBBBBBBBBBBBBBBBBBBBBBB">
      <id>29700</id>
      <classname>org.openmrs.ConceptName</classname>
      <dateChanged id="59">2012-03-04 23:58:29</dateChanged>
    </org.openmrs.module.metadatasharing.Item>
    <org.openmrs.module.metadatasharing.Item id="60" uuid="126314BBBBBBBBBBBBBBBBBBBBBBBBBBBBBB">
      <id>29695</id>
      <classname>org.openmrs.ConceptName</classname>
      <dateChanged id="61">2014-10-07 22:39:17</dateChanged>
    </org.openmrs.module.metadatasharing.Item>
    <org.openmrs.module.metadatasharing.Item id="62" uuid="111198BBBBBBBBBBBBBBBBBBBBBBBBBBBBBB">
      <id>29697</id>
      <classname>org.openmrs.ConceptName</classname>
      <dateChanged id="63">2013-01-27 06:41:22</dateChanged>
    </org.openmrs.module.metadatasharing.Item>
    <org.openmrs.module.metadatasharing.Item id="64" uuid="0b931af0-15f5-102d-96e4-000c29c2a5d7">
      <id>9147</id>
      <classname>org.openmrs.ConceptName</classname>
      <dateChanged id="65">2015-04-22 14:28:44</dateChanged>
    </org.openmrs.module.metadatasharing.Item>
    <org.openmrs.module.metadatasharing.Item id="66" uuid="126315BBBBBBBBBBBBBBBBBBBBBBBBBBBBBB">
      <id>29691</id>
      <classname>org.openmrs.ConceptName</classname>
      <dateChanged id="67">2014-10-07 22:39:17</dateChanged>
    </org.openmrs.module.metadatasharing.Item>
    <org.openmrs.module.metadatasharing.Item id="68" uuid="126318BBBBBBBBBBBBBBBBBBBBBBBBBBBBBB">
      <id>29689</id>
      <classname>org.openmrs.ConceptName</classname>
      <dateChanged id="69">2014-10-07 22:39:17</dateChanged>
    </org.openmrs.module.metadatasharing.Item>
    <org.openmrs.module.metadatasharing.Item id="70" uuid="139802BBBBBBBBBBBBBBBBBBBBBBBBBBBBBB">
      <id>32264</id>
      <classname>org.openmrs.ConceptName</classname>
      <dateChanged id="71">2016-08-16 11:47:47</dateChanged>
    </org.openmrs.module.metadatasharing.Item>
    <org.openmrs.module.metadatasharing.Item id="72" uuid="541f1720-0abe-49dd-b4f6-7de87ce05917">
      <id>17941</id>
      <classname>org.openmrs.ConceptName</classname>
      <dateChanged id="73">2015-04-22 14:28:44</dateChanged>
    </org.openmrs.module.metadatasharing.Item>
    <org.openmrs.module.metadatasharing.Item id="74" uuid="126319BBBBBBBBBBBBBBBBBBBBBBBBBBBBBB">
      <id>29694</id>
      <classname>org.openmrs.ConceptName</classname>
      <dateChanged id="75">2014-10-07 22:39:17</dateChanged>
    </org.openmrs.module.metadatasharing.Item>
    <org.openmrs.module.metadatasharing.Item id="76" uuid="106919BBBBBBBBBBBBBBBBBBBBBBBBBBBBBB">
      <id>29690</id>
      <classname>org.openmrs.ConceptName</classname>
      <dateChanged id="77">2010-10-24 20:04:37</dateChanged>
    </org.openmrs.module.metadatasharing.Item>
    <org.openmrs.module.metadatasharing.Item id="78" uuid="ece437ba-07fe-102c-b5fa-0017a47871b2">
      <id>1076</id>
      <classname>org.openmrs.ConceptDescription</classname>
      <dateChanged id="79">2015-04-22 14:28:44</dateChanged>
    </org.openmrs.module.metadatasharing.Item>
    <org.openmrs.module.metadatasharing.Item id="80" uuid="1068FFFFFFFFFFFFFFFFFFFFFFFFFFFFFFFF">
      <id>6865</id>
      <classname>org.openmrs.ConceptDescription</classname>
      <dateChanged id="81">2015-04-24 21:17:40</dateChanged>
    </org.openmrs.module.metadatasharing.Item>
    <org.openmrs.module.metadatasharing.Item id="82" uuid="18158FFFFFFFFFFFFFFFFFFFFFFFFFFFFFFF">
      <id>7125</id>
      <classname>org.openmrs.ConceptDescription</classname>
      <dateChanged id="83">2016-08-16 11:47:47</dateChanged>
    </org.openmrs.module.metadatasharing.Item>
    <org.openmrs.module.metadatasharing.Item id="84" uuid="b20d114a-4864-102e-96e9-000c29c2a5d7">
      <id>1067</id>
      <classname>org.openmrs.ConceptMap</classname>
      <dateChanged id="85">2015-04-22 14:28:44</dateChanged>
    </org.openmrs.module.metadatasharing.Item>
    <org.openmrs.module.metadatasharing.Item id="86" uuid="35543629-7d8c-11e1-909d-c80aa9edcf4e">
      <id>1</id>
      <classname>org.openmrs.ConceptMapType</classname>
      <dateChanged id="87">2012-06-21 00:00:00</dateChanged>
      <retired>false</retired>
    </org.openmrs.module.metadatasharing.Item>
    <org.openmrs.module.metadatasharing.Item id="88" uuid="bbb5c16f-f127-32a4-97d5-7d7bed12bfd4">
      <id>1067</id>
      <classname>org.openmrs.ConceptReferenceTerm</classname>
      <dateChanged id="89">2010-11-23 00:00:00</dateChanged>
      <retired>false</retired>
    </org.openmrs.module.metadatasharing.Item>
    <org.openmrs.module.metadatasharing.Item id="90" uuid="fb9aaaf1-65e2-4c18-b53c-16b575f2f385">
      <id>5</id>
      <classname>org.openmrs.ConceptSource</classname>
      <dateChanged id="91">2015-07-01 17:25:50</dateChanged>
      <retired>false</retired>
    </org.openmrs.module.metadatasharing.Item>
    <org.openmrs.module.metadatasharing.Item id="92" uuid="133840ABBBBBBBBBBBBBBBBBBBBBBBBBBBBB">
      <id>25513</id>
      <classname>org.openmrs.ConceptMap</classname>
      <dateChanged id="93">2010-10-01 23:11:47</dateChanged>
    </org.openmrs.module.metadatasharing.Item>
    <org.openmrs.module.metadatasharing.Item id="94" uuid="d2d5f591-c1b5-308e-bbbb-2fb6dee0d2b2">
      <id>24855</id>
      <classname>org.openmrs.ConceptReferenceTerm</classname>
      <dateChanged id="95">2010-10-01 04:00:00</dateChanged>
      <retired>false</retired>
    </org.openmrs.module.metadatasharing.Item>
    <org.openmrs.module.metadatasharing.Item id="96" uuid="1ADDDDDDDDDDDDDDDDDDDDDDDDDDDDDDDDDD">
      <id>6</id>
      <classname>org.openmrs.ConceptSource</classname>
      <dateChanged id="97">2015-07-01 17:25:50</dateChanged>
      <retired>false</retired>
    </org.openmrs.module.metadatasharing.Item>
    <org.openmrs.module.metadatasharing.Item id="98" uuid="7568887a-4943-102e-96e9-000c29c2a5d7">
      <id>6958</id>
      <classname>org.openmrs.ConceptMap</classname>
      <dateChanged id="99">2015-04-22 14:28:44</dateChanged>
    </org.openmrs.module.metadatasharing.Item>
    <org.openmrs.module.metadatasharing.Item id="100" uuid="43c590f7-f85f-376f-9083-d189b74ed37c">
      <id>6958</id>
      <classname>org.openmrs.ConceptReferenceTerm</classname>
      <dateChanged id="101">2010-11-24 00:00:00</dateChanged>
      <retired>false</retired>
    </org.openmrs.module.metadatasharing.Item>
    <org.openmrs.module.metadatasharing.Item id="102" uuid="4c5c3b67-8cc9-4d59-9b8e-8c910e44d8a3">
      <id>27084</id>
      <classname>org.openmrs.ConceptMap</classname>
      <dateChanged id="103">2017-03-04 21:45:04</dateChanged>
    </org.openmrs.module.metadatasharing.Item>
    <org.openmrs.module.metadatasharing.Item id="104" uuid="7df22b69-9a03-49e8-aa0a-063e61e1f9a5">
      <id>26241</id>
      <classname>org.openmrs.ConceptReferenceTerm</classname>
      <dateChanged id="105">2017-03-04 21:44:26</dateChanged>
      <retired>false</retired>
    </org.openmrs.module.metadatasharing.Item>
    <org.openmrs.module.metadatasharing.Item id="106" uuid="21ADDDDDDDDDDDDDDDDDDDDDDDDDDDDDDDDD">
      <id>29</id>
      <classname>org.openmrs.ConceptSource</classname>
      <dateChanged id="107">2015-07-01 17:25:50</dateChanged>
      <retired>false</retired>
    </org.openmrs.module.metadatasharing.Item>
    <org.openmrs.module.metadatasharing.Item id="108" uuid="144378ABBBBBBBBBBBBBBBBBBBBBBBBBBBBB">
      <id>27570</id>
      <classname>org.openmrs.ConceptMap</classname>
      <dateChanged id="109">2012-06-03 21:56:11</dateChanged>
    </org.openmrs.module.metadatasharing.Item>
    <org.openmrs.module.metadatasharing.Item id="110" uuid="0a25554e-8e73-3431-a111-837291cbc771">
      <id>26891</id>
      <classname>org.openmrs.ConceptReferenceTerm</classname>
      <dateChanged id="111">2012-06-03 04:00:00</dateChanged>
      <retired>false</retired>
    </org.openmrs.module.metadatasharing.Item>
    <org.openmrs.module.metadatasharing.Item id="112" uuid="12ADDDDDDDDDDDDDDDDDDDDDDDDDDDDDDDDD">
      <id>24</id>
      <classname>org.openmrs.ConceptSource</classname>
      <dateChanged id="113">2015-07-01 17:25:50</dateChanged>
      <retired>false</retired>
    </org.openmrs.module.metadatasharing.Item>
    <org.openmrs.module.metadatasharing.Item id="114" uuid="134737ABBBBBBBBBBBBBBBBBBBBBBBBBBBBB">
      <id>27569</id>
      <classname>org.openmrs.ConceptMap</classname>
      <dateChanged id="115">2010-10-24 17:09:59</dateChanged>
    </org.openmrs.module.metadatasharing.Item>
    <org.openmrs.module.metadatasharing.Item id="116" uuid="85fd20aa-8f0e-33c6-8d26-87087144d1f0">
      <id>26890</id>
      <classname>org.openmrs.ConceptReferenceTerm</classname>
      <dateChanged id="117">2010-10-24 04:00:00</dateChanged>
      <retired>false</retired>
    </org.openmrs.module.metadatasharing.Item>
    <org.openmrs.module.metadatasharing.Item id="118" uuid="13ADDDDDDDDDDDDDDDDDDDDDDDDDDDDDDDDD">
      <id>10</id>
      <classname>org.openmrs.ConceptSource</classname>
      <dateChanged id="119">2015-07-01 17:25:50</dateChanged>
      <retired>false</retired>
    </org.openmrs.module.metadatasharing.Item>
    <org.openmrs.module.metadatasharing.Item id="120" uuid="3a81d488-1ac6-46f2-a4cc-ea70e756faec">
      <id>10507</id>
      <classname>org.openmrs.ConceptAnswer</classname>
      <dateChanged id="121">2018-10-29 19:19:33</dateChanged>
    </org.openmrs.module.metadatasharing.Item>
    <org.openmrs.module.metadatasharing.Item id="122" uuid="3cd6f86c-26fe-102b-80cb-0017a47871b2">
      <id>1066</id>
      <classname>org.openmrs.Concept</classname>
      <dateChanged id="123">2018-10-22 20:45:23</dateChanged>
      <retired>false</retired>
    </org.openmrs.module.metadatasharing.Item>
    <org.openmrs.module.metadatasharing.Item id="124" uuid="139803BBBBBBBBBBBBBBBBBBBBBBBBBBBBBB">
      <id>32262</id>
      <classname>org.openmrs.ConceptName</classname>
      <dateChanged id="125">2016-08-16 11:48:25</dateChanged>
    </org.openmrs.module.metadatasharing.Item>
    <org.openmrs.module.metadatasharing.Item id="126" uuid="3e151786-26fe-102b-80cb-0017a47871b2">
      <id>8310</id>
      <classname>org.openmrs.ConceptName</classname>
      <dateChanged id="127">2015-04-22 14:28:45</dateChanged>
    </org.openmrs.module.metadatasharing.Item>
    <org.openmrs.module.metadatasharing.Item id="128" uuid="126360BBBBBBBBBBBBBBBBBBBBBBBBBBBBBB">
      <id>29715</id>
      <classname>org.openmrs.ConceptName</classname>
      <dateChanged id="129">2014-10-11 19:48:46</dateChanged>
    </org.openmrs.module.metadatasharing.Item>
    <org.openmrs.module.metadatasharing.Item id="130" uuid="108334BBBBBBBBBBBBBBBBBBBBBBBBBBBBBB">
      <id>29712</id>
      <classname>org.openmrs.ConceptName</classname>
      <dateChanged id="131">2012-03-04 23:58:47</dateChanged>
    </org.openmrs.module.metadatasharing.Item>
    <org.openmrs.module.metadatasharing.Item id="132" uuid="111196BBBBBBBBBBBBBBBBBBBBBBBBBBBBBB">
      <id>29717</id>
      <classname>org.openmrs.ConceptName</classname>
      <dateChanged id="133">2013-01-27 06:40:38</dateChanged>
    </org.openmrs.module.metadatasharing.Item>
    <org.openmrs.module.metadatasharing.Item id="134" uuid="126357BBBBBBBBBBBBBBBBBBBBBBBBBBBBBB">
      <id>29709</id>
      <classname>org.openmrs.ConceptName</classname>
      <dateChanged id="135">2014-10-11 19:48:46</dateChanged>
    </org.openmrs.module.metadatasharing.Item>
    <org.openmrs.module.metadatasharing.Item id="136" uuid="5bcc9a17-0a17-4075-84d4-f09882cfaa18">
      <id>17939</id>
      <classname>org.openmrs.ConceptName</classname>
      <dateChanged id="137">2015-04-22 14:28:45</dateChanged>
    </org.openmrs.module.metadatasharing.Item>
    <org.openmrs.module.metadatasharing.Item id="138" uuid="106917BBBBBBBBBBBBBBBBBBBBBBBBBBBBBB">
      <id>29711</id>
      <classname>org.openmrs.ConceptName</classname>
      <dateChanged id="139">2010-10-24 20:04:03</dateChanged>
    </org.openmrs.module.metadatasharing.Item>
    <org.openmrs.module.metadatasharing.Item id="140" uuid="126358BBBBBBBBBBBBBBBBBBBBBBBBBBBBBB">
      <id>29718</id>
      <classname>org.openmrs.ConceptName</classname>
      <dateChanged id="141">2014-10-11 19:48:46</dateChanged>
    </org.openmrs.module.metadatasharing.Item>
    <org.openmrs.module.metadatasharing.Item id="142" uuid="743d14ca-dd31-4ed7-8bfb-b2e4c98a2609">
      <id>17940</id>
      <classname>org.openmrs.ConceptName</classname>
      <dateChanged id="143">2015-04-22 14:28:45</dateChanged>
    </org.openmrs.module.metadatasharing.Item>
    <org.openmrs.module.metadatasharing.Item id="144" uuid="106308BBBBBBBBBBBBBBBBBBBBBBBBBBBBBB">
      <id>29713</id>
      <classname>org.openmrs.ConceptName</classname>
      <dateChanged id="145">2010-06-21 23:11:53</dateChanged>
    </org.openmrs.module.metadatasharing.Item>
    <org.openmrs.module.metadatasharing.Item id="146" uuid="126362BBBBBBBBBBBBBBBBBBBBBBBBBBBBBB">
      <id>29716</id>
      <classname>org.openmrs.ConceptName</classname>
      <dateChanged id="147">2014-10-11 19:48:46</dateChanged>
    </org.openmrs.module.metadatasharing.Item>
    <org.openmrs.module.metadatasharing.Item id="148" uuid="137334BBBBBBBBBBBBBBBBBBBBBBBBBBBBBB">
      <id>32261</id>
      <classname>org.openmrs.ConceptName</classname>
      <dateChanged id="149">2016-07-10 05:49:06</dateChanged>
    </org.openmrs.module.metadatasharing.Item>
    <org.openmrs.module.metadatasharing.Item id="150" uuid="126359BBBBBBBBBBBBBBBBBBBBBBBBBBBBBB">
      <id>29710</id>
      <classname>org.openmrs.ConceptName</classname>
      <dateChanged id="151">2014-10-11 19:48:46</dateChanged>
    </org.openmrs.module.metadatasharing.Item>
    <org.openmrs.module.metadatasharing.Item id="152" uuid="127333BBBBBBBBBBBBBBBBBBBBBBBBBBBBBB">
      <id>29714</id>
      <classname>org.openmrs.ConceptName</classname>
      <dateChanged id="153">2015-04-24 21:18:07</dateChanged>
    </org.openmrs.module.metadatasharing.Item>
    <org.openmrs.module.metadatasharing.Item id="154" uuid="126361BBBBBBBBBBBBBBBBBBBBBBBBBBBBBB">
      <id>29708</id>
      <classname>org.openmrs.ConceptName</classname>
      <dateChanged id="155">2014-10-11 19:48:46</dateChanged>
    </org.openmrs.module.metadatasharing.Item>
    <org.openmrs.module.metadatasharing.Item id="156" uuid="126356BBBBBBBBBBBBBBBBBBBBBBBBBBBBBB">
      <id>29719</id>
      <classname>org.openmrs.ConceptName</classname>
      <dateChanged id="157">2014-10-11 19:48:46</dateChanged>
    </org.openmrs.module.metadatasharing.Item>
    <org.openmrs.module.metadatasharing.Item id="158" uuid="d07abafd-ea95-4edd-9c84-ee85592fc91f">
      <id>1077</id>
      <classname>org.openmrs.ConceptDescription</classname>
      <dateChanged id="159">2015-04-22 14:28:45</dateChanged>
    </org.openmrs.module.metadatasharing.Item>
    <org.openmrs.module.metadatasharing.Item id="160" uuid="1069FFFFFFFFFFFFFFFFFFFFFFFFFFFFFFFF">
      <id>6867</id>
      <classname>org.openmrs.ConceptDescription</classname>
      <dateChanged id="161">2015-04-24 21:18:07</dateChanged>
    </org.openmrs.module.metadatasharing.Item>
    <org.openmrs.module.metadatasharing.Item id="162" uuid="18159FFFFFFFFFFFFFFFFFFFFFFFFFFFFFFF">
      <id>7126</id>
      <classname>org.openmrs.ConceptDescription</classname>
      <dateChanged id="163">2016-08-16 11:48:25</dateChanged>
    </org.openmrs.module.metadatasharing.Item>
    <org.openmrs.module.metadatasharing.Item id="164" uuid="aefacf53-8e8e-4ed0-9d32-cbd1d14c6639">
      <id>12989</id>
      <classname>org.openmrs.ConceptMap</classname>
      <dateChanged id="165">2015-04-22 14:28:45</dateChanged>
    </org.openmrs.module.metadatasharing.Item>
    <org.openmrs.module.metadatasharing.Item id="166" uuid="bfdf9e0c-a208-31e8-9df4-45eccc2ea9e7">
      <id>12989</id>
      <classname>org.openmrs.ConceptReferenceTerm</classname>
      <dateChanged id="167">2011-07-22 00:00:00</dateChanged>
      <retired>false</retired>
    </org.openmrs.module.metadatasharing.Item>
    <org.openmrs.module.metadatasharing.Item id="168" uuid="144379ABBBBBBBBBBBBBBBBBBBBBBBBBBBBB">
      <id>27572</id>
      <classname>org.openmrs.ConceptMap</classname>
      <dateChanged id="169">2012-06-03 21:57:05</dateChanged>
    </org.openmrs.module.metadatasharing.Item>
    <org.openmrs.module.metadatasharing.Item id="170" uuid="170e452e-c092-32c9-b974-23f0bca960bd">
      <id>26889</id>
      <classname>org.openmrs.ConceptReferenceTerm</classname>
      <dateChanged id="171">2012-06-03 04:00:00</dateChanged>
      <retired>false</retired>
    </org.openmrs.module.metadatasharing.Item>
    <org.openmrs.module.metadatasharing.Item id="172" uuid="134738ABBBBBBBBBBBBBBBBBBBBBBBBBBBBB">
      <id>27571</id>
      <classname>org.openmrs.ConceptMap</classname>
      <dateChanged id="173">2010-10-24 17:09:59</dateChanged>
    </org.openmrs.module.metadatasharing.Item>
    <org.openmrs.module.metadatasharing.Item id="174" uuid="f2531812-ebad-3a19-bf74-9b35025659e5">
      <id>26888</id>
      <classname>org.openmrs.ConceptReferenceTerm</classname>
      <dateChanged id="175">2010-10-24 04:00:00</dateChanged>
      <retired>false</retired>
    </org.openmrs.module.metadatasharing.Item>
    <org.openmrs.module.metadatasharing.Item id="176" uuid="87458183-630e-4235-aeec-696077464d49">
      <id>27085</id>
      <classname>org.openmrs.ConceptMap</classname>
      <dateChanged id="177">2017-03-04 21:45:32</dateChanged>
    </org.openmrs.module.metadatasharing.Item>
    <org.openmrs.module.metadatasharing.Item id="178" uuid="70e47483-b669-4195-a33a-dc968d2af4af">
      <id>26242</id>
      <classname>org.openmrs.ConceptReferenceTerm</classname>
      <dateChanged id="179">2017-03-04 21:44:34</dateChanged>
      <retired>false</retired>
    </org.openmrs.module.metadatasharing.Item>
    <org.openmrs.module.metadatasharing.Item id="180" uuid="b20d12bc-4864-102e-96e9-000c29c2a5d7">
      <id>1068</id>
      <classname>org.openmrs.ConceptMap</classname>
      <dateChanged id="181">2015-04-22 14:28:45</dateChanged>
    </org.openmrs.module.metadatasharing.Item>
    <org.openmrs.module.metadatasharing.Item id="182" uuid="733a28fa-d244-3248-b654-09ffb442e6f2">
      <id>1068</id>
      <classname>org.openmrs.ConceptReferenceTerm</classname>
      <dateChanged id="183">2010-11-23 00:00:00</dateChanged>
      <retired>false</retired>
    </org.openmrs.module.metadatasharing.Item>
    <org.openmrs.module.metadatasharing.Item id="184" uuid="133841ABBBBBBBBBBBBBBBBBBBBBBBBBBBBB">
      <id>25515</id>
      <classname>org.openmrs.ConceptMap</classname>
      <dateChanged id="185">2010-10-01 23:13:10</dateChanged>
    </org.openmrs.module.metadatasharing.Item>
    <org.openmrs.module.metadatasharing.Item id="186" uuid="beaa27cb-dacc-3334-b7c4-9f230f2dd231">
      <id>24857</id>
      <classname>org.openmrs.ConceptReferenceTerm</classname>
      <dateChanged id="187">2010-10-01 04:00:00</dateChanged>
      <retired>false</retired>
    </org.openmrs.module.metadatasharing.Item>
    <org.openmrs.module.metadatasharing.Item id="188" uuid="277781ABBBBBBBBBBBBBBBBBBBBBBBBBBBBB">
      <id>30769</id>
      <classname>org.openmrs.ConceptMap</classname>
      <dateChanged id="189">2014-08-15 19:36:17</dateChanged>
    </org.openmrs.module.metadatasharing.Item>
    <org.openmrs.module.metadatasharing.Item id="190" uuid="47a7a6e2-c926-3f6a-b86e-3c453bb9dd3c">
      <id>30134</id>
      <classname>org.openmrs.ConceptReferenceTerm</classname>
      <dateChanged id="191">2014-08-15 04:00:00</dateChanged>
      <retired>false</retired>
    </org.openmrs.module.metadatasharing.Item>
    <org.openmrs.module.metadatasharing.Item id="192" uuid="277782ABBBBBBBBBBBBBBBBBBBBBBBBBBBBB">
      <id>30770</id>
      <classname>org.openmrs.ConceptMap</classname>
      <dateChanged id="193">2014-08-15 19:36:24</dateChanged>
    </org.openmrs.module.metadatasharing.Item>
    <org.openmrs.module.metadatasharing.Item id="194" uuid="88ec957c-768b-3480-9ec8-61fa5f2cb275">
      <id>30135</id>
      <classname>org.openmrs.ConceptReferenceTerm</classname>
      <dateChanged id="195">2014-08-15 04:00:00</dateChanged>
      <retired>false</retired>
    </org.openmrs.module.metadatasharing.Item>
    <org.openmrs.module.metadatasharing.Item id="196" uuid="8d492594-c2cc-11de-8d13-0010c6dffd0f">
      <id>10</id>
      <classname>org.openmrs.ConceptClass</classname>
      <dateChanged id="197">2015-07-01 17:25:50</dateChanged>
      <retired>false</retired>
    </org.openmrs.module.metadatasharing.Item>
    <org.openmrs.module.metadatasharing.Item id="198" uuid="7cbc9682-0aa8-4bd5-b957-da3e6d2dc079">
      <id>36886</id>
      <classname>org.openmrs.ConceptName</classname>
      <dateChanged id="199">2018-09-18 17:21:18</dateChanged>
    </org.openmrs.module.metadatasharing.Item>
    <org.openmrs.module.metadatasharing.Item id="200" uuid="a3752658-8db0-40ec-bf09-e581d6eb0e2e">
      <id>36887</id>
      <classname>org.openmrs.ConceptName</classname>
      <dateChanged id="201">2018-09-18 17:22:35</dateChanged>
    </org.openmrs.module.metadatasharing.Item>
    <org.openmrs.module.metadatasharing.Item id="202" uuid="41c9f53f-5dbe-4cdb-82e8-fe96aaf19db2">
      <id>8762</id>
      <classname>org.openmrs.ConceptSet</classname>
      <dateChanged id="203">2018-09-18 17:30:11</dateChanged>
    </org.openmrs.module.metadatasharing.Item>
    <org.openmrs.module.metadatasharing.Item id="204" uuid="8d491e50-c2cc-11de-8d13-0010c6dffd0f">
      <id>7</id>
      <classname>org.openmrs.ConceptClass</classname>
      <dateChanged id="205">2015-07-01 17:25:50</dateChanged>
      <retired>false</retired>
    </org.openmrs.module.metadatasharing.Item>
    <org.openmrs.module.metadatasharing.Item id="206" uuid="5676a2ef-441d-4fd0-baa8-cb725998a326">
      <id>36888</id>
      <classname>org.openmrs.ConceptName</classname>
      <dateChanged id="207">2018-09-18 17:29:55</dateChanged>
    </org.openmrs.module.metadatasharing.Item>
    <org.openmrs.module.metadatasharing.Item id="208" uuid="724f91da-e4f9-4688-b863-3893678bddac">
      <id>36889</id>
      <classname>org.openmrs.ConceptName</classname>
      <dateChanged id="209">2018-09-18 17:29:55</dateChanged>
    </org.openmrs.module.metadatasharing.Item>
    <org.openmrs.module.metadatasharing.Item id="210" uuid="67fc4c37-750a-4c9e-932b-b6a85e2c9d95">
      <id>10434</id>
      <classname>org.openmrs.ConceptAnswer</classname>
      <dateChanged id="211">2018-09-18 17:29:55</dateChanged>
    </org.openmrs.module.metadatasharing.Item>
    <org.openmrs.module.metadatasharing.Item id="212" uuid="4649f408-ca5a-47e2-8334-8394eca36320">
      <id>10435</id>
      <classname>org.openmrs.ConceptAnswer</classname>
      <dateChanged id="213">2018-09-18 17:29:55</dateChanged>
    </org.openmrs.module.metadatasharing.Item>
    <org.openmrs.module.metadatasharing.Item id="214" uuid="6b869388-a1ad-45df-8a87-cb113ee70d5c">
      <id>7670</id>
      <classname>org.openmrs.ConceptDescription</classname>
      <dateChanged id="215">2018-09-18 17:29:55</dateChanged>
    </org.openmrs.module.metadatasharing.Item>
    <org.openmrs.module.metadatasharing.Item id="216" uuid="71892cb8-d8c9-4f13-b4e5-3620e14fe3d6">
      <id>30879</id>
      <classname>org.openmrs.ConceptMap</classname>
      <dateChanged id="217">2018-10-27 18:30:03</dateChanged>
    </org.openmrs.module.metadatasharing.Item>
    <org.openmrs.module.metadatasharing.Item id="218" uuid="0d1664b0-ac72-4ed8-8635-b7cd328173ea">
      <id>30237</id>
      <classname>org.openmrs.ConceptReferenceTerm</classname>
      <dateChanged id="219">2018-10-27 18:29:54</dateChanged>
      <retired>false</retired>
    </org.openmrs.module.metadatasharing.Item>
    <org.openmrs.module.metadatasharing.Item id="220" uuid="d79ed3ba-988c-444b-8012-3a6e3c8be45b">
      <id>8763</id>
      <classname>org.openmrs.ConceptSet</classname>
      <dateChanged id="221">2018-09-18 19:11:54</dateChanged>
    </org.openmrs.module.metadatasharing.Item>
    <org.openmrs.module.metadatasharing.Item id="222" uuid="762fde47-e001-43bd-a808-154452d24cb4">
      <id>10737</id>
      <classname>org.openmrs.Concept</classname>
      <dateChanged id="223">2018-10-27 20:17:53</dateChanged>
      <retired>false</retired>
    </org.openmrs.module.metadatasharing.Item>
    <org.openmrs.module.metadatasharing.Item id="224" uuid="8d4a4ab4-c2cc-11de-8d13-0010c6dffd0f">
      <id>3</id>
      <classname>org.openmrs.ConceptDatatype</classname>
      <dateChanged id="225">2004-02-02 00:00:00</dateChanged>
      <retired>false</retired>
    </org.openmrs.module.metadatasharing.Item>
    <org.openmrs.module.metadatasharing.Item id="226" uuid="8499daaf-f7f4-40ef-9785-40039e88bfb9">
      <id>37240</id>
      <classname>org.openmrs.ConceptName</classname>
      <dateChanged id="227">2018-10-27 20:17:53</dateChanged>
    </org.openmrs.module.metadatasharing.Item>
    <org.openmrs.module.metadatasharing.Item id="228" uuid="8d2bf20b-5cb9-405a-84cb-6c3e31fc21d9">
      <id>31360</id>
      <classname>org.openmrs.ConceptName</classname>
      <dateChanged id="229">2016-08-08 14:55:25</dateChanged>
    </org.openmrs.module.metadatasharing.Item>
    <org.openmrs.module.metadatasharing.Item id="230" uuid="efd4653e-9a0f-4d60-bd41-19795c7ffce9">
      <id>31358</id>
      <classname>org.openmrs.ConceptName</classname>
      <dateChanged id="231">2016-08-08 14:54:29</dateChanged>
    </org.openmrs.module.metadatasharing.Item>
    <org.openmrs.module.metadatasharing.Item id="232" uuid="92f5bdd1-6a09-43ed-a83f-e750474ed562">
      <id>31359</id>
      <classname>org.openmrs.ConceptName</classname>
      <dateChanged id="233">2016-08-08 14:54:29</dateChanged>
    </org.openmrs.module.metadatasharing.Item>
    <org.openmrs.module.metadatasharing.Item id="234" uuid="5b859e0f-57e1-45b6-a2af-5cee07e414e9">
      <id>7048</id>
      <classname>org.openmrs.ConceptDescription</classname>
      <dateChanged id="235">2016-08-08 14:54:29</dateChanged>
    </org.openmrs.module.metadatasharing.Item>
    <org.openmrs.module.metadatasharing.Item id="236" uuid="4b4fd997-3b3e-4ee2-8a38-cc3f5cf10e20">
      <id>26824</id>
      <classname>org.openmrs.ConceptMap</classname>
      <dateChanged id="237">2016-08-08 14:54:29</dateChanged>
    </org.openmrs.module.metadatasharing.Item>
    <org.openmrs.module.metadatasharing.Item id="238" uuid="bfdb35cd-a8de-4908-8d14-bf436a967d6c">
      <id>26005</id>
      <classname>org.openmrs.ConceptReferenceTerm</classname>
      <dateChanged id="239">2016-08-08 14:54:00</dateChanged>
      <retired>false</retired>
    </org.openmrs.module.metadatasharing.Item>
    <org.openmrs.module.metadatasharing.Item id="240" uuid="19e0f0c4-dd0e-4002-a501-368d042d3d73">
      <id>26825</id>
      <classname>org.openmrs.ConceptMap</classname>
      <dateChanged id="241">2016-08-08 14:55:25</dateChanged>
    </org.openmrs.module.metadatasharing.Item>
    <org.openmrs.module.metadatasharing.Item id="242" uuid="f38b461f-5b39-4614-8e78-cb5ab4e4dbdf">
      <id>26006</id>
      <classname>org.openmrs.ConceptReferenceTerm</classname>
      <dateChanged id="243">2016-08-08 14:55:08</dateChanged>
      <retired>false</retired>
    </org.openmrs.module.metadatasharing.Item>
    <org.openmrs.module.metadatasharing.Item id="244" uuid="19906cfa-ced2-4e81-9432-ffbb03ae540b">
      <id>7668</id>
      <classname>org.openmrs.ConceptDescription</classname>
      <dateChanged id="245">2018-09-18 17:21:18</dateChanged>
    </org.openmrs.module.metadatasharing.Item>
    <org.openmrs.module.metadatasharing.Item id="246" uuid="20072104-41aa-470a-ba2c-0bcaa4054aa6">
      <id>7669</id>
      <classname>org.openmrs.ConceptDescription</classname>
      <dateChanged id="247">2018-09-18 17:22:35</dateChanged>
    </org.openmrs.module.metadatasharing.Item>
    <org.openmrs.module.metadatasharing.Item id="248" uuid="a4f01ced-0f9b-411e-9c9f-48bc379bbf5d">
      <id>30878</id>
      <classname>org.openmrs.ConceptMap</classname>
      <dateChanged id="249">2018-10-27 18:29:16</dateChanged>
    </org.openmrs.module.metadatasharing.Item>
    <org.openmrs.module.metadatasharing.Item id="250" uuid="d33c0604-7c2d-488d-8800-366501b4907b">
      <id>30236</id>
      <classname>org.openmrs.ConceptReferenceTerm</classname>
      <dateChanged id="251">2018-10-27 18:29:05</dateChanged>
      <retired>false</retired>
    </org.openmrs.module.metadatasharing.Item>
    <org.openmrs.module.metadatasharing.Item id="252" uuid="2cb18383-e14d-4060-a8cf-085bb369ab1c">
      <id>36892</id>
      <classname>org.openmrs.ConceptName</classname>
      <dateChanged id="253">2018-09-18 17:43:01</dateChanged>
    </org.openmrs.module.metadatasharing.Item>
    <org.openmrs.module.metadatasharing.Item id="254" uuid="aba95b4b-222c-49db-8d9a-dd11839c857a">
      <id>36893</id>
      <classname>org.openmrs.ConceptName</classname>
      <dateChanged id="255">2018-09-18 17:35:26</dateChanged>
    </org.openmrs.module.metadatasharing.Item>
    <org.openmrs.module.metadatasharing.Item id="256" uuid="032a71b4-8b72-4786-a7c2-85542a29e2d7">
      <id>36901</id>
      <classname>org.openmrs.ConceptName</classname>
      <dateChanged id="257">2018-09-18 17:43:01</dateChanged>
    </org.openmrs.module.metadatasharing.Item>
    <org.openmrs.module.metadatasharing.Item id="258" uuid="26689500-75b7-4ee7-b046-911b922b9845">
      <id>36902</id>
      <classname>org.openmrs.ConceptName</classname>
      <dateChanged id="259">2018-09-18 17:43:01</dateChanged>
    </org.openmrs.module.metadatasharing.Item>
    <org.openmrs.module.metadatasharing.Item id="260" uuid="f3cec1ad-543f-434f-b206-8b2dac563bcc">
      <id>36904</id>
      <classname>org.openmrs.ConceptName</classname>
      <dateChanged id="261">2018-09-18 17:43:01</dateChanged>
    </org.openmrs.module.metadatasharing.Item>
    <org.openmrs.module.metadatasharing.Item id="262" uuid="aa2efdd4-229a-4dfe-875f-802f2eba5eea">
      <id>36903</id>
      <classname>org.openmrs.ConceptName</classname>
      <dateChanged id="263">2018-09-18 17:43:01</dateChanged>
    </org.openmrs.module.metadatasharing.Item>
    <org.openmrs.module.metadatasharing.Item id="264" uuid="3a6f8656-7787-43f4-9f13-338b40b4ff36">
      <id>36894</id>
      <classname>org.openmrs.ConceptName</classname>
      <dateChanged id="265">2018-09-18 17:43:01</dateChanged>
    </org.openmrs.module.metadatasharing.Item>
    <org.openmrs.module.metadatasharing.Item id="266" uuid="ded47ea2-559f-4ed0-9b75-bbeee74f4d66">
      <id>36905</id>
      <classname>org.openmrs.ConceptName</classname>
      <dateChanged id="267">2018-09-18 17:43:01</dateChanged>
    </org.openmrs.module.metadatasharing.Item>
    <org.openmrs.module.metadatasharing.Item id="268" uuid="6bc42d60-4001-4e03-916e-00f037a71e59">
      <id>7673</id>
      <classname>org.openmrs.ConceptDescription</classname>
      <dateChanged id="269">2018-09-18 17:35:26</dateChanged>
    </org.openmrs.module.metadatasharing.Item>
    <org.openmrs.module.metadatasharing.Item id="270" uuid="65fc3df1-2386-4426-8002-851d266fc0cb">
      <id>7674</id>
      <classname>org.openmrs.ConceptDescription</classname>
      <dateChanged id="271">2018-09-18 17:35:26</dateChanged>
    </org.openmrs.module.metadatasharing.Item>
    <org.openmrs.module.metadatasharing.Item id="272" uuid="d5cf607e-66b5-4dcb-a9c7-37d684dc6559">
      <id>30882</id>
      <classname>org.openmrs.ConceptMap</classname>
      <dateChanged id="273">2018-10-27 18:32:38</dateChanged>
    </org.openmrs.module.metadatasharing.Item>
    <org.openmrs.module.metadatasharing.Item id="274" uuid="3f4dc12b-ac2b-42f9-a797-4636a8f2304a">
      <id>30240</id>
      <classname>org.openmrs.ConceptReferenceTerm</classname>
      <dateChanged id="275">2018-10-27 18:32:30</dateChanged>
      <retired>false</retired>
    </org.openmrs.module.metadatasharing.Item>
    <org.openmrs.module.metadatasharing.Item id="276" uuid="f6351562-d5db-102d-ad2a-000c29c2a5d7">
      <id>11204</id>
      <classname>org.openmrs.ConceptName</classname>
      <dateChanged id="277">2018-10-12 14:29:07</dateChanged>
    </org.openmrs.module.metadatasharing.Item>
    <org.openmrs.module.metadatasharing.Item id="278" uuid="6423202f-4f0a-4e77-8ce1-d5482c8cdd64">
      <id>37074</id>
      <classname>org.openmrs.ConceptName</classname>
      <dateChanged id="279">2018-10-12 14:27:25</dateChanged>
    </org.openmrs.module.metadatasharing.Item>
    <org.openmrs.module.metadatasharing.Item id="280" uuid="0f0658ad-06fc-4f8e-841c-288e60a83feb">
      <id>37075</id>
      <classname>org.openmrs.ConceptName</classname>
      <dateChanged id="281">2018-10-12 14:29:07</dateChanged>
    </org.openmrs.module.metadatasharing.Item>
    <org.openmrs.module.metadatasharing.Item id="282" uuid="93b66c6e-07d4-102c-b5fa-0017a47871b2">
      <id>5628</id>
      <classname>org.openmrs.ConceptName</classname>
      <dateChanged id="283">2018-10-12 14:27:25</dateChanged>
    </org.openmrs.module.metadatasharing.Item>
    <org.openmrs.module.metadatasharing.Item id="284" uuid="3e1d7548-26fe-102b-80cb-0017a47871b2">
      <id>1851</id>
      <classname>org.openmrs.ConceptName</classname>
      <dateChanged id="285">2018-10-12 14:27:25</dateChanged>
    </org.openmrs.module.metadatasharing.Item>
    <org.openmrs.module.metadatasharing.Item id="286" uuid="15268b9d-c5b3-47a7-aa19-2c386a1684dc">
      <id>10484</id>
      <classname>org.openmrs.ConceptAnswer</classname>
      <dateChanged id="287">2018-10-12 14:27:25</dateChanged>
    </org.openmrs.module.metadatasharing.Item>
    <org.openmrs.module.metadatasharing.Item id="288" uuid="dba51738-169a-427f-8b7c-7a9ccd0df4cb">
      <id>10485</id>
      <classname>org.openmrs.ConceptAnswer</classname>
      <dateChanged id="289">2018-10-12 14:27:25</dateChanged>
    </org.openmrs.module.metadatasharing.Item>
    <org.openmrs.module.metadatasharing.Item id="290" uuid="ecec2aba-07fe-102c-b5fa-0017a47871b2">
      <id>1724</id>
      <classname>org.openmrs.ConceptDescription</classname>
      <dateChanged id="291">2006-09-21 14:38:16</dateChanged>
    </org.openmrs.module.metadatasharing.Item>
    <org.openmrs.module.metadatasharing.Item id="292" uuid="b214d5e2-4864-102e-96e9-000c29c2a5d7">
      <id>1704</id>
      <classname>org.openmrs.ConceptMap</classname>
      <dateChanged id="293">2012-06-21 16:49:52</dateChanged>
    </org.openmrs.module.metadatasharing.Item>
    <org.openmrs.module.metadatasharing.Item id="294" uuid="c9839086-ab24-3a91-832e-04e7a93bd7e2">
      <id>1704</id>
      <classname>org.openmrs.ConceptReferenceTerm</classname>
      <dateChanged id="295">2010-11-23 00:00:00</dateChanged>
      <retired>false</retired>
    </org.openmrs.module.metadatasharing.Item>
    <org.openmrs.module.metadatasharing.Item id="296" uuid="75778c44-4943-102e-96e9-000c29c2a5d7">
      <id>7526</id>
      <classname>org.openmrs.ConceptMap</classname>
      <dateChanged id="297">2012-06-21 16:49:52</dateChanged>
    </org.openmrs.module.metadatasharing.Item>
    <org.openmrs.module.metadatasharing.Item id="298" uuid="76e42540-d668-3296-a134-dd60f7839a91">
      <id>7526</id>
      <classname>org.openmrs.ConceptReferenceTerm</classname>
      <dateChanged id="299">2010-11-24 00:00:00</dateChanged>
      <retired>false</retired>
    </org.openmrs.module.metadatasharing.Item>
    <org.openmrs.module.metadatasharing.Item id="300" uuid="711adef2-d909-495b-b8c9-34646c307d42">
      <id>30763</id>
      <classname>org.openmrs.ConceptMap</classname>
      <dateChanged id="301">2018-10-12 14:29:07</dateChanged>
    </org.openmrs.module.metadatasharing.Item>
    <org.openmrs.module.metadatasharing.Item id="302" uuid="64af2c34-eeb3-45b6-b078-87f0a6442a89">
      <id>30128</id>
      <classname>org.openmrs.ConceptReferenceTerm</classname>
      <dateChanged id="303">2018-10-12 14:28:23</dateChanged>
      <retired>false</retired>
    </org.openmrs.module.metadatasharing.Item>
    <org.openmrs.module.metadatasharing.Item id="304" uuid="2831b98d-be06-45f5-94d4-fa1da5a6071b">
      <id>30764</id>
      <classname>org.openmrs.ConceptMap</classname>
      <dateChanged id="305">2018-10-12 14:29:07</dateChanged>
    </org.openmrs.module.metadatasharing.Item>
    <org.openmrs.module.metadatasharing.Item id="306" uuid="8116da67-b742-4946-98bf-54dc61370cba">
      <id>30129</id>
      <classname>org.openmrs.ConceptReferenceTerm</classname>
      <dateChanged id="307">2018-10-12 14:28:55</dateChanged>
      <retired>false</retired>
    </org.openmrs.module.metadatasharing.Item>
    <org.openmrs.module.metadatasharing.Item id="308" uuid="58cd8708-cdca-4b0a-930c-8c1f4d1883d6">
      <id>36890</id>
      <classname>org.openmrs.ConceptName</classname>
      <dateChanged id="309">2018-09-18 17:32:51</dateChanged>
    </org.openmrs.module.metadatasharing.Item>
    <org.openmrs.module.metadatasharing.Item id="310" uuid="c9cdf9bb-4c53-42e6-b6f1-09033d11384e">
      <id>36891</id>
      <classname>org.openmrs.ConceptName</classname>
      <dateChanged id="311">2018-09-18 17:32:51</dateChanged>
    </org.openmrs.module.metadatasharing.Item>
    <org.openmrs.module.metadatasharing.Item id="312" uuid="b363320b-4e88-4f88-a600-9b781ac399fc">
      <id>7671</id>
      <classname>org.openmrs.ConceptDescription</classname>
      <dateChanged id="313">2018-09-18 17:32:51</dateChanged>
    </org.openmrs.module.metadatasharing.Item>
    <org.openmrs.module.metadatasharing.Item id="314" uuid="e1c0db5e-0e66-4ea4-ab31-5aa617f99807">
      <id>7672</id>
      <classname>org.openmrs.ConceptDescription</classname>
      <dateChanged id="315">2018-09-18 17:32:51</dateChanged>
    </org.openmrs.module.metadatasharing.Item>
    <org.openmrs.module.metadatasharing.Item id="316" uuid="809b652b-9fa9-4339-8b45-954d2102af77">
      <id>30881</id>
      <classname>org.openmrs.ConceptMap</classname>
      <dateChanged id="317">2018-10-27 18:31:51</dateChanged>
    </org.openmrs.module.metadatasharing.Item>
    <org.openmrs.module.metadatasharing.Item id="318" uuid="69cb6e92-b6fc-407c-8039-073e375e3cf0">
      <id>30239</id>
      <classname>org.openmrs.ConceptReferenceTerm</classname>
      <dateChanged id="319">2018-10-27 18:31:44</dateChanged>
      <retired>false</retired>
    </org.openmrs.module.metadatasharing.Item>
    <org.openmrs.module.metadatasharing.Item id="320" uuid="061a16ea-0e5f-46a1-8e00-dfe27e3f0c69">
      <id>36906</id>
      <classname>org.openmrs.ConceptName</classname>
      <dateChanged id="321">2018-09-18 17:44:23</dateChanged>
    </org.openmrs.module.metadatasharing.Item>
    <org.openmrs.module.metadatasharing.Item id="322" uuid="29fdd6c2-c55f-4df5-957d-96e3f9938344">
      <id>36899</id>
      <classname>org.openmrs.ConceptName</classname>
      <dateChanged id="323">2018-09-18 17:44:23</dateChanged>
    </org.openmrs.module.metadatasharing.Item>
    <org.openmrs.module.metadatasharing.Item id="324" uuid="ca002b1b-49c0-4881-8b1c-41bf421d977f">
      <id>36907</id>
      <classname>org.openmrs.ConceptName</classname>
      <dateChanged id="325">2018-09-18 17:44:23</dateChanged>
    </org.openmrs.module.metadatasharing.Item>
    <org.openmrs.module.metadatasharing.Item id="326" uuid="8f7f5885-ab14-4226-a4ac-873a0a3e9e83">
      <id>36908</id>
      <classname>org.openmrs.ConceptName</classname>
      <dateChanged id="327">2018-09-18 17:44:23</dateChanged>
    </org.openmrs.module.metadatasharing.Item>
    <org.openmrs.module.metadatasharing.Item id="328" uuid="d3790845-5015-4c27-9ea2-17076f00c92e">
      <id>36895</id>
      <classname>org.openmrs.ConceptName</classname>
      <dateChanged id="329">2018-09-18 17:40:25</dateChanged>
    </org.openmrs.module.metadatasharing.Item>
    <org.openmrs.module.metadatasharing.Item id="330" uuid="4827e424-d090-4aee-9996-c4dd4c95ad8c">
      <id>36900</id>
      <classname>org.openmrs.ConceptName</classname>
      <dateChanged id="331">2018-09-18 17:44:23</dateChanged>
    </org.openmrs.module.metadatasharing.Item>
    <org.openmrs.module.metadatasharing.Item id="332" uuid="3dbfa56f-e27c-4d53-a79b-be90ffe65ac9">
      <id>36896</id>
      <classname>org.openmrs.ConceptName</classname>
      <dateChanged id="333">2018-09-18 17:38:34</dateChanged>
    </org.openmrs.module.metadatasharing.Item>
    <org.openmrs.module.metadatasharing.Item id="334" uuid="c394a840-d677-454d-ad07-50b5101583b8">
      <id>36897</id>
      <classname>org.openmrs.ConceptName</classname>
      <dateChanged id="335">2018-09-18 17:38:34</dateChanged>
    </org.openmrs.module.metadatasharing.Item>
    <org.openmrs.module.metadatasharing.Item id="336" uuid="cc25d157-605f-4e9b-97c2-81c69de86ebe">
      <id>36898</id>
      <classname>org.openmrs.ConceptName</classname>
      <dateChanged id="337">2018-09-18 17:40:25</dateChanged>
    </org.openmrs.module.metadatasharing.Item>
    <org.openmrs.module.metadatasharing.Item id="338" uuid="b4c3fcc2-4219-4026-bef6-d2037e0a5bf4">
      <id>7675</id>
      <classname>org.openmrs.ConceptDescription</classname>
      <dateChanged id="339">2018-09-18 17:41:04</dateChanged>
    </org.openmrs.module.metadatasharing.Item>
    <org.openmrs.module.metadatasharing.Item id="340" uuid="a43ddd00-8211-4d50-aab6-2faf34c7c60d">
      <id>7676</id>
      <classname>org.openmrs.ConceptDescription</classname>
      <dateChanged id="341">2018-09-18 17:41:04</dateChanged>
    </org.openmrs.module.metadatasharing.Item>
    <org.openmrs.module.metadatasharing.Item id="342" uuid="ae26f5d1-130a-456d-83fc-951567b9868e">
      <id>30883</id>
      <classname>org.openmrs.ConceptMap</classname>
      <dateChanged id="343">2018-10-27 18:33:09</dateChanged>
    </org.openmrs.module.metadatasharing.Item>
    <org.openmrs.module.metadatasharing.Item id="344" uuid="a38cf0d9-3b38-4852-b81a-057f1cb33a03">
      <id>30241</id>
      <classname>org.openmrs.ConceptReferenceTerm</classname>
      <dateChanged id="345">2018-10-27 18:33:02</dateChanged>
      <retired>false</retired>
    </org.openmrs.module.metadatasharing.Item>
    <org.openmrs.module.metadatasharing.Item id="346" uuid="aa9e80ef-8c80-4adf-8aec-bb7a152d5153">
      <id>36753</id>
      <classname>org.openmrs.ConceptName</classname>
      <dateChanged id="347">2018-08-15 19:49:43</dateChanged>
    </org.openmrs.module.metadatasharing.Item>
    <org.openmrs.module.metadatasharing.Item id="348" uuid="e786fe32-ced9-42e3-962f-4396d3d06f72">
      <id>8742</id>
      <classname>org.openmrs.ConceptSet</classname>
      <dateChanged id="349">2018-08-15 19:54:52</dateChanged>
    </org.openmrs.module.metadatasharing.Item>
    <org.openmrs.module.metadatasharing.Item id="350" uuid="f813d9fa-0842-4862-ae08-5ed30a068207">
      <id>11724</id>
      <classname>org.openmrs.Concept</classname>
      <dateChanged id="351">2018-10-18 19:41:59</dateChanged>
      <retired>false</retired>
    </org.openmrs.module.metadatasharing.Item>
    <org.openmrs.module.metadatasharing.Item id="352" uuid="41d65327-311d-4295-81b2-e28270ae8bbb">
      <id>36754</id>
      <classname>org.openmrs.ConceptName</classname>
      <dateChanged id="353">2018-08-15 19:53:44</dateChanged>
    </org.openmrs.module.metadatasharing.Item>
    <org.openmrs.module.metadatasharing.Item id="354" uuid="feb1c65c-10ae-46a1-86aa-205c57172cf1">
      <id>36755</id>
      <classname>org.openmrs.ConceptName</classname>
      <dateChanged id="355">2018-08-15 19:53:44</dateChanged>
    </org.openmrs.module.metadatasharing.Item>
    <org.openmrs.module.metadatasharing.Item id="356" uuid="24f40851-a0d3-4a89-ab4b-feeb40814813">
      <id>10401</id>
      <classname>org.openmrs.ConceptAnswer</classname>
      <dateChanged id="357">2018-08-15 19:53:44</dateChanged>
    </org.openmrs.module.metadatasharing.Item>
    <org.openmrs.module.metadatasharing.Item id="358" uuid="86e316bf-e651-4453-914c-ade7de7f5a85">
      <id>10400</id>
      <classname>org.openmrs.ConceptAnswer</classname>
      <dateChanged id="359">2018-08-15 19:53:44</dateChanged>
    </org.openmrs.module.metadatasharing.Item>
    <org.openmrs.module.metadatasharing.Item id="360" uuid="afb177b6-e309-418f-aca5-c0f9b1e4f787">
      <id>30591</id>
      <classname>org.openmrs.ConceptMap</classname>
      <dateChanged id="361">2018-08-15 19:54:17</dateChanged>
    </org.openmrs.module.metadatasharing.Item>
    <org.openmrs.module.metadatasharing.Item id="362" uuid="2652ae09-8b1f-4a70-82aa-84f1b783f621">
      <id>29966</id>
      <classname>org.openmrs.ConceptReferenceTerm</classname>
      <dateChanged id="363">2018-08-15 19:54:07</dateChanged>
      <retired>false</retired>
    </org.openmrs.module.metadatasharing.Item>
    <org.openmrs.module.metadatasharing.Item id="364" uuid="9c543dc5-21e0-4c1a-b0dd-02ae44b1473c">
      <id>30790</id>
      <classname>org.openmrs.ConceptMap</classname>
      <dateChanged id="365">2018-10-18 19:41:58</dateChanged>
    </org.openmrs.module.metadatasharing.Item>
    <org.openmrs.module.metadatasharing.Item id="366" uuid="68e081ea-bf87-4092-8074-0906e96357f1">
      <id>30155</id>
      <classname>org.openmrs.ConceptReferenceTerm</classname>
      <dateChanged id="367">2018-10-18 19:41:50</dateChanged>
      <retired>false</retired>
    </org.openmrs.module.metadatasharing.Item>
    <org.openmrs.module.metadatasharing.Item id="368" uuid="1f875d22-7d6f-4b0a-9774-77a7c2cb0106">
      <id>7654</id>
      <classname>org.openmrs.ConceptDescription</classname>
      <dateChanged id="369">2018-08-15 19:49:43</dateChanged>
    </org.openmrs.module.metadatasharing.Item>
    <org.openmrs.module.metadatasharing.Item id="370" uuid="335d7c59-0483-498c-b716-fdc31b09305d">
      <id>30590</id>
      <classname>org.openmrs.ConceptMap</classname>
      <dateChanged id="371">2018-08-15 19:50:14</dateChanged>
    </org.openmrs.module.metadatasharing.Item>
    <org.openmrs.module.metadatasharing.Item id="372" uuid="aa3e9a80-d1f9-4dfa-aabd-7d34115e2e9e">
      <id>29965</id>
      <classname>org.openmrs.ConceptReferenceTerm</classname>
      <dateChanged id="373">2018-08-15 19:50:04</dateChanged>
      <retired>false</retired>
    </org.openmrs.module.metadatasharing.Item>
    <org.openmrs.module.metadatasharing.Item id="374" uuid="d58f2a72-5c9f-41c0-98fa-e22dbfa3aefa">
      <id>36909</id>
      <classname>org.openmrs.ConceptName</classname>
      <dateChanged id="375">2018-09-18 17:47:49</dateChanged>
    </org.openmrs.module.metadatasharing.Item>
    <org.openmrs.module.metadatasharing.Item id="376" uuid="4e79303a-10d4-4925-8f10-f8c5ad9aabea">
      <id>36910</id>
      <classname>org.openmrs.ConceptName</classname>
      <dateChanged id="377">2018-09-18 17:47:49</dateChanged>
    </org.openmrs.module.metadatasharing.Item>
    <org.openmrs.module.metadatasharing.Item id="378" uuid="632bd431-5bd2-4f29-ac9a-b55ca18274f3">
      <id>36911</id>
      <classname>org.openmrs.ConceptName</classname>
      <dateChanged id="379">2018-09-18 17:47:49</dateChanged>
    </org.openmrs.module.metadatasharing.Item>
    <org.openmrs.module.metadatasharing.Item id="380" uuid="8abda18f-d25a-4cf1-b691-56c22f3461f9">
      <id>36912</id>
      <classname>org.openmrs.ConceptName</classname>
      <dateChanged id="381">2018-09-18 17:47:49</dateChanged>
    </org.openmrs.module.metadatasharing.Item>
    <org.openmrs.module.metadatasharing.Item id="382" uuid="6895ee8c-3997-47cb-93ec-06ddaed4f3dc">
      <id>36913</id>
      <classname>org.openmrs.ConceptName</classname>
      <dateChanged id="383">2018-09-18 17:47:49</dateChanged>
    </org.openmrs.module.metadatasharing.Item>
    <org.openmrs.module.metadatasharing.Item id="384" uuid="e5c12542-5e5d-42de-98bd-d7589e8f8966">
      <id>10436</id>
      <classname>org.openmrs.ConceptAnswer</classname>
      <dateChanged id="385">2018-09-18 17:47:49</dateChanged>
    </org.openmrs.module.metadatasharing.Item>
    <org.openmrs.module.metadatasharing.Item id="386" uuid="8bb4cc4f-e553-4545-a293-8d7a37eb6d7b">
      <id>10439</id>
      <classname>org.openmrs.ConceptAnswer</classname>
      <dateChanged id="387">2018-09-18 17:47:49</dateChanged>
    </org.openmrs.module.metadatasharing.Item>
    <org.openmrs.module.metadatasharing.Item id="388" uuid="1e21aac2-0f82-4572-82a8-912d6de6a723">
      <id>10438</id>
      <classname>org.openmrs.ConceptAnswer</classname>
      <dateChanged id="389">2018-09-18 17:47:49</dateChanged>
    </org.openmrs.module.metadatasharing.Item>
    <org.openmrs.module.metadatasharing.Item id="390" uuid="01cf153c-0dd6-4262-8f28-b176f47bf725">
      <id>10440</id>
      <classname>org.openmrs.ConceptAnswer</classname>
      <dateChanged id="391">2018-09-18 17:47:49</dateChanged>
    </org.openmrs.module.metadatasharing.Item>
    <org.openmrs.module.metadatasharing.Item id="392" uuid="3cee7fb4-26fe-102b-80cb-0017a47871b2">
      <id>5622</id>
      <classname>org.openmrs.Concept</classname>
      <dateChanged id="393">2018-09-18 17:05:51</dateChanged>
      <retired>false</retired>
    </org.openmrs.module.metadatasharing.Item>
    <org.openmrs.module.metadatasharing.Item id="394" uuid="9595c9e4-cb30-4f67-bafc-c9a2815afaa7">
      <id>36885</id>
      <classname>org.openmrs.ConceptName</classname>
      <dateChanged id="395">2018-09-18 17:05:51</dateChanged>
    </org.openmrs.module.metadatasharing.Item>
    <org.openmrs.module.metadatasharing.Item id="396" uuid="14a06afe-a240-4d52-8eda-a762857aabe8">
      <id>22361</id>
      <classname>org.openmrs.ConceptName</classname>
      <dateChanged id="397">2015-04-22 14:28:48</dateChanged>
    </org.openmrs.module.metadatasharing.Item>
    <org.openmrs.module.metadatasharing.Item id="398" uuid="5d856fe2-17fd-497f-b890-461270eef2bd">
      <id>17242</id>
      <classname>org.openmrs.ConceptName</classname>
      <dateChanged id="399">2015-04-22 14:28:47</dateChanged>
    </org.openmrs.module.metadatasharing.Item>
    <org.openmrs.module.metadatasharing.Item id="400" uuid="1724c34c-6f89-4bd0-8bf7-ec83c3ba53fb">
      <id>22518</id>
      <classname>org.openmrs.ConceptName</classname>
      <dateChanged id="401">2015-04-22 14:28:48</dateChanged>
    </org.openmrs.module.metadatasharing.Item>
    <org.openmrs.module.metadatasharing.Item id="402" uuid="135577BBBBBBBBBBBBBBBBBBBBBBBBBBBBBB">
      <id>32110</id>
      <classname>org.openmrs.ConceptName</classname>
      <dateChanged id="403">2016-02-20 10:04:58</dateChanged>
    </org.openmrs.module.metadatasharing.Item>
    <org.openmrs.module.metadatasharing.Item id="404" uuid="abc2ce9a-2a12-46b5-9bd7-cee4d9f61b08">
      <id>22519</id>
      <classname>org.openmrs.ConceptName</classname>
      <dateChanged id="405">2015-04-22 14:28:48</dateChanged>
    </org.openmrs.module.metadatasharing.Item>
    <org.openmrs.module.metadatasharing.Item id="406" uuid="f76ebd34-d5db-102d-ad2a-000c29c2a5d7">
      <id>13784</id>
      <classname>org.openmrs.ConceptName</classname>
      <dateChanged id="407">2015-04-22 14:28:47</dateChanged>
    </org.openmrs.module.metadatasharing.Item>
    <org.openmrs.module.metadatasharing.Item id="408" uuid="0b6f95da-15f5-102d-96e4-000c29c2a5d7">
      <id>3992</id>
      <classname>org.openmrs.ConceptName</classname>
      <dateChanged id="409">2015-04-22 14:28:47</dateChanged>
    </org.openmrs.module.metadatasharing.Item>
    <org.openmrs.module.metadatasharing.Item id="410" uuid="0b6f94ea-15f5-102d-96e4-000c29c2a5d7">
      <id>3991</id>
      <classname>org.openmrs.ConceptName</classname>
      <dateChanged id="411">2015-04-22 14:28:48</dateChanged>
    </org.openmrs.module.metadatasharing.Item>
    <org.openmrs.module.metadatasharing.Item id="412" uuid="105802BBBBBBBBBBBBBBBBBBBBBBBBBBBBBB">
      <id>27020</id>
      <classname>org.openmrs.ConceptName</classname>
      <dateChanged id="413">2015-04-22 14:28:48</dateChanged>
    </org.openmrs.module.metadatasharing.Item>
    <org.openmrs.module.metadatasharing.Item id="414" uuid="134542BBBBBBBBBBBBBBBBBBBBBBBBBBBBBB">
      <id>32111</id>
      <classname>org.openmrs.ConceptName</classname>
      <dateChanged id="415">2015-11-04 09:47:47</dateChanged>
    </org.openmrs.module.metadatasharing.Item>
    <org.openmrs.module.metadatasharing.Item id="416" uuid="af406c44-9ddb-4808-8caa-8361f7f95028">
      <id>17241</id>
      <classname>org.openmrs.ConceptName</classname>
      <dateChanged id="417">2015-04-22 14:28:48</dateChanged>
    </org.openmrs.module.metadatasharing.Item>
    <org.openmrs.module.metadatasharing.Item id="418" uuid="ee0467a0-08a5-4a89-be32-911f1338012c">
      <id>17185</id>
      <classname>org.openmrs.ConceptName</classname>
      <dateChanged id="419">2015-04-22 14:28:47</dateChanged>
    </org.openmrs.module.metadatasharing.Item>
    <org.openmrs.module.metadatasharing.Item id="420" uuid="110113BBBBBBBBBBBBBBBBBBBBBBBBBBBBBB">
      <id>27019</id>
      <classname>org.openmrs.ConceptName</classname>
      <dateChanged id="421">2015-04-22 14:28:48</dateChanged>
    </org.openmrs.module.metadatasharing.Item>
    <org.openmrs.module.metadatasharing.Item id="422" uuid="110860BBBBBBBBBBBBBBBBBBBBBBBBBBBBBB">
      <id>27021</id>
      <classname>org.openmrs.ConceptName</classname>
      <dateChanged id="423">2018-09-18 17:05:51</dateChanged>
    </org.openmrs.module.metadatasharing.Item>
    <org.openmrs.module.metadatasharing.Item id="424" uuid="0b40b634-15f5-102d-96e4-000c29c2a5d7">
      <id>3424</id>
      <classname>org.openmrs.ConceptDescription</classname>
      <dateChanged id="425">2015-04-22 14:28:48</dateChanged>
    </org.openmrs.module.metadatasharing.Item>
    <org.openmrs.module.metadatasharing.Item id="426" uuid="ed211c48-07fe-102c-b5fa-0017a47871b2">
      <id>3425</id>
      <classname>org.openmrs.ConceptDescription</classname>
      <dateChanged id="427">2012-01-25 22:19:06</dateChanged>
    </org.openmrs.module.metadatasharing.Item>
    <org.openmrs.module.metadatasharing.Item id="428" uuid="3204a934-0370-102d-b0e3-001ec94a0cc1">
      <id>5859</id>
      <classname>org.openmrs.ConceptDescription</classname>
      <dateChanged id="429">2012-08-10 12:02:26</dateChanged>
    </org.openmrs.module.metadatasharing.Item>
    <org.openmrs.module.metadatasharing.Item id="430" uuid="3204a858-0370-102d-b0e3-001ec94a0cc1">
      <id>5860</id>
      <classname>org.openmrs.ConceptDescription</classname>
      <dateChanged id="431">2012-08-10 12:02:26</dateChanged>
    </org.openmrs.module.metadatasharing.Item>
    <org.openmrs.module.metadatasharing.Item id="432" uuid="2253FFFFFFFFFFFFFFFFFFFFFFFFFFFFFFFF">
      <id>6539</id>
      <classname>org.openmrs.ConceptDescription</classname>
      <dateChanged id="433">2014-09-14 01:47:32</dateChanged>
    </org.openmrs.module.metadatasharing.Item>
    <org.openmrs.module.metadatasharing.Item id="434" uuid="b299b5b4-4864-102e-96e9-000c29c2a5d7">
      <id>4693</id>
      <classname>org.openmrs.ConceptMap</classname>
      <dateChanged id="435">2015-04-22 14:28:48</dateChanged>
    </org.openmrs.module.metadatasharing.Item>
    <org.openmrs.module.metadatasharing.Item id="436" uuid="a2b5fae6-22c8-3da7-ab40-afdb28f8b6bd">
      <id>4693</id>
      <classname>org.openmrs.ConceptReferenceTerm</classname>
      <dateChanged id="437">2010-11-23 00:00:00</dateChanged>
      <retired>false</retired>
    </org.openmrs.module.metadatasharing.Item>
    <org.openmrs.module.metadatasharing.Item id="438" uuid="137878ABBBBBBBBBBBBBBBBBBBBBBBBBBBBB">
      <id>22807</id>
      <classname>org.openmrs.ConceptMap</classname>
      <dateChanged id="439">2015-04-22 14:28:48</dateChanged>
    </org.openmrs.module.metadatasharing.Item>
    <org.openmrs.module.metadatasharing.Item id="440" uuid="a3f0e281-7488-3554-bc11-ef48292a7f26">
      <id>10034</id>
      <classname>org.openmrs.ConceptReferenceTerm</classname>
      <dateChanged id="441">2010-11-24 00:00:00</dateChanged>
      <retired>false</retired>
    </org.openmrs.module.metadatasharing.Item>
    <org.openmrs.module.metadatasharing.Item id="442" uuid="04ef5e6c-3062-432a-ad7f-0581a6cac76d">
      <id>22826</id>
      <classname>org.openmrs.ConceptMap</classname>
      <dateChanged id="443">2015-04-22 14:28:48</dateChanged>
    </org.openmrs.module.metadatasharing.Item>
    <org.openmrs.module.metadatasharing.Item id="444" uuid="532a6d41-613d-45f3-ad92-f4c1d983ef59">
      <id>22358</id>
      <classname>org.openmrs.ConceptReferenceTerm</classname>
      <dateChanged id="445">2014-09-23 22:58:29</dateChanged>
      <retired>false</retired>
    </org.openmrs.module.metadatasharing.Item>
    <org.openmrs.module.metadatasharing.Item id="446" uuid="18c7f447-93a1-4fd7-9319-e74a79d137c4">
      <id>25747</id>
      <classname>org.openmrs.ConceptMap</classname>
      <dateChanged id="447">2015-06-30 22:03:32</dateChanged>
    </org.openmrs.module.metadatasharing.Item>
    <org.openmrs.module.metadatasharing.Item id="448" uuid="7033a763-c711-3688-aa6c-39669fde989e">
      <id>10382</id>
      <classname>org.openmrs.ConceptReferenceTerm</classname>
      <dateChanged id="449">2010-11-24 00:00:00</dateChanged>
      <retired>false</retired>
    </org.openmrs.module.metadatasharing.Item>
    <org.openmrs.module.metadatasharing.Item id="450" uuid="141670ABBBBBBBBBBBBBBBBBBBBBBBBBBBBB">
      <id>22805</id>
      <classname>org.openmrs.ConceptMap</classname>
      <dateChanged id="451">2015-04-22 14:28:48</dateChanged>
    </org.openmrs.module.metadatasharing.Item>
    <org.openmrs.module.metadatasharing.Item id="452" uuid="cd9bed8e-d47a-38bd-a677-695644801d87">
      <id>22334</id>
      <classname>org.openmrs.ConceptReferenceTerm</classname>
      <dateChanged id="453">2011-02-10 05:00:00</dateChanged>
      <retired>false</retired>
    </org.openmrs.module.metadatasharing.Item>
    <org.openmrs.module.metadatasharing.Item id="454" uuid="14ADDDDDDDDDDDDDDDDDDDDDDDDDDDDDDDDD">
      <id>15</id>
      <classname>org.openmrs.ConceptSource</classname>
      <dateChanged id="455">2015-07-01 17:25:50</dateChanged>
      <retired>false</retired>
    </org.openmrs.module.metadatasharing.Item>
    <org.openmrs.module.metadatasharing.Item id="456" uuid="a567d7c3-7943-41e4-80d5-6090aedcb6b6">
      <id>13665</id>
      <classname>org.openmrs.ConceptMap</classname>
      <dateChanged id="457">2015-04-22 14:28:48</dateChanged>
    </org.openmrs.module.metadatasharing.Item>
    <org.openmrs.module.metadatasharing.Item id="458" uuid="68b6c991-c8b8-3310-9182-8133b938d47a">
      <id>13665</id>
      <classname>org.openmrs.ConceptReferenceTerm</classname>
      <dateChanged id="459">2010-12-01 00:00:00</dateChanged>
      <retired>false</retired>
    </org.openmrs.module.metadatasharing.Item>
    <org.openmrs.module.metadatasharing.Item id="460" uuid="ddb6b595-0b85-4a80-9243-efe4ba404eef">
      <id>4</id>
      <classname>org.openmrs.ConceptSource</classname>
      <dateChanged id="461">2015-07-01 17:25:50</dateChanged>
      <retired>false</retired>
    </org.openmrs.module.metadatasharing.Item>
    <org.openmrs.module.metadatasharing.Item id="462" uuid="4f37b2ff-7456-4db7-a8de-1d312f586ef2">
      <id>22824</id>
      <classname>org.openmrs.ConceptMap</classname>
      <dateChanged id="463">2015-04-22 14:28:48</dateChanged>
    </org.openmrs.module.metadatasharing.Item>
    <org.openmrs.module.metadatasharing.Item id="464" uuid="8ff418b3-394b-43a6-84dd-933dd2bdc56a">
      <id>22357</id>
      <classname>org.openmrs.ConceptReferenceTerm</classname>
      <dateChanged id="465">2014-09-23 22:57:57</dateChanged>
      <retired>false</retired>
    </org.openmrs.module.metadatasharing.Item>
    <org.openmrs.module.metadatasharing.Item id="466" uuid="137766ABBBBBBBBBBBBBBBBBBBBBBBBBBBBB">
      <id>22806</id>
      <classname>org.openmrs.ConceptMap</classname>
      <dateChanged id="467">2015-04-22 14:28:48</dateChanged>
    </org.openmrs.module.metadatasharing.Item>
    <org.openmrs.module.metadatasharing.Item id="468" uuid="43ac5109-7d8c-11e1-909d-c80aa9edcf4e">
      <id>2</id>
      <classname>org.openmrs.ConceptMapType</classname>
      <dateChanged id="469">2012-06-21 00:00:00</dateChanged>
      <retired>false</retired>
    </org.openmrs.module.metadatasharing.Item>
    <org.openmrs.module.metadatasharing.Item id="470" uuid="17744715-bb7d-3022-96d3-2e2144a778d4">
      <id>22335</id>
      <classname>org.openmrs.ConceptReferenceTerm</classname>
      <dateChanged id="471">2011-01-15 05:00:00</dateChanged>
      <retired>false</retired>
    </org.openmrs.module.metadatasharing.Item>
    <org.openmrs.module.metadatasharing.Item id="472" uuid="2ADDDDDDDDDDDDDDDDDDDDDDDDDDDDDDDDDD">
      <id>8</id>
      <classname>org.openmrs.ConceptSource</classname>
      <dateChanged id="473">2015-07-01 17:25:50</dateChanged>
      <retired>false</retired>
    </org.openmrs.module.metadatasharing.Item>
    <org.openmrs.module.metadatasharing.Item id="474" uuid="e63d9e5e-2a4e-40c6-8a41-b5a9427a9204">
      <id>10437</id>
      <classname>org.openmrs.ConceptAnswer</classname>
      <dateChanged id="475">2018-09-18 17:47:49</dateChanged>
    </org.openmrs.module.metadatasharing.Item>
    <org.openmrs.module.metadatasharing.Item id="476" uuid="3cd743f8-26fe-102b-80cb-0017a47871b2">
      <id>1107</id>
      <classname>org.openmrs.Concept</classname>
      <dateChanged id="477">2017-04-28 23:39:29</dateChanged>
      <retired>false</retired>
    </org.openmrs.module.metadatasharing.Item>
    <org.openmrs.module.metadatasharing.Item id="478" uuid="93ed93b0-07d4-102c-b5fa-0017a47871b2">
      <id>6494</id>
      <classname>org.openmrs.ConceptName</classname>
      <dateChanged id="479">2015-04-22 14:28:49</dateChanged>
    </org.openmrs.module.metadatasharing.Item>
    <org.openmrs.module.metadatasharing.Item id="480" uuid="3e15729e-26fe-102b-80cb-0017a47871b2">
      <id>1144</id>
      <classname>org.openmrs.ConceptName</classname>
      <dateChanged id="481">2015-04-22 14:28:49</dateChanged>
    </org.openmrs.module.metadatasharing.Item>
    <org.openmrs.module.metadatasharing.Item id="482" uuid="107848BBBBBBBBBBBBBBBBBBBBBBBBBBBBBB">
      <id>34599</id>
      <classname>org.openmrs.ConceptName</classname>
      <dateChanged id="483">2017-06-09 14:38:13</dateChanged>
    </org.openmrs.module.metadatasharing.Item>
    <org.openmrs.module.metadatasharing.Item id="484" uuid="123556BBBBBBBBBBBBBBBBBBBBBBBBBBBBBB">
      <id>33109</id>
      <classname>org.openmrs.ConceptName</classname>
      <dateChanged id="485">2013-03-10 05:12:16</dateChanged>
    </org.openmrs.module.metadatasharing.Item>
    <org.openmrs.module.metadatasharing.Item id="486" uuid="107849BBBBBBBBBBBBBBBBBBBBBBBBBBBBBB">
      <id>34600</id>
      <classname>org.openmrs.ConceptName</classname>
      <dateChanged id="487">2017-06-09 14:38:13</dateChanged>
    </org.openmrs.module.metadatasharing.Item>
    <org.openmrs.module.metadatasharing.Item id="488" uuid="127493BBBBBBBBBBBBBBBBBBBBBBBBBBBBBB">
      <id>33108</id>
      <classname>org.openmrs.ConceptName</classname>
      <dateChanged id="489">2015-06-29 19:10:07</dateChanged>
    </org.openmrs.module.metadatasharing.Item>
    <org.openmrs.module.metadatasharing.Item id="490" uuid="06908f43-997d-44a4-9d03-6565da05a67c">
      <id>31924</id>
      <classname>org.openmrs.ConceptName</classname>
      <dateChanged id="491">2017-04-04 21:39:40</dateChanged>
    </org.openmrs.module.metadatasharing.Item>
    <org.openmrs.module.metadatasharing.Item id="492" uuid="755b38e3-7c4c-4bdc-a5db-08d37e31c4f7">
      <id>31925</id>
      <classname>org.openmrs.ConceptName</classname>
      <dateChanged id="493">2017-04-04 21:39:40</dateChanged>
    </org.openmrs.module.metadatasharing.Item>
    <org.openmrs.module.metadatasharing.Item id="494" uuid="111197BBBBBBBBBBBBBBBBBBBBBBBBBBBBBB">
      <id>33106</id>
      <classname>org.openmrs.ConceptName</classname>
      <dateChanged id="495">2013-01-27 06:40:53</dateChanged>
    </org.openmrs.module.metadatasharing.Item>
    <org.openmrs.module.metadatasharing.Item id="496" uuid="3e157424-26fe-102b-80cb-0017a47871b2">
      <id>1145</id>
      <classname>org.openmrs.ConceptName</classname>
      <dateChanged id="497">2015-04-22 14:28:49</dateChanged>
    </org.openmrs.module.metadatasharing.Item>
    <org.openmrs.module.metadatasharing.Item id="498" uuid="f5d5965a-d5db-102d-ad2a-000c29c2a5d7">
      <id>10625</id>
      <classname>org.openmrs.ConceptName</classname>
      <dateChanged id="499">2015-04-22 14:28:49</dateChanged>
    </org.openmrs.module.metadatasharing.Item>
    <org.openmrs.module.metadatasharing.Item id="500" uuid="110232BBBBBBBBBBBBBBBBBBBBBBBBBBBBBB">
      <id>33107</id>
      <classname>org.openmrs.ConceptName</classname>
      <dateChanged id="501">2012-08-15 17:41:21</dateChanged>
    </org.openmrs.module.metadatasharing.Item>
    <org.openmrs.module.metadatasharing.Item id="502" uuid="ece4993a-07fe-102c-b5fa-0017a47871b2">
      <id>1118</id>
      <classname>org.openmrs.ConceptDescription</classname>
      <dateChanged id="503">2015-04-22 14:28:49</dateChanged>
    </org.openmrs.module.metadatasharing.Item>
    <org.openmrs.module.metadatasharing.Item id="504" uuid="ece49b06-07fe-102c-b5fa-0017a47871b2">
      <id>1119</id>
      <classname>org.openmrs.ConceptDescription</classname>
      <dateChanged id="505">2012-03-19 14:51:30</dateChanged>
    </org.openmrs.module.metadatasharing.Item>
    <org.openmrs.module.metadatasharing.Item id="506" uuid="1110FFFFFFFFFFFFFFFFFFFFFFFFFFFFFFFF">
      <id>7182</id>
      <classname>org.openmrs.ConceptDescription</classname>
      <dateChanged id="507">2016-04-22 00:55:26</dateChanged>
    </org.openmrs.module.metadatasharing.Item>
    <org.openmrs.module.metadatasharing.Item id="508" uuid="16645FFFFFFFFFFFFFFFFFFFFFFFFFFFFFFF">
      <id>7474</id>
      <classname>org.openmrs.ConceptDescription</classname>
      <dateChanged id="509">2011-05-28 21:35:02</dateChanged>
    </org.openmrs.module.metadatasharing.Item>
    <org.openmrs.module.metadatasharing.Item id="510" uuid="136898ABBBBBBBBBBBBBBBBBBBBBBBBBBBBB">
      <id>28037</id>
      <classname>org.openmrs.ConceptMap</classname>
      <dateChanged id="511">2010-11-24 19:54:58</dateChanged>
    </org.openmrs.module.metadatasharing.Item>
    <org.openmrs.module.metadatasharing.Item id="512" uuid="9186c7b3-2845-326c-bc3f-47fe70a5b03f">
      <id>27467</id>
      <classname>org.openmrs.ConceptReferenceTerm</classname>
      <dateChanged id="513">2010-11-24 05:00:00</dateChanged>
      <retired>false</retired>
    </org.openmrs.module.metadatasharing.Item>
    <org.openmrs.module.metadatasharing.Item id="514" uuid="5a0c6541-6cee-4e2a-803f-2b905359dfaa">
      <id>27088</id>
      <classname>org.openmrs.ConceptMap</classname>
      <dateChanged id="515">2017-03-05 16:20:15</dateChanged>
    </org.openmrs.module.metadatasharing.Item>
    <org.openmrs.module.metadatasharing.Item id="516" uuid="c8b5a1fe-dc2b-45dc-a7a6-2388d26ab92c">
      <id>26245</id>
      <classname>org.openmrs.ConceptReferenceTerm</classname>
      <dateChanged id="517">2017-03-05 16:18:23</dateChanged>
      <retired>false</retired>
    </org.openmrs.module.metadatasharing.Item>
    <org.openmrs.module.metadatasharing.Item id="518" uuid="b20d518c-4864-102e-96e9-000c29c2a5d7">
      <id>1109</id>
      <classname>org.openmrs.ConceptMap</classname>
      <dateChanged id="519">2015-04-22 14:28:49</dateChanged>
    </org.openmrs.module.metadatasharing.Item>
    <org.openmrs.module.metadatasharing.Item id="520" uuid="dce865da-6908-311b-bae3-12108f44c955">
      <id>1109</id>
      <classname>org.openmrs.ConceptReferenceTerm</classname>
      <dateChanged id="521">2010-11-23 00:00:00</dateChanged>
      <retired>false</retired>
    </org.openmrs.module.metadatasharing.Item>
    <org.openmrs.module.metadatasharing.Item id="522" uuid="7568a490-4943-102e-96e9-000c29c2a5d7">
      <id>6976</id>
      <classname>org.openmrs.ConceptMap</classname>
      <dateChanged id="523">2015-04-22 14:28:49</dateChanged>
    </org.openmrs.module.metadatasharing.Item>
    <org.openmrs.module.metadatasharing.Item id="524" uuid="cf966444-9901-3075-9bd2-d6b0f76e8a21">
      <id>6976</id>
      <classname>org.openmrs.ConceptReferenceTerm</classname>
      <dateChanged id="525">2010-11-24 00:00:00</dateChanged>
      <retired>false</retired>
    </org.openmrs.module.metadatasharing.Item>
    <org.openmrs.module.metadatasharing.Item id="526" uuid="144380ABBBBBBBBBBBBBBBBBBBBBBBBBBBBB">
      <id>28038</id>
      <classname>org.openmrs.ConceptMap</classname>
      <dateChanged id="527">2012-06-03 22:02:05</dateChanged>
    </org.openmrs.module.metadatasharing.Item>
    <org.openmrs.module.metadatasharing.Item id="528" uuid="7da01d43-3ce0-3802-a51d-ac5d55189d21">
      <id>27468</id>
      <classname>org.openmrs.ConceptReferenceTerm</classname>
      <dateChanged id="529">2012-06-03 04:00:00</dateChanged>
      <retired>false</retired>
    </org.openmrs.module.metadatasharing.Item>
    <org.openmrs.module.metadatasharing.Item id="530" uuid="430dd060-0371-102d-b0e3-001ec94a0cc1">
      <id>13667</id>
      <classname>org.openmrs.ConceptMap</classname>
      <dateChanged id="531">2015-04-22 14:28:49</dateChanged>
    </org.openmrs.module.metadatasharing.Item>
    <org.openmrs.module.metadatasharing.Item id="532" uuid="178ba75f-fbac-3dc0-9ce2-97e23d971432">
      <id>13667</id>
      <classname>org.openmrs.ConceptReferenceTerm</classname>
      <dateChanged id="533">2012-06-21 20:12:39</dateChanged>
      <retired>false</retired>
    </org.openmrs.module.metadatasharing.Item>
    <org.openmrs.module.metadatasharing.Item id="534" uuid="134779ABBBBBBBBBBBBBBBBBBBBBBBBBBBBB">
      <id>28039</id>
      <classname>org.openmrs.ConceptMap</classname>
      <dateChanged id="535">2010-10-24 17:09:59</dateChanged>
    </org.openmrs.module.metadatasharing.Item>
    <org.openmrs.module.metadatasharing.Item id="536" uuid="e2c0e5fe-6199-362d-89e5-1df986f42a90">
      <id>27469</id>
      <classname>org.openmrs.ConceptReferenceTerm</classname>
      <dateChanged id="537">2010-10-24 04:00:00</dateChanged>
      <retired>false</retired>
    </org.openmrs.module.metadatasharing.Item>
    <org.openmrs.module.metadatasharing.Item id="538" uuid="f161b26a-f965-423a-b5d7-95a52fa1de4b">
      <id>30880</id>
      <classname>org.openmrs.ConceptMap</classname>
      <dateChanged id="539">2018-10-27 18:31:18</dateChanged>
    </org.openmrs.module.metadatasharing.Item>
    <org.openmrs.module.metadatasharing.Item id="540" uuid="48e33fce-2817-4fbc-8f76-7192c7762b7e">
      <id>30238</id>
      <classname>org.openmrs.ConceptReferenceTerm</classname>
      <dateChanged id="541">2018-10-27 18:31:06</dateChanged>
      <retired>false</retired>
    </org.openmrs.module.metadatasharing.Item>
  </relatedItems>
  <incrementalVersion>false</incrementalVersion>
</package>
