<?xml version="1.0" encoding="UTF-8"?>
<package id="1" uuid="5a17b2cb-e865-480c-97b5-99f70b9e746c">
  <dateCreated id="2">2015-08-06 17:17:39</dateCreated>
  <name>HUM NCD</name>
  <description>Non-communicable disease form for University Hospital at Mirebalais.</description>
  <openmrsVersion>1.9.8  Build fd241c</openmrsVersion>
  <version>1</version>
  <groupUuid>50102310-1d04-4070-a42c-185d7198acad</groupUuid>
  <modules id="3">
    <entry>
      <string>uilibrary</string>
      <string>2.0.3.1</string>
    </entry>
    <entry>
      <string>reportingcompatibility</string>
      <string>1.5.8</string>
    </entry>
    <entry>
      <string>groovy</string>
      <string>2.2.4</string>
    </entry>
    <entry>
      <string>metadatadeploy</string>
      <string>1.5-SNAPSHOT</string>
    </entry>
    <entry>
      <string>uiframework</string>
      <string>3.1</string>
    </entry>
    <entry>
      <string>validation</string>
      <string>1.0.1</string>
    </entry>
    <entry>
      <string>htmlformentry</string>
      <string>2.2.1</string>
    </entry>
    <entry>
      <string>metadatamapping</string>
      <string>1.0.1</string>
    </entry>
    <entry>
      <string>pihcore</string>
      <string>1.0-SNAPSHOT</string>
    </entry>
    <entry>
      <string>logic</string>
      <string>0.5.2</string>
    </entry>
    <entry>
      <string>providermanagement</string>
      <string>2.0</string>
    </entry>
    <entry>
      <string>htmlformentry19ext</string>
      <string>1.4</string>
    </entry>
    <entry>
      <string>metadatasharing</string>
      <string>1.1.8</string>
    </entry>
    <entry>
      <string>serialization.xstream</string>
      <string>0.2.7</string>
    </entry>
  </modules>
  <items class="linked-hash-set" id="4">
    <org.openmrs.module.metadatasharing.Item id="5" uuid="59166690-b88b-4cbd-92f7-31fb037bf2dc">
      <id>86</id>
      <classname>org.openmrs.module.htmlformentry.HtmlForm</classname>
      <dateChanged id="6">2015-08-06 17:07:40</dateChanged>
      <retired>false</retired>
    </org.openmrs.module.metadatasharing.Item>
  </items>
  <relatedItems class="linked-hash-set" id="7">
    <org.openmrs.module.metadatasharing.Item id="8" uuid="8bb13d24-e341-42e6-84ef-8fb73d1fce82">
      <id>215</id>
      <classname>org.openmrs.Form</classname>
      <dateChanged id="9">2015-08-06 17:00:13</dateChanged>
      <retired>false</retired>
    </org.openmrs.module.metadatasharing.Item>
    <org.openmrs.module.metadatasharing.Item id="10" uuid="ae06d311-1866-455b-8a64-126a9bd74171">
      <id>46</id>
      <classname>org.openmrs.EncounterType</classname>
      <dateChanged id="11">2015-08-06 16:59:36</dateChanged>
      <retired>false</retired>
    </org.openmrs.module.metadatasharing.Item>
    <org.openmrs.module.metadatasharing.Item id="12" uuid="dea8febf-0bbe-4111-8152-a9cf7df622b6">
      <id>6</id>
      <classname>org.openmrs.LocationTag</classname>
      <dateChanged id="13">2013-10-30 18:31:02</dateChanged>
      <retired>false</retired>
    </org.openmrs.module.metadatasharing.Item>
    <org.openmrs.module.metadatasharing.Item id="14" uuid="4f10ad1a-ec49-48df-98c7-1391c6ac7f05">
      <id>8</id>
      <classname>org.openmrs.EncounterRole</classname>
      <dateChanged id="15">2013-02-21 01:10:42</dateChanged>
      <retired>false</retired>
    </org.openmrs.module.metadatasharing.Item>
  </relatedItems>
</package>
