<?xml version="1.0" encoding="UTF-8"?>
<list id="1">
  <org.openmrs.Role id="2" uuid="5da08e21-efd6-497c-9ef5-d50d7e33a63a">
    <description>pharmacist</description>
    <retired>false</retired>
    <role>Application Role: pharmacist</role>
    <privileges id="3">
      <org.openmrs.Privilege id="4" uuid="11169039-8b0a-489d-a11a-eade77c20eb6">
        <description>Access the Mirebalais Check-In app</description>
        <retired>false</retired>
        <privilege>App: mirebalais.checkin</privilege>
      </org.openmrs.Privilege>
      <org.openmrs.Privilege id="5" uuid="cc9bcfd5-2bc8-489f-85a7-fbd65e5a8293">
        <description>Ability to dispense medicine.</description>
        <retired>false</retired>
        <privilege>Task: mirebalais.dispensing</privilege>
      </org.openmrs.Privilege>
      <org.openmrs.Privilege id="6" uuid="769a12c2-6ff0-42ba-888e-52e66ed16fb7">
        <description>Access to dispensing medication app.</description>
        <retired>false</retired>
        <privilege>App: dispensing.app.dispense</privilege>
      </org.openmrs.Privilege>
    </privileges>
    <inheritedRoles id="7"/>
    <childRoles id="8"/>
  </org.openmrs.Role>
  <org.openmrs.Role id="9" uuid="ba7772b3-89c1-4179-9b4d-e0eb96164da6">
    <description>Application Role: sysAdmin</description>
    <retired>false</retired>
    <role>Application Role: sysAdmin</role>
    <privileges id="10">
      <org.openmrs.Privilege id="11" uuid="b79b8f83-75e0-4e74-a1c5-2a6e7eb67ab8">
        <description>Ability to merge visits</description>
        <retired>false</retired>
        <privilege>Task: coreapps.mergeVisits</privilege>
      </org.openmrs.Privilege>
      <org.openmrs.Privilege id="12" uuid="91d80e71-3ad7-4bc2-8bef-c6378e1b2b70">
        <description>Request that a patient&apos;s paper chart be pulled from central archives</description>
        <retired>false</retired>
        <privilege>Task: emr.requestPaperRecord</privilege>
      </org.openmrs.Privilege>
      <org.openmrs.Privilege id="13" uuid="d92637e3-8c03-4104-836a-f5bde8d8be47">
        <description>Able to edit provide location and date of dispensing medication.</description>
        <retired>false</retired>
        <privilege>Task: mirebalaisDispensingEditProviderAndLocation</privilege>
      </org.openmrs.Privilege>
      <org.openmrs.Privilege id="14" uuid="182974df-c322-4f13-a14e-a341a1fb3619">
        <description>Rights to order a CT Scan via the radiology app</description>
        <retired>false</retired>
        <privilege>Task: org.openmrs.module.radiologyapp.orderCT</privilege>
      </org.openmrs.Privilege>
      <org.openmrs.Privilege id="15" uuid="89cde56a-d8cc-4261-b491-38a1296edce0">
        <description>Us the Ad Hoc Analysis tool</description>
        <retired>false</retired>
        <privilege>App: reportingui.adHocAnalysis</privilege>
      </org.openmrs.Privilege>
      <org.openmrs.Privilege id="16" uuid="3f98d0c9-22ff-4d31-bad8-84a392420407">
        <description>Enter clinical forms</description>
        <retired>false</retired>
        <privilege>Task: emr.enterClinicalForms</privilege>
      </org.openmrs.Privilege>
      <org.openmrs.Privilege id="17" uuid="ff003c75-d0a6-4fa8-b089-c8698b50131b">
        <description>Access the emr.printLabels task</description>
        <retired>false</retired>
        <privilege>Task: emr.printLabels</privilege>
      </org.openmrs.Privilege>
      <org.openmrs.Privilege id="18" uuid="6c82abbd-ae62-4080-8528-ac1e28220797">
        <description>Run the Search Master Patient Index app</description>
        <retired>false</retired>
        <privilege>App: mirebalais.mpi</privilege>
      </org.openmrs.Privilege>
      <org.openmrs.Privilege id="19" uuid="a4bb96b4-b3cb-4e3c-9251-a7c0ca173035">
        <description>Use the &quot;Reports&quot; app provided by the reportingui module</description>
        <retired>false</retired>
        <privilege>App: reportingui.reports</privilege>
      </org.openmrs.Privilege>
      <org.openmrs.Privilege id="20" uuid="c39f681c-fee7-44d0-b764-59e4e8aec854">
        <description>Run the Edit a patient app</description>
        <retired>false</retired>
        <privilege>App: patientregistration.edit</privilege>
      </org.openmrs.Privilege>
      <org.openmrs.Privilege id="21" uuid="ac6585f1-10e0-4a4e-84e3-fb8b098f0cbe">
        <description>Ability to retrospectively enter a consult note for provider user.</description>
        <retired>false</retired>
        <privilege>Task: emr.retroConsultNoteThisProviderOnly</privilege>
      </org.openmrs.Privilege>
      <org.openmrs.Privilege id="22" uuid="ec6fcf8e-e4b7-4c69-8ca0-97cf2796315e">
        <description>Rights to start a visit from the patient dashboard</description>
        <retired>false</retired>
        <privilege>Task: coreapps.createVisit</privilege>
      </org.openmrs.Privilege>
      <org.openmrs.Privilege reference="6"/>
      <org.openmrs.Privilege id="23" uuid="90ba15be-842d-4d11-969d-773958ec0ded">
        <description>Privilege to order an ultrasound exam</description>
        <retired>false</retired>
        <privilege>Task: org.openmrs.module.radiologyapp.orderUS</privilege>
      </org.openmrs.Privilege>
      <org.openmrs.Privilege id="24" uuid="daa25847-97c4-4b9d-b233-2d33a2fb9480">
        <description>Ability to retrospectively order a radiology study</description>
        <retired>false</retired>
        <privilege>Task: org.openmrs.module.radiologyapp.retroOrder</privilege>
      </org.openmrs.Privilege>
      <org.openmrs.Privilege id="25" uuid="7232d5a2-f890-4834-a0ea-e88eadc8aae2">
        <description>Privilege to use the &quot;Awaiting Admission&quot; app</description>
        <retired>false</retired>
        <privilege>App: coreapps.awaitingAdmission</privilege>
      </org.openmrs.Privilege>
      <org.openmrs.Privilege id="26" uuid="b5a20e50-6951-4eb8-92e3-d6011efc3b97">
        <description>Rights to order an x-ray via the x-ray app</description>
        <retired>false</retired>
        <privilege>Task: org.openmrs.module.radiologyapp.orderXray</privilege>
      </org.openmrs.Privilege>
      <org.openmrs.Privilege id="27" uuid="24fb3877-c07e-436f-8005-ce7a81245fcd">
        <description>Run the Archives Room app</description>
        <retired>false</retired>
        <privilege>App: emr.archivesRoom</privilege>
      </org.openmrs.Privilege>
      <org.openmrs.Privilege id="28" uuid="29ba7bba-c9b6-4528-b55e-7bef146621e9">
        <description>Run the Patient Registration app</description>
        <retired>false</retired>
        <privilege>App: patientregistration.main</privilege>
      </org.openmrs.Privilege>
      <org.openmrs.Privilege reference="5"/>
      <org.openmrs.Privilege id="29" uuid="d5e693ae-3f24-4fcb-abfd-eec345a76c17">
        <description>Ability to retrospectively enter a consult note</description>
        <retired>false</retired>
        <privilege>Task: emr.retroConsultNote</privilege>
      </org.openmrs.Privilege>
      <org.openmrs.Privilege id="30" uuid="15b126ce-9657-421f-a5be-19cea5573d3b">
        <description>Ability to view the Radiology tab for patient</description>
        <retired>false</retired>
        <privilege>Task: org.openmrs.module.radiologyapp.tab</privilege>
      </org.openmrs.Privilege>
      <org.openmrs.Privilege id="31" uuid="4841f2dd-31f0-46b9-9877-74dcaf2cf07b">
        <description>Gives permission to a user to edit a patient encounter</description>
        <retired>false</retired>
        <privilege>Task: emr.patient.encounter.edit</privilege>
      </org.openmrs.Privilege>
      <org.openmrs.Privilege id="32" uuid="bf179f22-d896-4692-8eac-f7b57a1aa6c7">
        <description>Provides access to the old user interface for the appointment module</description>
        <retired>false</retired>
        <privilege>App: appointmentscheduling.oldUI</privilege>
      </org.openmrs.Privilege>
      <org.openmrs.Privilege id="33" uuid="60ce8766-57cc-4e4f-8356-6bbe3f56f980">
        <description>Right to view the Impatient app (which provides a list of patients currently admitted in the hospital)</description>
        <retired>false</retired>
        <privilege>App: emr.inpatients</privilege>
      </org.openmrs.Privilege>
      <org.openmrs.Privilege id="34" uuid="6d01acf6-ba11-4634-866b-489eaa951681">
        <description>Run the System Administration app</description>
        <retired>false</retired>
        <privilege>App: emr.systemAdministration</privilege>
      </org.openmrs.Privilege>
      <org.openmrs.Privilege id="35" uuid="409c73d3-1184-4df1-b4b9-05f37b48f9ba">
        <description>See the Mirebalais Capture Vitals app on the home screen</description>
        <retired>false</retired>
        <privilege>App: mirebalais.outpatientVitals</privilege>
      </org.openmrs.Privilege>
      <org.openmrs.Privilege id="36" uuid="10122e43-196b-4563-b083-f0ec00f0429b">
        <description>Ability to run data export reports</description>
        <retired>false</retired>
        <privilege>App: mirebalaisreports.dataexports</privilege>
      </org.openmrs.Privilege>
      <org.openmrs.Privilege id="37" uuid="2112a93c-f219-476e-8747-f23c38d9abaa">
        <description>Ability to create a create retrospective visit (i.e., one that starts in the past)</description>
        <retired>false</retired>
        <privilege>Task: coreapps.createRetrospectiveVisit</privilege>
      </org.openmrs.Privilege>
      <org.openmrs.Privilege id="38" uuid="932244c9-29d1-43f2-8867-3fe312556053">
        <description>Privilege to use the &quot;Active Visits&quot; app</description>
        <retired>false</retired>
        <privilege>App: org.openmrs.module.coreapps.activeVisits</privilege>
      </org.openmrs.Privilege>
      <org.openmrs.Privilege id="39" uuid="1a819ef6-4632-4d2e-8227-7bdf9e8e273a">
        <description>Ability to enter a Check In form from the patient dashboard</description>
        <retired>false</retired>
        <privilege>Task: mirebalais.checkinForm</privilege>
      </org.openmrs.Privilege>
      <org.openmrs.Privilege id="40" uuid="6cdc5785-ee5c-48af-a2a2-7a574721fa97">
        <description>User has ability to delete a visit</description>
        <retired>false</retired>
        <privilege>Task: emr.patient.visit.delete</privilege>
      </org.openmrs.Privilege>
      <org.openmrs.Privilege reference="4"/>
      <org.openmrs.Privilege id="41" uuid="5367155a-e435-4010-877a-f3007059c352">
        <description>Gives permission to a user to delete a patient encounter.</description>
        <retired>false</retired>
        <privilege>Task: emr.patient.encounter.delete</privilege>
      </org.openmrs.Privilege>
    </privileges>
    <inheritedRoles id="42"/>
    <childRoles id="43"/>
  </org.openmrs.Role>
  <org.openmrs.Role id="44" uuid="0b30c2e0-6276-4bf5-a8ac-e38da035888a">
    <description>Application Role: dataArchives</description>
    <retired>false</retired>
    <role>Application Role: dataArchives</role>
    <privileges id="45">
      <org.openmrs.Privilege reference="11"/>
      <org.openmrs.Privilege reference="23"/>
      <org.openmrs.Privilege reference="12"/>
      <org.openmrs.Privilege reference="24"/>
      <org.openmrs.Privilege reference="14"/>
      <org.openmrs.Privilege reference="16"/>
      <org.openmrs.Privilege reference="25"/>
      <org.openmrs.Privilege reference="26"/>
      <org.openmrs.Privilege reference="27"/>
      <org.openmrs.Privilege reference="28"/>
      <org.openmrs.Privilege reference="17"/>
      <org.openmrs.Privilege reference="18"/>
      <org.openmrs.Privilege reference="19"/>
      <org.openmrs.Privilege reference="29"/>
      <org.openmrs.Privilege reference="20"/>
      <org.openmrs.Privilege reference="33"/>
      <org.openmrs.Privilege reference="37"/>
      <org.openmrs.Privilege reference="38"/>
      <org.openmrs.Privilege reference="39"/>
      <org.openmrs.Privilege reference="22"/>
      <org.openmrs.Privilege reference="4"/>
    </privileges>
    <inheritedRoles id="46"/>
    <childRoles id="47"/>
  </org.openmrs.Role>
  <org.openmrs.Role id="48" uuid="3672ebe7-ed59-461f-a662-5ae3cd2e46ac">
    <description>Application Role: radiology</description>
    <retired>false</retired>
    <role>Application Role: radiology</role>
    <privileges id="49">
      <org.openmrs.Privilege reference="20"/>
      <org.openmrs.Privilege reference="23"/>
      <org.openmrs.Privilege reference="33"/>
      <org.openmrs.Privilege reference="12"/>
      <org.openmrs.Privilege reference="14"/>
      <org.openmrs.Privilege reference="26"/>
      <org.openmrs.Privilege reference="38"/>
      <org.openmrs.Privilege reference="17"/>
      <org.openmrs.Privilege reference="22"/>
      <org.openmrs.Privilege reference="19"/>
      <org.openmrs.Privilege reference="30"/>
    </privileges>
    <inheritedRoles id="50"/>
    <childRoles id="51"/>
  </org.openmrs.Role>
  <org.openmrs.Role id="52" uuid="343872bd-a927-4f9d-bf2c-75f895c44f6c">
    <description>Rights  to view and run reports and data exports</description>
    <retired>false</retired>
    <role>Application Role: reports</role>
    <privileges id="53">
      <org.openmrs.Privilege reference="36"/>
      <org.openmrs.Privilege reference="15"/>
      <org.openmrs.Privilege reference="19"/>
    </privileges>
    <inheritedRoles id="54"/>
    <childRoles id="55"/>
  </org.openmrs.Role>
  <org.openmrs.Role id="56" uuid="36fd044e-f76a-4a07-84b0-1af9d7ce0c59">
    <description>pharmacyAide</description>
    <retired>false</retired>
    <role>Application Role: pharmacyAide</role>
    <privileges id="57">
      <org.openmrs.Privilege reference="4"/>
      <org.openmrs.Privilege reference="5"/>
      <org.openmrs.Privilege reference="6"/>
    </privileges>
    <inheritedRoles id="58"/>
    <childRoles id="59"/>
  </org.openmrs.Role>
  <org.openmrs.Role id="60" uuid="05a3c5fc-3c7f-4c93-87d2-c6013e71a102">
    <description>Application Role: clinical</description>
    <retired>false</retired>
    <role>Application Role: clinical</role>
    <privileges id="61">
      <org.openmrs.Privilege reference="23"/>
      <org.openmrs.Privilege reference="12"/>
      <org.openmrs.Privilege reference="14"/>
      <org.openmrs.Privilege reference="16"/>
      <org.openmrs.Privilege reference="25"/>
      <org.openmrs.Privilege reference="26"/>
      <org.openmrs.Privilege reference="17"/>
      <org.openmrs.Privilege reference="19"/>
      <org.openmrs.Privilege reference="30"/>
      <org.openmrs.Privilege reference="20"/>
      <org.openmrs.Privilege reference="21"/>
      <org.openmrs.Privilege reference="33"/>
      <org.openmrs.Privilege reference="35"/>
      <org.openmrs.Privilege reference="38"/>
      <org.openmrs.Privilege reference="22"/>
    </privileges>
    <inheritedRoles id="62"/>
    <childRoles id="63"/>
  </org.openmrs.Role>
  <org.openmrs.Role id="64" uuid="f6fcff07-8da1-4c7f-8c62-07352101d0a8">
    <description>Gives user all privileges defined within the appointmentschedulingui module</description>
    <retired>false</retired>
    <role>Application Role: scheduleAdministrator</role>
    <privileges id="65">
      <org.openmrs.Privilege id="66" uuid="10370dbe-bfd1-427d-b2b1-3e74eb9daf51">
        <description>Ability book appointments, cancel appointments, and flag appointments as needs reschedule; Access to the Manage Rescheduled app</description>
        <retired>false</retired>
        <privilege>Task: appointmentschedulingui.bookAppointments</privilege>
      </org.openmrs.Privilege>
      <org.openmrs.Privilege id="67" uuid="013948b0-6ffa-494f-974b-5a9068fb994e">
        <description>Access to Manage Service Types and Manage Provider Schedules apps</description>
        <retired>false</retired>
        <privilege>App: appointmentschedulingui.scheduleAdmin</privilege>
      </org.openmrs.Privilege>
      <org.openmrs.Privilege id="68" uuid="3374c9b7-b6e5-4803-b9bd-596ab45439e5">
        <description>Access to Manage Appointments and Daily Scheduled Appointments (but not the ability to book appointments from these pages)</description>
        <retired>false</retired>
        <privilege>App: appointmentschedulingui.viewAppointments</privilege>
      </org.openmrs.Privilege>
      <org.openmrs.Privilege id="69" uuid="0c7ff54f-1762-4736-b982-a01bf9360439">
        <description>Ability to overbook time slots</description>
        <retired>false</retired>
        <privilege>Task: appointmentschedulingui.overbookAppointments</privilege>
      </org.openmrs.Privilege>
    </privileges>
    <inheritedRoles id="70"/>
    <childRoles id="71"/>
  </org.openmrs.Role>
</list>
