<?xml version="1.0" encoding="UTF-8"?>
<list id="1">
  <org.openmrs.Concept id="2" uuid="2fe2b0ad-5b83-40a9-9b95-762afa663405">
    <conceptId>10573</conceptId>
    <retired>false</retired>
    <datatype id="3" resolves-to="org.openmrs.ConceptDatatype" uuid="8d4a4c94-c2cc-11de-8d13-0010c6dffd0f">
      <name>N/A</name>
      <description>Not associated with a datatype (e.g., term answers, sets)</description>
      <creator/>
      <dateCreated id="4">2004-02-02 05:00:00</dateCreated>
      <retired>false</retired>
      <conceptDatatypeId>4</conceptDatatypeId>
      <hl7Abbreviation>ZZ</hl7Abbreviation>
    </datatype>
    <conceptClass id="5" resolves-to="org.openmrs.ConceptClass" uuid="8d492594-c2cc-11de-8d13-0010c6dffd0f">
      <name>ConvSet</name>
      <description>Term to describe convenience sets</description>
      <creator/>
      <dateCreated id="6">2015-07-01 17:25:50</dateCreated>
      <retired>false</retired>
      <conceptClassId>10</conceptClassId>
    </conceptClass>
    <set>true</set>
    <creator/>
    <dateCreated id="7">2015-11-03 21:15:10</dateCreated>
    <changedBy/>
    <dateChanged id="8">2015-11-03 21:15:10</dateChanged>
    <names class="set" id="9">
      <org.openmrs.ConceptName id="10" uuid="37cba84a-269f-4bb0-9f39-4521485ec793">
        <conceptNameId>30478</conceptNameId>
        <concept reference="2"/>
        <name>SUPPLEMENT HISTORY CONSTRUCT</name>
        <locale id="11">en</locale>
        <creator/>
        <dateCreated id="12">2015-11-03 21:15:10</dateCreated>
        <voided>false</voided>
        <tags class="set" id="13"/>
        <conceptNameType>FULLY_SPECIFIED</conceptNameType>
        <localePreferred>true</localePreferred>
      </org.openmrs.ConceptName>
    </names>
    <answers class="set" id="14"/>
    <conceptSets class="set" id="15">
      <org.openmrs.ConceptSet id="16" uuid="08190baa-c964-4aa3-a089-b86dc39fb5e5">
        <conceptSetId>6333</conceptSetId>
        <concept id="17" resolves-to="org.openmrs.Concept" uuid="aff3787e-70db-4a0a-9444-eaee2f025e3e">
          <conceptId>10572</conceptId>
          <retired>false</retired>
          <datatype id="18" resolves-to="org.openmrs.ConceptDatatype" uuid="8d4a4ab4-c2cc-11de-8d13-0010c6dffd0f">
            <name>Text</name>
            <description>Free text</description>
            <creator/>
            <dateCreated id="19">2004-02-02 00:00:00</dateCreated>
            <retired>false</retired>
            <conceptDatatypeId>3</conceptDatatypeId>
            <hl7Abbreviation>ST</hl7Abbreviation>
          </datatype>
          <conceptClass id="20" resolves-to="org.openmrs.ConceptClass" uuid="8d491e50-c2cc-11de-8d13-0010c6dffd0f">
            <name>Question</name>
            <description>Question (eg, patient history, SF36 items)</description>
            <creator/>
            <dateCreated id="21">2015-07-01 17:25:50</dateCreated>
            <retired>false</retired>
            <conceptClassId>7</conceptClassId>
          </conceptClass>
          <set>false</set>
          <creator/>
          <dateCreated id="22">2015-11-03 21:08:51</dateCreated>
          <changedBy/>
          <dateChanged id="23">2015-11-03 21:09:16</dateChanged>
          <names class="set" id="24">
            <org.openmrs.ConceptName id="25" uuid="3341535c-aebb-4638-8b3d-8d7aa069686b">
              <conceptNameId>30477</conceptNameId>
              <concept reference="17"/>
              <name>AGE SUPPLEMENT RECEIVED</name>
              <locale id="26">en</locale>
              <creator/>
              <dateCreated id="27">2015-11-03 21:08:51</dateCreated>
              <voided>false</voided>
              <tags class="set" id="28"/>
              <conceptNameType>FULLY_SPECIFIED</conceptNameType>
              <localePreferred>true</localePreferred>
            </org.openmrs.ConceptName>
          </names>
          <answers class="set" id="29"/>
          <conceptSets class="set" id="30"/>
          <descriptions class="set" id="31">
            <org.openmrs.ConceptDescription id="32" uuid="389b2dfb-b852-43c8-ac60-e9a0a8ce8892">
              <conceptDescriptionId>6974</conceptDescriptionId>
              <concept reference="17"/>
              <description>The age at which the patient received a given supplement</description>
              <locale id="33">en</locale>
              <creator/>
              <dateCreated id="34">2015-11-03 21:08:51</dateCreated>
            </org.openmrs.ConceptDescription>
          </descriptions>
          <conceptMappings class="set" id="35">
            <org.openmrs.ConceptMap id="36" uuid="a8df1b7a-6f6d-4697-9fae-77a1ae8aaff7">
              <conceptMapType id="37" resolves-to="org.openmrs.ConceptMapType" uuid="35543629-7d8c-11e1-909d-c80aa9edcf4e">
                <name>SAME-AS</name>
                <creator/>
                <dateCreated id="38">2012-06-21 00:00:00</dateCreated>
                <retired>false</retired>
                <conceptMapTypeId>1</conceptMapTypeId>
                <isHidden>false</isHidden>
              </conceptMapType>
              <creator/>
              <dateCreated id="39">2015-11-03 21:08:51</dateCreated>
              <conceptMapId>26067</conceptMapId>
              <concept reference="17"/>
              <conceptReferenceTerm id="40" resolves-to="org.openmrs.ConceptReferenceTerm" uuid="50f02807-1d89-480d-b939-c7ebb86b663e">
                <creator/>
                <dateCreated id="41">2015-11-03 21:08:34</dateCreated>
                <retired>false</retired>
                <conceptReferenceTermId>25413</conceptReferenceTermId>
                <conceptSource id="42" resolves-to="org.openmrs.ConceptSource" uuid="fb9aaaf1-65e2-4c18-b53c-16b575f2f385">
                  <name>PIH</name>
                  <description>Partners In Health concept dictionary using concept ids and preferred English names</description>
                  <creator/>
                  <dateCreated id="43">2015-07-01 17:25:50</dateCreated>
                  <retired>false</retired>
                  <conceptSourceId>5</conceptSourceId>
                </conceptSource>
                <code>AGE SUPPLEMENT RECEIVED</code>
                <conceptReferenceTermMaps id="44"/>
              </conceptReferenceTerm>
            </org.openmrs.ConceptMap>
          </conceptMappings>
        </concept>
        <conceptSet reference="2"/>
        <sortWeight>1.0</sortWeight>
        <creator/>
        <dateCreated id="45">2015-11-03 21:15:10</dateCreated>
      </org.openmrs.ConceptSet>
      <org.openmrs.ConceptSet id="46" uuid="3b3bab57-2326-46dc-b359-2923c3706e4d">
        <conceptSetId>6332</conceptSetId>
        <concept id="47" resolves-to="org.openmrs.Concept" uuid="40258d8e-6ea5-46f4-b8e7-7cb302f1393f">
          <conceptId>10571</conceptId>
          <retired>false</retired>
          <datatype id="48" resolves-to="org.openmrs.ConceptDatatype" uuid="8d4a48b6-c2cc-11de-8d13-0010c6dffd0f">
            <name>Coded</name>
            <description>Value determined by term dictionary lookup (i.e., term identifier)</description>
            <creator/>
            <dateCreated id="49">2004-02-02 00:00:00</dateCreated>
            <retired>false</retired>
            <conceptDatatypeId>2</conceptDatatypeId>
            <hl7Abbreviation>CWE</hl7Abbreviation>
          </datatype>
          <conceptClass reference="20"/>
          <set>false</set>
          <creator/>
          <dateCreated id="50">2015-11-03 21:04:15</dateCreated>
          <changedBy/>
          <dateChanged id="51">2015-11-03 21:05:48</dateChanged>
          <names class="set" id="52">
            <org.openmrs.ConceptName id="53" uuid="678612d1-5ea6-436d-a411-24caed11701b">
              <conceptNameId>30476</conceptNameId>
              <concept reference="47"/>
              <name>SUPPLEMENT RECEIVED</name>
              <locale id="54">en</locale>
              <creator/>
              <dateCreated id="55">2015-11-03 21:04:15</dateCreated>
              <voided>false</voided>
              <tags class="set" id="56"/>
              <conceptNameType>FULLY_SPECIFIED</conceptNameType>
              <localePreferred>true</localePreferred>
            </org.openmrs.ConceptName>
          </names>
          <answers class="set" id="57">
            <org.openmrs.ConceptAnswer id="58" uuid="d6964067-79d2-4235-ad97-e3cae61e0b90">
              <conceptAnswerId>9383</conceptAnswerId>
              <concept reference="47"/>
              <answerConcept id="59" resolves-to="org.openmrs.Concept" uuid="ed69b6e2-63c6-416d-b471-f95c9c5e8847">
                <conceptId>4063</conceptId>
                <retired>false</retired>
                <datatype reference="3"/>
                <conceptClass id="60" resolves-to="org.openmrs.ConceptClass" uuid="8d490dfc-c2cc-11de-8d13-0010c6dffd0f">
                  <name>Drug</name>
                  <description>Drug</description>
                  <creator/>
                  <dateCreated id="61">2015-07-01 17:25:50</dateCreated>
                  <retired>false</retired>
                  <conceptClassId>3</conceptClassId>
                </conceptClass>
                <set>false</set>
                <version></version>
                <creator/>
                <dateCreated id="62">2009-01-09 11:59:40</dateCreated>
                <changedBy/>
                <dateChanged id="63">2012-01-24 14:57:20</dateChanged>
                <names class="set" id="64">
                  <org.openmrs.ConceptName id="65" uuid="1ece6158-53b0-46ec-b082-f5c23d83b486">
                    <conceptNameId>5423</conceptNameId>
                    <concept reference="59"/>
                    <name>VITAMIN A</name>
                    <locale id="66">en</locale>
                    <creator/>
                    <dateCreated id="67">2009-01-09 11:59:40</dateCreated>
                    <voided>false</voided>
                    <tags class="set" id="68"/>
                    <conceptNameType>FULLY_SPECIFIED</conceptNameType>
                    <localePreferred>false</localePreferred>
                  </org.openmrs.ConceptName>
                  <org.openmrs.ConceptName id="69" uuid="f74c959c-d5db-102d-ad2a-000c29c2a5d7">
                    <conceptNameId>13571</conceptNameId>
                    <concept reference="59"/>
                    <name>VITAMINE A</name>
                    <locale id="70">fr</locale>
                    <creator/>
                    <dateCreated id="71">2010-06-29 13:04:50</dateCreated>
                    <voided>false</voided>
                    <tags class="set" id="72"/>
                    <localePreferred>true</localePreferred>
                  </org.openmrs.ConceptName>
                </names>
                <answers class="set" id="73"/>
                <conceptSets class="set" id="74"/>
                <descriptions class="set" id="75">
                  <org.openmrs.ConceptDescription id="76" uuid="0b48a452-15f5-102d-96e4-000c29c2a5d7">
                    <conceptDescriptionId>4701</conceptDescriptionId>
                    <concept reference="59"/>
                    <description>Part of the retinyl group, essential for visual perception in the eye.&#xd;
</description>
                    <locale id="77">en</locale>
                    <creator/>
                    <dateCreated id="78">2009-01-09 11:59:40</dateCreated>
                    <changedBy/>
                    <dateChanged id="79">2012-01-24 14:57:20</dateChanged>
                  </org.openmrs.ConceptDescription>
                </descriptions>
                <conceptMappings class="set" id="80">
                  <org.openmrs.ConceptMap id="81" uuid="75a3b47c-4943-102e-96e9-000c29c2a5d7">
                    <conceptMapType reference="37"/>
                    <creator/>
                    <changedBy/>
                    <dateCreated id="82">2010-11-24 12:49:58</dateCreated>
                    <dateChanged id="83">2012-06-21 16:49:52</dateChanged>
                    <conceptMapId>9842</conceptMapId>
                    <concept reference="59"/>
                    <conceptReferenceTerm id="84" resolves-to="org.openmrs.ConceptReferenceTerm" uuid="0e1adb53-f88b-36c2-b24c-bd5e253d6435">
                      <creator/>
                      <dateCreated id="85">2010-11-24 00:00:00</dateCreated>
                      <retired>false</retired>
                      <conceptReferenceTermId>9842</conceptReferenceTermId>
                      <conceptSource reference="42"/>
                      <code>VITAMIN A</code>
                      <conceptReferenceTermMaps id="86"/>
                    </conceptReferenceTerm>
                  </org.openmrs.ConceptMap>
                  <org.openmrs.ConceptMap id="87" uuid="b262e67e-4864-102e-96e9-000c29c2a5d7">
                    <conceptMapType reference="37"/>
                    <creator/>
                    <changedBy/>
                    <dateCreated id="88">2010-11-23 10:15:31</dateCreated>
                    <dateChanged id="89">2012-06-21 16:49:52</dateChanged>
                    <conceptMapId>4065</conceptMapId>
                    <concept reference="59"/>
                    <conceptReferenceTerm id="90" resolves-to="org.openmrs.ConceptReferenceTerm" uuid="dbc136cf-b234-3c55-ba39-8e2da734f470">
                      <creator/>
                      <dateCreated id="91">2010-11-23 00:00:00</dateCreated>
                      <retired>false</retired>
                      <conceptReferenceTermId>4065</conceptReferenceTermId>
                      <conceptSource reference="42"/>
                      <code>4063</code>
                      <conceptReferenceTermMaps id="92"/>
                    </conceptReferenceTerm>
                  </org.openmrs.ConceptMap>
                </conceptMappings>
              </answerConcept>
              <creator/>
              <dateCreated id="93">2015-11-03 21:04:15</dateCreated>
              <sortWeight>1.0</sortWeight>
            </org.openmrs.ConceptAnswer>
            <org.openmrs.ConceptAnswer id="94" uuid="d54971f3-dcc1-424e-a897-72bc7ab806ad">
              <conceptAnswerId>9384</conceptAnswerId>
              <concept reference="47"/>
              <answerConcept id="95" resolves-to="org.openmrs.Concept" uuid="75015399-72f0-4ee4-b45a-7efd9ede2051">
                <conceptId>10568</conceptId>
                <retired>false</retired>
                <datatype reference="3"/>
                <conceptClass reference="60"/>
                <set>false</set>
                <creator/>
                <dateCreated id="96">2015-11-03 20:42:12</dateCreated>
                <changedBy/>
                <dateChanged id="97">2015-11-03 20:48:50</dateChanged>
                <names class="set" id="98">
                  <org.openmrs.ConceptName id="99" uuid="bfb87822-39a5-4c4d-9ea2-a753c0a8a76e">
                    <conceptNameId>30472</conceptNameId>
                    <concept reference="95"/>
                    <name>ZINC</name>
                    <locale id="100">en</locale>
                    <creator/>
                    <dateCreated id="101">2015-11-03 20:42:12</dateCreated>
                    <voided>false</voided>
                    <tags class="set" id="102"/>
                    <conceptNameType>FULLY_SPECIFIED</conceptNameType>
                    <localePreferred>true</localePreferred>
                  </org.openmrs.ConceptName>
                </names>
                <answers class="set" id="103"/>
                <conceptSets class="set" id="104"/>
                <descriptions class="set" id="105">
                  <org.openmrs.ConceptDescription id="106" uuid="e4310dde-46cc-4e4b-ac5d-3da55593edc6">
                    <conceptDescriptionId>6970</conceptDescriptionId>
                    <concept reference="95"/>
                    <description>Zinc supplement</description>
                    <locale id="107">en</locale>
                    <creator/>
                    <dateCreated id="108">2015-11-03 20:42:12</dateCreated>
                  </org.openmrs.ConceptDescription>
                </descriptions>
                <conceptMappings class="set" id="109">
                  <org.openmrs.ConceptMap id="110" uuid="af5e1f44-cd5f-4650-b785-989b68cc98ea">
                    <conceptMapType reference="37"/>
                    <creator/>
                    <dateCreated id="111">2015-11-03 20:48:03</dateCreated>
                    <conceptMapId>26062</conceptMapId>
                    <concept reference="95"/>
                    <conceptReferenceTerm id="112" resolves-to="org.openmrs.ConceptReferenceTerm" uuid="01fed81c-91a1-48ad-97e3-d9c77267b9a3">
                      <creator/>
                      <dateCreated id="113">2015-11-03 20:41:53</dateCreated>
                      <retired>false</retired>
                      <conceptReferenceTermId>25406</conceptReferenceTermId>
                      <conceptSource id="114" resolves-to="org.openmrs.ConceptSource" uuid="21ADDDDDDDDDDDDDDDDDDDDDDDDDDDDDDDDD">
                        <name>CIEL</name>
                        <description>Columbia International eHealth Laboratory concept ID</description>
                        <creator/>
                        <dateCreated id="115">2015-07-01 17:25:50</dateCreated>
                        <retired>false</retired>
                        <conceptSourceId>29</conceptSourceId>
                      </conceptSource>
                      <code>86672</code>
                      <conceptReferenceTermMaps id="116"/>
                    </conceptReferenceTerm>
                  </org.openmrs.ConceptMap>
                  <org.openmrs.ConceptMap id="117" uuid="6abb0078-c0a3-4016-a628-b2eb926f2fa0">
                    <conceptMapType reference="37"/>
                    <creator/>
                    <dateCreated id="118">2015-11-03 20:48:50</dateCreated>
                    <conceptMapId>26063</conceptMapId>
                    <concept reference="95"/>
                    <conceptReferenceTerm id="119" resolves-to="org.openmrs.ConceptReferenceTerm" uuid="e5adbc24-1eb8-44c6-ab61-da373cf51760">
                      <creator/>
                      <dateCreated id="120">2015-11-03 20:48:28</dateCreated>
                      <retired>false</retired>
                      <conceptReferenceTermId>25409</conceptReferenceTermId>
                      <conceptSource reference="42"/>
                      <code>ZINC</code>
                      <conceptReferenceTermMaps id="121"/>
                    </conceptReferenceTerm>
                  </org.openmrs.ConceptMap>
                </conceptMappings>
              </answerConcept>
              <creator/>
              <dateCreated id="122">2015-11-03 21:04:15</dateCreated>
              <sortWeight>5.0</sortWeight>
            </org.openmrs.ConceptAnswer>
            <org.openmrs.ConceptAnswer id="123" uuid="80ce0b5f-ac77-4cb1-a5c2-3a4a57306bdc">
              <conceptAnswerId>9385</conceptAnswerId>
              <concept reference="47"/>
              <answerConcept id="124" resolves-to="org.openmrs.Concept" uuid="3669eb6a-fe41-44e3-8263-10993c92e802">
                <conceptId>10569</conceptId>
                <retired>false</retired>
                <datatype reference="3"/>
                <conceptClass reference="60"/>
                <set>false</set>
                <creator/>
                <dateCreated id="125">2015-11-03 20:45:55</dateCreated>
                <changedBy/>
                <dateChanged id="126">2015-11-03 20:46:46</dateChanged>
                <names class="set" id="127">
                  <org.openmrs.ConceptName id="128" uuid="f3f5f5a9-c9db-4d42-8411-ddfe10cce4ae">
                    <conceptNameId>30473</conceptNameId>
                    <concept reference="124"/>
                    <name>IODINE</name>
                    <locale id="129">en</locale>
                    <creator/>
                    <dateCreated id="130">2015-11-03 20:45:55</dateCreated>
                    <voided>false</voided>
                    <tags class="set" id="131"/>
                    <conceptNameType>FULLY_SPECIFIED</conceptNameType>
                    <localePreferred>true</localePreferred>
                  </org.openmrs.ConceptName>
                </names>
                <answers class="set" id="132"/>
                <conceptSets class="set" id="133"/>
                <descriptions class="set" id="134">
                  <org.openmrs.ConceptDescription id="135" uuid="980c4e00-97cd-4ebf-8519-f7b7e4ee0771">
                    <conceptDescriptionId>6971</conceptDescriptionId>
                    <concept reference="124"/>
                    <description>Iodine</description>
                    <locale id="136">en</locale>
                    <creator/>
                    <dateCreated id="137">2015-11-03 20:45:55</dateCreated>
                  </org.openmrs.ConceptDescription>
                </descriptions>
                <conceptMappings class="set" id="138">
                  <org.openmrs.ConceptMap id="139" uuid="953de8db-9d29-4526-a7fc-b76350ff6c5e">
                    <conceptMapType reference="37"/>
                    <creator/>
                    <dateCreated id="140">2015-11-03 20:45:55</dateCreated>
                    <conceptMapId>26060</conceptMapId>
                    <concept reference="124"/>
                    <conceptReferenceTerm id="141" resolves-to="org.openmrs.ConceptReferenceTerm" uuid="d2b00354-1cb9-4d60-be5f-c11d11f2eb20">
                      <creator/>
                      <dateCreated id="142">2015-11-03 20:44:59</dateCreated>
                      <retired>false</retired>
                      <conceptReferenceTermId>25407</conceptReferenceTermId>
                      <conceptSource reference="114"/>
                      <code>78130</code>
                      <conceptReferenceTermMaps id="143"/>
                    </conceptReferenceTerm>
                  </org.openmrs.ConceptMap>
                  <org.openmrs.ConceptMap id="144" uuid="32e61b25-9fb8-4ff1-baab-620b9d084d77">
                    <conceptMapType reference="37"/>
                    <creator/>
                    <dateCreated id="145">2015-11-03 20:46:46</dateCreated>
                    <conceptMapId>26061</conceptMapId>
                    <concept reference="124"/>
                    <conceptReferenceTerm id="146" resolves-to="org.openmrs.ConceptReferenceTerm" uuid="a2653eaa-5457-4be6-8fef-4d62c5eecc24">
                      <creator/>
                      <dateCreated id="147">2015-11-03 20:46:24</dateCreated>
                      <retired>false</retired>
                      <conceptReferenceTermId>25408</conceptReferenceTermId>
                      <conceptSource reference="42"/>
                      <code>IODINE</code>
                      <conceptReferenceTermMaps id="148"/>
                    </conceptReferenceTerm>
                  </org.openmrs.ConceptMap>
                </conceptMappings>
              </answerConcept>
              <creator/>
              <dateCreated id="149">2015-11-03 21:04:15</dateCreated>
              <sortWeight>3.0</sortWeight>
            </org.openmrs.ConceptAnswer>
            <org.openmrs.ConceptAnswer id="150" uuid="f83a5ef6-45ac-4082-921b-81aa9fb66c72">
              <conceptAnswerId>9386</conceptAnswerId>
              <concept reference="47"/>
              <answerConcept id="151" resolves-to="org.openmrs.Concept" uuid="3ccee960-26fe-102b-80cb-0017a47871b2">
                <conceptId>256</conceptId>
                <retired>false</retired>
                <datatype reference="3"/>
                <conceptClass reference="60"/>
                <set>false</set>
                <creator/>
                <dateCreated id="152">2004-01-01 00:00:00</dateCreated>
                <changedBy/>
                <dateChanged id="153">2015-11-03 20:38:12</dateChanged>
                <names class="set" id="154">
                  <org.openmrs.ConceptName id="155" uuid="f58a5564-d5db-102d-ad2a-000c29c2a5d7">
                    <conceptNameId>10164</conceptNameId>
                    <concept reference="151"/>
                    <name>SULFATE FERREUX</name>
                    <locale id="156">fr</locale>
                    <creator/>
                    <dateCreated id="157">2010-06-29 13:03:14</dateCreated>
                    <voided>false</voided>
                    <tags class="set" id="158"/>
                    <localePreferred>true</localePreferred>
                  </org.openmrs.ConceptName>
                  <org.openmrs.ConceptName id="159" uuid="31e471ce-718d-4781-8b7f-a65f10e60ed1">
                    <conceptNameId>30471</conceptNameId>
                    <concept reference="151"/>
                    <name>Iron Supplement</name>
                    <locale id="160">en</locale>
                    <creator/>
                    <dateCreated id="161">2015-11-03 20:38:12</dateCreated>
                    <voided>false</voided>
                    <tags class="set" id="162"/>
                    <localePreferred>false</localePreferred>
                  </org.openmrs.ConceptName>
                  <org.openmrs.ConceptName id="163" uuid="3e0c4926-26fe-102b-80cb-0017a47871b2">
                    <conceptNameId>268</conceptNameId>
                    <concept reference="151"/>
                    <name>FERROUS SULFATE</name>
                    <locale id="164">en</locale>
                    <creator/>
                    <dateCreated id="165">2004-01-01 00:00:00</dateCreated>
                    <voided>false</voided>
                    <tags class="set" id="166"/>
                    <conceptNameType>FULLY_SPECIFIED</conceptNameType>
                    <localePreferred>true</localePreferred>
                  </org.openmrs.ConceptName>
                  <org.openmrs.ConceptName id="167" uuid="93f703a0-07d4-102c-b5fa-0017a47871b2">
                    <conceptNameId>6904</conceptNameId>
                    <concept reference="151"/>
                    <name>FERROUS SULPHATE</name>
                    <locale id="168">en</locale>
                    <creator/>
                    <dateCreated id="169">2005-02-16 15:28:48</dateCreated>
                    <voided>false</voided>
                    <tags class="set" id="170"/>
                    <localePreferred>false</localePreferred>
                  </org.openmrs.ConceptName>
                  <org.openmrs.ConceptName id="171" uuid="93f70850-07d4-102c-b5fa-0017a47871b2">
                    <conceptNameId>6905</conceptNameId>
                    <concept reference="151"/>
                    <name>FERRUM B SYRUP</name>
                    <locale id="172">en</locale>
                    <creator/>
                    <dateCreated id="173">2004-10-20 00:00:00</dateCreated>
                    <voided>false</voided>
                    <tags class="set" id="174"/>
                    <localePreferred>false</localePreferred>
                  </org.openmrs.ConceptName>
                </names>
                <answers class="set" id="175"/>
                <conceptSets class="set" id="176"/>
                <descriptions class="set" id="177">
                  <org.openmrs.ConceptDescription id="178" uuid="ecd9a49e-07fe-102c-b5fa-0017a47871b2">
                    <conceptDescriptionId>264</conceptDescriptionId>
                    <concept reference="151"/>
                    <description>An astringent iron salt obtained usually in pale green crystalline form FeSO4-7H2O and used in medicine chiefly for treating iron-deficiency anemia.</description>
                    <locale id="179">en</locale>
                    <creator/>
                    <dateCreated id="180">2004-01-01 00:00:00</dateCreated>
                  </org.openmrs.ConceptDescription>
                </descriptions>
                <conceptMappings class="set" id="181">
                  <org.openmrs.ConceptMap id="182" uuid="b1dd41f4-4864-102e-96e9-000c29c2a5d7">
                    <conceptMapType reference="37"/>
                    <creator/>
                    <changedBy/>
                    <dateCreated id="183">2010-11-23 10:15:31</dateCreated>
                    <dateChanged id="184">2012-06-21 16:49:52</dateChanged>
                    <conceptMapId>258</conceptMapId>
                    <concept reference="151"/>
                    <conceptReferenceTerm id="185" resolves-to="org.openmrs.ConceptReferenceTerm" uuid="736f7bb8-b9f2-3d99-8d2a-795e1c83b261">
                      <creator/>
                      <dateCreated id="186">2010-11-23 00:00:00</dateCreated>
                      <retired>false</retired>
                      <conceptReferenceTermId>258</conceptReferenceTermId>
                      <conceptSource reference="42"/>
                      <code>256</code>
                      <conceptReferenceTermMaps id="187"/>
                    </conceptReferenceTerm>
                  </org.openmrs.ConceptMap>
                  <org.openmrs.ConceptMap id="188" uuid="748ee0c1-4943-102e-96e9-000c29c2a5d7">
                    <conceptMapType reference="37"/>
                    <creator/>
                    <changedBy/>
                    <dateCreated id="189">2010-11-24 12:49:58</dateCreated>
                    <dateChanged id="190">2012-06-21 16:49:52</dateChanged>
                    <conceptMapId>6223</conceptMapId>
                    <concept reference="151"/>
                    <conceptReferenceTerm id="191" resolves-to="org.openmrs.ConceptReferenceTerm" uuid="4aadf8d3-6a31-3d21-9c4e-f0d3dede8331">
                      <creator/>
                      <dateCreated id="192">2010-11-24 00:00:00</dateCreated>
                      <retired>false</retired>
                      <conceptReferenceTermId>6223</conceptReferenceTermId>
                      <conceptSource reference="42"/>
                      <code>FERROUS SULFATE</code>
                      <conceptReferenceTermMaps id="193"/>
                    </conceptReferenceTerm>
                  </org.openmrs.ConceptMap>
                </conceptMappings>
              </answerConcept>
              <creator/>
              <dateCreated id="194">2015-11-03 21:04:15</dateCreated>
              <sortWeight>2.0</sortWeight>
            </org.openmrs.ConceptAnswer>
            <org.openmrs.ConceptAnswer id="195" uuid="5e99ae2f-87e7-4a52-ba89-f43e24b7ec4b">
              <conceptAnswerId>9387</conceptAnswerId>
              <concept reference="47"/>
              <answerConcept id="196" resolves-to="org.openmrs.Concept" uuid="d171e697-bead-4ca9-b5e0-906b8fa769ea">
                <conceptId>10570</conceptId>
                <retired>false</retired>
                <datatype reference="48"/>
                <conceptClass id="197" resolves-to="org.openmrs.ConceptClass" uuid="8d490bf4-c2cc-11de-8d13-0010c6dffd0f">
                  <name>Procedure</name>
                  <description>Describes a clinical procedure</description>
                  <creator/>
                  <dateCreated id="198">2015-07-01 17:25:50</dateCreated>
                  <retired>false</retired>
                  <conceptClassId>2</conceptClassId>
                </conceptClass>
                <set>false</set>
                <creator/>
                <dateCreated id="199">2015-11-03 20:55:40</dateCreated>
                <changedBy/>
                <dateChanged id="200">2015-11-03 20:58:21</dateChanged>
                <names class="set" id="201">
                  <org.openmrs.ConceptName id="202" uuid="491ec33b-6de7-415c-a315-76209b38df5c">
                    <conceptNameId>30474</conceptNameId>
                    <concept reference="196"/>
                    <name>Antihelminth drug prophylaxis</name>
                    <locale id="203">en</locale>
                    <creator/>
                    <dateCreated id="204">2015-11-03 20:55:40</dateCreated>
                    <voided>false</voided>
                    <tags class="set" id="205"/>
                    <localePreferred>false</localePreferred>
                  </org.openmrs.ConceptName>
                  <org.openmrs.ConceptName id="206" uuid="4f640021-c6af-48d4-ad1a-676f1343d137">
                    <conceptNameId>30475</conceptNameId>
                    <concept reference="196"/>
                    <name>DEWORMING</name>
                    <locale id="207">en</locale>
                    <creator/>
                    <dateCreated id="208">2015-11-03 20:55:40</dateCreated>
                    <voided>false</voided>
                    <tags class="set" id="209"/>
                    <conceptNameType>FULLY_SPECIFIED</conceptNameType>
                    <localePreferred>true</localePreferred>
                  </org.openmrs.ConceptName>
                </names>
                <answers class="set" id="210">
                  <org.openmrs.ConceptAnswer id="211" uuid="52be4065-0c9e-4a4b-9e07-d425771c6d92">
                    <conceptAnswerId>9380</conceptAnswerId>
                    <concept reference="196"/>
                    <answerConcept id="212" resolves-to="org.openmrs.Concept" uuid="3cd6fac4-26fe-102b-80cb-0017a47871b2">
                      <conceptId>1067</conceptId>
                      <retired>false</retired>
                      <datatype reference="3"/>
                      <conceptClass id="213" resolves-to="org.openmrs.ConceptClass" uuid="8d492774-c2cc-11de-8d13-0010c6dffd0f">
                        <name>Misc</name>
                        <description>Terms which don&apos;t fit other categories</description>
                        <creator/>
                        <dateCreated id="214">2015-07-01 17:25:50</dateCreated>
                        <retired>false</retired>
                        <conceptClassId>11</conceptClassId>
                      </conceptClass>
                      <set>false</set>
                      <creator/>
                      <dateCreated id="215">2015-04-22 14:28:45</dateCreated>
                      <changedBy/>
                      <dateChanged id="216">2015-05-21 19:56:36</dateChanged>
                      <names class="set" id="217">
                        <org.openmrs.ConceptName id="218" uuid="108336BBBBBBBBBBBBBBBBBBBBBBBBBBBBBB">
                          <conceptNameId>29705</conceptNameId>
                          <concept reference="212"/>
                          <name>Desconocida</name>
                          <locale id="219">es</locale>
                          <creator/>
                          <dateCreated id="220">2012-03-04 23:59:44</dateCreated>
                          <voided>false</voided>
                          <tags class="set" id="221"/>
                          <localePreferred>false</localePreferred>
                        </org.openmrs.ConceptName>
                        <org.openmrs.ConceptName id="222" uuid="127334BBBBBBBBBBBBBBBBBBBBBBBBBBBBBB">
                          <conceptNameId>29707</conceptNameId>
                          <concept reference="212"/>
                          <name>জানিনা</name>
                          <locale id="223">bn</locale>
                          <creator/>
                          <dateCreated id="224">2015-04-24 21:19:36</dateCreated>
                          <voided>false</voided>
                          <tags class="set" id="225"/>
                          <conceptNameType>FULLY_SPECIFIED</conceptNameType>
                          <localePreferred>true</localePreferred>
                        </org.openmrs.ConceptName>
                        <org.openmrs.ConceptName id="226" uuid="0b8bdd6c-15f5-102d-96e4-000c29c2a5d7">
                          <conceptNameId>8176</conceptNameId>
                          <concept reference="212"/>
                          <name>DON&apos;T KNOW</name>
                          <locale id="227">en</locale>
                          <creator/>
                          <dateCreated id="228">2015-04-22 14:28:45</dateCreated>
                          <voided>false</voided>
                          <tags class="set" id="229"/>
                          <localePreferred>false</localePreferred>
                        </org.openmrs.ConceptName>
                        <org.openmrs.ConceptName id="230" uuid="106309BBBBBBBBBBBBBBBBBBBBBBBBBBBBBB">
                          <conceptNameId>29703</conceptNameId>
                          <concept reference="212"/>
                          <name>Ntabizi</name>
                          <locale id="231">rw</locale>
                          <creator/>
                          <dateCreated id="232">2010-06-21 23:12:14</dateCreated>
                          <voided>false</voided>
                          <tags class="set" id="233"/>
                          <conceptNameType>FULLY_SPECIFIED</conceptNameType>
                          <localePreferred>true</localePreferred>
                        </org.openmrs.ConceptName>
                        <org.openmrs.ConceptName id="234" uuid="108335BBBBBBBBBBBBBBBBBBBBBBBBBBBBBB">
                          <conceptNameId>29704</conceptNameId>
                          <concept reference="212"/>
                          <name>Desconocido</name>
                          <locale id="235">es</locale>
                          <creator/>
                          <dateCreated id="236">2012-03-04 23:59:44</dateCreated>
                          <voided>false</voided>
                          <tags class="set" id="237"/>
                          <conceptNameType>FULLY_SPECIFIED</conceptNameType>
                          <localePreferred>true</localePreferred>
                        </org.openmrs.ConceptName>
                        <org.openmrs.ConceptName id="238" uuid="0b8bde66-15f5-102d-96e4-000c29c2a5d7">
                          <conceptNameId>8177</conceptNameId>
                          <concept reference="212"/>
                          <name>DO NOT KNOW</name>
                          <locale id="239">en</locale>
                          <creator/>
                          <dateCreated id="240">2015-04-22 14:28:45</dateCreated>
                          <voided>false</voided>
                          <tags class="set" id="241"/>
                          <localePreferred>false</localePreferred>
                        </org.openmrs.ConceptName>
                        <org.openmrs.ConceptName id="242" uuid="110114BBBBBBBBBBBBBBBBBBBBBBBBBBBBBB">
                          <conceptNameId>29706</conceptNameId>
                          <concept reference="212"/>
                          <name>HAIJULIKANI</name>
                          <locale id="243">sw</locale>
                          <creator/>
                          <dateCreated id="244">2012-08-10 23:19:26</dateCreated>
                          <voided>false</voided>
                          <tags class="set" id="245"/>
                          <conceptNameType>FULLY_SPECIFIED</conceptNameType>
                          <localePreferred>true</localePreferred>
                        </org.openmrs.ConceptName>
                        <org.openmrs.ConceptName id="246" uuid="1141BBBBBBBBBBBBBBBBBBBBBBBBBBBBBBBB">
                          <conceptNameId>29702</conceptNameId>
                          <concept reference="212"/>
                          <name>Ne sait pas</name>
                          <locale id="247">fr</locale>
                          <creator/>
                          <dateCreated id="248">2008-05-19 21:19:37</dateCreated>
                          <voided>false</voided>
                          <tags class="set" id="249"/>
                          <conceptNameType>FULLY_SPECIFIED</conceptNameType>
                          <localePreferred>false</localePreferred>
                        </org.openmrs.ConceptName>
                        <org.openmrs.ConceptName id="250" uuid="3e1518f8-26fe-102b-80cb-0017a47871b2">
                          <conceptNameId>8175</conceptNameId>
                          <concept reference="212"/>
                          <name>Unknown</name>
                          <locale id="251">en</locale>
                          <creator/>
                          <dateCreated id="252">2015-04-22 14:28:45</dateCreated>
                          <voided>false</voided>
                          <tags class="set" id="253"/>
                          <conceptNameType>FULLY_SPECIFIED</conceptNameType>
                          <localePreferred>true</localePreferred>
                        </org.openmrs.ConceptName>
                        <org.openmrs.ConceptName id="254" uuid="0b8bdf56-15f5-102d-96e4-000c29c2a5d7">
                          <conceptNameId>8178</conceptNameId>
                          <concept reference="212"/>
                          <name>Inconnu</name>
                          <locale id="255">fr</locale>
                          <creator/>
                          <dateCreated id="256">2015-04-22 14:28:45</dateCreated>
                          <voided>false</voided>
                          <tags class="set" id="257"/>
                          <localePreferred>true</localePreferred>
                        </org.openmrs.ConceptName>
                        <org.openmrs.ConceptName id="258" uuid="111191BBBBBBBBBBBBBBBBBBBBBBBBBBBBBB">
                          <conceptNameId>29701</conceptNameId>
                          <concept reference="212"/>
                          <name>Не известно</name>
                          <locale id="259">ru</locale>
                          <creator/>
                          <dateCreated id="260">2013-01-27 06:36:57</dateCreated>
                          <voided>false</voided>
                          <tags class="set" id="261"/>
                          <conceptNameType>FULLY_SPECIFIED</conceptNameType>
                          <localePreferred>true</localePreferred>
                        </org.openmrs.ConceptName>
                        <org.openmrs.ConceptName id="262" uuid="f5cb3a66-d5db-102d-ad2a-000c29c2a5d7">
                          <conceptNameId>10585</conceptNameId>
                          <concept reference="212"/>
                          <name>INCONNU</name>
                          <locale id="263">fr</locale>
                          <creator/>
                          <dateCreated id="264">2010-06-29 13:03:16</dateCreated>
                          <voided>true</voided>
                          <voidedBy/>
                          <dateVoided id="265">2015-04-22 14:28:45</dateVoided>
                          <voidReason>metadata deploy</voidReason>
                          <tags class="set" id="266"/>
                          <localePreferred>false</localePreferred>
                        </org.openmrs.ConceptName>
                      </names>
                      <answers class="set" id="267"/>
                      <conceptSets class="set" id="268"/>
                      <descriptions class="set" id="269">
                        <org.openmrs.ConceptDescription id="270" uuid="ece43b8e-07fe-102c-b5fa-0017a47871b2">
                          <conceptDescriptionId>1078</conceptDescriptionId>
                          <concept reference="212"/>
                          <description>Generic answer to a question.</description>
                          <locale id="271">en</locale>
                          <creator/>
                          <dateCreated id="272">2015-04-22 14:28:45</dateCreated>
                          <changedBy/>
                          <dateChanged id="273">2015-04-22 14:28:46</dateChanged>
                        </org.openmrs.ConceptDescription>
                        <org.openmrs.ConceptDescription id="274" uuid="1070FFFFFFFFFFFFFFFFFFFFFFFFFFFFFFFF">
                          <conceptDescriptionId>6866</conceptDescriptionId>
                          <concept reference="212"/>
                          <description>Generic answer to a question.</description>
                          <locale id="275">en</locale>
                          <creator/>
                          <dateCreated id="276">2005-01-06 05:00:00</dateCreated>
                          <dateChanged id="277">2015-04-24 21:19:36</dateChanged>
                        </org.openmrs.ConceptDescription>
                        <org.openmrs.ConceptDescription id="278" uuid="5a0076f0-1fc0-4c91-8d92-0541eab81216">
                          <conceptDescriptionId>4747</conceptDescriptionId>
                          <concept reference="212"/>
                          <description>réponse générique à la question</description>
                          <locale id="279">fr</locale>
                          <creator/>
                          <dateCreated id="280">2015-04-22 14:28:45</dateCreated>
                          <changedBy/>
                          <dateChanged id="281">2015-04-22 14:28:46</dateChanged>
                        </org.openmrs.ConceptDescription>
                      </descriptions>
                      <conceptMappings class="set" id="282">
                        <org.openmrs.ConceptMap id="283" uuid="48d452b4-2448-4b4a-ab17-5993cd2aa765">
                          <conceptMapType reference="37"/>
                          <creator/>
                          <changedBy/>
                          <dateCreated id="284">2015-04-22 14:28:45</dateCreated>
                          <dateChanged id="285">2015-04-22 14:28:46</dateChanged>
                          <conceptMapId>18126</conceptMapId>
                          <concept reference="212"/>
                          <conceptReferenceTerm id="286" resolves-to="org.openmrs.ConceptReferenceTerm" uuid="4b376e4b-e34d-47f8-9c73-a7240ec97927">
                            <creator/>
                            <dateCreated id="287">2013-05-14 22:18:07</dateCreated>
                            <retired>false</retired>
                            <conceptReferenceTermId>18085</conceptReferenceTermId>
                            <conceptSource reference="42"/>
                            <code>unknown</code>
                            <conceptReferenceTermMaps id="288"/>
                          </conceptReferenceTerm>
                        </org.openmrs.ConceptMap>
                        <org.openmrs.ConceptMap id="289" uuid="133842ABBBBBBBBBBBBBBBBBBBBBBBBBBBBB">
                          <conceptMapType reference="37"/>
                          <creator/>
                          <dateCreated id="290">2010-10-01 23:14:01</dateCreated>
                          <conceptMapId>25514</conceptMapId>
                          <concept reference="212"/>
                          <conceptReferenceTerm id="291" resolves-to="org.openmrs.ConceptReferenceTerm" uuid="2d7618d4-61c6-3389-bd89-5d1c0025cca8">
                            <creator/>
                            <dateCreated id="292">2010-10-01 04:00:00</dateCreated>
                            <retired>false</retired>
                            <conceptReferenceTermId>24856</conceptReferenceTermId>
                            <conceptSource id="293" resolves-to="org.openmrs.ConceptSource" uuid="1ADDDDDDDDDDDDDDDDDDDDDDDDDDDDDDDDDD">
                              <name>SNOMED CT</name>
                              <description>SNOMED Preferred mapping</description>
                              <creator/>
                              <dateCreated id="294">2015-07-01 17:25:50</dateCreated>
                              <retired>false</retired>
                              <conceptSourceId>6</conceptSourceId>
                              <hl7Code>SCT</hl7Code>
                            </conceptSource>
                            <code>261665006</code>
                            <conceptReferenceTermMaps id="295"/>
                          </conceptReferenceTerm>
                        </org.openmrs.ConceptMap>
                        <org.openmrs.ConceptMap id="296" uuid="b20d1438-4864-102e-96e9-000c29c2a5d7">
                          <conceptMapType reference="37"/>
                          <creator/>
                          <changedBy/>
                          <dateCreated id="297">2015-04-22 14:28:45</dateCreated>
                          <dateChanged id="298">2015-04-22 14:28:46</dateChanged>
                          <conceptMapId>1069</conceptMapId>
                          <concept reference="212"/>
                          <conceptReferenceTerm id="299" resolves-to="org.openmrs.ConceptReferenceTerm" uuid="161a8ca4-26c9-3702-86ae-19762e7b7a86">
                            <creator/>
                            <dateCreated id="300">2010-11-23 00:00:00</dateCreated>
                            <retired>false</retired>
                            <conceptReferenceTermId>1069</conceptReferenceTermId>
                            <conceptSource reference="42"/>
                            <code>1067</code>
                            <conceptReferenceTermMaps id="301"/>
                          </conceptReferenceTerm>
                        </org.openmrs.ConceptMap>
                        <org.openmrs.ConceptMap id="302" uuid="aef53e25-42b3-4e15-b072-773408c42fcf">
                          <conceptMapType reference="37"/>
                          <creator/>
                          <changedBy/>
                          <dateCreated id="303">2015-04-22 14:28:45</dateCreated>
                          <dateChanged id="304">2015-04-22 14:28:46</dateChanged>
                          <conceptMapId>20053</conceptMapId>
                          <concept reference="212"/>
                          <conceptReferenceTerm id="305" resolves-to="org.openmrs.ConceptReferenceTerm" uuid="a8eafffd-4944-46e7-bd9c-cfab794e30a9">
                            <creator/>
                            <dateCreated id="306">2013-09-26 19:38:23</dateCreated>
                            <retired>false</retired>
                            <conceptReferenceTermId>19926</conceptReferenceTermId>
                            <conceptSource id="307" resolves-to="org.openmrs.ConceptSource" uuid="edd52713-8887-47b7-ba9e-6e1148824ca4">
                              <name>org.openmrs.module.emrapi</name>
                              <description>Source used to tag concepts used in the emr-api module</description>
                              <creator/>
                              <dateCreated id="308">2015-07-01 17:25:50</dateCreated>
                              <retired>false</retired>
                              <conceptSourceId>31</conceptSourceId>
                            </conceptSource>
                            <code>Unknown Cause of Death</code>
                            <conceptReferenceTermMaps id="309"/>
                          </conceptReferenceTerm>
                        </org.openmrs.ConceptMap>
                        <org.openmrs.ConceptMap id="310" uuid="fe4792ee-5b68-102e-96e9-000c29c2a5d7">
                          <conceptMapType reference="37"/>
                          <creator/>
                          <changedBy/>
                          <dateCreated id="311">2015-04-22 14:28:45</dateCreated>
                          <dateChanged id="312">2015-04-22 14:28:46</dateChanged>
                          <conceptMapId>11733</conceptMapId>
                          <concept reference="212"/>
                          <conceptReferenceTerm id="313" resolves-to="org.openmrs.ConceptReferenceTerm" uuid="7ea67a83-68e9-3f41-b394-280da1a6d50e">
                            <creator/>
                            <dateCreated id="314">2010-12-17 00:00:00</dateCreated>
                            <retired>false</retired>
                            <conceptReferenceTermId>11733</conceptReferenceTermId>
                            <conceptSource id="315" resolves-to="org.openmrs.ConceptSource" uuid="ddb6b595-0b85-4a80-9243-efe4ba404eef">
                              <name>org.openmrs.module.mdrtb</name>
                              <description>Concepts used with the MDR-TB module</description>
                              <creator/>
                              <dateCreated id="316">2015-07-01 17:25:50</dateCreated>
                              <retired>false</retired>
                              <conceptSourceId>4</conceptSourceId>
                            </conceptSource>
                            <code>UNKNOWN</code>
                            <conceptReferenceTermMaps id="317"/>
                          </conceptReferenceTerm>
                        </org.openmrs.ConceptMap>
                      </conceptMappings>
                    </answerConcept>
                    <creator/>
                    <dateCreated id="318">2015-11-03 20:55:40</dateCreated>
                    <sortWeight>3.0</sortWeight>
                  </org.openmrs.ConceptAnswer>
                  <org.openmrs.ConceptAnswer id="319" uuid="4e30407f-4e57-4181-8315-228e5e661adb">
                    <conceptAnswerId>9381</conceptAnswerId>
                    <concept reference="196"/>
                    <answerConcept id="320" resolves-to="org.openmrs.Concept" uuid="3cd6f600-26fe-102b-80cb-0017a47871b2">
                      <conceptId>1065</conceptId>
                      <retired>false</retired>
                      <datatype reference="3"/>
                      <conceptClass reference="213"/>
                      <set>false</set>
                      <creator/>
                      <dateCreated id="321">2015-04-22 14:28:44</dateCreated>
                      <changedBy/>
                      <dateChanged id="322">2015-05-21 19:56:36</dateChanged>
                      <names class="set" id="323">
                        <org.openmrs.ConceptName id="324" uuid="126315BBBBBBBBBBBBBBBBBBBBBBBBBBBBBB">
                          <conceptNameId>29691</conceptNameId>
                          <concept reference="320"/>
                          <name>Verdadero</name>
                          <locale id="325">es</locale>
                          <creator/>
                          <dateCreated id="326">2014-10-07 22:39:17</dateCreated>
                          <voided>false</voided>
                          <tags class="set" id="327"/>
                          <localePreferred>false</localePreferred>
                        </org.openmrs.ConceptName>
                        <org.openmrs.ConceptName id="328" uuid="126316BBBBBBBBBBBBBBBBBBBBBBBBBBBBBB">
                          <conceptNameId>29696</conceptNameId>
                          <concept reference="320"/>
                          <name>Sì</name>
                          <locale id="329">it</locale>
                          <creator/>
                          <dateCreated id="330">2014-10-07 22:39:17</dateCreated>
                          <voided>false</voided>
                          <tags class="set" id="331"/>
                          <conceptNameType>FULLY_SPECIFIED</conceptNameType>
                          <localePreferred>true</localePreferred>
                        </org.openmrs.ConceptName>
                        <org.openmrs.ConceptName id="332" uuid="126318BBBBBBBBBBBBBBBBBBBBBBBBBBBBBB">
                          <conceptNameId>29689</conceptNameId>
                          <concept reference="320"/>
                          <name>Sim</name>
                          <locale id="333">pt</locale>
                          <creator/>
                          <dateCreated id="334">2014-10-07 22:39:17</dateCreated>
                          <voided>false</voided>
                          <tags class="set" id="335"/>
                          <conceptNameType>FULLY_SPECIFIED</conceptNameType>
                          <localePreferred>true</localePreferred>
                        </org.openmrs.ConceptName>
                        <org.openmrs.ConceptName id="336" uuid="541f1720-0abe-49dd-b4f6-7de87ce05917">
                          <conceptNameId>17941</conceptNameId>
                          <concept reference="320"/>
                          <name>Wi</name>
                          <locale id="337">ht</locale>
                          <creator/>
                          <dateCreated id="338">2015-04-22 14:28:44</dateCreated>
                          <voided>false</voided>
                          <tags class="set" id="339"/>
                          <conceptNameType>FULLY_SPECIFIED</conceptNameType>
                          <localePreferred>true</localePreferred>
                        </org.openmrs.ConceptName>
                        <org.openmrs.ConceptName id="340" uuid="111198BBBBBBBBBBBBBBBBBBBBBBBBBBBBBB">
                          <conceptNameId>29697</conceptNameId>
                          <concept reference="320"/>
                          <name>Да</name>
                          <locale id="341">ru</locale>
                          <creator/>
                          <dateCreated id="342">2013-01-27 06:41:22</dateCreated>
                          <voided>false</voided>
                          <tags class="set" id="343"/>
                          <conceptNameType>FULLY_SPECIFIED</conceptNameType>
                          <localePreferred>true</localePreferred>
                        </org.openmrs.ConceptName>
                        <org.openmrs.ConceptName id="344" uuid="106307BBBBBBBBBBBBBBBBBBBBBBBBBBBBBB">
                          <conceptNameId>29693</conceptNameId>
                          <concept reference="320"/>
                          <name>Yego</name>
                          <locale id="345">rw</locale>
                          <creator/>
                          <dateCreated id="346">2010-06-21 23:11:26</dateCreated>
                          <voided>false</voided>
                          <tags class="set" id="347"/>
                          <conceptNameType>FULLY_SPECIFIED</conceptNameType>
                          <localePreferred>true</localePreferred>
                        </org.openmrs.ConceptName>
                        <org.openmrs.ConceptName id="348" uuid="126319BBBBBBBBBBBBBBBBBBBBBBBBBBBBBB">
                          <conceptNameId>29694</conceptNameId>
                          <concept reference="320"/>
                          <name>Verdadeiro</name>
                          <locale id="349">pt</locale>
                          <creator/>
                          <dateCreated id="350">2014-10-07 22:39:17</dateCreated>
                          <voided>false</voided>
                          <tags class="set" id="351"/>
                          <localePreferred>false</localePreferred>
                        </org.openmrs.ConceptName>
                        <org.openmrs.ConceptName id="352" uuid="106919BBBBBBBBBBBBBBBBBBBBBBBBBBBBBB">
                          <conceptNameId>29690</conceptNameId>
                          <concept reference="320"/>
                          <name>እወ</name>
                          <locale id="353">ti</locale>
                          <creator/>
                          <dateCreated id="354">2010-10-24 20:04:37</dateCreated>
                          <voided>false</voided>
                          <tags class="set" id="355"/>
                          <conceptNameType>FULLY_SPECIFIED</conceptNameType>
                          <localePreferred>true</localePreferred>
                        </org.openmrs.ConceptName>
                        <org.openmrs.ConceptName id="356" uuid="3e15161e-26fe-102b-80cb-0017a47871b2">
                          <conceptNameId>1102</conceptNameId>
                          <concept reference="320"/>
                          <name>Yes</name>
                          <locale id="357">en</locale>
                          <creator/>
                          <dateCreated id="358">2015-04-22 14:28:44</dateCreated>
                          <voided>false</voided>
                          <tags class="set" id="359"/>
                          <conceptNameType>FULLY_SPECIFIED</conceptNameType>
                          <localePreferred>true</localePreferred>
                        </org.openmrs.ConceptName>
                        <org.openmrs.ConceptName id="360" uuid="126314BBBBBBBBBBBBBBBBBBBBBBBBBBBBBB">
                          <conceptNameId>29695</conceptNameId>
                          <concept reference="320"/>
                          <name>Vrai</name>
                          <locale id="361">fr</locale>
                          <creator/>
                          <dateCreated id="362">2014-10-07 22:39:17</dateCreated>
                          <voided>false</voided>
                          <tags class="set" id="363"/>
                          <localePreferred>false</localePreferred>
                        </org.openmrs.ConceptName>
                        <org.openmrs.ConceptName id="364" uuid="108333BBBBBBBBBBBBBBBBBBBBBBBBBBBBBB">
                          <conceptNameId>29700</conceptNameId>
                          <concept reference="320"/>
                          <name>Sí</name>
                          <locale id="365">es</locale>
                          <creator/>
                          <dateCreated id="366">2012-03-04 23:58:29</dateCreated>
                          <voided>false</voided>
                          <tags class="set" id="367"/>
                          <conceptNameType>FULLY_SPECIFIED</conceptNameType>
                          <localePreferred>true</localePreferred>
                        </org.openmrs.ConceptName>
                        <org.openmrs.ConceptName id="368" uuid="127332BBBBBBBBBBBBBBBBBBBBBBBBBBBBBB">
                          <conceptNameId>29699</conceptNameId>
                          <concept reference="320"/>
                          <name>হ্যাঁ</name>
                          <locale id="369">bn</locale>
                          <creator/>
                          <dateCreated id="370">2015-04-24 21:17:40</dateCreated>
                          <voided>false</voided>
                          <tags class="set" id="371"/>
                          <conceptNameType>FULLY_SPECIFIED</conceptNameType>
                          <localePreferred>true</localePreferred>
                        </org.openmrs.ConceptName>
                        <org.openmrs.ConceptName id="372" uuid="0b931af0-15f5-102d-96e4-000c29c2a5d7">
                          <conceptNameId>9147</conceptNameId>
                          <concept reference="320"/>
                          <name>Oui</name>
                          <locale id="373">fr</locale>
                          <creator/>
                          <dateCreated id="374">2015-04-22 14:28:44</dateCreated>
                          <voided>false</voided>
                          <tags class="set" id="375"/>
                          <conceptNameType>FULLY_SPECIFIED</conceptNameType>
                          <localePreferred>true</localePreferred>
                        </org.openmrs.ConceptName>
                        <org.openmrs.ConceptName id="376" uuid="126313BBBBBBBBBBBBBBBBBBBBBBBBBBBBBB">
                          <conceptNameId>29692</conceptNameId>
                          <concept reference="320"/>
                          <name>True</name>
                          <locale id="377">en</locale>
                          <creator/>
                          <dateCreated id="378">2014-10-07 22:36:00</dateCreated>
                          <voided>false</voided>
                          <tags class="set" id="379"/>
                          <localePreferred>false</localePreferred>
                        </org.openmrs.ConceptName>
                        <org.openmrs.ConceptName id="380" uuid="126317BBBBBBBBBBBBBBBBBBBBBBBBBBBBBB">
                          <conceptNameId>29698</conceptNameId>
                          <concept reference="320"/>
                          <name>Vero</name>
                          <locale id="381">it</locale>
                          <creator/>
                          <dateCreated id="382">2014-10-07 22:39:17</dateCreated>
                          <voided>false</voided>
                          <tags class="set" id="383"/>
                          <localePreferred>false</localePreferred>
                        </org.openmrs.ConceptName>
                      </names>
                      <answers class="set" id="384"/>
                      <conceptSets class="set" id="385"/>
                      <descriptions class="set" id="386">
                        <org.openmrs.ConceptDescription id="387" uuid="1068FFFFFFFFFFFFFFFFFFFFFFFFFFFFFFFF">
                          <conceptDescriptionId>6865</conceptDescriptionId>
                          <concept reference="320"/>
                          <description>Generic answer to a question.</description>
                          <locale id="388">en</locale>
                          <creator/>
                          <dateCreated id="389">2005-01-06 05:00:00</dateCreated>
                          <dateChanged id="390">2015-04-24 21:17:40</dateChanged>
                        </org.openmrs.ConceptDescription>
                        <org.openmrs.ConceptDescription id="391" uuid="ece437ba-07fe-102c-b5fa-0017a47871b2">
                          <conceptDescriptionId>1076</conceptDescriptionId>
                          <concept reference="320"/>
                          <description>Generic answer to a question.</description>
                          <locale id="392">en</locale>
                          <creator/>
                          <dateCreated id="393">2015-04-22 14:28:44</dateCreated>
                          <changedBy/>
                          <dateChanged id="394">2015-04-22 14:28:44</dateChanged>
                        </org.openmrs.ConceptDescription>
                      </descriptions>
                      <conceptMappings class="set" id="395">
                        <org.openmrs.ConceptMap id="396" uuid="7568887a-4943-102e-96e9-000c29c2a5d7">
                          <conceptMapType reference="37"/>
                          <creator/>
                          <changedBy/>
                          <dateCreated id="397">2015-04-22 14:28:44</dateCreated>
                          <dateChanged id="398">2015-04-22 14:28:44</dateChanged>
                          <conceptMapId>6958</conceptMapId>
                          <concept reference="320"/>
                          <conceptReferenceTerm id="399" resolves-to="org.openmrs.ConceptReferenceTerm" uuid="43c590f7-f85f-376f-9083-d189b74ed37c">
                            <creator/>
                            <dateCreated id="400">2010-11-24 00:00:00</dateCreated>
                            <retired>false</retired>
                            <conceptReferenceTermId>6958</conceptReferenceTermId>
                            <conceptSource reference="42"/>
                            <code>YES</code>
                            <conceptReferenceTermMaps id="401"/>
                          </conceptReferenceTerm>
                        </org.openmrs.ConceptMap>
                        <org.openmrs.ConceptMap id="402" uuid="133840ABBBBBBBBBBBBBBBBBBBBBBBBBBBBB">
                          <conceptMapType reference="37"/>
                          <creator/>
                          <dateCreated id="403">2010-10-01 23:11:47</dateCreated>
                          <conceptMapId>25513</conceptMapId>
                          <concept reference="320"/>
                          <conceptReferenceTerm id="404" resolves-to="org.openmrs.ConceptReferenceTerm" uuid="d2d5f591-c1b5-308e-bbbb-2fb6dee0d2b2">
                            <creator/>
                            <dateCreated id="405">2010-10-01 04:00:00</dateCreated>
                            <retired>false</retired>
                            <conceptReferenceTermId>24855</conceptReferenceTermId>
                            <conceptSource reference="293"/>
                            <code>373066001</code>
                            <conceptReferenceTermMaps id="406"/>
                          </conceptReferenceTerm>
                        </org.openmrs.ConceptMap>
                        <org.openmrs.ConceptMap id="407" uuid="b20d114a-4864-102e-96e9-000c29c2a5d7">
                          <conceptMapType reference="37"/>
                          <creator/>
                          <changedBy/>
                          <dateCreated id="408">2015-04-22 14:28:44</dateCreated>
                          <dateChanged id="409">2015-04-22 14:28:44</dateChanged>
                          <conceptMapId>1067</conceptMapId>
                          <concept reference="320"/>
                          <conceptReferenceTerm id="410" resolves-to="org.openmrs.ConceptReferenceTerm" uuid="bbb5c16f-f127-32a4-97d5-7d7bed12bfd4">
                            <creator/>
                            <dateCreated id="411">2010-11-23 00:00:00</dateCreated>
                            <retired>false</retired>
                            <conceptReferenceTermId>1067</conceptReferenceTermId>
                            <conceptSource reference="42"/>
                            <code>1065</code>
                            <conceptReferenceTermMaps id="412"/>
                          </conceptReferenceTerm>
                        </org.openmrs.ConceptMap>
                      </conceptMappings>
                    </answerConcept>
                    <creator/>
                    <dateCreated id="413">2015-11-03 20:55:40</dateCreated>
                    <sortWeight>2.0</sortWeight>
                  </org.openmrs.ConceptAnswer>
                  <org.openmrs.ConceptAnswer id="414" uuid="ba34f5f0-c78c-4977-ada9-c617b9a3b99d">
                    <conceptAnswerId>9382</conceptAnswerId>
                    <concept reference="196"/>
                    <answerConcept id="415" resolves-to="org.openmrs.Concept" uuid="3cd6f86c-26fe-102b-80cb-0017a47871b2">
                      <conceptId>1066</conceptId>
                      <retired>false</retired>
                      <datatype reference="3"/>
                      <conceptClass reference="213"/>
                      <set>false</set>
                      <creator/>
                      <dateCreated id="416">2015-04-22 14:28:45</dateCreated>
                      <changedBy/>
                      <dateChanged id="417">2015-05-21 19:56:36</dateChanged>
                      <names class="set" id="418">
                        <org.openmrs.ConceptName id="419" uuid="126358BBBBBBBBBBBBBBBBBBBBBBBBBBBBBB">
                          <conceptNameId>29718</conceptNameId>
                          <concept reference="415"/>
                          <name>Falso</name>
                          <locale id="420">es</locale>
                          <creator/>
                          <dateCreated id="421">2014-10-11 19:48:46</dateCreated>
                          <voided>false</voided>
                          <tags class="set" id="422"/>
                          <localePreferred>false</localePreferred>
                        </org.openmrs.ConceptName>
                        <org.openmrs.ConceptName id="423" uuid="126362BBBBBBBBBBBBBBBBBBBBBBBBBBBBBB">
                          <conceptNameId>29716</conceptNameId>
                          <concept reference="415"/>
                          <name>Falso</name>
                          <locale id="424">pt</locale>
                          <creator/>
                          <dateCreated id="425">2014-10-11 19:48:46</dateCreated>
                          <voided>false</voided>
                          <tags class="set" id="426"/>
                          <localePreferred>false</localePreferred>
                        </org.openmrs.ConceptName>
                        <org.openmrs.ConceptName id="427" uuid="3e151786-26fe-102b-80cb-0017a47871b2">
                          <conceptNameId>8310</conceptNameId>
                          <concept reference="415"/>
                          <name>No</name>
                          <locale id="428">en</locale>
                          <creator/>
                          <dateCreated id="429">2015-04-22 14:28:45</dateCreated>
                          <voided>false</voided>
                          <tags class="set" id="430"/>
                          <conceptNameType>FULLY_SPECIFIED</conceptNameType>
                          <localePreferred>true</localePreferred>
                        </org.openmrs.ConceptName>
                        <org.openmrs.ConceptName id="431" uuid="126357BBBBBBBBBBBBBBBBBBBBBBBBBBBBBB">
                          <conceptNameId>29709</conceptNameId>
                          <concept reference="415"/>
                          <name>Faux</name>
                          <locale id="432">fr</locale>
                          <creator/>
                          <dateCreated id="433">2014-10-11 19:48:46</dateCreated>
                          <voided>false</voided>
                          <tags class="set" id="434"/>
                          <localePreferred>false</localePreferred>
                        </org.openmrs.ConceptName>
                        <org.openmrs.ConceptName id="435" uuid="111196BBBBBBBBBBBBBBBBBBBBBBBBBBBBBB">
                          <conceptNameId>29717</conceptNameId>
                          <concept reference="415"/>
                          <name>Нет</name>
                          <locale id="436">ru</locale>
                          <creator/>
                          <dateCreated id="437">2013-01-27 06:40:38</dateCreated>
                          <voided>false</voided>
                          <tags class="set" id="438"/>
                          <conceptNameType>FULLY_SPECIFIED</conceptNameType>
                          <localePreferred>true</localePreferred>
                        </org.openmrs.ConceptName>
                        <org.openmrs.ConceptName id="439" uuid="126361BBBBBBBBBBBBBBBBBBBBBBBBBBBBBB">
                          <conceptNameId>29708</conceptNameId>
                          <concept reference="415"/>
                          <name>Não</name>
                          <locale id="440">pt</locale>
                          <creator/>
                          <dateCreated id="441">2014-10-11 19:48:46</dateCreated>
                          <voided>false</voided>
                          <tags class="set" id="442"/>
                          <conceptNameType>FULLY_SPECIFIED</conceptNameType>
                          <localePreferred>true</localePreferred>
                        </org.openmrs.ConceptName>
                        <org.openmrs.ConceptName id="443" uuid="126360BBBBBBBBBBBBBBBBBBBBBBBBBBBBBB">
                          <conceptNameId>29715</conceptNameId>
                          <concept reference="415"/>
                          <name>Falso</name>
                          <locale id="444">it</locale>
                          <creator/>
                          <dateCreated id="445">2014-10-11 19:48:46</dateCreated>
                          <voided>false</voided>
                          <tags class="set" id="446"/>
                          <localePreferred>false</localePreferred>
                        </org.openmrs.ConceptName>
                        <org.openmrs.ConceptName id="447" uuid="126356BBBBBBBBBBBBBBBBBBBBBBBBBBBBBB">
                          <conceptNameId>29719</conceptNameId>
                          <concept reference="415"/>
                          <name>False</name>
                          <locale id="448">en</locale>
                          <creator/>
                          <dateCreated id="449">2014-10-11 19:48:46</dateCreated>
                          <voided>false</voided>
                          <tags class="set" id="450"/>
                          <localePreferred>false</localePreferred>
                        </org.openmrs.ConceptName>
                        <org.openmrs.ConceptName id="451" uuid="126359BBBBBBBBBBBBBBBBBBBBBBBBBBBBBB">
                          <conceptNameId>29710</conceptNameId>
                          <concept reference="415"/>
                          <name>No</name>
                          <locale id="452">it</locale>
                          <creator/>
                          <dateCreated id="453">2014-10-11 19:48:46</dateCreated>
                          <voided>false</voided>
                          <tags class="set" id="454"/>
                          <conceptNameType>FULLY_SPECIFIED</conceptNameType>
                          <localePreferred>true</localePreferred>
                        </org.openmrs.ConceptName>
                        <org.openmrs.ConceptName id="455" uuid="127333BBBBBBBBBBBBBBBBBBBBBBBBBBBBBB">
                          <conceptNameId>29714</conceptNameId>
                          <concept reference="415"/>
                          <name>না</name>
                          <locale id="456">bn</locale>
                          <creator/>
                          <dateCreated id="457">2015-04-24 21:18:07</dateCreated>
                          <voided>false</voided>
                          <tags class="set" id="458"/>
                          <conceptNameType>FULLY_SPECIFIED</conceptNameType>
                          <localePreferred>true</localePreferred>
                        </org.openmrs.ConceptName>
                        <org.openmrs.ConceptName id="459" uuid="106308BBBBBBBBBBBBBBBBBBBBBBBBBBBBBB">
                          <conceptNameId>29713</conceptNameId>
                          <concept reference="415"/>
                          <name>Muzima</name>
                          <locale id="460">rw</locale>
                          <creator/>
                          <dateCreated id="461">2010-06-21 23:11:53</dateCreated>
                          <voided>false</voided>
                          <tags class="set" id="462"/>
                          <conceptNameType>FULLY_SPECIFIED</conceptNameType>
                          <localePreferred>true</localePreferred>
                        </org.openmrs.ConceptName>
                        <org.openmrs.ConceptName id="463" uuid="106917BBBBBBBBBBBBBBBBBBBBBBBBBBBBBB">
                          <conceptNameId>29711</conceptNameId>
                          <concept reference="415"/>
                          <name>ኣይትጥቀምን</name>
                          <locale id="464">ti</locale>
                          <creator/>
                          <dateCreated id="465">2010-10-24 20:04:03</dateCreated>
                          <voided>false</voided>
                          <tags class="set" id="466"/>
                          <conceptNameType>FULLY_SPECIFIED</conceptNameType>
                          <localePreferred>true</localePreferred>
                        </org.openmrs.ConceptName>
                        <org.openmrs.ConceptName id="467" uuid="5bcc9a17-0a17-4075-84d4-f09882cfaa18">
                          <conceptNameId>17939</conceptNameId>
                          <concept reference="415"/>
                          <name>Non</name>
                          <locale id="468">ht</locale>
                          <creator/>
                          <dateCreated id="469">2015-04-22 14:28:45</dateCreated>
                          <voided>false</voided>
                          <tags class="set" id="470"/>
                          <conceptNameType>FULLY_SPECIFIED</conceptNameType>
                          <localePreferred>true</localePreferred>
                        </org.openmrs.ConceptName>
                        <org.openmrs.ConceptName id="471" uuid="743d14ca-dd31-4ed7-8bfb-b2e4c98a2609">
                          <conceptNameId>17940</conceptNameId>
                          <concept reference="415"/>
                          <name>Non</name>
                          <locale id="472">fr</locale>
                          <creator/>
                          <dateCreated id="473">2015-04-22 14:28:45</dateCreated>
                          <voided>false</voided>
                          <tags class="set" id="474"/>
                          <conceptNameType>FULLY_SPECIFIED</conceptNameType>
                          <localePreferred>true</localePreferred>
                        </org.openmrs.ConceptName>
                        <org.openmrs.ConceptName id="475" uuid="108334BBBBBBBBBBBBBBBBBBBBBBBBBBBBBB">
                          <conceptNameId>29712</conceptNameId>
                          <concept reference="415"/>
                          <name>No</name>
                          <locale id="476">es</locale>
                          <creator/>
                          <dateCreated id="477">2012-03-04 23:58:47</dateCreated>
                          <voided>false</voided>
                          <tags class="set" id="478"/>
                          <conceptNameType>FULLY_SPECIFIED</conceptNameType>
                          <localePreferred>true</localePreferred>
                        </org.openmrs.ConceptName>
                      </names>
                      <answers class="set" id="479"/>
                      <conceptSets class="set" id="480"/>
                      <descriptions class="set" id="481">
                        <org.openmrs.ConceptDescription id="482" uuid="d07abafd-ea95-4edd-9c84-ee85592fc91f">
                          <conceptDescriptionId>1077</conceptDescriptionId>
                          <concept reference="415"/>
                          <description>Generic answer to question.</description>
                          <locale id="483">en</locale>
                          <creator/>
                          <dateCreated id="484">2015-04-22 14:28:45</dateCreated>
                          <changedBy/>
                          <dateChanged id="485">2015-04-22 14:28:45</dateChanged>
                        </org.openmrs.ConceptDescription>
                        <org.openmrs.ConceptDescription id="486" uuid="1069FFFFFFFFFFFFFFFFFFFFFFFFFFFFFFFF">
                          <conceptDescriptionId>6867</conceptDescriptionId>
                          <concept reference="415"/>
                          <description>Generic answer to a question.</description>
                          <locale id="487">en</locale>
                          <creator/>
                          <dateCreated id="488">2005-01-06 05:00:00</dateCreated>
                          <dateChanged id="489">2015-04-24 21:18:07</dateChanged>
                        </org.openmrs.ConceptDescription>
                      </descriptions>
                      <conceptMappings class="set" id="490">
                        <org.openmrs.ConceptMap id="491" uuid="b20d12bc-4864-102e-96e9-000c29c2a5d7">
                          <conceptMapType reference="37"/>
                          <creator/>
                          <changedBy/>
                          <dateCreated id="492">2015-04-22 14:28:45</dateCreated>
                          <dateChanged id="493">2015-04-22 14:28:45</dateChanged>
                          <conceptMapId>1068</conceptMapId>
                          <concept reference="415"/>
                          <conceptReferenceTerm id="494" resolves-to="org.openmrs.ConceptReferenceTerm" uuid="733a28fa-d244-3248-b654-09ffb442e6f2">
                            <creator/>
                            <dateCreated id="495">2010-11-23 00:00:00</dateCreated>
                            <retired>false</retired>
                            <conceptReferenceTermId>1068</conceptReferenceTermId>
                            <conceptSource reference="42"/>
                            <code>1066</code>
                            <conceptReferenceTermMaps id="496"/>
                          </conceptReferenceTerm>
                        </org.openmrs.ConceptMap>
                        <org.openmrs.ConceptMap id="497" uuid="aefacf53-8e8e-4ed0-9d32-cbd1d14c6639">
                          <conceptMapType reference="37"/>
                          <creator/>
                          <changedBy/>
                          <dateCreated id="498">2015-04-22 14:28:45</dateCreated>
                          <dateChanged id="499">2015-04-22 14:28:45</dateChanged>
                          <conceptMapId>12989</conceptMapId>
                          <concept reference="415"/>
                          <conceptReferenceTerm id="500" resolves-to="org.openmrs.ConceptReferenceTerm" uuid="bfdf9e0c-a208-31e8-9df4-45eccc2ea9e7">
                            <creator/>
                            <dateCreated id="501">2011-07-22 00:00:00</dateCreated>
                            <retired>false</retired>
                            <conceptReferenceTermId>12989</conceptReferenceTermId>
                            <conceptSource reference="42"/>
                            <code>NO</code>
                            <conceptReferenceTermMaps id="502"/>
                          </conceptReferenceTerm>
                        </org.openmrs.ConceptMap>
                        <org.openmrs.ConceptMap id="503" uuid="133841ABBBBBBBBBBBBBBBBBBBBBBBBBBBBB">
                          <conceptMapType reference="37"/>
                          <creator/>
                          <dateCreated id="504">2010-10-01 23:13:10</dateCreated>
                          <conceptMapId>25515</conceptMapId>
                          <concept reference="415"/>
                          <conceptReferenceTerm id="505" resolves-to="org.openmrs.ConceptReferenceTerm" uuid="beaa27cb-dacc-3334-b7c4-9f230f2dd231">
                            <creator/>
                            <dateCreated id="506">2010-10-01 04:00:00</dateCreated>
                            <retired>false</retired>
                            <conceptReferenceTermId>24857</conceptReferenceTermId>
                            <conceptSource reference="293"/>
                            <code>373067005</code>
                            <conceptReferenceTermMaps id="507"/>
                          </conceptReferenceTerm>
                        </org.openmrs.ConceptMap>
                      </conceptMappings>
                    </answerConcept>
                    <creator/>
                    <dateCreated id="508">2015-11-03 20:55:40</dateCreated>
                    <sortWeight>1.0</sortWeight>
                  </org.openmrs.ConceptAnswer>
                </answers>
                <conceptSets class="set" id="509"/>
                <descriptions class="set" id="510">
                  <org.openmrs.ConceptDescription id="511" uuid="fefc4772-0916-4917-8492-ee793ee29470">
                    <conceptDescriptionId>6972</conceptDescriptionId>
                    <concept reference="196"/>
                    <description>Deworming</description>
                    <locale id="512">en</locale>
                    <creator/>
                    <dateCreated id="513">2015-11-03 20:55:40</dateCreated>
                  </org.openmrs.ConceptDescription>
                </descriptions>
                <conceptMappings class="set" id="514">
                  <org.openmrs.ConceptMap id="515" uuid="0937a2ad-3f3c-415b-877e-f0684dbc7a7e">
                    <conceptMapType reference="37"/>
                    <creator/>
                    <dateCreated id="516">2015-11-03 20:58:21</dateCreated>
                    <conceptMapId>26065</conceptMapId>
                    <concept reference="196"/>
                    <conceptReferenceTerm id="517" resolves-to="org.openmrs.ConceptReferenceTerm" uuid="d1c42d50-6d5e-4d12-b229-379a64bdc7d6">
                      <creator/>
                      <dateCreated id="518">2015-11-03 20:56:50</dateCreated>
                      <retired>false</retired>
                      <conceptReferenceTermId>25411</conceptReferenceTermId>
                      <conceptSource reference="42"/>
                      <code>DEWORMING</code>
                      <conceptReferenceTermMaps id="519"/>
                    </conceptReferenceTerm>
                  </org.openmrs.ConceptMap>
                  <org.openmrs.ConceptMap id="520" uuid="3618ba8a-a4e1-4336-b6de-c111f2979e3e">
                    <conceptMapType reference="37"/>
                    <creator/>
                    <dateCreated id="521">2015-11-03 20:55:41</dateCreated>
                    <conceptMapId>26064</conceptMapId>
                    <concept reference="196"/>
                    <conceptReferenceTerm id="522" resolves-to="org.openmrs.ConceptReferenceTerm" uuid="e84eef93-ab20-4e32-b488-207db81796ae">
                      <creator/>
                      <dateCreated id="523">2015-11-03 20:55:07</dateCreated>
                      <retired>false</retired>
                      <conceptReferenceTermId>25410</conceptReferenceTermId>
                      <conceptSource reference="114"/>
                      <code>159922</code>
                      <conceptReferenceTermMaps id="524"/>
                    </conceptReferenceTerm>
                  </org.openmrs.ConceptMap>
                </conceptMappings>
              </answerConcept>
              <creator/>
              <dateCreated id="525">2015-11-03 21:04:15</dateCreated>
              <sortWeight>4.0</sortWeight>
            </org.openmrs.ConceptAnswer>
          </answers>
          <conceptSets class="set" id="526"/>
          <descriptions class="set" id="527">
            <org.openmrs.ConceptDescription id="528" uuid="40882309-42e0-449f-a991-7c53f21e7873">
              <conceptDescriptionId>6973</conceptDescriptionId>
              <concept reference="47"/>
              <description>Supplement received by patient</description>
              <locale id="529">en</locale>
              <creator/>
              <dateCreated id="530">2015-11-03 21:04:15</dateCreated>
            </org.openmrs.ConceptDescription>
          </descriptions>
          <conceptMappings class="set" id="531">
            <org.openmrs.ConceptMap id="532" uuid="1e49c20c-ab30-4a9d-a1d0-c4e1b1967475">
              <conceptMapType reference="37"/>
              <creator/>
              <dateCreated id="533">2015-11-03 21:05:48</dateCreated>
              <conceptMapId>26066</conceptMapId>
              <concept reference="47"/>
              <conceptReferenceTerm id="534" resolves-to="org.openmrs.ConceptReferenceTerm" uuid="28636bc8-5ff1-4a86-ac9b-2f11db07943a">
                <creator/>
                <dateCreated id="535">2015-11-03 21:05:28</dateCreated>
                <retired>false</retired>
                <conceptReferenceTermId>25412</conceptReferenceTermId>
                <conceptSource reference="42"/>
                <code>SUPPLEMENT RECEIVED</code>
                <conceptReferenceTermMaps id="536"/>
              </conceptReferenceTerm>
            </org.openmrs.ConceptMap>
          </conceptMappings>
        </concept>
        <conceptSet reference="2"/>
        <sortWeight>0.0</sortWeight>
        <creator/>
        <dateCreated id="537">2015-11-03 21:15:10</dateCreated>
      </org.openmrs.ConceptSet>
    </conceptSets>
    <descriptions class="set" id="538">
      <org.openmrs.ConceptDescription id="539" uuid="12efbcba-d884-483b-82c3-5ab6214be5ec">
        <conceptDescriptionId>6975</conceptDescriptionId>
        <concept reference="2"/>
        <description>Represents different supplement a pediatric patient receives.</description>
        <locale id="540">en</locale>
        <creator/>
        <dateCreated id="541">2015-11-03 21:15:10</dateCreated>
      </org.openmrs.ConceptDescription>
    </descriptions>
    <conceptMappings class="set" id="542">
      <org.openmrs.ConceptMap id="543" uuid="012600fb-177c-4966-a7eb-a105383d7175">
        <conceptMapType reference="37"/>
        <creator/>
        <dateCreated id="544">2015-11-03 21:15:10</dateCreated>
        <conceptMapId>26068</conceptMapId>
        <concept reference="2"/>
        <conceptReferenceTerm id="545" resolves-to="org.openmrs.ConceptReferenceTerm" uuid="ab15c2bb-5bca-47bd-bc86-fc7d557f5989">
          <creator/>
          <dateCreated id="546">2015-11-03 21:14:43</dateCreated>
          <retired>false</retired>
          <conceptReferenceTermId>25414</conceptReferenceTermId>
          <conceptSource reference="42"/>
          <code>SUPPLEMENT HISTORY CONSTRUCT</code>
          <conceptReferenceTermMaps id="547"/>
        </conceptReferenceTerm>
      </org.openmrs.ConceptMap>
    </conceptMappings>
  </org.openmrs.Concept>
</list>
