<?xml version="1.0" encoding="UTF-8"?>
<package id="1" uuid="67c5c55e-ca78-41cf-bdf0-211fcde9d577">
  <dateCreated id="2">2019-07-06 03:03:34</dateCreated>
  <name>PIH Concept Sources</name>
  <description>Concept sources used by concepts installed in the PIH EMR</description>
  <openmrsVersion>2.1.3 SNAPSHOT Build e8c2d9</openmrsVersion>
  <version>2</version>
  <groupUuid>1c6c89d3-0088-4e00-80fe-28bd87faa0f0</groupUuid>
  <subscriptionUrl>https://concepts.pih-emr.org/openmrs/ws/rest/metadatasharing/package/1c6c89d3-0088-4e00-80fe-28bd87faa0f0/latest</subscriptionUrl>
  <modules id="3">
    <entry>
      <string>webservices.rest</string>
      <string>2.23.0-SNAPSHOT.df4734</string>
    </entry>
    <entry>
      <string>providermanagement</string>
      <string>2.10.0</string>
    </entry>
    <entry>
      <string>legacyui</string>
      <string>1.5.0</string>
    </entry>
    <entry>
      <string>groovy</string>
      <string>2.3.0-SNAPSHOT</string>
    </entry>
    <entry>
      <string>htmlformentry</string>
      <string>3.8.0</string>
    </entry>
    <entry>
      <string>metadatasharing</string>
      <string>1.5.0</string>
    </entry>
    <entry>
      <string>uiframework</string>
      <string>3.15.0</string>
    </entry>
    <entry>
      <string>metadatamapping</string>
      <string>1.3.4</string>
    </entry>
    <entry>
      <string>metadatatools</string>
      <string>1.0-SNAPSHOT</string>
    </entry>
    <entry>
      <string>uilibrary</string>
      <string>2.0.6</string>
    </entry>
    <entry>
      <string>validation</string>
      <string>1.0.1</string>
    </entry>
  </modules>
  <items class="linked-hash-set" id="4">
    <org.openmrs.module.metadatasharing.Item id="5" uuid="14ADDDDDDDDDDDDDDDDDDDDDDDDDDDDDDDDD">
      <id>15</id>
      <classname>org.openmrs.ConceptSource</classname>
      <dateChanged id="6">2015-07-01 17:25:50</dateChanged>
      <retired>false</retired>
    </org.openmrs.module.metadatasharing.Item>
    <org.openmrs.module.metadatasharing.Item id="7" uuid="edd52713-8887-47b7-ba9e-6e1148824ca4">
      <id>31</id>
      <classname>org.openmrs.ConceptSource</classname>
      <dateChanged id="8">2015-07-01 17:25:50</dateChanged>
      <retired>false</retired>
    </org.openmrs.module.metadatasharing.Item>
    <org.openmrs.module.metadatasharing.Item id="9" uuid="3f65bd34-26fe-102b-80cb-0017a47871b2">
      <id>3</id>
      <classname>org.openmrs.ConceptSource</classname>
      <dateChanged id="10">2015-07-01 17:25:50</dateChanged>
      <retired>false</retired>
    </org.openmrs.module.metadatasharing.Item>
    <org.openmrs.module.metadatasharing.Item id="11" uuid="7ADDDDDDDDDDDDDDDDDDDDDDDDDDDDDDDDDD">
      <id>12</id>
      <classname>org.openmrs.ConceptSource</classname>
      <dateChanged id="12">2010-04-25 12:17:34</dateChanged>
      <retired>false</retired>
    </org.openmrs.module.metadatasharing.Item>
    <org.openmrs.module.metadatasharing.Item id="13" uuid="9b77b4cb-172b-49a5-b8b1-7d30bd1739e0">
      <id>49</id>
      <classname>org.openmrs.ConceptSource</classname>
      <dateChanged id="14">2015-01-16 23:06:56</dateChanged>
      <retired>false</retired>
    </org.openmrs.module.metadatasharing.Item>
    <org.openmrs.module.metadatasharing.Item id="15" uuid="947a1410-1987-4399-8017-c1ea70f242d1">
      <id>28</id>
      <classname>org.openmrs.ConceptSource</classname>
      <dateChanged id="16">2013-04-24 12:57:01</dateChanged>
      <retired>false</retired>
    </org.openmrs.module.metadatasharing.Item>
    <org.openmrs.module.metadatasharing.Item id="17" uuid="98e77229-19e7-45e0-88dd-e30214dd2fad">
      <id>51</id>
      <classname>org.openmrs.ConceptSource</classname>
      <dateChanged id="18">2012-10-19 17:43:57</dateChanged>
      <retired>false</retired>
    </org.openmrs.module.metadatasharing.Item>
    <org.openmrs.module.metadatasharing.Item id="19" uuid="1ADDDDDDDDDDDDDDDDDDDDDDDDDDDDDDDDDD">
      <id>6</id>
      <classname>org.openmrs.ConceptSource</classname>
      <dateChanged id="20">2015-07-01 17:25:50</dateChanged>
      <retired>false</retired>
    </org.openmrs.module.metadatasharing.Item>
    <org.openmrs.module.metadatasharing.Item id="21" uuid="5ADDDDDDDDDDDDDDDDDDDDDDDDDDDDDDDDDD">
      <id>16</id>
      <classname>org.openmrs.ConceptSource</classname>
      <dateChanged id="22">2010-04-25 11:14:05</dateChanged>
      <retired>false</retired>
    </org.openmrs.module.metadatasharing.Item>
    <org.openmrs.module.metadatasharing.Item id="23" uuid="fb9aaaf1-65e2-4c18-b53c-16b575f2f385">
      <id>5</id>
      <classname>org.openmrs.ConceptSource</classname>
      <dateChanged id="24">2015-07-01 17:25:50</dateChanged>
      <retired>false</retired>
    </org.openmrs.module.metadatasharing.Item>
    <org.openmrs.module.metadatasharing.Item id="25" uuid="d82521a1-6b31-4fac-ad4f-492a91aefca5">
      <id>54</id>
      <classname>org.openmrs.ConceptSource</classname>
      <dateChanged id="26">2014-02-08 03:15:18</dateChanged>
      <retired>false</retired>
    </org.openmrs.module.metadatasharing.Item>
    <org.openmrs.module.metadatasharing.Item id="27" uuid="22ADDDDDDDDDDDDDDDDDDDDDDDDDDDDDDDDD">
      <id>30</id>
      <classname>org.openmrs.ConceptSource</classname>
      <dateChanged id="28">2013-07-05 02:57:20</dateChanged>
      <retired>false</retired>
    </org.openmrs.module.metadatasharing.Item>
    <org.openmrs.module.metadatasharing.Item id="29" uuid="16ADDDDDDDDDDDDDDDDDDDDDDDDDDDDDDDDD">
      <id>23</id>
      <classname>org.openmrs.ConceptSource</classname>
      <dateChanged id="30">2012-03-26 14:51:12</dateChanged>
      <retired>false</retired>
    </org.openmrs.module.metadatasharing.Item>
    <org.openmrs.module.metadatasharing.Item id="31" uuid="19ADDDDDDDDDDDDDDDDDDDDDDDDDDDDDDDDD">
      <id>26</id>
      <classname>org.openmrs.ConceptSource</classname>
      <dateChanged id="32">2013-02-16 22:25:25</dateChanged>
      <retired>false</retired>
    </org.openmrs.module.metadatasharing.Item>
    <org.openmrs.module.metadatasharing.Item id="33" uuid="2889f378-f287-40a5-ac9c-ce77ee963ed7">
      <id>22</id>
      <classname>org.openmrs.ConceptSource</classname>
      <dateChanged id="34">2015-07-01 17:25:50</dateChanged>
      <retired>false</retired>
    </org.openmrs.module.metadatasharing.Item>
    <org.openmrs.module.metadatasharing.Item id="35" uuid="b43b6d1f-88c5-4323-b633-6b7663e68f94">
      <id>57</id>
      <classname>org.openmrs.ConceptSource</classname>
      <dateChanged id="36">2019-07-03 05:16:02</dateChanged>
      <retired>false</retired>
    </org.openmrs.module.metadatasharing.Item>
    <org.openmrs.module.metadatasharing.Item id="37" uuid="ecbb4a85-263f-4054-b10d-e69cd238e434">
      <id>58</id>
      <classname>org.openmrs.ConceptSource</classname>
      <dateChanged id="38">2019-07-03 05:16:42</dateChanged>
      <retired>false</retired>
    </org.openmrs.module.metadatasharing.Item>
    <org.openmrs.module.metadatasharing.Item id="39" uuid="20ADDDDDDDDDDDDDDDDDDDDDDDDDDDDDDDDD">
      <id>27</id>
      <classname>org.openmrs.ConceptSource</classname>
      <dateChanged id="40">2013-02-17 15:25:41</dateChanged>
      <retired>false</retired>
    </org.openmrs.module.metadatasharing.Item>
    <org.openmrs.module.metadatasharing.Item id="41" uuid="25ADDDDDDDDDDDDDDDDDDDDDDDDDDDDDDDDD">
      <id>36</id>
      <classname>org.openmrs.ConceptSource</classname>
      <dateChanged id="42">2015-07-01 17:25:50</dateChanged>
      <retired>false</retired>
    </org.openmrs.module.metadatasharing.Item>
    <org.openmrs.module.metadatasharing.Item id="43" uuid="24ADDDDDDDDDDDDDDDDDDDDDDDDDDDDDDDDD">
      <id>34</id>
      <classname>org.openmrs.ConceptSource</classname>
      <dateChanged id="44">2015-07-01 17:25:50</dateChanged>
      <retired>false</retired>
    </org.openmrs.module.metadatasharing.Item>
    <org.openmrs.module.metadatasharing.Item id="45" uuid="10ADDDDDDDDDDDDDDDDDDDDDDDDDDDDDDDDD">
      <id>21</id>
      <classname>org.openmrs.ConceptSource</classname>
      <dateChanged id="46">2010-07-26 17:53:37</dateChanged>
      <retired>false</retired>
    </org.openmrs.module.metadatasharing.Item>
    <org.openmrs.module.metadatasharing.Item id="47" uuid="f79f5ac4-1c94-4b64-b0d4-04565c1d52b9">
      <id>50</id>
      <classname>org.openmrs.ConceptSource</classname>
      <dateChanged id="48">2015-01-17 00:46:12</dateChanged>
      <retired>false</retired>
    </org.openmrs.module.metadatasharing.Item>
    <org.openmrs.module.metadatasharing.Item id="49" uuid="a704a5b1-14b2-47a4-89ba-d27304289893">
      <id>32</id>
      <classname>org.openmrs.ConceptSource</classname>
      <dateChanged id="50">2013-09-30 15:35:57</dateChanged>
      <retired>false</retired>
    </org.openmrs.module.metadatasharing.Item>
    <org.openmrs.module.metadatasharing.Item id="51" uuid="13ADDDDDDDDDDDDDDDDDDDDDDDDDDDDDDDDD">
      <id>10</id>
      <classname>org.openmrs.ConceptSource</classname>
      <dateChanged id="52">2015-07-01 17:25:50</dateChanged>
      <retired>false</retired>
    </org.openmrs.module.metadatasharing.Item>
    <org.openmrs.module.metadatasharing.Item id="53" uuid="ddb6b595-0b85-4a80-9243-efe4ba404eef">
      <id>4</id>
      <classname>org.openmrs.ConceptSource</classname>
      <dateChanged id="54">2015-07-01 17:25:50</dateChanged>
      <retired>false</retired>
    </org.openmrs.module.metadatasharing.Item>
    <org.openmrs.module.metadatasharing.Item id="55" uuid="2ADDDDDDDDDDDDDDDDDDDDDDDDDDDDDDDDDD">
      <id>8</id>
      <classname>org.openmrs.ConceptSource</classname>
      <dateChanged id="56">2015-07-01 17:25:50</dateChanged>
      <retired>false</retired>
    </org.openmrs.module.metadatasharing.Item>
    <org.openmrs.module.metadatasharing.Item id="57" uuid="4ADDDDDDDDDDDDDDDDDDDDDDDDDDDDDDDDDD">
      <id>14</id>
      <classname>org.openmrs.ConceptSource</classname>
      <dateChanged id="58">2015-07-01 17:25:50</dateChanged>
      <retired>false</retired>
    </org.openmrs.module.metadatasharing.Item>
    <org.openmrs.module.metadatasharing.Item id="59" uuid="66cf9951-24e4-4f93-a3fe-2c4eaf315abd">
      <id>55</id>
      <classname>org.openmrs.ConceptSource</classname>
      <dateChanged id="60">2016-02-17 22:05:03</dateChanged>
      <retired>false</retired>
    </org.openmrs.module.metadatasharing.Item>
    <org.openmrs.module.metadatasharing.Item id="61" uuid="12ADDDDDDDDDDDDDDDDDDDDDDDDDDDDDDDDD">
      <id>24</id>
      <classname>org.openmrs.ConceptSource</classname>
      <dateChanged id="62">2015-07-01 17:25:50</dateChanged>
      <retired>false</retired>
    </org.openmrs.module.metadatasharing.Item>
    <org.openmrs.module.metadatasharing.Item id="63" uuid="8ADDDDDDDDDDDDDDDDDDDDDDDDDDDDDDDDDD">
      <id>18</id>
      <classname>org.openmrs.ConceptSource</classname>
      <dateChanged id="64">2010-04-25 12:18:19</dateChanged>
      <retired>false</retired>
    </org.openmrs.module.metadatasharing.Item>
    <org.openmrs.module.metadatasharing.Item id="65" uuid="21ADDDDDDDDDDDDDDDDDDDDDDDDDDDDDDDDD">
      <id>29</id>
      <classname>org.openmrs.ConceptSource</classname>
      <dateChanged id="66">2015-07-01 17:25:50</dateChanged>
      <retired>false</retired>
    </org.openmrs.module.metadatasharing.Item>
    <org.openmrs.module.metadatasharing.Item id="67" uuid="d74af864-e2b0-4b79-8dc9-6b50751efcea">
      <id>19</id>
      <classname>org.openmrs.ConceptSource</classname>
      <dateChanged id="68">2012-06-22 19:23:51</dateChanged>
      <retired>false</retired>
    </org.openmrs.module.metadatasharing.Item>
  </items>
  <relatedItems class="linked-hash-set" id="69"/>
  <incrementalVersion>false</incrementalVersion>
</package>
