<?xml version="1.0" encoding="UTF-8"?>
<package id="1" uuid="e973e0d0-188c-48d7-ad2c-23da5a47c793">
  <dateCreated id="2">2015-10-30 20:09:53</dateCreated>
  <name>PIH_Pediatric_Feeding</name>
  <description>Set of concepts used in PIH Primary Care Pediatric Feeding Form</description>
  <openmrsVersion>1.9.8  Build fd241c</openmrsVersion>
  <version>1</version>
  <groupUuid>92625824-de8e-4c7a-a141-55e9cb43b205</groupUuid>
  <modules id="3">
    <entry>
      <string>uilibrary</string>
      <string>2.0.3.1</string>
    </entry>
    <entry>
      <string>reportingcompatibility</string>
      <string>1.5.8</string>
    </entry>
    <entry>
      <string>groovy</string>
      <string>2.2.4</string>
    </entry>
    <entry>
      <string>metadatadeploy</string>
      <string>1.5-SNAPSHOT</string>
    </entry>
    <entry>
      <string>uiframework</string>
      <string>3.1</string>
    </entry>
    <entry>
      <string>validation</string>
      <string>1.0.1</string>
    </entry>
    <entry>
      <string>htmlformentry</string>
      <string>2.2.1</string>
    </entry>
    <entry>
      <string>metadatamapping</string>
      <string>1.0.1</string>
    </entry>
    <entry>
      <string>pihcore</string>
      <string>1.0-SNAPSHOT</string>
    </entry>
    <entry>
      <string>logic</string>
      <string>0.5.2</string>
    </entry>
    <entry>
      <string>providermanagement</string>
      <string>2.0</string>
    </entry>
    <entry>
      <string>htmlformentry19ext</string>
      <string>1.4</string>
    </entry>
    <entry>
      <string>metadatasharing</string>
      <string>1.1.8</string>
    </entry>
    <entry>
      <string>serialization.xstream</string>
      <string>0.2.7</string>
    </entry>
  </modules>
  <items class="linked-hash-set" id="4">
    <org.openmrs.module.metadatasharing.Item id="5" uuid="f97e0c5b-889a-4249-b22a-3a247bf19a74">
      <id>10563</id>
      <classname>org.openmrs.Concept</classname>
      <dateChanged id="6">2015-10-30 19:51:27</dateChanged>
      <retired>false</retired>
    </org.openmrs.module.metadatasharing.Item>
  </items>
  <relatedItems class="linked-hash-set" id="7">
    <org.openmrs.module.metadatasharing.Item id="8" uuid="8d4a4c94-c2cc-11de-8d13-0010c6dffd0f">
      <id>4</id>
      <classname>org.openmrs.ConceptDatatype</classname>
      <dateChanged id="9">2004-02-02 05:00:00</dateChanged>
      <retired>false</retired>
    </org.openmrs.module.metadatasharing.Item>
    <org.openmrs.module.metadatasharing.Item id="10" uuid="8d492594-c2cc-11de-8d13-0010c6dffd0f">
      <id>10</id>
      <classname>org.openmrs.ConceptClass</classname>
      <dateChanged id="11">2015-07-01 17:25:50</dateChanged>
      <retired>false</retired>
    </org.openmrs.module.metadatasharing.Item>
    <org.openmrs.module.metadatasharing.Item id="12" uuid="6a3fd147-fa02-4dc1-8a21-6d4db68a3717">
      <id>30466</id>
      <classname>org.openmrs.ConceptName</classname>
      <dateChanged id="13">2015-10-30 19:51:27</dateChanged>
    </org.openmrs.module.metadatasharing.Item>
    <org.openmrs.module.metadatasharing.Item id="14" uuid="cc5c030a-3ad5-48c1-bbae-9badc6ae7b8d">
      <id>6324</id>
      <classname>org.openmrs.ConceptSet</classname>
      <dateChanged id="15">2015-10-30 19:51:27</dateChanged>
    </org.openmrs.module.metadatasharing.Item>
    <org.openmrs.module.metadatasharing.Item id="16" uuid="3cedd4ec-26fe-102b-80cb-0017a47871b2">
      <id>5526</id>
      <classname>org.openmrs.Concept</classname>
      <dateChanged id="17">2005-02-07 00:00:00</dateChanged>
      <retired>false</retired>
    </org.openmrs.module.metadatasharing.Item>
    <org.openmrs.module.metadatasharing.Item id="18" uuid="8d491a9a-c2cc-11de-8d13-0010c6dffd0f">
      <id>5</id>
      <classname>org.openmrs.ConceptClass</classname>
      <dateChanged id="19">2015-07-01 17:25:50</dateChanged>
      <retired>false</retired>
    </org.openmrs.module.metadatasharing.Item>
    <org.openmrs.module.metadatasharing.Item id="20" uuid="f7664460-d5db-102d-ad2a-000c29c2a5d7">
      <id>13735</id>
      <classname>org.openmrs.ConceptName</classname>
      <dateChanged id="21">2010-06-29 13:05:30</dateChanged>
    </org.openmrs.module.metadatasharing.Item>
    <org.openmrs.module.metadatasharing.Item id="22" uuid="3e3fc990-26fe-102b-80cb-0017a47871b2">
      <id>3895</id>
      <classname>org.openmrs.ConceptName</classname>
      <dateChanged id="23">2004-08-12 00:00:00</dateChanged>
    </org.openmrs.module.metadatasharing.Item>
    <org.openmrs.module.metadatasharing.Item id="24" uuid="ed181350-07fe-102c-b5fa-0017a47871b2">
      <id>3328</id>
      <classname>org.openmrs.ConceptDescription</classname>
      <dateChanged id="25">2004-08-12 00:00:00</dateChanged>
    </org.openmrs.module.metadatasharing.Item>
    <org.openmrs.module.metadatasharing.Item id="26" uuid="b295bf54-4864-102e-96e9-000c29c2a5d7">
      <id>4597</id>
      <classname>org.openmrs.ConceptMap</classname>
      <dateChanged id="27">2012-06-21 16:49:52</dateChanged>
    </org.openmrs.module.metadatasharing.Item>
    <org.openmrs.module.metadatasharing.Item id="28" uuid="35543629-7d8c-11e1-909d-c80aa9edcf4e">
      <id>1</id>
      <classname>org.openmrs.ConceptMapType</classname>
      <dateChanged id="29">2012-06-21 00:00:00</dateChanged>
      <retired>false</retired>
    </org.openmrs.module.metadatasharing.Item>
    <org.openmrs.module.metadatasharing.Item id="30" uuid="93049780-b3d4-3b67-ace9-0dd7a1b2cff6">
      <id>4597</id>
      <classname>org.openmrs.ConceptReferenceTerm</classname>
      <dateChanged id="31">2010-11-23 00:00:00</dateChanged>
      <retired>false</retired>
    </org.openmrs.module.metadatasharing.Item>
    <org.openmrs.module.metadatasharing.Item id="32" uuid="fb9aaaf1-65e2-4c18-b53c-16b575f2f385">
      <id>5</id>
      <classname>org.openmrs.ConceptSource</classname>
      <dateChanged id="33">2015-07-01 17:25:50</dateChanged>
      <retired>false</retired>
    </org.openmrs.module.metadatasharing.Item>
    <org.openmrs.module.metadatasharing.Item id="34" uuid="75a98032-4943-102e-96e9-000c29c2a5d7">
      <id>10294</id>
      <classname>org.openmrs.ConceptMap</classname>
      <dateChanged id="35">2012-06-21 16:49:52</dateChanged>
    </org.openmrs.module.metadatasharing.Item>
    <org.openmrs.module.metadatasharing.Item id="36" uuid="87444a48-7ff1-3d68-98a5-5e9620956477">
      <id>10294</id>
      <classname>org.openmrs.ConceptReferenceTerm</classname>
      <dateChanged id="37">2010-11-24 00:00:00</dateChanged>
      <retired>false</retired>
    </org.openmrs.module.metadatasharing.Item>
    <org.openmrs.module.metadatasharing.Item id="38" uuid="2e1ac29c-7b72-4305-843b-3c3fd416718c">
      <id>6325</id>
      <classname>org.openmrs.ConceptSet</classname>
      <dateChanged id="39">2015-10-30 19:51:27</dateChanged>
    </org.openmrs.module.metadatasharing.Item>
    <org.openmrs.module.metadatasharing.Item id="40" uuid="3ceb2c7e-26fe-102b-80cb-0017a47871b2">
      <id>5254</id>
      <classname>org.openmrs.Concept</classname>
      <dateChanged id="41">2005-02-07 00:00:00</dateChanged>
      <retired>false</retired>
    </org.openmrs.module.metadatasharing.Item>
    <org.openmrs.module.metadatasharing.Item id="42" uuid="8d490dfc-c2cc-11de-8d13-0010c6dffd0f">
      <id>3</id>
      <classname>org.openmrs.ConceptClass</classname>
      <dateChanged id="43">2015-07-01 17:25:50</dateChanged>
      <retired>false</retired>
    </org.openmrs.module.metadatasharing.Item>
    <org.openmrs.module.metadatasharing.Item id="44" uuid="3e3cf080-26fe-102b-80cb-0017a47871b2">
      <id>3621</id>
      <classname>org.openmrs.ConceptName</classname>
      <dateChanged id="45">2004-08-12 00:00:00</dateChanged>
    </org.openmrs.module.metadatasharing.Item>
    <org.openmrs.module.metadatasharing.Item id="46" uuid="f759fc82-d5db-102d-ad2a-000c29c2a5d7">
      <id>13678</id>
      <classname>org.openmrs.ConceptName</classname>
      <dateChanged id="47">2010-06-29 13:05:29</dateChanged>
    </org.openmrs.module.metadatasharing.Item>
    <org.openmrs.module.metadatasharing.Item id="48" uuid="ed14b9f8-07fe-102c-b5fa-0017a47871b2">
      <id>3056</id>
      <classname>org.openmrs.ConceptDescription</classname>
      <dateChanged id="49">2004-08-12 00:00:00</dateChanged>
    </org.openmrs.module.metadatasharing.Item>
    <org.openmrs.module.metadatasharing.Item id="50" uuid="75a7ec72-4943-102e-96e9-000c29c2a5d7">
      <id>10032</id>
      <classname>org.openmrs.ConceptMap</classname>
      <dateChanged id="51">2012-06-21 16:49:52</dateChanged>
    </org.openmrs.module.metadatasharing.Item>
    <org.openmrs.module.metadatasharing.Item id="52" uuid="f9487836-047d-3a26-a4e9-c8b6f78c422d">
      <id>10032</id>
      <classname>org.openmrs.ConceptReferenceTerm</classname>
      <dateChanged id="53">2010-11-24 00:00:00</dateChanged>
      <retired>false</retired>
    </org.openmrs.module.metadatasharing.Item>
    <org.openmrs.module.metadatasharing.Item id="54" uuid="b2938f86-4864-102e-96e9-000c29c2a5d7">
      <id>4325</id>
      <classname>org.openmrs.ConceptMap</classname>
      <dateChanged id="55">2012-06-21 16:49:52</dateChanged>
    </org.openmrs.module.metadatasharing.Item>
    <org.openmrs.module.metadatasharing.Item id="56" uuid="5e3e22d0-1f62-3d71-bb62-ea5d3f2df6c3">
      <id>4325</id>
      <classname>org.openmrs.ConceptReferenceTerm</classname>
      <dateChanged id="57">2010-11-23 00:00:00</dateChanged>
      <retired>false</retired>
    </org.openmrs.module.metadatasharing.Item>
    <org.openmrs.module.metadatasharing.Item id="58" uuid="9560db49-a96a-4704-8b92-ffc112060829">
      <id>6326</id>
      <classname>org.openmrs.ConceptSet</classname>
      <dateChanged id="59">2015-10-30 19:51:27</dateChanged>
    </org.openmrs.module.metadatasharing.Item>
    <org.openmrs.module.metadatasharing.Item id="60" uuid="3cf2ddc0-26fe-102b-80cb-0017a47871b2">
      <id>6046</id>
      <classname>org.openmrs.Concept</classname>
      <dateChanged id="61">2010-12-06 15:10:24</dateChanged>
      <retired>false</retired>
    </org.openmrs.module.metadatasharing.Item>
    <org.openmrs.module.metadatasharing.Item id="62" uuid="3e4519a4-26fe-102b-80cb-0017a47871b2">
      <id>4425</id>
      <classname>org.openmrs.ConceptName</classname>
      <dateChanged id="63">2004-08-12 00:00:00</dateChanged>
    </org.openmrs.module.metadatasharing.Item>
    <org.openmrs.module.metadatasharing.Item id="64" uuid="f77a3d62-d5db-102d-ad2a-000c29c2a5d7">
      <id>13859</id>
      <classname>org.openmrs.ConceptName</classname>
      <dateChanged id="65">2010-06-29 13:05:30</dateChanged>
    </org.openmrs.module.metadatasharing.Item>
    <org.openmrs.module.metadatasharing.Item id="66" uuid="ed1e3b22-07fe-102c-b5fa-0017a47871b2">
      <id>3847</id>
      <classname>org.openmrs.ConceptDescription</classname>
      <dateChanged id="67">2010-12-06 15:10:24</dateChanged>
    </org.openmrs.module.metadatasharing.Item>
    <org.openmrs.module.metadatasharing.Item id="68" uuid="d48a9233-6cfc-4c2b-bf61-d6dae984b895">
      <id>11584</id>
      <classname>org.openmrs.ConceptMap</classname>
      <dateChanged id="69">2012-06-21 16:49:52</dateChanged>
    </org.openmrs.module.metadatasharing.Item>
    <org.openmrs.module.metadatasharing.Item id="70" uuid="66708454-41a4-38cb-ac54-36efbe95d66d">
      <id>11584</id>
      <classname>org.openmrs.ConceptReferenceTerm</classname>
      <dateChanged id="71">2010-12-06 00:00:00</dateChanged>
      <retired>false</retired>
    </org.openmrs.module.metadatasharing.Item>
    <org.openmrs.module.metadatasharing.Item id="72" uuid="b29cd168-4864-102e-96e9-000c29c2a5d7">
      <id>5117</id>
      <classname>org.openmrs.ConceptMap</classname>
      <dateChanged id="73">2012-06-21 16:49:52</dateChanged>
    </org.openmrs.module.metadatasharing.Item>
    <org.openmrs.module.metadatasharing.Item id="74" uuid="1f8fb18d-11ef-3954-86b0-89381a31df0b">
      <id>5117</id>
      <classname>org.openmrs.ConceptReferenceTerm</classname>
      <dateChanged id="75">2010-11-23 00:00:00</dateChanged>
      <retired>false</retired>
    </org.openmrs.module.metadatasharing.Item>
    <org.openmrs.module.metadatasharing.Item id="76" uuid="c67d635b-9fbb-4ed9-81a4-5fbcdde4b582">
      <id>6327</id>
      <classname>org.openmrs.ConceptSet</classname>
      <dateChanged id="77">2015-10-30 19:51:27</dateChanged>
    </org.openmrs.module.metadatasharing.Item>
    <org.openmrs.module.metadatasharing.Item id="78" uuid="3cd78b10-26fe-102b-80cb-0017a47871b2">
      <id>1152</id>
      <classname>org.openmrs.Concept</classname>
      <dateChanged id="79">2010-11-07 13:13:07</dateChanged>
      <retired>false</retired>
    </org.openmrs.module.metadatasharing.Item>
    <org.openmrs.module.metadatasharing.Item id="80" uuid="22b1b659-269c-4c95-9001-733c6e0d9001">
      <id>14152</id>
      <classname>org.openmrs.ConceptName</classname>
      <dateChanged id="81">2010-11-07 13:13:07</dateChanged>
    </org.openmrs.module.metadatasharing.Item>
    <org.openmrs.module.metadatasharing.Item id="82" uuid="3e15e6d4-26fe-102b-80cb-0017a47871b2">
      <id>1190</id>
      <classname>org.openmrs.ConceptName</classname>
      <dateChanged id="83">2005-02-07 00:00:00</dateChanged>
    </org.openmrs.module.metadatasharing.Item>
    <org.openmrs.module.metadatasharing.Item id="84" uuid="f5dd05f2-d5db-102d-ad2a-000c29c2a5d7">
      <id>10669</id>
      <classname>org.openmrs.ConceptName</classname>
      <dateChanged id="85">2010-06-29 13:03:16</dateChanged>
    </org.openmrs.module.metadatasharing.Item>
    <org.openmrs.module.metadatasharing.Item id="86" uuid="ece4f8e4-07fe-102c-b5fa-0017a47871b2">
      <id>1164</id>
      <classname>org.openmrs.ConceptDescription</classname>
      <dateChanged id="87">2010-11-07 13:13:07</dateChanged>
    </org.openmrs.module.metadatasharing.Item>
    <org.openmrs.module.metadatasharing.Item id="88" uuid="7568e6e4-4943-102e-96e9-000c29c2a5d7">
      <id>7013</id>
      <classname>org.openmrs.ConceptMap</classname>
      <dateChanged id="89">2012-06-21 16:49:52</dateChanged>
    </org.openmrs.module.metadatasharing.Item>
    <org.openmrs.module.metadatasharing.Item id="90" uuid="c9f5fc02-7ab0-3bfa-8bd8-459d5bfcc051">
      <id>7013</id>
      <classname>org.openmrs.ConceptReferenceTerm</classname>
      <dateChanged id="91">2010-11-24 00:00:00</dateChanged>
      <retired>false</retired>
    </org.openmrs.module.metadatasharing.Item>
    <org.openmrs.module.metadatasharing.Item id="92" uuid="b20efcee-4864-102e-96e9-000c29c2a5d7">
      <id>1154</id>
      <classname>org.openmrs.ConceptMap</classname>
      <dateChanged id="93">2012-06-21 16:49:52</dateChanged>
    </org.openmrs.module.metadatasharing.Item>
    <org.openmrs.module.metadatasharing.Item id="94" uuid="b9eda55a-b592-3ffd-9c06-c04662356e75">
      <id>1154</id>
      <classname>org.openmrs.ConceptReferenceTerm</classname>
      <dateChanged id="95">2010-11-23 00:00:00</dateChanged>
      <retired>false</retired>
    </org.openmrs.module.metadatasharing.Item>
    <org.openmrs.module.metadatasharing.Item id="96" uuid="839c7d4f-8f10-4e43-b50e-dfc497663bb3">
      <id>6965</id>
      <classname>org.openmrs.ConceptDescription</classname>
      <dateChanged id="97">2015-10-30 19:51:27</dateChanged>
    </org.openmrs.module.metadatasharing.Item>
  </relatedItems>
</package>
