<?xml version="1.0" encoding="UTF-8"?>
<list id="1">
  <org.openmrs.Concept id="2" uuid="f97e0c5b-889a-4249-b22a-3a247bf19a74">
    <conceptId>10563</conceptId>
    <retired>false</retired>
    <datatype id="3" resolves-to="org.openmrs.ConceptDatatype" uuid="8d4a4c94-c2cc-11de-8d13-0010c6dffd0f">
      <name>N/A</name>
      <description>Not associated with a datatype (e.g., term answers, sets)</description>
      <creator/>
      <dateCreated id="4">2004-02-02 05:00:00</dateCreated>
      <retired>false</retired>
      <conceptDatatypeId>4</conceptDatatypeId>
      <hl7Abbreviation>ZZ</hl7Abbreviation>
    </datatype>
    <conceptClass id="5" resolves-to="org.openmrs.ConceptClass" uuid="8d492594-c2cc-11de-8d13-0010c6dffd0f">
      <name>ConvSet</name>
      <description>Term to describe convenience sets</description>
      <creator/>
      <dateCreated id="6">2015-07-01 17:25:50</dateCreated>
      <retired>false</retired>
      <conceptClassId>10</conceptClassId>
    </conceptClass>
    <set>true</set>
    <creator/>
    <dateCreated id="7">2015-10-30 19:51:27</dateCreated>
    <changedBy/>
    <dateChanged id="8">2015-10-30 19:51:27</dateChanged>
    <names class="set" id="9">
      <org.openmrs.ConceptName id="10" uuid="6a3fd147-fa02-4dc1-8a21-6d4db68a3717">
        <conceptNameId>30466</conceptNameId>
        <concept reference="2"/>
        <name>Pediatric Feeding Form Concept Set</name>
        <locale id="11">en</locale>
        <creator/>
        <dateCreated id="12">2015-10-30 19:51:27</dateCreated>
        <voided>false</voided>
        <tags class="set" id="13"/>
        <conceptNameType>FULLY_SPECIFIED</conceptNameType>
        <localePreferred>true</localePreferred>
      </org.openmrs.ConceptName>
    </names>
    <answers class="set" id="14"/>
    <conceptSets class="set" id="15">
      <org.openmrs.ConceptSet id="16" uuid="9560db49-a96a-4704-8b92-ffc112060829">
        <conceptSetId>6326</conceptSetId>
        <concept id="17" resolves-to="org.openmrs.Concept" uuid="3cf2ddc0-26fe-102b-80cb-0017a47871b2">
          <conceptId>6046</conceptId>
          <retired>false</retired>
          <datatype reference="3"/>
          <conceptClass id="18" resolves-to="org.openmrs.ConceptClass" uuid="8d491a9a-c2cc-11de-8d13-0010c6dffd0f">
            <name>Finding</name>
            <description>Practitioner observation/finding</description>
            <creator/>
            <dateCreated id="19">2015-07-01 17:25:50</dateCreated>
            <retired>false</retired>
            <conceptClassId>5</conceptClassId>
          </conceptClass>
          <set>false</set>
          <version></version>
          <creator/>
          <dateCreated id="20">2004-08-12 00:00:00</dateCreated>
          <changedBy/>
          <dateChanged id="21">2010-12-06 15:10:24</dateChanged>
          <names class="set" id="22">
            <org.openmrs.ConceptName id="23" uuid="3e4519a4-26fe-102b-80cb-0017a47871b2">
              <conceptNameId>4425</conceptNameId>
              <concept reference="17"/>
              <name>MIXED FEEDING</name>
              <locale id="24">en</locale>
              <creator/>
              <dateCreated id="25">2004-08-12 00:00:00</dateCreated>
              <voided>false</voided>
              <tags class="set" id="26"/>
              <conceptNameType>FULLY_SPECIFIED</conceptNameType>
              <localePreferred>false</localePreferred>
            </org.openmrs.ConceptName>
            <org.openmrs.ConceptName id="27" uuid="f77a3d62-d5db-102d-ad2a-000c29c2a5d7">
              <conceptNameId>13859</conceptNameId>
              <concept reference="17"/>
              <name>ALIMENTATION MÉLANGÉE</name>
              <locale id="28">fr</locale>
              <creator/>
              <dateCreated id="29">2010-06-29 13:05:30</dateCreated>
              <voided>false</voided>
              <tags class="set" id="30"/>
              <localePreferred>true</localePreferred>
            </org.openmrs.ConceptName>
          </names>
          <answers class="set" id="31"/>
          <conceptSets class="set" id="32"/>
          <descriptions class="set" id="33">
            <org.openmrs.ConceptDescription id="34" uuid="ed1e3b22-07fe-102c-b5fa-0017a47871b2">
              <conceptDescriptionId>3847</conceptDescriptionId>
              <concept reference="17"/>
              <description>Describes when families select to feed a child a combination of different foodstuffs (eg, breastmilk, formula, foods)</description>
              <locale id="35">en</locale>
              <creator/>
              <dateCreated id="36">2004-08-12 00:00:00</dateCreated>
              <changedBy/>
              <dateChanged id="37">2010-12-06 15:10:24</dateChanged>
            </org.openmrs.ConceptDescription>
          </descriptions>
          <conceptMappings class="set" id="38">
            <org.openmrs.ConceptMap id="39" uuid="d48a9233-6cfc-4c2b-bf61-d6dae984b895">
              <conceptMapType id="40" resolves-to="org.openmrs.ConceptMapType" uuid="35543629-7d8c-11e1-909d-c80aa9edcf4e">
                <name>SAME-AS</name>
                <creator/>
                <dateCreated id="41">2012-06-21 00:00:00</dateCreated>
                <retired>false</retired>
                <conceptMapTypeId>1</conceptMapTypeId>
                <isHidden>false</isHidden>
              </conceptMapType>
              <creator/>
              <changedBy/>
              <dateCreated id="42">2010-12-06 15:10:24</dateCreated>
              <dateChanged id="43">2012-06-21 16:49:52</dateChanged>
              <conceptMapId>11584</conceptMapId>
              <concept reference="17"/>
              <conceptReferenceTerm id="44" resolves-to="org.openmrs.ConceptReferenceTerm" uuid="66708454-41a4-38cb-ac54-36efbe95d66d">
                <creator/>
                <dateCreated id="45">2010-12-06 00:00:00</dateCreated>
                <retired>false</retired>
                <conceptReferenceTermId>11584</conceptReferenceTermId>
                <conceptSource id="46" resolves-to="org.openmrs.ConceptSource" uuid="fb9aaaf1-65e2-4c18-b53c-16b575f2f385">
                  <name>PIH</name>
                  <description>Partners In Health concept dictionary using concept ids and preferred English names</description>
                  <creator/>
                  <dateCreated id="47">2015-07-01 17:25:50</dateCreated>
                  <retired>false</retired>
                  <conceptSourceId>5</conceptSourceId>
                </conceptSource>
                <code>MIXED FEEDING</code>
                <conceptReferenceTermMaps id="48"/>
              </conceptReferenceTerm>
            </org.openmrs.ConceptMap>
            <org.openmrs.ConceptMap id="49" uuid="b29cd168-4864-102e-96e9-000c29c2a5d7">
              <conceptMapType reference="40"/>
              <creator/>
              <changedBy/>
              <dateCreated id="50">2010-11-23 10:15:31</dateCreated>
              <dateChanged id="51">2012-06-21 16:49:52</dateChanged>
              <conceptMapId>5117</conceptMapId>
              <concept reference="17"/>
              <conceptReferenceTerm id="52" resolves-to="org.openmrs.ConceptReferenceTerm" uuid="1f8fb18d-11ef-3954-86b0-89381a31df0b">
                <creator/>
                <dateCreated id="53">2010-11-23 00:00:00</dateCreated>
                <retired>false</retired>
                <conceptReferenceTermId>5117</conceptReferenceTermId>
                <conceptSource reference="46"/>
                <code>6046</code>
                <conceptReferenceTermMaps id="54"/>
              </conceptReferenceTerm>
            </org.openmrs.ConceptMap>
          </conceptMappings>
        </concept>
        <conceptSet reference="2"/>
        <sortWeight>2.0</sortWeight>
        <creator/>
        <dateCreated id="55">2015-10-30 19:51:27</dateCreated>
      </org.openmrs.ConceptSet>
      <org.openmrs.ConceptSet id="56" uuid="cc5c030a-3ad5-48c1-bbae-9badc6ae7b8d">
        <conceptSetId>6324</conceptSetId>
        <concept id="57" resolves-to="org.openmrs.Concept" uuid="3cedd4ec-26fe-102b-80cb-0017a47871b2">
          <conceptId>5526</conceptId>
          <retired>false</retired>
          <datatype reference="3"/>
          <conceptClass reference="18"/>
          <set>false</set>
          <version></version>
          <creator/>
          <dateCreated id="58">2004-08-12 00:00:00</dateCreated>
          <changedBy/>
          <dateChanged id="59">2005-02-07 00:00:00</dateChanged>
          <names class="set" id="60">
            <org.openmrs.ConceptName id="61" uuid="f7664460-d5db-102d-ad2a-000c29c2a5d7">
              <conceptNameId>13735</conceptNameId>
              <concept reference="57"/>
              <name>ALLAITEMENT MATERNEL EXCLUSIF</name>
              <locale id="62">fr</locale>
              <creator/>
              <dateCreated id="63">2010-06-29 13:05:30</dateCreated>
              <voided>false</voided>
              <tags class="set" id="64"/>
              <localePreferred>true</localePreferred>
            </org.openmrs.ConceptName>
            <org.openmrs.ConceptName id="65" uuid="3e3fc990-26fe-102b-80cb-0017a47871b2">
              <conceptNameId>3895</conceptNameId>
              <concept reference="57"/>
              <name>BREASTFED EXCLUSIVELY</name>
              <locale id="66">en</locale>
              <creator/>
              <dateCreated id="67">2004-08-12 00:00:00</dateCreated>
              <voided>false</voided>
              <tags class="set" id="68"/>
              <conceptNameType>FULLY_SPECIFIED</conceptNameType>
              <localePreferred>false</localePreferred>
            </org.openmrs.ConceptName>
          </names>
          <answers class="set" id="69"/>
          <conceptSets class="set" id="70"/>
          <descriptions class="set" id="71">
            <org.openmrs.ConceptDescription id="72" uuid="ed181350-07fe-102c-b5fa-0017a47871b2">
              <conceptDescriptionId>3328</conceptDescriptionId>
              <concept reference="57"/>
              <description>Describes when mothers exclusively feed their children their own breast milk.</description>
              <locale id="73">en</locale>
              <creator/>
              <dateCreated id="74">2004-08-12 00:00:00</dateCreated>
            </org.openmrs.ConceptDescription>
          </descriptions>
          <conceptMappings class="set" id="75">
            <org.openmrs.ConceptMap id="76" uuid="b295bf54-4864-102e-96e9-000c29c2a5d7">
              <conceptMapType reference="40"/>
              <creator/>
              <changedBy/>
              <dateCreated id="77">2010-11-23 10:15:31</dateCreated>
              <dateChanged id="78">2012-06-21 16:49:52</dateChanged>
              <conceptMapId>4597</conceptMapId>
              <concept reference="57"/>
              <conceptReferenceTerm id="79" resolves-to="org.openmrs.ConceptReferenceTerm" uuid="93049780-b3d4-3b67-ace9-0dd7a1b2cff6">
                <creator/>
                <dateCreated id="80">2010-11-23 00:00:00</dateCreated>
                <retired>false</retired>
                <conceptReferenceTermId>4597</conceptReferenceTermId>
                <conceptSource reference="46"/>
                <code>5526</code>
                <conceptReferenceTermMaps id="81"/>
              </conceptReferenceTerm>
            </org.openmrs.ConceptMap>
            <org.openmrs.ConceptMap id="82" uuid="75a98032-4943-102e-96e9-000c29c2a5d7">
              <conceptMapType reference="40"/>
              <creator/>
              <changedBy/>
              <dateCreated id="83">2010-11-24 12:49:58</dateCreated>
              <dateChanged id="84">2012-06-21 16:49:52</dateChanged>
              <conceptMapId>10294</conceptMapId>
              <concept reference="57"/>
              <conceptReferenceTerm id="85" resolves-to="org.openmrs.ConceptReferenceTerm" uuid="87444a48-7ff1-3d68-98a5-5e9620956477">
                <creator/>
                <dateCreated id="86">2010-11-24 00:00:00</dateCreated>
                <retired>false</retired>
                <conceptReferenceTermId>10294</conceptReferenceTermId>
                <conceptSource reference="46"/>
                <code>BREASTFED EXCLUSIVELY</code>
                <conceptReferenceTermMaps id="87"/>
              </conceptReferenceTerm>
            </org.openmrs.ConceptMap>
          </conceptMappings>
        </concept>
        <conceptSet reference="2"/>
        <sortWeight>0.0</sortWeight>
        <creator/>
        <dateCreated id="88">2015-10-30 19:51:27</dateCreated>
      </org.openmrs.ConceptSet>
      <org.openmrs.ConceptSet id="89" uuid="2e1ac29c-7b72-4305-843b-3c3fd416718c">
        <conceptSetId>6325</conceptSetId>
        <concept id="90" resolves-to="org.openmrs.Concept" uuid="3ceb2c7e-26fe-102b-80cb-0017a47871b2">
          <conceptId>5254</conceptId>
          <retired>false</retired>
          <datatype reference="3"/>
          <conceptClass id="91" resolves-to="org.openmrs.ConceptClass" uuid="8d490dfc-c2cc-11de-8d13-0010c6dffd0f">
            <name>Drug</name>
            <description>Drug</description>
            <creator/>
            <dateCreated id="92">2015-07-01 17:25:50</dateCreated>
            <retired>false</retired>
            <conceptClassId>3</conceptClassId>
          </conceptClass>
          <set>false</set>
          <version></version>
          <creator/>
          <dateCreated id="93">2004-08-12 00:00:00</dateCreated>
          <changedBy/>
          <dateChanged id="94">2005-02-07 00:00:00</dateChanged>
          <names class="set" id="95">
            <org.openmrs.ConceptName id="96" uuid="3e3cf080-26fe-102b-80cb-0017a47871b2">
              <conceptNameId>3621</conceptNameId>
              <concept reference="90"/>
              <name>INFANT FORMULA</name>
              <locale id="97">en</locale>
              <creator/>
              <dateCreated id="98">2004-08-12 00:00:00</dateCreated>
              <voided>false</voided>
              <tags class="set" id="99"/>
              <conceptNameType>FULLY_SPECIFIED</conceptNameType>
              <localePreferred>false</localePreferred>
            </org.openmrs.ConceptName>
            <org.openmrs.ConceptName id="100" uuid="f759fc82-d5db-102d-ad2a-000c29c2a5d7">
              <conceptNameId>13678</conceptNameId>
              <concept reference="90"/>
              <name>FORMULE ENFANT</name>
              <locale id="101">fr</locale>
              <creator/>
              <dateCreated id="102">2010-06-29 13:05:29</dateCreated>
              <voided>false</voided>
              <tags class="set" id="103"/>
              <localePreferred>true</localePreferred>
            </org.openmrs.ConceptName>
          </names>
          <answers class="set" id="104"/>
          <conceptSets class="set" id="105"/>
          <descriptions class="set" id="106">
            <org.openmrs.ConceptDescription id="107" uuid="ed14b9f8-07fe-102c-b5fa-0017a47871b2">
              <conceptDescriptionId>3056</conceptDescriptionId>
              <concept reference="90"/>
              <description>Describes a substance used to feed children.</description>
              <locale id="108">en</locale>
              <creator/>
              <dateCreated id="109">2004-08-12 00:00:00</dateCreated>
            </org.openmrs.ConceptDescription>
          </descriptions>
          <conceptMappings class="set" id="110">
            <org.openmrs.ConceptMap id="111" uuid="75a7ec72-4943-102e-96e9-000c29c2a5d7">
              <conceptMapType reference="40"/>
              <creator/>
              <changedBy/>
              <dateCreated id="112">2010-11-24 12:49:58</dateCreated>
              <dateChanged id="113">2012-06-21 16:49:52</dateChanged>
              <conceptMapId>10032</conceptMapId>
              <concept reference="90"/>
              <conceptReferenceTerm id="114" resolves-to="org.openmrs.ConceptReferenceTerm" uuid="f9487836-047d-3a26-a4e9-c8b6f78c422d">
                <creator/>
                <dateCreated id="115">2010-11-24 00:00:00</dateCreated>
                <retired>false</retired>
                <conceptReferenceTermId>10032</conceptReferenceTermId>
                <conceptSource reference="46"/>
                <code>INFANT FORMULA</code>
                <conceptReferenceTermMaps id="116"/>
              </conceptReferenceTerm>
            </org.openmrs.ConceptMap>
            <org.openmrs.ConceptMap id="117" uuid="b2938f86-4864-102e-96e9-000c29c2a5d7">
              <conceptMapType reference="40"/>
              <creator/>
              <changedBy/>
              <dateCreated id="118">2010-11-23 10:15:31</dateCreated>
              <dateChanged id="119">2012-06-21 16:49:52</dateChanged>
              <conceptMapId>4325</conceptMapId>
              <concept reference="90"/>
              <conceptReferenceTerm id="120" resolves-to="org.openmrs.ConceptReferenceTerm" uuid="5e3e22d0-1f62-3d71-bb62-ea5d3f2df6c3">
                <creator/>
                <dateCreated id="121">2010-11-23 00:00:00</dateCreated>
                <retired>false</retired>
                <conceptReferenceTermId>4325</conceptReferenceTermId>
                <conceptSource reference="46"/>
                <code>5254</code>
                <conceptReferenceTermMaps id="122"/>
              </conceptReferenceTerm>
            </org.openmrs.ConceptMap>
          </conceptMappings>
        </concept>
        <conceptSet reference="2"/>
        <sortWeight>1.0</sortWeight>
        <creator/>
        <dateCreated id="123">2015-10-30 19:51:27</dateCreated>
      </org.openmrs.ConceptSet>
      <org.openmrs.ConceptSet id="124" uuid="c67d635b-9fbb-4ed9-81a4-5fbcdde4b582">
        <conceptSetId>6327</conceptSetId>
        <concept id="125" resolves-to="org.openmrs.Concept" uuid="3cd78b10-26fe-102b-80cb-0017a47871b2">
          <conceptId>1152</conceptId>
          <retired>false</retired>
          <datatype reference="3"/>
          <conceptClass reference="18"/>
          <set>false</set>
          <version></version>
          <creator/>
          <dateCreated id="126">2005-02-07 00:00:00</dateCreated>
          <changedBy/>
          <dateChanged id="127">2010-11-07 13:13:07</dateChanged>
          <names class="set" id="128">
            <org.openmrs.ConceptName id="129" uuid="22b1b659-269c-4c95-9001-733c6e0d9001">
              <conceptNameId>14152</conceptNameId>
              <concept reference="125"/>
              <name>Stopped breastfeeding</name>
              <locale id="130">en</locale>
              <creator/>
              <dateCreated id="131">2010-11-07 13:13:07</dateCreated>
              <voided>false</voided>
              <tags class="set" id="132"/>
              <localePreferred>false</localePreferred>
            </org.openmrs.ConceptName>
            <org.openmrs.ConceptName id="133" uuid="3e15e6d4-26fe-102b-80cb-0017a47871b2">
              <conceptNameId>1190</conceptNameId>
              <concept reference="125"/>
              <name>WEANED</name>
              <locale id="134">en</locale>
              <creator/>
              <dateCreated id="135">2005-02-07 00:00:00</dateCreated>
              <voided>false</voided>
              <tags class="set" id="136"/>
              <conceptNameType>FULLY_SPECIFIED</conceptNameType>
              <localePreferred>false</localePreferred>
            </org.openmrs.ConceptName>
            <org.openmrs.ConceptName id="137" uuid="f5dd05f2-d5db-102d-ad2a-000c29c2a5d7">
              <conceptNameId>10669</conceptNameId>
              <concept reference="125"/>
              <name>SEVRÉ</name>
              <locale id="138">fr</locale>
              <creator/>
              <dateCreated id="139">2010-06-29 13:03:16</dateCreated>
              <voided>false</voided>
              <tags class="set" id="140"/>
              <localePreferred>true</localePreferred>
            </org.openmrs.ConceptName>
          </names>
          <answers class="set" id="141"/>
          <conceptSets class="set" id="142"/>
          <descriptions class="set" id="143">
            <org.openmrs.ConceptDescription id="144" uuid="ece4f8e4-07fe-102c-b5fa-0017a47871b2">
              <conceptDescriptionId>1164</conceptDescriptionId>
              <concept reference="125"/>
              <description>Descriptive term.  To accustom children to take nourishment other than by suckling.</description>
              <locale id="145">en</locale>
              <creator/>
              <dateCreated id="146">2005-02-07 00:00:00</dateCreated>
              <changedBy/>
              <dateChanged id="147">2010-11-07 13:13:07</dateChanged>
            </org.openmrs.ConceptDescription>
          </descriptions>
          <conceptMappings class="set" id="148">
            <org.openmrs.ConceptMap id="149" uuid="7568e6e4-4943-102e-96e9-000c29c2a5d7">
              <conceptMapType reference="40"/>
              <creator/>
              <changedBy/>
              <dateCreated id="150">2010-11-24 12:49:58</dateCreated>
              <dateChanged id="151">2012-06-21 16:49:52</dateChanged>
              <conceptMapId>7013</conceptMapId>
              <concept reference="125"/>
              <conceptReferenceTerm id="152" resolves-to="org.openmrs.ConceptReferenceTerm" uuid="c9f5fc02-7ab0-3bfa-8bd8-459d5bfcc051">
                <creator/>
                <dateCreated id="153">2010-11-24 00:00:00</dateCreated>
                <retired>false</retired>
                <conceptReferenceTermId>7013</conceptReferenceTermId>
                <conceptSource reference="46"/>
                <code>WEANED</code>
                <conceptReferenceTermMaps id="154"/>
              </conceptReferenceTerm>
            </org.openmrs.ConceptMap>
            <org.openmrs.ConceptMap id="155" uuid="b20efcee-4864-102e-96e9-000c29c2a5d7">
              <conceptMapType reference="40"/>
              <creator/>
              <changedBy/>
              <dateCreated id="156">2010-11-23 10:15:31</dateCreated>
              <dateChanged id="157">2012-06-21 16:49:52</dateChanged>
              <conceptMapId>1154</conceptMapId>
              <concept reference="125"/>
              <conceptReferenceTerm id="158" resolves-to="org.openmrs.ConceptReferenceTerm" uuid="b9eda55a-b592-3ffd-9c06-c04662356e75">
                <creator/>
                <dateCreated id="159">2010-11-23 00:00:00</dateCreated>
                <retired>false</retired>
                <conceptReferenceTermId>1154</conceptReferenceTermId>
                <conceptSource reference="46"/>
                <code>1152</code>
                <conceptReferenceTermMaps id="160"/>
              </conceptReferenceTerm>
            </org.openmrs.ConceptMap>
          </conceptMappings>
        </concept>
        <conceptSet reference="2"/>
        <sortWeight>3.0</sortWeight>
        <creator/>
        <dateCreated id="161">2015-10-30 19:51:27</dateCreated>
      </org.openmrs.ConceptSet>
    </conceptSets>
    <descriptions class="set" id="162">
      <org.openmrs.ConceptDescription id="163" uuid="839c7d4f-8f10-4e43-b50e-dfc497663bb3">
        <conceptDescriptionId>6965</conceptDescriptionId>
        <concept reference="2"/>
        <description>Set of concepts found on Primary Care Pediatric Feeding form.</description>
        <locale id="164">en</locale>
        <creator/>
        <dateCreated id="165">2015-10-30 19:51:27</dateCreated>
      </org.openmrs.ConceptDescription>
    </descriptions>
    <conceptMappings class="set" id="166"/>
  </org.openmrs.Concept>
</list>
