<?xml version="1.0" encoding="UTF-8"?>
<package id="1" uuid="31d8cf55-b8de-4e4f-aee7-d03980f61895">
  <dateCreated id="2">2018-07-17 17:59:28</dateCreated>
  <name>PIH Maternal Child Health</name>
  <description>Metadata for Maternal &amp; Child Health (MCH)</description>
  <openmrsVersion>2.1.3 SNAPSHOT Build e8c2d9</openmrsVersion>
  <version>1</version>
  <groupUuid>81d75e26-4d2e-47a8-96cf-3bb9a56d737f</groupUuid>
  <subscriptionUrl>https://concepts.pih-emr.org/openmrs/ws/rest/metadatasharing/package/81d75e26-4d2e-47a8-96cf-3bb9a56d737f/latest</subscriptionUrl>
  <modules id="3">
    <entry>
      <string>webservices.rest</string>
      <string>2.21.0.4741bf</string>
    </entry>
    <entry>
      <string>legacyui</string>
      <string>1.3.3</string>
    </entry>
    <entry>
      <string>groovy</string>
      <string>2.2.4</string>
    </entry>
    <entry>
      <string>htmlformentry</string>
      <string>3.6.0</string>
    </entry>
    <entry>
      <string>metadatasharing</string>
      <string>1.4.0-SNAPSHOT</string>
    </entry>
    <entry>
      <string>metadatamapping</string>
      <string>1.3.4</string>
    </entry>
  </modules>
  <items class="linked-hash-set" id="4">
    <org.openmrs.module.metadatasharing.Item id="5" uuid="a64d1d7e-a7d1-45f4-ba38-7eb83ce262ea">
      <id>11655</id>
      <classname>org.openmrs.Concept</classname>
      <dateChanged id="6">2018-07-17 17:59:08</dateChanged>
      <retired>false</retired>
    </org.openmrs.module.metadatasharing.Item>
  </items>
  <relatedItems class="linked-hash-set" id="7">
    <org.openmrs.module.metadatasharing.Item id="8" uuid="8d4a4c94-c2cc-11de-8d13-0010c6dffd0f">
      <id>4</id>
      <classname>org.openmrs.ConceptDatatype</classname>
      <dateChanged id="9">2004-02-02 05:00:00</dateChanged>
      <retired>false</retired>
    </org.openmrs.module.metadatasharing.Item>
    <org.openmrs.module.metadatasharing.Item id="10" uuid="8d492594-c2cc-11de-8d13-0010c6dffd0f">
      <id>10</id>
      <classname>org.openmrs.ConceptClass</classname>
      <dateChanged id="11">2015-07-01 17:25:50</dateChanged>
      <retired>false</retired>
    </org.openmrs.module.metadatasharing.Item>
    <org.openmrs.module.metadatasharing.Item id="12" uuid="520b33fc-da23-404b-9b42-1d88fb247e49">
      <id>36277</id>
      <classname>org.openmrs.ConceptName</classname>
      <dateChanged id="13">2018-07-17 17:59:08</dateChanged>
    </org.openmrs.module.metadatasharing.Item>
    <org.openmrs.module.metadatasharing.Item id="14" uuid="5758728f-a07c-4968-9ce2-43bad29ef55c">
      <id>8550</id>
      <classname>org.openmrs.ConceptSet</classname>
      <dateChanged id="15">2018-07-17 17:59:08</dateChanged>
    </org.openmrs.module.metadatasharing.Item>
    <org.openmrs.module.metadatasharing.Item id="16" uuid="159937AAAAAAAAAAAAAAAAAAAAAAAAAAAAAA">
      <id>10347</id>
      <classname>org.openmrs.Concept</classname>
      <dateChanged id="17">2018-07-16 15:32:37</dateChanged>
      <retired>false</retired>
    </org.openmrs.module.metadatasharing.Item>
    <org.openmrs.module.metadatasharing.Item id="18" uuid="3d72947a-26fe-102b-80cb-0017a47871b2">
      <id>16</id>
      <classname>org.openmrs.ConceptClass</classname>
      <dateChanged id="19">2006-08-16 02:04:09</dateChanged>
      <retired>false</retired>
    </org.openmrs.module.metadatasharing.Item>
    <org.openmrs.module.metadatasharing.Item id="20" uuid="65e4fe10-eb27-4390-b109-643a48608adc">
      <id>29676</id>
      <classname>org.openmrs.ConceptName</classname>
      <dateChanged id="21">2015-05-05 18:09:18</dateChanged>
    </org.openmrs.module.metadatasharing.Item>
    <org.openmrs.module.metadatasharing.Item id="22" uuid="98533049-d420-4787-8ab3-76d61973419b">
      <id>36276</id>
      <classname>org.openmrs.ConceptName</classname>
      <dateChanged id="23">2018-07-16 15:32:37</dateChanged>
    </org.openmrs.module.metadatasharing.Item>
    <org.openmrs.module.metadatasharing.Item id="24" uuid="107483BBBBBBBBBBBBBBBBBBBBBBBBBBBBBB">
      <id>29674</id>
      <classname>org.openmrs.ConceptName</classname>
      <dateChanged id="25">2010-11-30 18:20:14</dateChanged>
    </org.openmrs.module.metadatasharing.Item>
    <org.openmrs.module.metadatasharing.Item id="26" uuid="135540BBBBBBBBBBBBBBBBBBBBBBBBBBBBBB">
      <id>34886</id>
      <classname>org.openmrs.ConceptName</classname>
      <dateChanged id="27">2016-02-19 02:32:54</dateChanged>
    </org.openmrs.module.metadatasharing.Item>
    <org.openmrs.module.metadatasharing.Item id="28" uuid="135539BBBBBBBBBBBBBBBBBBBBBBBBBBBBBB">
      <id>34887</id>
      <classname>org.openmrs.ConceptName</classname>
      <dateChanged id="29">2016-02-19 02:32:54</dateChanged>
    </org.openmrs.module.metadatasharing.Item>
    <org.openmrs.module.metadatasharing.Item id="30" uuid="107484BBBBBBBBBBBBBBBBBBBBBBBBBBBBBB">
      <id>29675</id>
      <classname>org.openmrs.ConceptName</classname>
      <dateChanged id="31">2010-11-30 18:20:14</dateChanged>
    </org.openmrs.module.metadatasharing.Item>
    <org.openmrs.module.metadatasharing.Item id="32" uuid="16467FFFFFFFFFFFFFFFFFFFFFFFFFFFFFFF">
      <id>6842</id>
      <classname>org.openmrs.ConceptDescription</classname>
      <dateChanged id="33">2010-11-30 18:20:14</dateChanged>
    </org.openmrs.module.metadatasharing.Item>
    <org.openmrs.module.metadatasharing.Item id="34" uuid="137020ABBBBBBBBBBBBBBBBBBBBBBBBBBBBB">
      <id>25458</id>
      <classname>org.openmrs.ConceptMap</classname>
      <dateChanged id="35">2010-11-30 18:20:14</dateChanged>
    </org.openmrs.module.metadatasharing.Item>
    <org.openmrs.module.metadatasharing.Item id="36" uuid="43ac5109-7d8c-11e1-909d-c80aa9edcf4e">
      <id>2</id>
      <classname>org.openmrs.ConceptMapType</classname>
      <dateChanged id="37">2012-06-21 00:00:00</dateChanged>
      <retired>false</retired>
    </org.openmrs.module.metadatasharing.Item>
    <org.openmrs.module.metadatasharing.Item id="38" uuid="c0450187-3c44-3b49-b678-281a416a328b">
      <id>24836</id>
      <classname>org.openmrs.ConceptReferenceTerm</classname>
      <dateChanged id="39">2010-11-30 05:00:00</dateChanged>
      <retired>false</retired>
    </org.openmrs.module.metadatasharing.Item>
    <org.openmrs.module.metadatasharing.Item id="40" uuid="13ADDDDDDDDDDDDDDDDDDDDDDDDDDDDDDDDD">
      <id>10</id>
      <classname>org.openmrs.ConceptSource</classname>
      <dateChanged id="41">2015-07-01 17:25:50</dateChanged>
      <retired>false</retired>
    </org.openmrs.module.metadatasharing.Item>
    <org.openmrs.module.metadatasharing.Item id="42" uuid="217078ABBBBBBBBBBBBBBBBBBBBBBBBBBBBB">
      <id>25457</id>
      <classname>org.openmrs.ConceptMap</classname>
      <dateChanged id="43">2013-07-03 22:53:08</dateChanged>
    </org.openmrs.module.metadatasharing.Item>
    <org.openmrs.module.metadatasharing.Item id="44" uuid="35543629-7d8c-11e1-909d-c80aa9edcf4e">
      <id>1</id>
      <classname>org.openmrs.ConceptMapType</classname>
      <dateChanged id="45">2012-06-21 00:00:00</dateChanged>
      <retired>false</retired>
    </org.openmrs.module.metadatasharing.Item>
    <org.openmrs.module.metadatasharing.Item id="46" uuid="dbc3d6bb-ef07-3d6b-a27e-c0fb4ef34758">
      <id>24835</id>
      <classname>org.openmrs.ConceptReferenceTerm</classname>
      <dateChanged id="47">2013-07-03 04:00:00</dateChanged>
      <retired>false</retired>
    </org.openmrs.module.metadatasharing.Item>
    <org.openmrs.module.metadatasharing.Item id="48" uuid="21ADDDDDDDDDDDDDDDDDDDDDDDDDDDDDDDDD">
      <id>29</id>
      <classname>org.openmrs.ConceptSource</classname>
      <dateChanged id="49">2015-07-01 17:25:50</dateChanged>
      <retired>false</retired>
    </org.openmrs.module.metadatasharing.Item>
  </relatedItems>
</package>
