<?xml version="1.0" encoding="UTF-8"?>
<list id="1">
  <org.openmrs.Concept id="2" uuid="a64d1d7e-a7d1-45f4-ba38-7eb83ce262ea">
    <conceptId>11655</conceptId>
    <retired>false</retired>
    <datatype id="3" resolves-to="org.openmrs.ConceptDatatype" uuid="8d4a4c94-c2cc-11de-8d13-0010c6dffd0f">
      <name>N/A</name>
      <description>Not associated with a datatype (e.g., term answers, sets)</description>
      <creator/>
      <dateCreated id="4">2004-02-02 05:00:00</dateCreated>
      <retired>false</retired>
      <conceptDatatypeId>4</conceptDatatypeId>
      <hl7Abbreviation>ZZ</hl7Abbreviation>
    </datatype>
    <conceptClass id="5" resolves-to="org.openmrs.ConceptClass" uuid="8d492594-c2cc-11de-8d13-0010c6dffd0f">
      <name>ConvSet</name>
      <description>Term to describe convenience sets</description>
      <creator/>
      <dateCreated id="6">2015-07-01 17:25:50</dateCreated>
      <retired>false</retired>
      <conceptClassId>10</conceptClassId>
    </conceptClass>
    <set>true</set>
    <creator/>
    <dateCreated id="7">2018-07-17 17:59:08</dateCreated>
    <changedBy/>
    <dateChanged id="8">2018-07-17 17:59:08</dateChanged>
    <names class="set" id="9">
      <org.openmrs.ConceptName id="10" uuid="520b33fc-da23-404b-9b42-1d88fb247e49">
        <conceptNameId>36277</conceptNameId>
        <concept reference="2"/>
        <name>Maternal Child Health set</name>
        <locale id="11">en</locale>
        <creator/>
        <dateCreated id="12">2018-07-17 17:59:08</dateCreated>
        <voided>false</voided>
        <tags class="set" id="13"/>
        <conceptNameType>FULLY_SPECIFIED</conceptNameType>
        <localePreferred>true</localePreferred>
      </org.openmrs.ConceptName>
    </names>
    <answers class="set" id="14"/>
    <conceptSets class="set" id="15">
      <org.openmrs.ConceptSet id="16" uuid="5758728f-a07c-4968-9ce2-43bad29ef55c">
        <conceptSetId>8550</conceptSetId>
        <concept id="17" resolves-to="org.openmrs.Concept" uuid="159937AAAAAAAAAAAAAAAAAAAAAAAAAAAAAA">
          <conceptId>10347</conceptId>
          <retired>false</retired>
          <datatype reference="3"/>
          <conceptClass id="18" resolves-to="org.openmrs.ConceptClass" uuid="3d72947a-26fe-102b-80cb-0017a47871b2">
            <name>Program</name>
            <description>A treatment program</description>
            <creator/>
            <dateCreated id="19">2006-08-16 02:04:09</dateCreated>
            <retired>false</retired>
            <conceptClassId>16</conceptClassId>
          </conceptClass>
          <set>false</set>
          <creator/>
          <dateCreated id="20">2010-11-30 18:20:14</dateCreated>
          <changedBy/>
          <dateChanged id="21">2018-07-16 15:32:37</dateChanged>
          <names class="set" id="22">
            <org.openmrs.ConceptName id="23" uuid="65e4fe10-eb27-4390-b109-643a48608adc">
              <conceptNameId>29676</conceptNameId>
              <concept reference="17"/>
              <name>Programme de santé de maternelle et l&apos;enfant</name>
              <locale id="24">fr</locale>
              <creator/>
              <dateCreated id="25">2015-05-05 18:09:18</dateCreated>
              <voided>false</voided>
              <tags class="set" id="26"/>
              <conceptNameType>FULLY_SPECIFIED</conceptNameType>
              <localePreferred>true</localePreferred>
            </org.openmrs.ConceptName>
            <org.openmrs.ConceptName id="27" uuid="98533049-d420-4787-8ab3-76d61973419b">
              <conceptNameId>36276</conceptNameId>
              <concept reference="17"/>
              <name>Programme de SME</name>
              <locale id="28">fr</locale>
              <creator/>
              <dateCreated id="29">2018-07-16 15:32:37</dateCreated>
              <voided>false</voided>
              <tags class="set" id="30"/>
              <localePreferred>false</localePreferred>
            </org.openmrs.ConceptName>
            <org.openmrs.ConceptName id="31" uuid="107483BBBBBBBBBBBBBBBBBBBBBBBBBBBBBB">
              <conceptNameId>29674</conceptNameId>
              <concept reference="17"/>
              <name>MCH program</name>
              <locale id="32">en</locale>
              <creator/>
              <dateCreated id="33">2010-11-30 18:20:14</dateCreated>
              <voided>false</voided>
              <tags class="set" id="34"/>
              <conceptNameType>SHORT</conceptNameType>
              <localePreferred>false</localePreferred>
            </org.openmrs.ConceptName>
            <org.openmrs.ConceptName id="35" uuid="135540BBBBBBBBBBBBBBBBBBBBBBBBBBBBBB">
              <conceptNameId>34886</conceptNameId>
              <concept reference="17"/>
              <name>Pwogram sante matènèl ak pitit</name>
              <locale id="36">ht</locale>
              <creator/>
              <dateCreated id="37">2016-02-19 02:32:54</dateCreated>
              <voided>false</voided>
              <tags class="set" id="38"/>
              <conceptNameType>FULLY_SPECIFIED</conceptNameType>
              <localePreferred>true</localePreferred>
            </org.openmrs.ConceptName>
            <org.openmrs.ConceptName id="39" uuid="135539BBBBBBBBBBBBBBBBBBBBBBBBBBBBBB">
              <conceptNameId>34887</conceptNameId>
              <concept reference="17"/>
              <name>Programme de santé maternelle et infantile</name>
              <locale id="40">fr</locale>
              <creator/>
              <dateCreated id="41">2016-02-19 02:32:54</dateCreated>
              <voided>false</voided>
              <tags class="set" id="42"/>
              <localePreferred>false</localePreferred>
            </org.openmrs.ConceptName>
            <org.openmrs.ConceptName id="43" uuid="107484BBBBBBBBBBBBBBBBBBBBBBBBBBBBBB">
              <conceptNameId>29675</conceptNameId>
              <concept reference="17"/>
              <name>Maternal and child health program</name>
              <locale id="44">en</locale>
              <creator/>
              <dateCreated id="45">2010-11-30 18:20:14</dateCreated>
              <voided>false</voided>
              <tags class="set" id="46"/>
              <conceptNameType>FULLY_SPECIFIED</conceptNameType>
              <localePreferred>true</localePreferred>
            </org.openmrs.ConceptName>
          </names>
          <answers class="set" id="47"/>
          <conceptSets class="set" id="48"/>
          <descriptions class="set" id="49">
            <org.openmrs.ConceptDescription id="50" uuid="16467FFFFFFFFFFFFFFFFFFFFFFFFFFFFFFF">
              <conceptDescriptionId>6842</conceptDescriptionId>
              <concept reference="17"/>
              <description>The program which deals with the health issues of mother and children.</description>
              <locale id="51">en</locale>
              <creator/>
              <dateCreated id="52">2010-11-30 18:20:14</dateCreated>
            </org.openmrs.ConceptDescription>
          </descriptions>
          <conceptMappings class="set" id="53">
            <org.openmrs.ConceptMap id="54" uuid="137020ABBBBBBBBBBBBBBBBBBBBBBBBBBBBB">
              <conceptMapType id="55" resolves-to="org.openmrs.ConceptMapType" uuid="43ac5109-7d8c-11e1-909d-c80aa9edcf4e">
                <name>NARROWER-THAN</name>
                <creator/>
                <dateCreated id="56">2012-06-21 00:00:00</dateCreated>
                <retired>false</retired>
                <conceptMapTypeId>2</conceptMapTypeId>
                <isHidden>false</isHidden>
              </conceptMapType>
              <creator/>
              <dateCreated id="57">2010-11-30 18:20:14</dateCreated>
              <conceptMapId>25458</conceptMapId>
              <concept reference="17"/>
              <conceptReferenceTerm id="58" resolves-to="org.openmrs.ConceptReferenceTerm" uuid="c0450187-3c44-3b49-b678-281a416a328b">
                <creator/>
                <dateCreated id="59">2010-11-30 05:00:00</dateCreated>
                <retired>false</retired>
                <conceptReferenceTermId>24836</conceptReferenceTermId>
                <conceptSource id="60" resolves-to="org.openmrs.ConceptSource" uuid="13ADDDDDDDDDDDDDDDDDDDDDDDDDDDDDDDDD">
                  <name>AMPATH</name>
                  <description>AMPATH concept dictionary</description>
                  <creator/>
                  <dateCreated id="61">2015-07-01 17:25:50</dateCreated>
                  <retired>false</retired>
                  <conceptSourceId>10</conceptSourceId>
                </conceptSource>
                <code>2050</code>
                <conceptReferenceTermMaps id="62"/>
              </conceptReferenceTerm>
            </org.openmrs.ConceptMap>
            <org.openmrs.ConceptMap id="63" uuid="217078ABBBBBBBBBBBBBBBBBBBBBBBBBBBBB">
              <conceptMapType id="64" resolves-to="org.openmrs.ConceptMapType" uuid="35543629-7d8c-11e1-909d-c80aa9edcf4e">
                <name>SAME-AS</name>
                <creator/>
                <dateCreated id="65">2012-06-21 00:00:00</dateCreated>
                <retired>false</retired>
                <conceptMapTypeId>1</conceptMapTypeId>
                <isHidden>false</isHidden>
              </conceptMapType>
              <creator/>
              <dateCreated id="66">2013-07-03 22:53:08</dateCreated>
              <conceptMapId>25457</conceptMapId>
              <concept reference="17"/>
              <conceptReferenceTerm id="67" resolves-to="org.openmrs.ConceptReferenceTerm" uuid="dbc3d6bb-ef07-3d6b-a27e-c0fb4ef34758">
                <creator/>
                <dateCreated id="68">2013-07-03 04:00:00</dateCreated>
                <retired>false</retired>
                <conceptReferenceTermId>24835</conceptReferenceTermId>
                <conceptSource id="69" resolves-to="org.openmrs.ConceptSource" uuid="21ADDDDDDDDDDDDDDDDDDDDDDDDDDDDDDDDD">
                  <name>CIEL</name>
                  <description>Columbia International eHealth Laboratory concept ID</description>
                  <creator/>
                  <dateCreated id="70">2015-07-01 17:25:50</dateCreated>
                  <retired>false</retired>
                  <conceptSourceId>29</conceptSourceId>
                </conceptSource>
                <code>159937</code>
                <conceptReferenceTermMaps id="71"/>
              </conceptReferenceTerm>
            </org.openmrs.ConceptMap>
          </conceptMappings>
          <attributes id="72"/>
        </concept>
        <conceptSet reference="2"/>
        <sortWeight>0.0</sortWeight>
        <creator/>
        <dateCreated id="73">2018-07-17 17:59:08</dateCreated>
      </org.openmrs.ConceptSet>
    </conceptSets>
    <descriptions class="set" id="74"/>
    <conceptMappings class="set" id="75"/>
    <attributes id="76"/>
  </org.openmrs.Concept>
</list>
