<?xml version="1.0" encoding="UTF-8"?>
<list id="1">
  <org.openmrs.Concept id="2" uuid="c18ae467-93ce-45b6-976f-1c0300be3345">
    <conceptId>6906</conceptId>
    <retired>false</retired>
    <datatype id="3" resolves-to="org.openmrs.ConceptDatatype" uuid="8d4a4ab4-c2cc-11de-8d13-0010c6dffd0f">
      <name>Text</name>
      <description>Free text</description>
      <creator/>
      <dateCreated id="4">2004-02-02 00:00:00</dateCreated>
      <retired>false</retired>
      <conceptDatatypeId>3</conceptDatatypeId>
      <hl7Abbreviation>ST</hl7Abbreviation>
    </datatype>
    <conceptClass id="5" resolves-to="org.openmrs.ConceptClass" uuid="8d491e50-c2cc-11de-8d13-0010c6dffd0f">
      <name>Question</name>
      <description>Question (eg, patient history, SF36 items)</description>
      <creator/>
      <dateCreated id="6">2015-07-01 17:25:50</dateCreated>
      <retired>false</retired>
      <conceptClassId>7</conceptClassId>
    </conceptClass>
    <set>false</set>
    <creator/>
    <dateCreated id="7">2010-11-17 13:19:34</dateCreated>
    <changedBy/>
    <dateChanged id="8">2018-12-14 20:12:55</dateChanged>
    <names class="set" id="9">
      <org.openmrs.ConceptName id="10" uuid="e0b8dd12-0ba4-4bb2-8cc7-d9c2e74eb148">
        <conceptNameId>38029</conceptNameId>
        <concept reference="2"/>
        <name>Feeding method comment (text)</name>
        <locale id="11">en</locale>
        <creator/>
        <dateCreated id="12">2018-12-14 20:12:55</dateCreated>
        <voided>false</voided>
        <tags class="set" id="13"/>
        <conceptNameType>FULLY_SPECIFIED</conceptNameType>
        <localePreferred>true</localePreferred>
        <changedBy/>
        <dateChanged id="14">2018-12-14 20:12:55</dateChanged>
      </org.openmrs.ConceptName>
      <org.openmrs.ConceptName id="15" uuid="e9b93ed7-d4cc-4a73-9500-d2c326a19620">
        <conceptNameId>14195</conceptNameId>
        <concept reference="2"/>
        <name>Reason feeding method changed</name>
        <locale id="16">en</locale>
        <creator/>
        <dateCreated id="17">2010-11-17 13:19:34</dateCreated>
        <voided>true</voided>
        <voidedBy/>
        <dateVoided id="18">2018-12-14 20:12:55</dateVoided>
        <voidReason>Deleted due to change of name</voidReason>
        <tags class="set" id="19"/>
        <localePreferred>false</localePreferred>
        <changedBy/>
        <dateChanged id="20">2018-12-14 20:12:55</dateChanged>
      </org.openmrs.ConceptName>
    </names>
    <answers class="set" id="21"/>
    <conceptSets class="set" id="22"/>
    <descriptions class="set" id="23">
      <org.openmrs.ConceptDescription id="24" uuid="eaa888e2-f6b1-4820-9527-25eba12f64a7">
        <conceptDescriptionId>5355</conceptDescriptionId>
        <concept reference="2"/>
        <description>Captures information related to feeding method for child</description>
        <locale id="25">en</locale>
        <creator/>
        <dateCreated id="26">2010-11-17 13:19:34</dateCreated>
        <changedBy/>
        <dateChanged id="27">2018-12-14 20:12:55</dateChanged>
      </org.openmrs.ConceptDescription>
    </descriptions>
    <conceptMappings class="set" id="28">
      <org.openmrs.ConceptMap id="29" uuid="b2b274e6-4864-102e-96e9-000c29c2a5d7">
        <conceptMapType id="30" resolves-to="org.openmrs.ConceptMapType" uuid="35543629-7d8c-11e1-909d-c80aa9edcf4e">
          <name>SAME-AS</name>
          <creator/>
          <dateCreated id="31">2012-06-21 00:00:00</dateCreated>
          <retired>false</retired>
          <conceptMapTypeId>1</conceptMapTypeId>
          <isHidden>false</isHidden>
        </conceptMapType>
        <creator/>
        <changedBy/>
        <dateCreated id="32">2010-11-23 10:15:31</dateCreated>
        <dateChanged id="33">2012-06-21 16:49:52</dateChanged>
        <conceptMapId>5969</conceptMapId>
        <concept reference="2"/>
        <conceptReferenceTerm id="34" resolves-to="org.openmrs.ConceptReferenceTerm" uuid="d2189efb-18dc-3812-8b13-2c28c7858c62">
          <creator/>
          <dateCreated id="35">2010-11-23 00:00:00</dateCreated>
          <retired>false</retired>
          <conceptReferenceTermId>5969</conceptReferenceTermId>
          <conceptSource id="36" resolves-to="org.openmrs.ConceptSource" uuid="fb9aaaf1-65e2-4c18-b53c-16b575f2f385">
            <name>PIH</name>
            <description>Partners In Health concept dictionary using concept ids and preferred English names</description>
            <creator/>
            <dateCreated id="37">2015-07-01 17:25:50</dateCreated>
            <retired>false</retired>
            <conceptSourceId>5</conceptSourceId>
          </conceptSource>
          <code>6906</code>
          <conceptReferenceTermMaps id="38"/>
        </conceptReferenceTerm>
      </org.openmrs.ConceptMap>
      <org.openmrs.ConceptMap id="39" uuid="75b2365a-4943-102e-96e9-000c29c2a5d7">
        <conceptMapType reference="30"/>
        <creator/>
        <changedBy/>
        <dateCreated id="40">2010-11-24 12:49:58</dateCreated>
        <dateChanged id="41">2012-06-21 16:49:52</dateChanged>
        <conceptMapId>11533</conceptMapId>
        <concept reference="2"/>
        <conceptReferenceTerm id="42" resolves-to="org.openmrs.ConceptReferenceTerm" uuid="d2e83a14-4323-3218-939a-b4f9ce5e0c40">
          <creator/>
          <dateCreated id="43">2010-11-24 00:00:00</dateCreated>
          <retired>false</retired>
          <conceptReferenceTermId>11533</conceptReferenceTermId>
          <conceptSource reference="36"/>
          <code>Reason feeding method changed</code>
          <conceptReferenceTermMaps id="44"/>
        </conceptReferenceTerm>
      </org.openmrs.ConceptMap>
    </conceptMappings>
    <attributes id="45"/>
  </org.openmrs.Concept>
  <org.openmrs.Concept id="46" uuid="7f32715f-b2cd-4058-9663-1ba7a0bd2d42">
    <conceptId>10567</conceptId>
    <retired>false</retired>
    <datatype id="47" resolves-to="org.openmrs.ConceptDatatype" uuid="8d4a4c94-c2cc-11de-8d13-0010c6dffd0f">
      <name>N/A</name>
      <description>Not associated with a datatype (e.g., term answers, sets)</description>
      <creator/>
      <dateCreated id="48">2004-02-02 05:00:00</dateCreated>
      <retired>false</retired>
      <conceptDatatypeId>4</conceptDatatypeId>
      <hl7Abbreviation>ZZ</hl7Abbreviation>
    </datatype>
    <conceptClass id="49" resolves-to="org.openmrs.ConceptClass" uuid="8d492594-c2cc-11de-8d13-0010c6dffd0f">
      <name>ConvSet</name>
      <description>Term to describe convenience sets</description>
      <creator/>
      <dateCreated id="50">2015-07-01 17:25:50</dateCreated>
      <retired>false</retired>
      <conceptClassId>10</conceptClassId>
    </conceptClass>
    <set>true</set>
    <creator/>
    <dateCreated id="51">2015-11-02 22:34:13</dateCreated>
    <changedBy/>
    <dateChanged id="52">2018-12-14 20:05:23</dateChanged>
    <names class="set" id="53">
      <org.openmrs.ConceptName id="54" uuid="70a82a73-9452-49cf-a6e8-36950295c757">
        <conceptNameId>30470</conceptNameId>
        <concept reference="46"/>
        <name>PEDIATRIC FEEDING HISTORY CONSTRUCT</name>
        <locale id="55">en</locale>
        <creator/>
        <dateCreated id="56">2015-11-02 22:34:13</dateCreated>
        <voided>true</voided>
        <voidedBy/>
        <dateVoided id="57">2018-12-14 20:05:23</dateVoided>
        <voidReason>Deleted due to change of name</voidReason>
        <tags class="set" id="58"/>
        <localePreferred>false</localePreferred>
        <changedBy/>
        <dateChanged id="59">2018-12-14 20:05:23</dateChanged>
      </org.openmrs.ConceptName>
      <org.openmrs.ConceptName id="60" uuid="d68815c6-6b80-4552-a3ac-95bf315248c2">
        <conceptNameId>38028</conceptNameId>
        <concept reference="46"/>
        <name>Pediatrics feeding history construct</name>
        <locale id="61">en</locale>
        <creator/>
        <dateCreated id="62">2018-12-14 20:05:23</dateCreated>
        <voided>false</voided>
        <tags class="set" id="63"/>
        <conceptNameType>FULLY_SPECIFIED</conceptNameType>
        <localePreferred>true</localePreferred>
        <changedBy/>
        <dateChanged id="64">2018-12-14 20:05:23</dateChanged>
      </org.openmrs.ConceptName>
    </names>
    <answers class="set" id="65"/>
    <conceptSets class="set" id="66">
      <org.openmrs.ConceptSet id="67" uuid="90a8282d-ed48-4bc0-962d-7e177d782e62">
        <conceptSetId>6330</conceptSetId>
        <concept id="68" resolves-to="org.openmrs.Concept" uuid="2f4b8b9c-0214-4f54-9446-fa306b3ddff0">
          <conceptId>10565</conceptId>
          <retired>false</retired>
          <datatype id="69" resolves-to="org.openmrs.ConceptDatatype" uuid="8d4a48b6-c2cc-11de-8d13-0010c6dffd0f">
            <name>Coded</name>
            <description>Value determined by term dictionary lookup (i.e., term identifier)</description>
            <creator/>
            <dateCreated id="70">2004-02-02 05:00:00</dateCreated>
            <retired>false</retired>
            <conceptDatatypeId>2</conceptDatatypeId>
            <hl7Abbreviation>CWE</hl7Abbreviation>
          </datatype>
          <conceptClass reference="5"/>
          <set>false</set>
          <creator/>
          <dateCreated id="71">2015-11-02 22:25:42</dateCreated>
          <changedBy/>
          <dateChanged id="72">2018-12-14 20:06:21</dateChanged>
          <names class="set" id="73">
            <org.openmrs.ConceptName id="74" uuid="685ec9ea-b2ad-4b2a-bb71-cc44acea257a">
              <conceptNameId>30468</conceptNameId>
              <concept reference="68"/>
              <name>Feeding method absent</name>
              <locale id="75">en</locale>
              <creator/>
              <dateCreated id="76">2015-11-02 22:25:42</dateCreated>
              <voided>false</voided>
              <tags class="set" id="77"/>
              <conceptNameType>FULLY_SPECIFIED</conceptNameType>
              <localePreferred>true</localePreferred>
              <changedBy/>
              <dateChanged id="78">2018-12-14 20:06:21</dateChanged>
            </org.openmrs.ConceptName>
          </names>
          <answers class="set" id="79">
            <org.openmrs.ConceptAnswer id="80" uuid="8bf307c4-db05-4967-a049-78940983deed">
              <conceptAnswerId>9377</conceptAnswerId>
              <concept reference="68"/>
              <answerConcept id="81" resolves-to="org.openmrs.Concept" uuid="3cf2ddc0-26fe-102b-80cb-0017a47871b2">
                <conceptId>6046</conceptId>
                <retired>false</retired>
                <datatype reference="69"/>
                <conceptClass id="82" resolves-to="org.openmrs.ConceptClass" uuid="8d491a9a-c2cc-11de-8d13-0010c6dffd0f">
                  <name>Finding</name>
                  <description>Practitioner observation/finding</description>
                  <creator/>
                  <dateCreated id="83">2015-07-01 17:25:50</dateCreated>
                  <retired>false</retired>
                  <conceptClassId>5</conceptClassId>
                </conceptClass>
                <set>false</set>
                <creator/>
                <dateCreated id="84">2004-08-12 00:00:00</dateCreated>
                <changedBy/>
                <dateChanged id="85">2017-05-17 13:14:33</dateChanged>
                <names class="set" id="86">
                  <org.openmrs.ConceptName id="87" uuid="f77a3d62-d5db-102d-ad2a-000c29c2a5d7">
                    <conceptNameId>13859</conceptNameId>
                    <concept reference="81"/>
                    <name>ALIMENTATION MÉLANGÉE</name>
                    <locale id="88">fr</locale>
                    <creator/>
                    <dateCreated id="89">2010-06-29 13:05:30</dateCreated>
                    <voided>true</voided>
                    <voidedBy/>
                    <dateVoided id="90">2016-09-01 17:26:35</dateVoided>
                    <voidReason>Removed from user interface</voidReason>
                    <tags class="set" id="91"/>
                    <localePreferred>true</localePreferred>
                  </org.openmrs.ConceptName>
                  <org.openmrs.ConceptName id="92" uuid="3e4519a4-26fe-102b-80cb-0017a47871b2">
                    <conceptNameId>4425</conceptNameId>
                    <concept reference="81"/>
                    <name>Mixed feeding</name>
                    <locale id="93">en</locale>
                    <creator/>
                    <dateCreated id="94">2004-08-12 00:00:00</dateCreated>
                    <voided>false</voided>
                    <tags class="set" id="95"/>
                    <conceptNameType>FULLY_SPECIFIED</conceptNameType>
                    <localePreferred>true</localePreferred>
                  </org.openmrs.ConceptName>
                  <org.openmrs.ConceptName id="96" uuid="fbfbb826-5329-4301-bc0c-b9d37eccd037">
                    <conceptNameId>31389</conceptNameId>
                    <concept reference="81"/>
                    <name>Combination feeding</name>
                    <locale id="97">en</locale>
                    <creator/>
                    <dateCreated id="98">2016-09-01 17:26:35</dateCreated>
                    <voided>false</voided>
                    <tags class="set" id="99"/>
                    <localePreferred>false</localePreferred>
                  </org.openmrs.ConceptName>
                  <org.openmrs.ConceptName id="100" uuid="029fbaeb-43df-4694-a0ef-61ce9b6bc1f4">
                    <conceptNameId>31388</conceptNameId>
                    <concept reference="81"/>
                    <name>Alimentation mélangée</name>
                    <locale id="101">fr</locale>
                    <creator/>
                    <dateCreated id="102">2016-09-01 17:26:35</dateCreated>
                    <voided>false</voided>
                    <tags class="set" id="103"/>
                    <conceptNameType>FULLY_SPECIFIED</conceptNameType>
                    <localePreferred>true</localePreferred>
                  </org.openmrs.ConceptName>
                </names>
                <answers class="set" id="104"/>
                <conceptSets class="set" id="105"/>
                <descriptions class="set" id="106">
                  <org.openmrs.ConceptDescription id="107" uuid="ed1e3b22-07fe-102c-b5fa-0017a47871b2">
                    <conceptDescriptionId>3847</conceptDescriptionId>
                    <concept reference="81"/>
                    <description>Describes when families select to feed a child a combination of different foodstuffs (eg, breastmilk, formula, foods)</description>
                    <locale id="108">en</locale>
                    <creator/>
                    <dateCreated id="109">2004-08-12 00:00:00</dateCreated>
                    <changedBy/>
                    <dateChanged id="110">2010-12-06 15:10:24</dateChanged>
                  </org.openmrs.ConceptDescription>
                </descriptions>
                <conceptMappings class="set" id="111">
                  <org.openmrs.ConceptMap id="112" uuid="35382900-733a-4d7c-a907-91afbd57ee4e">
                    <conceptMapType reference="30"/>
                    <creator/>
                    <dateCreated id="113">2017-03-09 03:01:37</dateCreated>
                    <conceptMapId>27168</conceptMapId>
                    <concept reference="81"/>
                    <conceptReferenceTerm id="114" resolves-to="org.openmrs.ConceptReferenceTerm" uuid="ae6c228d-8a2c-47d7-b971-0a335602f33c">
                      <creator/>
                      <dateCreated id="115">2017-03-09 03:01:19</dateCreated>
                      <retired>false</retired>
                      <conceptReferenceTermId>26318</conceptReferenceTermId>
                      <conceptSource id="116" resolves-to="org.openmrs.ConceptSource" uuid="21ADDDDDDDDDDDDDDDDDDDDDDDDDDDDDDDDD">
                        <name>CIEL</name>
                        <description>Columbia International eHealth Laboratory concept ID</description>
                        <creator/>
                        <dateCreated id="117">2015-07-01 17:25:50</dateCreated>
                        <retired>false</retired>
                        <conceptSourceId>29</conceptSourceId>
                      </conceptSource>
                      <code>6046</code>
                      <conceptReferenceTermMaps id="118"/>
                    </conceptReferenceTerm>
                  </org.openmrs.ConceptMap>
                  <org.openmrs.ConceptMap id="119" uuid="b29cd168-4864-102e-96e9-000c29c2a5d7">
                    <conceptMapType reference="30"/>
                    <creator/>
                    <changedBy/>
                    <dateCreated id="120">2010-11-23 10:15:31</dateCreated>
                    <dateChanged id="121">2012-06-21 16:49:52</dateChanged>
                    <conceptMapId>5117</conceptMapId>
                    <concept reference="81"/>
                    <conceptReferenceTerm id="122" resolves-to="org.openmrs.ConceptReferenceTerm" uuid="1f8fb18d-11ef-3954-86b0-89381a31df0b">
                      <creator/>
                      <dateCreated id="123">2010-11-23 00:00:00</dateCreated>
                      <retired>false</retired>
                      <conceptReferenceTermId>5117</conceptReferenceTermId>
                      <conceptSource reference="36"/>
                      <code>6046</code>
                      <conceptReferenceTermMaps id="124"/>
                    </conceptReferenceTerm>
                  </org.openmrs.ConceptMap>
                  <org.openmrs.ConceptMap id="125" uuid="d48a9233-6cfc-4c2b-bf61-d6dae984b895">
                    <conceptMapType reference="30"/>
                    <creator/>
                    <changedBy/>
                    <dateCreated id="126">2010-12-06 15:10:24</dateCreated>
                    <dateChanged id="127">2012-06-21 16:49:52</dateChanged>
                    <conceptMapId>11584</conceptMapId>
                    <concept reference="81"/>
                    <conceptReferenceTerm id="128" resolves-to="org.openmrs.ConceptReferenceTerm" uuid="66708454-41a4-38cb-ac54-36efbe95d66d">
                      <creator/>
                      <dateCreated id="129">2010-12-06 00:00:00</dateCreated>
                      <retired>false</retired>
                      <conceptReferenceTermId>11584</conceptReferenceTermId>
                      <conceptSource reference="36"/>
                      <code>MIXED FEEDING</code>
                      <conceptReferenceTermMaps id="130"/>
                    </conceptReferenceTerm>
                  </org.openmrs.ConceptMap>
                </conceptMappings>
                <attributes id="131"/>
              </answerConcept>
              <creator/>
              <dateCreated id="132">2015-11-02 22:25:42</dateCreated>
              <sortWeight>4.0</sortWeight>
            </org.openmrs.ConceptAnswer>
            <org.openmrs.ConceptAnswer id="133" uuid="28e10eba-84fe-4ab6-992b-a3f3458d598d">
              <conceptAnswerId>9376</conceptAnswerId>
              <concept reference="68"/>
              <answerConcept id="134" resolves-to="org.openmrs.Concept" uuid="3cd78b10-26fe-102b-80cb-0017a47871b2">
                <conceptId>1152</conceptId>
                <retired>false</retired>
                <datatype reference="47"/>
                <conceptClass reference="82"/>
                <set>false</set>
                <creator/>
                <dateCreated id="135">2005-02-07 00:00:00</dateCreated>
                <changedBy/>
                <dateChanged id="136">2016-09-01 17:20:10</dateChanged>
                <names class="set" id="137">
                  <org.openmrs.ConceptName id="138" uuid="f972539f-0f60-4d5b-9ac2-3bcdffb285cd">
                    <conceptNameId>31382</conceptNameId>
                    <concept reference="134"/>
                    <name>Sevré</name>
                    <locale id="139">fr</locale>
                    <creator/>
                    <dateCreated id="140">2016-09-01 17:20:10</dateCreated>
                    <voided>false</voided>
                    <tags class="set" id="141"/>
                    <conceptNameType>FULLY_SPECIFIED</conceptNameType>
                    <localePreferred>true</localePreferred>
                  </org.openmrs.ConceptName>
                  <org.openmrs.ConceptName id="142" uuid="3e15e6d4-26fe-102b-80cb-0017a47871b2">
                    <conceptNameId>1190</conceptNameId>
                    <concept reference="134"/>
                    <name>Weaned</name>
                    <locale id="143">en</locale>
                    <creator/>
                    <dateCreated id="144">2005-02-07 00:00:00</dateCreated>
                    <voided>false</voided>
                    <tags class="set" id="145"/>
                    <conceptNameType>FULLY_SPECIFIED</conceptNameType>
                    <localePreferred>true</localePreferred>
                  </org.openmrs.ConceptName>
                  <org.openmrs.ConceptName id="146" uuid="f5dd05f2-d5db-102d-ad2a-000c29c2a5d7">
                    <conceptNameId>10669</conceptNameId>
                    <concept reference="134"/>
                    <name>SEVRÉ</name>
                    <locale id="147">fr</locale>
                    <creator/>
                    <dateCreated id="148">2010-06-29 13:03:16</dateCreated>
                    <voided>true</voided>
                    <voidedBy/>
                    <dateVoided id="149">2016-09-01 17:20:10</dateVoided>
                    <voidReason>Removed from user interface</voidReason>
                    <tags class="set" id="150"/>
                    <localePreferred>true</localePreferred>
                  </org.openmrs.ConceptName>
                  <org.openmrs.ConceptName id="151" uuid="22b1b659-269c-4c95-9001-733c6e0d9001">
                    <conceptNameId>14152</conceptNameId>
                    <concept reference="134"/>
                    <name>Stopped breastfeeding</name>
                    <locale id="152">en</locale>
                    <creator/>
                    <dateCreated id="153">2010-11-07 13:13:07</dateCreated>
                    <voided>false</voided>
                    <tags class="set" id="154"/>
                    <localePreferred>false</localePreferred>
                  </org.openmrs.ConceptName>
                  <org.openmrs.ConceptName id="155" uuid="aa7aec99-9bcd-4215-adf2-ae45ce0cf5aa">
                    <conceptNameId>31383</conceptNameId>
                    <concept reference="134"/>
                    <name>Sevre</name>
                    <locale id="156">ht</locale>
                    <creator/>
                    <dateCreated id="157">2016-09-01 17:20:10</dateCreated>
                    <voided>false</voided>
                    <tags class="set" id="158"/>
                    <conceptNameType>FULLY_SPECIFIED</conceptNameType>
                    <localePreferred>true</localePreferred>
                  </org.openmrs.ConceptName>
                </names>
                <answers class="set" id="159"/>
                <conceptSets class="set" id="160"/>
                <descriptions class="set" id="161">
                  <org.openmrs.ConceptDescription id="162" uuid="ece4f8e4-07fe-102c-b5fa-0017a47871b2">
                    <conceptDescriptionId>1164</conceptDescriptionId>
                    <concept reference="134"/>
                    <description>Descriptive term.  To accustom children to take nourishment other than by suckling.</description>
                    <locale id="163">en</locale>
                    <creator/>
                    <dateCreated id="164">2005-02-07 00:00:00</dateCreated>
                    <changedBy/>
                    <dateChanged id="165">2010-11-07 13:13:07</dateChanged>
                  </org.openmrs.ConceptDescription>
                </descriptions>
                <conceptMappings class="set" id="166">
                  <org.openmrs.ConceptMap id="167" uuid="b20efcee-4864-102e-96e9-000c29c2a5d7">
                    <conceptMapType reference="30"/>
                    <creator/>
                    <changedBy/>
                    <dateCreated id="168">2010-11-23 10:15:31</dateCreated>
                    <dateChanged id="169">2012-06-21 16:49:52</dateChanged>
                    <conceptMapId>1154</conceptMapId>
                    <concept reference="134"/>
                    <conceptReferenceTerm id="170" resolves-to="org.openmrs.ConceptReferenceTerm" uuid="b9eda55a-b592-3ffd-9c06-c04662356e75">
                      <creator/>
                      <dateCreated id="171">2010-11-23 00:00:00</dateCreated>
                      <retired>false</retired>
                      <conceptReferenceTermId>1154</conceptReferenceTermId>
                      <conceptSource reference="36"/>
                      <code>1152</code>
                      <conceptReferenceTermMaps id="172"/>
                    </conceptReferenceTerm>
                  </org.openmrs.ConceptMap>
                  <org.openmrs.ConceptMap id="173" uuid="7568e6e4-4943-102e-96e9-000c29c2a5d7">
                    <conceptMapType reference="30"/>
                    <creator/>
                    <changedBy/>
                    <dateCreated id="174">2010-11-24 12:49:58</dateCreated>
                    <dateChanged id="175">2012-06-21 16:49:52</dateChanged>
                    <conceptMapId>7013</conceptMapId>
                    <concept reference="134"/>
                    <conceptReferenceTerm id="176" resolves-to="org.openmrs.ConceptReferenceTerm" uuid="c9f5fc02-7ab0-3bfa-8bd8-459d5bfcc051">
                      <creator/>
                      <dateCreated id="177">2010-11-24 00:00:00</dateCreated>
                      <retired>false</retired>
                      <conceptReferenceTermId>7013</conceptReferenceTermId>
                      <conceptSource reference="36"/>
                      <code>WEANED</code>
                      <conceptReferenceTermMaps id="178"/>
                    </conceptReferenceTerm>
                  </org.openmrs.ConceptMap>
                </conceptMappings>
                <attributes id="179"/>
              </answerConcept>
              <creator/>
              <dateCreated id="180">2015-11-02 22:25:42</dateCreated>
              <sortWeight>2.0</sortWeight>
            </org.openmrs.ConceptAnswer>
            <org.openmrs.ConceptAnswer id="181" uuid="e65af896-42c0-48ba-96ee-a54952b65087">
              <conceptAnswerId>9378</conceptAnswerId>
              <concept reference="68"/>
              <answerConcept id="182" resolves-to="org.openmrs.Concept" uuid="3ceb2c7e-26fe-102b-80cb-0017a47871b2">
                <conceptId>5254</conceptId>
                <retired>false</retired>
                <datatype reference="69"/>
                <conceptClass id="183" resolves-to="org.openmrs.ConceptClass" uuid="8d490dfc-c2cc-11de-8d13-0010c6dffd0f">
                  <name>Drug</name>
                  <description>Drug</description>
                  <creator/>
                  <dateCreated id="184">2015-07-01 17:25:50</dateCreated>
                  <retired>false</retired>
                  <conceptClassId>3</conceptClassId>
                </conceptClass>
                <set>false</set>
                <creator/>
                <dateCreated id="185">2004-08-12 00:00:00</dateCreated>
                <changedBy/>
                <dateChanged id="186">2017-05-16 13:35:02</dateChanged>
                <names class="set" id="187">
                  <org.openmrs.ConceptName id="188" uuid="f95053fa-fccc-4786-bbe1-afc6c7166784">
                    <conceptNameId>33143</conceptNameId>
                    <concept reference="182"/>
                    <name>Fòmil pou timoun</name>
                    <locale id="189">ht</locale>
                    <creator/>
                    <dateCreated id="190">2017-04-14 16:36:32</dateCreated>
                    <voided>false</voided>
                    <tags class="set" id="191"/>
                    <conceptNameType>FULLY_SPECIFIED</conceptNameType>
                    <localePreferred>true</localePreferred>
                  </org.openmrs.ConceptName>
                  <org.openmrs.ConceptName id="192" uuid="551398a7-e222-40c1-b4f4-753510cd0a59">
                    <conceptNameId>33142</conceptNameId>
                    <concept reference="182"/>
                    <name>Préparations pour nourrissons</name>
                    <locale id="193">fr</locale>
                    <creator/>
                    <dateCreated id="194">2017-04-14 16:36:32</dateCreated>
                    <voided>false</voided>
                    <tags class="set" id="195"/>
                    <localePreferred>false</localePreferred>
                  </org.openmrs.ConceptName>
                  <org.openmrs.ConceptName id="196" uuid="3e3cf080-26fe-102b-80cb-0017a47871b2">
                    <conceptNameId>3621</conceptNameId>
                    <concept reference="182"/>
                    <name>Infant formula</name>
                    <locale id="197">en</locale>
                    <creator/>
                    <dateCreated id="198">2004-08-12 00:00:00</dateCreated>
                    <voided>false</voided>
                    <tags class="set" id="199"/>
                    <conceptNameType>FULLY_SPECIFIED</conceptNameType>
                    <localePreferred>true</localePreferred>
                  </org.openmrs.ConceptName>
                  <org.openmrs.ConceptName id="200" uuid="8275929e-4505-4abd-a0c1-6091278ffdea">
                    <conceptNameId>31387</conceptNameId>
                    <concept reference="182"/>
                    <name>Formule enfant</name>
                    <locale id="201">fr</locale>
                    <creator/>
                    <dateCreated id="202">2016-09-01 17:24:20</dateCreated>
                    <voided>false</voided>
                    <tags class="set" id="203"/>
                    <conceptNameType>FULLY_SPECIFIED</conceptNameType>
                    <localePreferred>true</localePreferred>
                  </org.openmrs.ConceptName>
                  <org.openmrs.ConceptName id="204" uuid="f759fc82-d5db-102d-ad2a-000c29c2a5d7">
                    <conceptNameId>13678</conceptNameId>
                    <concept reference="182"/>
                    <name>FORMULE ENFANT</name>
                    <locale id="205">fr</locale>
                    <creator/>
                    <dateCreated id="206">2010-06-29 13:05:29</dateCreated>
                    <voided>true</voided>
                    <voidedBy/>
                    <dateVoided id="207">2016-09-01 17:24:20</dateVoided>
                    <voidReason>Removed from user interface</voidReason>
                    <tags class="set" id="208"/>
                    <localePreferred>true</localePreferred>
                  </org.openmrs.ConceptName>
                  <org.openmrs.ConceptName id="209" uuid="e5f2c34d-f225-4c1a-b0ec-86eb89a236a4">
                    <conceptNameId>31386</conceptNameId>
                    <concept reference="182"/>
                    <name>Formula</name>
                    <locale id="210">en</locale>
                    <creator/>
                    <dateCreated id="211">2016-09-01 17:24:20</dateCreated>
                    <voided>false</voided>
                    <tags class="set" id="212"/>
                    <localePreferred>false</localePreferred>
                  </org.openmrs.ConceptName>
                </names>
                <answers class="set" id="213"/>
                <conceptSets class="set" id="214"/>
                <descriptions class="set" id="215">
                  <org.openmrs.ConceptDescription id="216" uuid="ed14b9f8-07fe-102c-b5fa-0017a47871b2">
                    <conceptDescriptionId>3056</conceptDescriptionId>
                    <concept reference="182"/>
                    <description>Describes a substance used to feed children.</description>
                    <locale id="217">en</locale>
                    <creator/>
                    <dateCreated id="218">2004-08-12 00:00:00</dateCreated>
                  </org.openmrs.ConceptDescription>
                </descriptions>
                <conceptMappings class="set" id="219">
                  <org.openmrs.ConceptMap id="220" uuid="b2938f86-4864-102e-96e9-000c29c2a5d7">
                    <conceptMapType reference="30"/>
                    <creator/>
                    <changedBy/>
                    <dateCreated id="221">2010-11-23 10:15:31</dateCreated>
                    <dateChanged id="222">2012-06-21 16:49:52</dateChanged>
                    <conceptMapId>4325</conceptMapId>
                    <concept reference="182"/>
                    <conceptReferenceTerm id="223" resolves-to="org.openmrs.ConceptReferenceTerm" uuid="5e3e22d0-1f62-3d71-bb62-ea5d3f2df6c3">
                      <creator/>
                      <dateCreated id="224">2010-11-23 00:00:00</dateCreated>
                      <retired>false</retired>
                      <conceptReferenceTermId>4325</conceptReferenceTermId>
                      <conceptSource reference="36"/>
                      <code>5254</code>
                      <conceptReferenceTermMaps id="225"/>
                    </conceptReferenceTerm>
                  </org.openmrs.ConceptMap>
                  <org.openmrs.ConceptMap id="226" uuid="dec3db59-bdd7-4c9a-9257-4d3f3e8d4d7c">
                    <conceptMapType reference="30"/>
                    <creator/>
                    <dateCreated id="227">2017-04-14 16:36:32</dateCreated>
                    <conceptMapId>28056</conceptMapId>
                    <concept reference="182"/>
                    <conceptReferenceTerm id="228" resolves-to="org.openmrs.ConceptReferenceTerm" uuid="8108a401-0450-4569-9e09-f91e13384b96">
                      <creator/>
                      <dateCreated id="229">2017-04-14 16:35:40</dateCreated>
                      <retired>false</retired>
                      <conceptReferenceTermId>27491</conceptReferenceTermId>
                      <conceptSource reference="116"/>
                      <code>5254</code>
                      <conceptReferenceTermMaps id="230"/>
                    </conceptReferenceTerm>
                  </org.openmrs.ConceptMap>
                  <org.openmrs.ConceptMap id="231" uuid="75a7ec72-4943-102e-96e9-000c29c2a5d7">
                    <conceptMapType reference="30"/>
                    <creator/>
                    <changedBy/>
                    <dateCreated id="232">2010-11-24 12:49:58</dateCreated>
                    <dateChanged id="233">2012-06-21 16:49:52</dateChanged>
                    <conceptMapId>10032</conceptMapId>
                    <concept reference="182"/>
                    <conceptReferenceTerm id="234" resolves-to="org.openmrs.ConceptReferenceTerm" uuid="f9487836-047d-3a26-a4e9-c8b6f78c422d">
                      <creator/>
                      <dateCreated id="235">2010-11-24 00:00:00</dateCreated>
                      <retired>false</retired>
                      <conceptReferenceTermId>10032</conceptReferenceTermId>
                      <conceptSource reference="36"/>
                      <code>INFANT FORMULA</code>
                      <conceptReferenceTermMaps id="236"/>
                    </conceptReferenceTerm>
                  </org.openmrs.ConceptMap>
                  <org.openmrs.ConceptMap id="237" uuid="b79578fa-c693-4a60-99f0-8d50d1b88bf3">
                    <conceptMapType reference="30"/>
                    <creator/>
                    <dateCreated id="238">2017-04-14 16:36:32</dateCreated>
                    <conceptMapId>28057</conceptMapId>
                    <concept reference="182"/>
                    <conceptReferenceTerm id="239" resolves-to="org.openmrs.ConceptReferenceTerm" uuid="07991daf-b5b1-45c9-9114-cfed0dbf10b8">
                      <creator/>
                      <dateCreated id="240">2017-04-14 16:35:32</dateCreated>
                      <retired>false</retired>
                      <conceptReferenceTermId>27490</conceptReferenceTermId>
                      <conceptSource id="241" resolves-to="org.openmrs.ConceptSource" uuid="1ADDDDDDDDDDDDDDDDDDDDDDDDDDDDDDDDDD">
                        <name>SNOMED CT</name>
                        <description>SNOMED Preferred mapping</description>
                        <creator/>
                        <dateCreated id="242">2015-07-01 17:25:50</dateCreated>
                        <retired>false</retired>
                        <conceptSourceId>6</conceptSourceId>
                        <hl7Code>SCT</hl7Code>
                      </conceptSource>
                      <code>412413001</code>
                      <conceptReferenceTermMaps id="243"/>
                    </conceptReferenceTerm>
                  </org.openmrs.ConceptMap>
                </conceptMappings>
                <attributes id="244"/>
              </answerConcept>
              <creator/>
              <dateCreated id="245">2015-11-02 22:25:42</dateCreated>
              <sortWeight>1.0</sortWeight>
            </org.openmrs.ConceptAnswer>
            <org.openmrs.ConceptAnswer id="246" uuid="67777989-6708-47cc-9c7d-127570961757">
              <conceptAnswerId>9379</conceptAnswerId>
              <concept reference="68"/>
              <answerConcept id="247" resolves-to="org.openmrs.Concept" uuid="3cedd4ec-26fe-102b-80cb-0017a47871b2">
                <conceptId>5526</conceptId>
                <retired>false</retired>
                <datatype reference="69"/>
                <conceptClass reference="82"/>
                <set>false</set>
                <creator/>
                <dateCreated id="248">2004-08-12 00:00:00</dateCreated>
                <changedBy/>
                <dateChanged id="249">2017-04-14 17:07:38</dateChanged>
                <names class="set" id="250">
                  <org.openmrs.ConceptName id="251" uuid="f7664460-d5db-102d-ad2a-000c29c2a5d7">
                    <conceptNameId>13735</conceptNameId>
                    <concept reference="247"/>
                    <name>ALLAITEMENT MATERNEL EXCLUSIF</name>
                    <locale id="252">fr</locale>
                    <creator/>
                    <dateCreated id="253">2010-06-29 13:05:30</dateCreated>
                    <voided>true</voided>
                    <voidedBy/>
                    <dateVoided id="254">2016-09-01 17:22:32</dateVoided>
                    <voidReason>Removed from user interface</voidReason>
                    <tags class="set" id="255"/>
                    <localePreferred>true</localePreferred>
                  </org.openmrs.ConceptName>
                  <org.openmrs.ConceptName id="256" uuid="7a1c4355-bf36-4456-8d45-7a9fe49913c2">
                    <conceptNameId>33153</conceptNameId>
                    <concept reference="247"/>
                    <name>Tete sèlman</name>
                    <locale id="257">ht</locale>
                    <creator/>
                    <dateCreated id="258">2017-04-14 17:06:47</dateCreated>
                    <voided>false</voided>
                    <tags class="set" id="259"/>
                    <localePreferred>false</localePreferred>
                  </org.openmrs.ConceptName>
                  <org.openmrs.ConceptName id="260" uuid="bba43649-c6a0-49f6-8774-ae723c5e940b">
                    <conceptNameId>31385</conceptNameId>
                    <concept reference="247"/>
                    <name>Allaitement maternel exclusif</name>
                    <locale id="261">fr</locale>
                    <creator/>
                    <dateCreated id="262">2016-09-01 17:22:32</dateCreated>
                    <voided>false</voided>
                    <tags class="set" id="263"/>
                    <conceptNameType>FULLY_SPECIFIED</conceptNameType>
                    <localePreferred>true</localePreferred>
                  </org.openmrs.ConceptName>
                  <org.openmrs.ConceptName id="264" uuid="3e3fc990-26fe-102b-80cb-0017a47871b2">
                    <conceptNameId>3895</conceptNameId>
                    <concept reference="247"/>
                    <name>Breastfed exclusively</name>
                    <locale id="265">en</locale>
                    <creator/>
                    <dateCreated id="266">2004-08-12 00:00:00</dateCreated>
                    <voided>false</voided>
                    <tags class="set" id="267"/>
                    <conceptNameType>FULLY_SPECIFIED</conceptNameType>
                    <localePreferred>true</localePreferred>
                  </org.openmrs.ConceptName>
                  <org.openmrs.ConceptName id="268" uuid="84a5dca8-7fa4-4ead-94c6-b3a4ae7722e9">
                    <conceptNameId>31384</conceptNameId>
                    <concept reference="247"/>
                    <name>San konte bay tete</name>
                    <locale id="269">ht</locale>
                    <creator/>
                    <dateCreated id="270">2016-09-01 17:22:32</dateCreated>
                    <voided>false</voided>
                    <tags class="set" id="271"/>
                    <conceptNameType>FULLY_SPECIFIED</conceptNameType>
                    <localePreferred>true</localePreferred>
                  </org.openmrs.ConceptName>
                </names>
                <answers class="set" id="272"/>
                <conceptSets class="set" id="273"/>
                <descriptions class="set" id="274">
                  <org.openmrs.ConceptDescription id="275" uuid="ed181350-07fe-102c-b5fa-0017a47871b2">
                    <conceptDescriptionId>3328</conceptDescriptionId>
                    <concept reference="247"/>
                    <description>Describes when mothers exclusively feed their children their own breast milk.</description>
                    <locale id="276">en</locale>
                    <creator/>
                    <dateCreated id="277">2004-08-12 00:00:00</dateCreated>
                  </org.openmrs.ConceptDescription>
                </descriptions>
                <conceptMappings class="set" id="278">
                  <org.openmrs.ConceptMap id="279" uuid="b295bf54-4864-102e-96e9-000c29c2a5d7">
                    <conceptMapType reference="30"/>
                    <creator/>
                    <changedBy/>
                    <dateCreated id="280">2010-11-23 10:15:31</dateCreated>
                    <dateChanged id="281">2012-06-21 16:49:52</dateChanged>
                    <conceptMapId>4597</conceptMapId>
                    <concept reference="247"/>
                    <conceptReferenceTerm id="282" resolves-to="org.openmrs.ConceptReferenceTerm" uuid="93049780-b3d4-3b67-ace9-0dd7a1b2cff6">
                      <creator/>
                      <dateCreated id="283">2010-11-23 00:00:00</dateCreated>
                      <retired>false</retired>
                      <conceptReferenceTermId>4597</conceptReferenceTermId>
                      <conceptSource reference="36"/>
                      <code>5526</code>
                      <conceptReferenceTermMaps id="284"/>
                    </conceptReferenceTerm>
                  </org.openmrs.ConceptMap>
                  <org.openmrs.ConceptMap id="285" uuid="0771c5cd-9d63-4a6d-a6ef-91bfd2ea99b1">
                    <conceptMapType reference="30"/>
                    <creator/>
                    <dateCreated id="286">2017-04-14 17:06:47</dateCreated>
                    <conceptMapId>28063</conceptMapId>
                    <concept reference="247"/>
                    <conceptReferenceTerm id="287" resolves-to="org.openmrs.ConceptReferenceTerm" uuid="511b321f-6ff5-4e55-a083-70bc52f90344">
                      <creator/>
                      <dateCreated id="288">2017-04-14 17:06:09</dateCreated>
                      <retired>false</retired>
                      <conceptReferenceTermId>27497</conceptReferenceTermId>
                      <conceptSource reference="116"/>
                      <code>5526</code>
                      <conceptReferenceTermMaps id="289"/>
                    </conceptReferenceTerm>
                  </org.openmrs.ConceptMap>
                  <org.openmrs.ConceptMap id="290" uuid="75a98032-4943-102e-96e9-000c29c2a5d7">
                    <conceptMapType reference="30"/>
                    <creator/>
                    <changedBy/>
                    <dateCreated id="291">2010-11-24 12:49:58</dateCreated>
                    <dateChanged id="292">2012-06-21 16:49:52</dateChanged>
                    <conceptMapId>10294</conceptMapId>
                    <concept reference="247"/>
                    <conceptReferenceTerm id="293" resolves-to="org.openmrs.ConceptReferenceTerm" uuid="87444a48-7ff1-3d68-98a5-5e9620956477">
                      <creator/>
                      <dateCreated id="294">2010-11-24 00:00:00</dateCreated>
                      <retired>false</retired>
                      <conceptReferenceTermId>10294</conceptReferenceTermId>
                      <conceptSource reference="36"/>
                      <code>BREASTFED EXCLUSIVELY</code>
                      <conceptReferenceTermMaps id="295"/>
                    </conceptReferenceTerm>
                  </org.openmrs.ConceptMap>
                </conceptMappings>
                <attributes id="296"/>
              </answerConcept>
              <creator/>
              <dateCreated id="297">2015-11-02 22:25:42</dateCreated>
              <sortWeight>3.0</sortWeight>
            </org.openmrs.ConceptAnswer>
          </answers>
          <conceptSets class="set" id="298"/>
          <descriptions class="set" id="299">
            <org.openmrs.ConceptDescription id="300" uuid="f7ea51e8-2181-4ae6-a707-81c0f3ac37b0">
              <conceptDescriptionId>6967</conceptDescriptionId>
              <concept reference="68"/>
              <description>Indicates if a given feeding method was not administered.</description>
              <locale id="301">en</locale>
              <creator/>
              <dateCreated id="302">2015-11-02 22:25:42</dateCreated>
            </org.openmrs.ConceptDescription>
          </descriptions>
          <conceptMappings class="set" id="303">
            <org.openmrs.ConceptMap id="304" uuid="469f45c9-6404-44ab-93d7-9e3b83d8ac27">
              <conceptMapType reference="30"/>
              <creator/>
              <dateCreated id="305">2015-11-02 22:26:33</dateCreated>
              <conceptMapId>26055</conceptMapId>
              <concept reference="68"/>
              <conceptReferenceTerm id="306" resolves-to="org.openmrs.ConceptReferenceTerm" uuid="08fa84da-611a-4d70-a277-a267e49e20ab">
                <creator/>
                <dateCreated id="307">2015-11-02 22:26:05</dateCreated>
                <retired>false</retired>
                <conceptReferenceTermId>25400</conceptReferenceTermId>
                <conceptSource reference="36"/>
                <code>10565</code>
                <conceptReferenceTermMaps id="308"/>
              </conceptReferenceTerm>
            </org.openmrs.ConceptMap>
            <org.openmrs.ConceptMap id="309" uuid="7828a168-480f-4f60-a371-202e498f3f83">
              <conceptMapType reference="30"/>
              <creator/>
              <dateCreated id="310">2015-11-02 22:25:42</dateCreated>
              <conceptMapId>26054</conceptMapId>
              <concept reference="68"/>
              <conceptReferenceTerm id="311" resolves-to="org.openmrs.ConceptReferenceTerm" uuid="03cd7326-14d9-4abb-b32e-5c96a505294e">
                <creator/>
                <dateCreated id="312">2015-11-02 22:25:06</dateCreated>
                <retired>false</retired>
                <conceptReferenceTermId>25399</conceptReferenceTermId>
                <conceptSource reference="36"/>
                <code>FEEDING METHOD ABSENT</code>
                <conceptReferenceTermMaps id="313"/>
              </conceptReferenceTerm>
            </org.openmrs.ConceptMap>
          </conceptMappings>
          <attributes id="314"/>
        </concept>
        <conceptSet reference="46"/>
        <sortWeight>1.0</sortWeight>
        <creator/>
        <dateCreated id="315">2015-11-02 22:34:13</dateCreated>
      </org.openmrs.ConceptSet>
      <org.openmrs.ConceptSet id="316" uuid="037dbfa0-ef95-48b0-83f4-56ae64ffd7f2">
        <conceptSetId>6331</conceptSetId>
        <concept id="317" resolves-to="org.openmrs.Concept" uuid="5e87b8c1-3498-4595-bb77-cc59c4fdc1c6">
          <conceptId>10566</conceptId>
          <retired>false</retired>
          <datatype reference="3"/>
          <conceptClass reference="5"/>
          <set>false</set>
          <creator/>
          <dateCreated id="318">2015-11-02 22:28:46</dateCreated>
          <changedBy/>
          <dateChanged id="319">2018-12-14 20:06:01</dateChanged>
          <names class="set" id="320">
            <org.openmrs.ConceptName id="321" uuid="0d75a1b0-d6f6-43fe-b37c-fa985273a81e">
              <conceptNameId>30469</conceptNameId>
              <concept reference="317"/>
              <name>Feeding method age</name>
              <locale id="322">en</locale>
              <creator/>
              <dateCreated id="323">2015-11-02 22:28:46</dateCreated>
              <voided>false</voided>
              <tags class="set" id="324"/>
              <conceptNameType>FULLY_SPECIFIED</conceptNameType>
              <localePreferred>true</localePreferred>
              <changedBy/>
              <dateChanged id="325">2018-12-14 20:06:01</dateChanged>
            </org.openmrs.ConceptName>
          </names>
          <answers class="set" id="326"/>
          <conceptSets class="set" id="327"/>
          <descriptions class="set" id="328">
            <org.openmrs.ConceptDescription id="329" uuid="26ac7ebd-4c0e-40b2-9c22-53ff1c269d5b">
              <conceptDescriptionId>6968</conceptDescriptionId>
              <concept reference="317"/>
              <description>The age of the patient at which the feeding method was administered.</description>
              <locale id="330">en</locale>
              <creator/>
              <dateCreated id="331">2015-11-02 22:28:46</dateCreated>
            </org.openmrs.ConceptDescription>
          </descriptions>
          <conceptMappings class="set" id="332">
            <org.openmrs.ConceptMap id="333" uuid="7ef0b0b3-c7e8-4b92-b9d0-8d5c04bedf51">
              <conceptMapType reference="30"/>
              <creator/>
              <dateCreated id="334">2015-11-02 22:28:46</dateCreated>
              <conceptMapId>26056</conceptMapId>
              <concept reference="317"/>
              <conceptReferenceTerm id="335" resolves-to="org.openmrs.ConceptReferenceTerm" uuid="89fa75df-eda0-4049-bca3-7c48c3e9e28a">
                <creator/>
                <dateCreated id="336">2015-11-02 22:28:25</dateCreated>
                <retired>false</retired>
                <conceptReferenceTermId>25401</conceptReferenceTermId>
                <conceptSource reference="36"/>
                <code>FEEDING METHOD AGE</code>
                <conceptReferenceTermMaps id="337"/>
              </conceptReferenceTerm>
            </org.openmrs.ConceptMap>
            <org.openmrs.ConceptMap id="338" uuid="54e9f08a-c631-4fa5-bd59-54404f3b590c">
              <conceptMapType reference="30"/>
              <creator/>
              <dateCreated id="339">2015-11-02 22:29:44</dateCreated>
              <conceptMapId>26057</conceptMapId>
              <concept reference="317"/>
              <conceptReferenceTerm id="340" resolves-to="org.openmrs.ConceptReferenceTerm" uuid="254f1ecc-802f-49c4-bfdf-b0537ac20950">
                <creator/>
                <dateCreated id="341">2015-11-02 22:29:23</dateCreated>
                <retired>false</retired>
                <conceptReferenceTermId>25402</conceptReferenceTermId>
                <conceptSource reference="36"/>
                <code>10566</code>
                <conceptReferenceTermMaps id="342"/>
              </conceptReferenceTerm>
            </org.openmrs.ConceptMap>
          </conceptMappings>
          <attributes id="343"/>
        </concept>
        <conceptSet reference="46"/>
        <sortWeight>2.0</sortWeight>
        <creator/>
        <dateCreated id="344">2015-11-02 22:34:14</dateCreated>
      </org.openmrs.ConceptSet>
      <org.openmrs.ConceptSet id="345" uuid="b81acf5b-0f51-49b1-807f-a622938b8e32">
        <conceptSetId>6329</conceptSetId>
        <concept id="346" resolves-to="org.openmrs.Concept" uuid="5b98dcbe-0efc-4cc2-9544-c1da596e7039">
          <conceptId>10564</conceptId>
          <retired>false</retired>
          <datatype reference="69"/>
          <conceptClass reference="5"/>
          <set>false</set>
          <creator/>
          <dateCreated id="347">2015-11-02 22:16:39</dateCreated>
          <changedBy/>
          <dateChanged id="348">2018-12-14 20:06:40</dateChanged>
          <names class="set" id="349">
            <org.openmrs.ConceptName id="350" uuid="b5b35576-2c0c-4953-94c9-4daa474eeaa4">
              <conceptNameId>30467</conceptNameId>
              <concept reference="346"/>
              <name>Feeding method present</name>
              <locale id="351">en</locale>
              <creator/>
              <dateCreated id="352">2015-11-02 22:16:39</dateCreated>
              <voided>false</voided>
              <tags class="set" id="353"/>
              <conceptNameType>FULLY_SPECIFIED</conceptNameType>
              <localePreferred>true</localePreferred>
              <changedBy/>
              <dateChanged id="354">2018-12-14 20:06:40</dateChanged>
            </org.openmrs.ConceptName>
          </names>
          <answers class="set" id="355">
            <org.openmrs.ConceptAnswer id="356" uuid="c12a7636-71f7-45bd-a6ac-13a1d095c614">
              <conceptAnswerId>9372</conceptAnswerId>
              <concept reference="346"/>
              <answerConcept reference="182"/>
              <creator/>
              <dateCreated id="357">2015-11-02 22:16:39</dateCreated>
              <sortWeight>2.0</sortWeight>
            </org.openmrs.ConceptAnswer>
            <org.openmrs.ConceptAnswer id="358" uuid="59bc179b-23a3-4143-97ee-e2433393c46b">
              <conceptAnswerId>9375</conceptAnswerId>
              <concept reference="346"/>
              <answerConcept reference="81"/>
              <creator/>
              <dateCreated id="359">2015-11-02 22:16:39</dateCreated>
              <sortWeight>3.0</sortWeight>
            </org.openmrs.ConceptAnswer>
            <org.openmrs.ConceptAnswer id="360" uuid="93a06a33-4f0e-4a79-a631-ee9a6a0f3241">
              <conceptAnswerId>9374</conceptAnswerId>
              <concept reference="346"/>
              <answerConcept reference="134"/>
              <creator/>
              <dateCreated id="361">2015-11-02 22:16:39</dateCreated>
              <sortWeight>4.0</sortWeight>
            </org.openmrs.ConceptAnswer>
            <org.openmrs.ConceptAnswer id="362" uuid="0ca99fee-e03f-46ff-8afe-2ce3bbb9150b">
              <conceptAnswerId>9373</conceptAnswerId>
              <concept reference="346"/>
              <answerConcept reference="247"/>
              <creator/>
              <dateCreated id="363">2015-11-02 22:16:39</dateCreated>
              <sortWeight>1.0</sortWeight>
            </org.openmrs.ConceptAnswer>
          </answers>
          <conceptSets class="set" id="364"/>
          <descriptions class="set" id="365">
            <org.openmrs.ConceptDescription id="366" uuid="1306340a-ab15-4256-a4da-0eb343b00eed">
              <conceptDescriptionId>6966</conceptDescriptionId>
              <concept reference="346"/>
              <description>Indicates if a given feeding method was administered.</description>
              <locale id="367">en</locale>
              <creator/>
              <dateCreated id="368">2015-11-02 22:16:39</dateCreated>
            </org.openmrs.ConceptDescription>
          </descriptions>
          <conceptMappings class="set" id="369">
            <org.openmrs.ConceptMap id="370" uuid="45cdb321-b13d-4aa4-a9b1-f7b829823b7d">
              <conceptMapType reference="30"/>
              <creator/>
              <dateCreated id="371">2015-11-02 22:20:33</dateCreated>
              <conceptMapId>26053</conceptMapId>
              <concept reference="346"/>
              <conceptReferenceTerm id="372" resolves-to="org.openmrs.ConceptReferenceTerm" uuid="a2a40541-0301-43d7-91f6-5ac4cb6553d1">
                <creator/>
                <dateCreated id="373">2015-11-02 22:19:16</dateCreated>
                <retired>false</retired>
                <conceptReferenceTermId>25398</conceptReferenceTermId>
                <conceptSource reference="36"/>
                <code>10564</code>
                <conceptReferenceTermMaps id="374"/>
              </conceptReferenceTerm>
            </org.openmrs.ConceptMap>
            <org.openmrs.ConceptMap id="375" uuid="ba39e2bd-558f-443b-a188-ce3af22c8184">
              <conceptMapType reference="30"/>
              <creator/>
              <dateCreated id="376">2015-11-02 22:18:52</dateCreated>
              <conceptMapId>26052</conceptMapId>
              <concept reference="346"/>
              <conceptReferenceTerm id="377" resolves-to="org.openmrs.ConceptReferenceTerm" uuid="eb87e690-67c5-4627-8125-249f06baba79">
                <creator/>
                <dateCreated id="378">2015-11-02 22:17:39</dateCreated>
                <retired>false</retired>
                <conceptReferenceTermId>25397</conceptReferenceTermId>
                <conceptSource reference="36"/>
                <code>FEEDING METHOD PRESENT</code>
                <conceptReferenceTermMaps id="379"/>
              </conceptReferenceTerm>
            </org.openmrs.ConceptMap>
          </conceptMappings>
          <attributes id="380"/>
        </concept>
        <conceptSet reference="46"/>
        <sortWeight>0.0</sortWeight>
        <creator/>
        <dateCreated id="381">2015-11-02 22:34:13</dateCreated>
      </org.openmrs.ConceptSet>
    </conceptSets>
    <descriptions class="set" id="382">
      <org.openmrs.ConceptDescription id="383" uuid="fd013671-d1af-4611-a435-873b1b2993f5">
        <conceptDescriptionId>6969</conceptDescriptionId>
        <concept reference="46"/>
        <description>Represents different stages in the feeding history of a pediatric patient.</description>
        <locale id="384">en</locale>
        <creator/>
        <dateCreated id="385">2015-11-02 22:34:13</dateCreated>
      </org.openmrs.ConceptDescription>
    </descriptions>
    <conceptMappings class="set" id="386">
      <org.openmrs.ConceptMap id="387" uuid="48c1dedd-43e3-461b-9fe2-75330530fdb2">
        <conceptMapType reference="30"/>
        <creator/>
        <dateCreated id="388">2015-11-02 22:34:52</dateCreated>
        <conceptMapId>26059</conceptMapId>
        <concept reference="46"/>
        <conceptReferenceTerm id="389" resolves-to="org.openmrs.ConceptReferenceTerm" uuid="f2bccbaf-1c8f-45d5-9dd9-3c0bad7adedd">
          <creator/>
          <dateCreated id="390">2015-11-02 22:34:29</dateCreated>
          <retired>false</retired>
          <conceptReferenceTermId>25404</conceptReferenceTermId>
          <conceptSource reference="36"/>
          <code>10567</code>
          <conceptReferenceTermMaps id="391"/>
        </conceptReferenceTerm>
      </org.openmrs.ConceptMap>
      <org.openmrs.ConceptMap id="392" uuid="78e18408-0085-4203-a695-526d488893a9">
        <conceptMapType reference="30"/>
        <creator/>
        <dateCreated id="393">2015-11-02 22:34:14</dateCreated>
        <conceptMapId>26058</conceptMapId>
        <concept reference="46"/>
        <conceptReferenceTerm id="394" resolves-to="org.openmrs.ConceptReferenceTerm" uuid="933f44a2-6a4d-4001-84b1-b2f6b09181f8">
          <creator/>
          <dateCreated id="395">2015-11-02 22:33:58</dateCreated>
          <retired>false</retired>
          <conceptReferenceTermId>25403</conceptReferenceTermId>
          <conceptSource reference="36"/>
          <code>PEDIATRIC FEEDING HISTORY CONSTRUCT</code>
          <conceptReferenceTermMaps id="396"/>
        </conceptReferenceTerm>
      </org.openmrs.ConceptMap>
    </conceptMappings>
    <attributes id="397"/>
  </org.openmrs.Concept>
  <org.openmrs.Concept id="398" uuid="f97e0c5b-889a-4249-b22a-3a247bf19a74">
    <conceptId>10563</conceptId>
    <retired>false</retired>
    <datatype reference="47"/>
    <conceptClass reference="49"/>
    <set>true</set>
    <creator/>
    <dateCreated id="399">2015-10-30 19:51:27</dateCreated>
    <changedBy/>
    <dateChanged id="400">2016-09-01 17:28:08</dateChanged>
    <names class="set" id="401">
      <org.openmrs.ConceptName id="402" uuid="d6b6577e-b041-466f-9377-018c2f02003b">
        <conceptNameId>31390</conceptNameId>
        <concept reference="398"/>
        <name>Pediatric feeding set</name>
        <locale id="403">en</locale>
        <creator/>
        <dateCreated id="404">2016-09-01 17:28:08</dateCreated>
        <voided>false</voided>
        <tags class="set" id="405"/>
        <localePreferred>true</localePreferred>
      </org.openmrs.ConceptName>
      <org.openmrs.ConceptName id="406" uuid="6a3fd147-fa02-4dc1-8a21-6d4db68a3717">
        <conceptNameId>30466</conceptNameId>
        <concept reference="398"/>
        <name>Pediatric Feeding Form Concept Set</name>
        <locale id="407">en</locale>
        <creator/>
        <dateCreated id="408">2015-10-30 19:51:27</dateCreated>
        <voided>false</voided>
        <tags class="set" id="409"/>
        <conceptNameType>FULLY_SPECIFIED</conceptNameType>
        <localePreferred>false</localePreferred>
      </org.openmrs.ConceptName>
    </names>
    <answers class="set" id="410"/>
    <conceptSets class="set" id="411">
      <org.openmrs.ConceptSet id="412" uuid="c67d635b-9fbb-4ed9-81a4-5fbcdde4b582">
        <conceptSetId>6327</conceptSetId>
        <concept reference="134"/>
        <conceptSet reference="398"/>
        <sortWeight>3.0</sortWeight>
        <creator/>
        <dateCreated id="413">2015-10-30 19:51:27</dateCreated>
      </org.openmrs.ConceptSet>
      <org.openmrs.ConceptSet id="414" uuid="9560db49-a96a-4704-8b92-ffc112060829">
        <conceptSetId>6326</conceptSetId>
        <concept reference="81"/>
        <conceptSet reference="398"/>
        <sortWeight>2.0</sortWeight>
        <creator/>
        <dateCreated id="415">2015-10-30 19:51:27</dateCreated>
      </org.openmrs.ConceptSet>
      <org.openmrs.ConceptSet id="416" uuid="cc5c030a-3ad5-48c1-bbae-9badc6ae7b8d">
        <conceptSetId>6324</conceptSetId>
        <concept reference="247"/>
        <conceptSet reference="398"/>
        <sortWeight>0.0</sortWeight>
        <creator/>
        <dateCreated id="417">2015-10-30 19:51:27</dateCreated>
      </org.openmrs.ConceptSet>
      <org.openmrs.ConceptSet id="418" uuid="2e1ac29c-7b72-4305-843b-3c3fd416718c">
        <conceptSetId>6325</conceptSetId>
        <concept reference="182"/>
        <conceptSet reference="398"/>
        <sortWeight>1.0</sortWeight>
        <creator/>
        <dateCreated id="419">2015-10-30 19:51:27</dateCreated>
      </org.openmrs.ConceptSet>
    </conceptSets>
    <descriptions class="set" id="420">
      <org.openmrs.ConceptDescription id="421" uuid="839c7d4f-8f10-4e43-b50e-dfc497663bb3">
        <conceptDescriptionId>6965</conceptDescriptionId>
        <concept reference="398"/>
        <description>Set of concepts found on Primary Care Pediatric Feeding form.</description>
        <locale id="422">en</locale>
        <creator/>
        <dateCreated id="423">2015-10-30 19:51:27</dateCreated>
      </org.openmrs.ConceptDescription>
    </descriptions>
    <conceptMappings class="set" id="424">
      <org.openmrs.ConceptMap id="425" uuid="630a4195-5ae4-4266-b8bb-19d7f620ad88">
        <conceptMapType reference="30"/>
        <creator/>
        <dateCreated id="426">2016-09-01 17:28:08</dateCreated>
        <conceptMapId>26845</conceptMapId>
        <concept reference="398"/>
        <conceptReferenceTerm id="427" resolves-to="org.openmrs.ConceptReferenceTerm" uuid="4b424f09-0759-446c-a9a3-008be3b81b26">
          <creator/>
          <dateCreated id="428">2016-09-01 17:27:42</dateCreated>
          <retired>false</retired>
          <conceptReferenceTermId>26026</conceptReferenceTermId>
          <conceptSource reference="36"/>
          <code>Pediatric feeding set</code>
          <conceptReferenceTermMaps id="429"/>
        </conceptReferenceTerm>
      </org.openmrs.ConceptMap>
      <org.openmrs.ConceptMap id="430" uuid="5721dd61-67ab-4712-ba66-768001f5fb78">
        <conceptMapType reference="30"/>
        <creator/>
        <dateCreated id="431">2016-09-01 17:28:08</dateCreated>
        <conceptMapId>26844</conceptMapId>
        <concept reference="398"/>
        <conceptReferenceTerm id="432" resolves-to="org.openmrs.ConceptReferenceTerm" uuid="142d1943-dfa4-42cd-9025-543b5d1b7b16">
          <creator/>
          <dateCreated id="433">2016-09-01 17:27:16</dateCreated>
          <retired>false</retired>
          <conceptReferenceTermId>26025</conceptReferenceTermId>
          <conceptSource reference="36"/>
          <code>10563</code>
          <conceptReferenceTermMaps id="434"/>
        </conceptReferenceTerm>
      </org.openmrs.ConceptMap>
    </conceptMappings>
    <attributes id="435"/>
  </org.openmrs.Concept>
</list>
