<?xml version="1.0" encoding="UTF-8"?>
<package id="1" uuid="ac7061cf-a43c-45dd-adff-4fa191149841">
  <dateCreated id="2">2018-08-15 20:01:40</dateCreated>
  <name>Mexico Concepts</name>
  <description>Metadata for PIH Mexico, but not including the diagnoses which are in the clinical concepts mds package.</description>
  <openmrsVersion>2.1.3 SNAPSHOT Build e8c2d9</openmrsVersion>
  <version>1</version>
  <groupUuid>b5ee1651-1f90-4371-95da-7c13f8523f8c</groupUuid>
  <subscriptionUrl>https://concepts.pih-emr.org/openmrs/ws/rest/metadatasharing/package/b5ee1651-1f90-4371-95da-7c13f8523f8c/latest</subscriptionUrl>
  <modules id="3">
    <entry>
      <string>webservices.rest</string>
      <string>2.21.0.4741bf</string>
    </entry>
    <entry>
      <string>legacyui</string>
      <string>1.3.3</string>
    </entry>
    <entry>
      <string>groovy</string>
      <string>2.2.4</string>
    </entry>
    <entry>
      <string>htmlformentry</string>
      <string>3.6.0</string>
    </entry>
    <entry>
      <string>metadatasharing</string>
      <string>1.4.0-SNAPSHOT</string>
    </entry>
    <entry>
      <string>metadatamapping</string>
      <string>1.3.4</string>
    </entry>
  </modules>
  <items class="linked-hash-set" id="4">
    <org.openmrs.module.metadatasharing.Item id="5" uuid="4e7ee269-6c8c-46b3-91e9-89fb64c2009b">
      <id>11723</id>
      <classname>org.openmrs.Concept</classname>
      <dateChanged id="6">2018-08-15 19:54:52</dateChanged>
      <retired>false</retired>
    </org.openmrs.module.metadatasharing.Item>
  </items>
  <relatedItems class="linked-hash-set" id="7">
    <org.openmrs.module.metadatasharing.Item id="8" uuid="8d4a4c94-c2cc-11de-8d13-0010c6dffd0f">
      <id>4</id>
      <classname>org.openmrs.ConceptDatatype</classname>
      <dateChanged id="9">2004-02-02 05:00:00</dateChanged>
      <retired>false</retired>
    </org.openmrs.module.metadatasharing.Item>
    <org.openmrs.module.metadatasharing.Item id="10" uuid="8d492594-c2cc-11de-8d13-0010c6dffd0f">
      <id>10</id>
      <classname>org.openmrs.ConceptClass</classname>
      <dateChanged id="11">2015-07-01 17:25:50</dateChanged>
      <retired>false</retired>
    </org.openmrs.module.metadatasharing.Item>
    <org.openmrs.module.metadatasharing.Item id="12" uuid="aa9e80ef-8c80-4adf-8aec-bb7a152d5153">
      <id>36753</id>
      <classname>org.openmrs.ConceptName</classname>
      <dateChanged id="13">2018-08-15 19:49:43</dateChanged>
    </org.openmrs.module.metadatasharing.Item>
    <org.openmrs.module.metadatasharing.Item id="14" uuid="e786fe32-ced9-42e3-962f-4396d3d06f72">
      <id>8742</id>
      <classname>org.openmrs.ConceptSet</classname>
      <dateChanged id="15">2018-08-15 19:54:52</dateChanged>
    </org.openmrs.module.metadatasharing.Item>
    <org.openmrs.module.metadatasharing.Item id="16" uuid="f813d9fa-0842-4862-ae08-5ed30a068207">
      <id>11724</id>
      <classname>org.openmrs.Concept</classname>
      <dateChanged id="17">2018-08-15 19:54:17</dateChanged>
      <retired>false</retired>
    </org.openmrs.module.metadatasharing.Item>
    <org.openmrs.module.metadatasharing.Item id="18" uuid="8d4a48b6-c2cc-11de-8d13-0010c6dffd0f">
      <id>2</id>
      <classname>org.openmrs.ConceptDatatype</classname>
      <dateChanged id="19">2004-02-02 05:00:00</dateChanged>
      <retired>false</retired>
    </org.openmrs.module.metadatasharing.Item>
    <org.openmrs.module.metadatasharing.Item id="20" uuid="8d491e50-c2cc-11de-8d13-0010c6dffd0f">
      <id>7</id>
      <classname>org.openmrs.ConceptClass</classname>
      <dateChanged id="21">2015-07-01 17:25:50</dateChanged>
      <retired>false</retired>
    </org.openmrs.module.metadatasharing.Item>
    <org.openmrs.module.metadatasharing.Item id="22" uuid="41d65327-311d-4295-81b2-e28270ae8bbb">
      <id>36754</id>
      <classname>org.openmrs.ConceptName</classname>
      <dateChanged id="23">2018-08-15 19:53:44</dateChanged>
    </org.openmrs.module.metadatasharing.Item>
    <org.openmrs.module.metadatasharing.Item id="24" uuid="feb1c65c-10ae-46a1-86aa-205c57172cf1">
      <id>36755</id>
      <classname>org.openmrs.ConceptName</classname>
      <dateChanged id="25">2018-08-15 19:53:44</dateChanged>
    </org.openmrs.module.metadatasharing.Item>
    <org.openmrs.module.metadatasharing.Item id="26" uuid="24f40851-a0d3-4a89-ab4b-feeb40814813">
      <id>10401</id>
      <classname>org.openmrs.ConceptAnswer</classname>
      <dateChanged id="27">2018-08-15 19:53:44</dateChanged>
    </org.openmrs.module.metadatasharing.Item>
    <org.openmrs.module.metadatasharing.Item id="28" uuid="3cd6f600-26fe-102b-80cb-0017a47871b2">
      <id>1065</id>
      <classname>org.openmrs.Concept</classname>
      <dateChanged id="29">2017-07-08 00:09:43</dateChanged>
      <retired>false</retired>
    </org.openmrs.module.metadatasharing.Item>
    <org.openmrs.module.metadatasharing.Item id="30" uuid="8d492774-c2cc-11de-8d13-0010c6dffd0f">
      <id>11</id>
      <classname>org.openmrs.ConceptClass</classname>
      <dateChanged id="31">2015-07-01 17:25:50</dateChanged>
      <retired>false</retired>
    </org.openmrs.module.metadatasharing.Item>
    <org.openmrs.module.metadatasharing.Item id="32" uuid="127332BBBBBBBBBBBBBBBBBBBBBBBBBBBBBB">
      <id>29699</id>
      <classname>org.openmrs.ConceptName</classname>
      <dateChanged id="33">2015-04-24 21:17:40</dateChanged>
    </org.openmrs.module.metadatasharing.Item>
    <org.openmrs.module.metadatasharing.Item id="34" uuid="126316BBBBBBBBBBBBBBBBBBBBBBBBBBBBBB">
      <id>29696</id>
      <classname>org.openmrs.ConceptName</classname>
      <dateChanged id="35">2014-10-07 22:39:17</dateChanged>
    </org.openmrs.module.metadatasharing.Item>
    <org.openmrs.module.metadatasharing.Item id="36" uuid="106307BBBBBBBBBBBBBBBBBBBBBBBBBBBBBB">
      <id>29693</id>
      <classname>org.openmrs.ConceptName</classname>
      <dateChanged id="37">2010-06-21 23:11:26</dateChanged>
    </org.openmrs.module.metadatasharing.Item>
    <org.openmrs.module.metadatasharing.Item id="38" uuid="126313BBBBBBBBBBBBBBBBBBBBBBBBBBBBBB">
      <id>29692</id>
      <classname>org.openmrs.ConceptName</classname>
      <dateChanged id="39">2014-10-07 22:36:00</dateChanged>
    </org.openmrs.module.metadatasharing.Item>
    <org.openmrs.module.metadatasharing.Item id="40" uuid="3e15161e-26fe-102b-80cb-0017a47871b2">
      <id>1102</id>
      <classname>org.openmrs.ConceptName</classname>
      <dateChanged id="41">2015-04-22 14:28:44</dateChanged>
    </org.openmrs.module.metadatasharing.Item>
    <org.openmrs.module.metadatasharing.Item id="42" uuid="137332BBBBBBBBBBBBBBBBBBBBBBBBBBBBBB">
      <id>32263</id>
      <classname>org.openmrs.ConceptName</classname>
      <dateChanged id="43">2016-07-10 05:47:58</dateChanged>
    </org.openmrs.module.metadatasharing.Item>
    <org.openmrs.module.metadatasharing.Item id="44" uuid="126317BBBBBBBBBBBBBBBBBBBBBBBBBBBBBB">
      <id>29698</id>
      <classname>org.openmrs.ConceptName</classname>
      <dateChanged id="45">2014-10-07 22:39:17</dateChanged>
    </org.openmrs.module.metadatasharing.Item>
    <org.openmrs.module.metadatasharing.Item id="46" uuid="108333BBBBBBBBBBBBBBBBBBBBBBBBBBBBBB">
      <id>29700</id>
      <classname>org.openmrs.ConceptName</classname>
      <dateChanged id="47">2012-03-04 23:58:29</dateChanged>
    </org.openmrs.module.metadatasharing.Item>
    <org.openmrs.module.metadatasharing.Item id="48" uuid="126314BBBBBBBBBBBBBBBBBBBBBBBBBBBBBB">
      <id>29695</id>
      <classname>org.openmrs.ConceptName</classname>
      <dateChanged id="49">2014-10-07 22:39:17</dateChanged>
    </org.openmrs.module.metadatasharing.Item>
    <org.openmrs.module.metadatasharing.Item id="50" uuid="111198BBBBBBBBBBBBBBBBBBBBBBBBBBBBBB">
      <id>29697</id>
      <classname>org.openmrs.ConceptName</classname>
      <dateChanged id="51">2013-01-27 06:41:22</dateChanged>
    </org.openmrs.module.metadatasharing.Item>
    <org.openmrs.module.metadatasharing.Item id="52" uuid="0b931af0-15f5-102d-96e4-000c29c2a5d7">
      <id>9147</id>
      <classname>org.openmrs.ConceptName</classname>
      <dateChanged id="53">2015-04-22 14:28:44</dateChanged>
    </org.openmrs.module.metadatasharing.Item>
    <org.openmrs.module.metadatasharing.Item id="54" uuid="126315BBBBBBBBBBBBBBBBBBBBBBBBBBBBBB">
      <id>29691</id>
      <classname>org.openmrs.ConceptName</classname>
      <dateChanged id="55">2014-10-07 22:39:17</dateChanged>
    </org.openmrs.module.metadatasharing.Item>
    <org.openmrs.module.metadatasharing.Item id="56" uuid="126318BBBBBBBBBBBBBBBBBBBBBBBBBBBBBB">
      <id>29689</id>
      <classname>org.openmrs.ConceptName</classname>
      <dateChanged id="57">2014-10-07 22:39:17</dateChanged>
    </org.openmrs.module.metadatasharing.Item>
    <org.openmrs.module.metadatasharing.Item id="58" uuid="139802BBBBBBBBBBBBBBBBBBBBBBBBBBBBBB">
      <id>32264</id>
      <classname>org.openmrs.ConceptName</classname>
      <dateChanged id="59">2016-08-16 11:47:47</dateChanged>
    </org.openmrs.module.metadatasharing.Item>
    <org.openmrs.module.metadatasharing.Item id="60" uuid="541f1720-0abe-49dd-b4f6-7de87ce05917">
      <id>17941</id>
      <classname>org.openmrs.ConceptName</classname>
      <dateChanged id="61">2015-04-22 14:28:44</dateChanged>
    </org.openmrs.module.metadatasharing.Item>
    <org.openmrs.module.metadatasharing.Item id="62" uuid="126319BBBBBBBBBBBBBBBBBBBBBBBBBBBBBB">
      <id>29694</id>
      <classname>org.openmrs.ConceptName</classname>
      <dateChanged id="63">2014-10-07 22:39:17</dateChanged>
    </org.openmrs.module.metadatasharing.Item>
    <org.openmrs.module.metadatasharing.Item id="64" uuid="106919BBBBBBBBBBBBBBBBBBBBBBBBBBBBBB">
      <id>29690</id>
      <classname>org.openmrs.ConceptName</classname>
      <dateChanged id="65">2010-10-24 20:04:37</dateChanged>
    </org.openmrs.module.metadatasharing.Item>
    <org.openmrs.module.metadatasharing.Item id="66" uuid="ece437ba-07fe-102c-b5fa-0017a47871b2">
      <id>1076</id>
      <classname>org.openmrs.ConceptDescription</classname>
      <dateChanged id="67">2015-04-22 14:28:44</dateChanged>
    </org.openmrs.module.metadatasharing.Item>
    <org.openmrs.module.metadatasharing.Item id="68" uuid="1068FFFFFFFFFFFFFFFFFFFFFFFFFFFFFFFF">
      <id>6865</id>
      <classname>org.openmrs.ConceptDescription</classname>
      <dateChanged id="69">2015-04-24 21:17:40</dateChanged>
    </org.openmrs.module.metadatasharing.Item>
    <org.openmrs.module.metadatasharing.Item id="70" uuid="18158FFFFFFFFFFFFFFFFFFFFFFFFFFFFFFF">
      <id>7125</id>
      <classname>org.openmrs.ConceptDescription</classname>
      <dateChanged id="71">2016-08-16 11:47:47</dateChanged>
    </org.openmrs.module.metadatasharing.Item>
    <org.openmrs.module.metadatasharing.Item id="72" uuid="b20d114a-4864-102e-96e9-000c29c2a5d7">
      <id>1067</id>
      <classname>org.openmrs.ConceptMap</classname>
      <dateChanged id="73">2015-04-22 14:28:44</dateChanged>
    </org.openmrs.module.metadatasharing.Item>
    <org.openmrs.module.metadatasharing.Item id="74" uuid="35543629-7d8c-11e1-909d-c80aa9edcf4e">
      <id>1</id>
      <classname>org.openmrs.ConceptMapType</classname>
      <dateChanged id="75">2012-06-21 00:00:00</dateChanged>
      <retired>false</retired>
    </org.openmrs.module.metadatasharing.Item>
    <org.openmrs.module.metadatasharing.Item id="76" uuid="bbb5c16f-f127-32a4-97d5-7d7bed12bfd4">
      <id>1067</id>
      <classname>org.openmrs.ConceptReferenceTerm</classname>
      <dateChanged id="77">2010-11-23 00:00:00</dateChanged>
      <retired>false</retired>
    </org.openmrs.module.metadatasharing.Item>
    <org.openmrs.module.metadatasharing.Item id="78" uuid="fb9aaaf1-65e2-4c18-b53c-16b575f2f385">
      <id>5</id>
      <classname>org.openmrs.ConceptSource</classname>
      <dateChanged id="79">2015-07-01 17:25:50</dateChanged>
      <retired>false</retired>
    </org.openmrs.module.metadatasharing.Item>
    <org.openmrs.module.metadatasharing.Item id="80" uuid="133840ABBBBBBBBBBBBBBBBBBBBBBBBBBBBB">
      <id>25513</id>
      <classname>org.openmrs.ConceptMap</classname>
      <dateChanged id="81">2010-10-01 23:11:47</dateChanged>
    </org.openmrs.module.metadatasharing.Item>
    <org.openmrs.module.metadatasharing.Item id="82" uuid="d2d5f591-c1b5-308e-bbbb-2fb6dee0d2b2">
      <id>24855</id>
      <classname>org.openmrs.ConceptReferenceTerm</classname>
      <dateChanged id="83">2010-10-01 04:00:00</dateChanged>
      <retired>false</retired>
    </org.openmrs.module.metadatasharing.Item>
    <org.openmrs.module.metadatasharing.Item id="84" uuid="1ADDDDDDDDDDDDDDDDDDDDDDDDDDDDDDDDDD">
      <id>6</id>
      <classname>org.openmrs.ConceptSource</classname>
      <dateChanged id="85">2015-07-01 17:25:50</dateChanged>
      <retired>false</retired>
    </org.openmrs.module.metadatasharing.Item>
    <org.openmrs.module.metadatasharing.Item id="86" uuid="7568887a-4943-102e-96e9-000c29c2a5d7">
      <id>6958</id>
      <classname>org.openmrs.ConceptMap</classname>
      <dateChanged id="87">2015-04-22 14:28:44</dateChanged>
    </org.openmrs.module.metadatasharing.Item>
    <org.openmrs.module.metadatasharing.Item id="88" uuid="43c590f7-f85f-376f-9083-d189b74ed37c">
      <id>6958</id>
      <classname>org.openmrs.ConceptReferenceTerm</classname>
      <dateChanged id="89">2010-11-24 00:00:00</dateChanged>
      <retired>false</retired>
    </org.openmrs.module.metadatasharing.Item>
    <org.openmrs.module.metadatasharing.Item id="90" uuid="4c5c3b67-8cc9-4d59-9b8e-8c910e44d8a3">
      <id>27084</id>
      <classname>org.openmrs.ConceptMap</classname>
      <dateChanged id="91">2017-03-04 21:45:04</dateChanged>
    </org.openmrs.module.metadatasharing.Item>
    <org.openmrs.module.metadatasharing.Item id="92" uuid="7df22b69-9a03-49e8-aa0a-063e61e1f9a5">
      <id>26241</id>
      <classname>org.openmrs.ConceptReferenceTerm</classname>
      <dateChanged id="93">2017-03-04 21:44:26</dateChanged>
      <retired>false</retired>
    </org.openmrs.module.metadatasharing.Item>
    <org.openmrs.module.metadatasharing.Item id="94" uuid="21ADDDDDDDDDDDDDDDDDDDDDDDDDDDDDDDDD">
      <id>29</id>
      <classname>org.openmrs.ConceptSource</classname>
      <dateChanged id="95">2015-07-01 17:25:50</dateChanged>
      <retired>false</retired>
    </org.openmrs.module.metadatasharing.Item>
    <org.openmrs.module.metadatasharing.Item id="96" uuid="144378ABBBBBBBBBBBBBBBBBBBBBBBBBBBBB">
      <id>27570</id>
      <classname>org.openmrs.ConceptMap</classname>
      <dateChanged id="97">2012-06-03 21:56:11</dateChanged>
    </org.openmrs.module.metadatasharing.Item>
    <org.openmrs.module.metadatasharing.Item id="98" uuid="0a25554e-8e73-3431-a111-837291cbc771">
      <id>26891</id>
      <classname>org.openmrs.ConceptReferenceTerm</classname>
      <dateChanged id="99">2012-06-03 04:00:00</dateChanged>
      <retired>false</retired>
    </org.openmrs.module.metadatasharing.Item>
    <org.openmrs.module.metadatasharing.Item id="100" uuid="12ADDDDDDDDDDDDDDDDDDDDDDDDDDDDDDDDD">
      <id>24</id>
      <classname>org.openmrs.ConceptSource</classname>
      <dateChanged id="101">2015-07-01 17:25:50</dateChanged>
      <retired>false</retired>
    </org.openmrs.module.metadatasharing.Item>
    <org.openmrs.module.metadatasharing.Item id="102" uuid="134737ABBBBBBBBBBBBBBBBBBBBBBBBBBBBB">
      <id>27569</id>
      <classname>org.openmrs.ConceptMap</classname>
      <dateChanged id="103">2010-10-24 17:09:59</dateChanged>
    </org.openmrs.module.metadatasharing.Item>
    <org.openmrs.module.metadatasharing.Item id="104" uuid="85fd20aa-8f0e-33c6-8d26-87087144d1f0">
      <id>26890</id>
      <classname>org.openmrs.ConceptReferenceTerm</classname>
      <dateChanged id="105">2010-10-24 04:00:00</dateChanged>
      <retired>false</retired>
    </org.openmrs.module.metadatasharing.Item>
    <org.openmrs.module.metadatasharing.Item id="106" uuid="13ADDDDDDDDDDDDDDDDDDDDDDDDDDDDDDDDD">
      <id>10</id>
      <classname>org.openmrs.ConceptSource</classname>
      <dateChanged id="107">2015-07-01 17:25:50</dateChanged>
      <retired>false</retired>
    </org.openmrs.module.metadatasharing.Item>
    <org.openmrs.module.metadatasharing.Item id="108" uuid="86e316bf-e651-4453-914c-ade7de7f5a85">
      <id>10400</id>
      <classname>org.openmrs.ConceptAnswer</classname>
      <dateChanged id="109">2018-08-15 19:53:44</dateChanged>
    </org.openmrs.module.metadatasharing.Item>
    <org.openmrs.module.metadatasharing.Item id="110" uuid="3cd6f86c-26fe-102b-80cb-0017a47871b2">
      <id>1066</id>
      <classname>org.openmrs.Concept</classname>
      <dateChanged id="111">2017-07-08 00:09:43</dateChanged>
      <retired>false</retired>
    </org.openmrs.module.metadatasharing.Item>
    <org.openmrs.module.metadatasharing.Item id="112" uuid="139803BBBBBBBBBBBBBBBBBBBBBBBBBBBBBB">
      <id>32262</id>
      <classname>org.openmrs.ConceptName</classname>
      <dateChanged id="113">2016-08-16 11:48:25</dateChanged>
    </org.openmrs.module.metadatasharing.Item>
    <org.openmrs.module.metadatasharing.Item id="114" uuid="3e151786-26fe-102b-80cb-0017a47871b2">
      <id>8310</id>
      <classname>org.openmrs.ConceptName</classname>
      <dateChanged id="115">2015-04-22 14:28:45</dateChanged>
    </org.openmrs.module.metadatasharing.Item>
    <org.openmrs.module.metadatasharing.Item id="116" uuid="126360BBBBBBBBBBBBBBBBBBBBBBBBBBBBBB">
      <id>29715</id>
      <classname>org.openmrs.ConceptName</classname>
      <dateChanged id="117">2014-10-11 19:48:46</dateChanged>
    </org.openmrs.module.metadatasharing.Item>
    <org.openmrs.module.metadatasharing.Item id="118" uuid="108334BBBBBBBBBBBBBBBBBBBBBBBBBBBBBB">
      <id>29712</id>
      <classname>org.openmrs.ConceptName</classname>
      <dateChanged id="119">2012-03-04 23:58:47</dateChanged>
    </org.openmrs.module.metadatasharing.Item>
    <org.openmrs.module.metadatasharing.Item id="120" uuid="111196BBBBBBBBBBBBBBBBBBBBBBBBBBBBBB">
      <id>29717</id>
      <classname>org.openmrs.ConceptName</classname>
      <dateChanged id="121">2013-01-27 06:40:38</dateChanged>
    </org.openmrs.module.metadatasharing.Item>
    <org.openmrs.module.metadatasharing.Item id="122" uuid="126357BBBBBBBBBBBBBBBBBBBBBBBBBBBBBB">
      <id>29709</id>
      <classname>org.openmrs.ConceptName</classname>
      <dateChanged id="123">2014-10-11 19:48:46</dateChanged>
    </org.openmrs.module.metadatasharing.Item>
    <org.openmrs.module.metadatasharing.Item id="124" uuid="5bcc9a17-0a17-4075-84d4-f09882cfaa18">
      <id>17939</id>
      <classname>org.openmrs.ConceptName</classname>
      <dateChanged id="125">2015-04-22 14:28:45</dateChanged>
    </org.openmrs.module.metadatasharing.Item>
    <org.openmrs.module.metadatasharing.Item id="126" uuid="106917BBBBBBBBBBBBBBBBBBBBBBBBBBBBBB">
      <id>29711</id>
      <classname>org.openmrs.ConceptName</classname>
      <dateChanged id="127">2010-10-24 20:04:03</dateChanged>
    </org.openmrs.module.metadatasharing.Item>
    <org.openmrs.module.metadatasharing.Item id="128" uuid="126358BBBBBBBBBBBBBBBBBBBBBBBBBBBBBB">
      <id>29718</id>
      <classname>org.openmrs.ConceptName</classname>
      <dateChanged id="129">2014-10-11 19:48:46</dateChanged>
    </org.openmrs.module.metadatasharing.Item>
    <org.openmrs.module.metadatasharing.Item id="130" uuid="743d14ca-dd31-4ed7-8bfb-b2e4c98a2609">
      <id>17940</id>
      <classname>org.openmrs.ConceptName</classname>
      <dateChanged id="131">2015-04-22 14:28:45</dateChanged>
    </org.openmrs.module.metadatasharing.Item>
    <org.openmrs.module.metadatasharing.Item id="132" uuid="106308BBBBBBBBBBBBBBBBBBBBBBBBBBBBBB">
      <id>29713</id>
      <classname>org.openmrs.ConceptName</classname>
      <dateChanged id="133">2010-06-21 23:11:53</dateChanged>
    </org.openmrs.module.metadatasharing.Item>
    <org.openmrs.module.metadatasharing.Item id="134" uuid="126362BBBBBBBBBBBBBBBBBBBBBBBBBBBBBB">
      <id>29716</id>
      <classname>org.openmrs.ConceptName</classname>
      <dateChanged id="135">2014-10-11 19:48:46</dateChanged>
    </org.openmrs.module.metadatasharing.Item>
    <org.openmrs.module.metadatasharing.Item id="136" uuid="137334BBBBBBBBBBBBBBBBBBBBBBBBBBBBBB">
      <id>32261</id>
      <classname>org.openmrs.ConceptName</classname>
      <dateChanged id="137">2016-07-10 05:49:06</dateChanged>
    </org.openmrs.module.metadatasharing.Item>
    <org.openmrs.module.metadatasharing.Item id="138" uuid="126359BBBBBBBBBBBBBBBBBBBBBBBBBBBBBB">
      <id>29710</id>
      <classname>org.openmrs.ConceptName</classname>
      <dateChanged id="139">2014-10-11 19:48:46</dateChanged>
    </org.openmrs.module.metadatasharing.Item>
    <org.openmrs.module.metadatasharing.Item id="140" uuid="127333BBBBBBBBBBBBBBBBBBBBBBBBBBBBBB">
      <id>29714</id>
      <classname>org.openmrs.ConceptName</classname>
      <dateChanged id="141">2015-04-24 21:18:07</dateChanged>
    </org.openmrs.module.metadatasharing.Item>
    <org.openmrs.module.metadatasharing.Item id="142" uuid="126361BBBBBBBBBBBBBBBBBBBBBBBBBBBBBB">
      <id>29708</id>
      <classname>org.openmrs.ConceptName</classname>
      <dateChanged id="143">2014-10-11 19:48:46</dateChanged>
    </org.openmrs.module.metadatasharing.Item>
    <org.openmrs.module.metadatasharing.Item id="144" uuid="126356BBBBBBBBBBBBBBBBBBBBBBBBBBBBBB">
      <id>29719</id>
      <classname>org.openmrs.ConceptName</classname>
      <dateChanged id="145">2014-10-11 19:48:46</dateChanged>
    </org.openmrs.module.metadatasharing.Item>
    <org.openmrs.module.metadatasharing.Item id="146" uuid="d07abafd-ea95-4edd-9c84-ee85592fc91f">
      <id>1077</id>
      <classname>org.openmrs.ConceptDescription</classname>
      <dateChanged id="147">2015-04-22 14:28:45</dateChanged>
    </org.openmrs.module.metadatasharing.Item>
    <org.openmrs.module.metadatasharing.Item id="148" uuid="1069FFFFFFFFFFFFFFFFFFFFFFFFFFFFFFFF">
      <id>6867</id>
      <classname>org.openmrs.ConceptDescription</classname>
      <dateChanged id="149">2015-04-24 21:18:07</dateChanged>
    </org.openmrs.module.metadatasharing.Item>
    <org.openmrs.module.metadatasharing.Item id="150" uuid="18159FFFFFFFFFFFFFFFFFFFFFFFFFFFFFFF">
      <id>7126</id>
      <classname>org.openmrs.ConceptDescription</classname>
      <dateChanged id="151">2016-08-16 11:48:25</dateChanged>
    </org.openmrs.module.metadatasharing.Item>
    <org.openmrs.module.metadatasharing.Item id="152" uuid="aefacf53-8e8e-4ed0-9d32-cbd1d14c6639">
      <id>12989</id>
      <classname>org.openmrs.ConceptMap</classname>
      <dateChanged id="153">2015-04-22 14:28:45</dateChanged>
    </org.openmrs.module.metadatasharing.Item>
    <org.openmrs.module.metadatasharing.Item id="154" uuid="bfdf9e0c-a208-31e8-9df4-45eccc2ea9e7">
      <id>12989</id>
      <classname>org.openmrs.ConceptReferenceTerm</classname>
      <dateChanged id="155">2011-07-22 00:00:00</dateChanged>
      <retired>false</retired>
    </org.openmrs.module.metadatasharing.Item>
    <org.openmrs.module.metadatasharing.Item id="156" uuid="144379ABBBBBBBBBBBBBBBBBBBBBBBBBBBBB">
      <id>27572</id>
      <classname>org.openmrs.ConceptMap</classname>
      <dateChanged id="157">2012-06-03 21:57:05</dateChanged>
    </org.openmrs.module.metadatasharing.Item>
    <org.openmrs.module.metadatasharing.Item id="158" uuid="170e452e-c092-32c9-b974-23f0bca960bd">
      <id>26889</id>
      <classname>org.openmrs.ConceptReferenceTerm</classname>
      <dateChanged id="159">2012-06-03 04:00:00</dateChanged>
      <retired>false</retired>
    </org.openmrs.module.metadatasharing.Item>
    <org.openmrs.module.metadatasharing.Item id="160" uuid="134738ABBBBBBBBBBBBBBBBBBBBBBBBBBBBB">
      <id>27571</id>
      <classname>org.openmrs.ConceptMap</classname>
      <dateChanged id="161">2010-10-24 17:09:59</dateChanged>
    </org.openmrs.module.metadatasharing.Item>
    <org.openmrs.module.metadatasharing.Item id="162" uuid="f2531812-ebad-3a19-bf74-9b35025659e5">
      <id>26888</id>
      <classname>org.openmrs.ConceptReferenceTerm</classname>
      <dateChanged id="163">2010-10-24 04:00:00</dateChanged>
      <retired>false</retired>
    </org.openmrs.module.metadatasharing.Item>
    <org.openmrs.module.metadatasharing.Item id="164" uuid="87458183-630e-4235-aeec-696077464d49">
      <id>27085</id>
      <classname>org.openmrs.ConceptMap</classname>
      <dateChanged id="165">2017-03-04 21:45:32</dateChanged>
    </org.openmrs.module.metadatasharing.Item>
    <org.openmrs.module.metadatasharing.Item id="166" uuid="70e47483-b669-4195-a33a-dc968d2af4af">
      <id>26242</id>
      <classname>org.openmrs.ConceptReferenceTerm</classname>
      <dateChanged id="167">2017-03-04 21:44:34</dateChanged>
      <retired>false</retired>
    </org.openmrs.module.metadatasharing.Item>
    <org.openmrs.module.metadatasharing.Item id="168" uuid="b20d12bc-4864-102e-96e9-000c29c2a5d7">
      <id>1068</id>
      <classname>org.openmrs.ConceptMap</classname>
      <dateChanged id="169">2015-04-22 14:28:45</dateChanged>
    </org.openmrs.module.metadatasharing.Item>
    <org.openmrs.module.metadatasharing.Item id="170" uuid="733a28fa-d244-3248-b654-09ffb442e6f2">
      <id>1068</id>
      <classname>org.openmrs.ConceptReferenceTerm</classname>
      <dateChanged id="171">2010-11-23 00:00:00</dateChanged>
      <retired>false</retired>
    </org.openmrs.module.metadatasharing.Item>
    <org.openmrs.module.metadatasharing.Item id="172" uuid="133841ABBBBBBBBBBBBBBBBBBBBBBBBBBBBB">
      <id>25515</id>
      <classname>org.openmrs.ConceptMap</classname>
      <dateChanged id="173">2010-10-01 23:13:10</dateChanged>
    </org.openmrs.module.metadatasharing.Item>
    <org.openmrs.module.metadatasharing.Item id="174" uuid="beaa27cb-dacc-3334-b7c4-9f230f2dd231">
      <id>24857</id>
      <classname>org.openmrs.ConceptReferenceTerm</classname>
      <dateChanged id="175">2010-10-01 04:00:00</dateChanged>
      <retired>false</retired>
    </org.openmrs.module.metadatasharing.Item>
    <org.openmrs.module.metadatasharing.Item id="176" uuid="afb177b6-e309-418f-aca5-c0f9b1e4f787">
      <id>30591</id>
      <classname>org.openmrs.ConceptMap</classname>
      <dateChanged id="177">2018-08-15 19:54:17</dateChanged>
    </org.openmrs.module.metadatasharing.Item>
    <org.openmrs.module.metadatasharing.Item id="178" uuid="2652ae09-8b1f-4a70-82aa-84f1b783f621">
      <id>29966</id>
      <classname>org.openmrs.ConceptReferenceTerm</classname>
      <dateChanged id="179">2018-08-15 19:54:07</dateChanged>
      <retired>false</retired>
    </org.openmrs.module.metadatasharing.Item>
    <org.openmrs.module.metadatasharing.Item id="180" uuid="1f875d22-7d6f-4b0a-9774-77a7c2cb0106">
      <id>7654</id>
      <classname>org.openmrs.ConceptDescription</classname>
      <dateChanged id="181">2018-08-15 19:49:43</dateChanged>
    </org.openmrs.module.metadatasharing.Item>
    <org.openmrs.module.metadatasharing.Item id="182" uuid="335d7c59-0483-498c-b716-fdc31b09305d">
      <id>30590</id>
      <classname>org.openmrs.ConceptMap</classname>
      <dateChanged id="183">2018-08-15 19:50:14</dateChanged>
    </org.openmrs.module.metadatasharing.Item>
    <org.openmrs.module.metadatasharing.Item id="184" uuid="aa3e9a80-d1f9-4dfa-aabd-7d34115e2e9e">
      <id>29965</id>
      <classname>org.openmrs.ConceptReferenceTerm</classname>
      <dateChanged id="185">2018-08-15 19:50:04</dateChanged>
      <retired>false</retired>
    </org.openmrs.module.metadatasharing.Item>
  </relatedItems>
</package>
