<?xml version="1.0" encoding="UTF-8"?>
<list id="1">
  <org.openmrs.Concept id="2" uuid="4e7ee269-6c8c-46b3-91e9-89fb64c2009b">
    <conceptId>11723</conceptId>
    <retired>false</retired>
    <datatype id="3" resolves-to="org.openmrs.ConceptDatatype" uuid="8d4a4c94-c2cc-11de-8d13-0010c6dffd0f">
      <name>N/A</name>
      <description>Not associated with a datatype (e.g., term answers, sets)</description>
      <creator/>
      <dateCreated id="4">2004-02-02 05:00:00</dateCreated>
      <retired>false</retired>
      <conceptDatatypeId>4</conceptDatatypeId>
      <hl7Abbreviation>ZZ</hl7Abbreviation>
    </datatype>
    <conceptClass id="5" resolves-to="org.openmrs.ConceptClass" uuid="8d492594-c2cc-11de-8d13-0010c6dffd0f">
      <name>ConvSet</name>
      <description>Term to describe convenience sets</description>
      <creator/>
      <dateCreated id="6">2015-07-01 17:25:50</dateCreated>
      <retired>false</retired>
      <conceptClassId>10</conceptClassId>
    </conceptClass>
    <set>true</set>
    <creator/>
    <dateCreated id="7">2018-08-15 19:49:43</dateCreated>
    <changedBy/>
    <dateChanged id="8">2018-08-15 19:54:52</dateChanged>
    <names class="set" id="9">
      <org.openmrs.ConceptName id="10" uuid="aa9e80ef-8c80-4adf-8aec-bb7a152d5153">
        <conceptNameId>36753</conceptNameId>
        <concept reference="2"/>
        <name>Mexico concept set</name>
        <locale id="11">en</locale>
        <creator/>
        <dateCreated id="12">2018-08-15 19:49:43</dateCreated>
        <voided>false</voided>
        <tags class="set" id="13"/>
        <conceptNameType>FULLY_SPECIFIED</conceptNameType>
        <localePreferred>true</localePreferred>
      </org.openmrs.ConceptName>
    </names>
    <answers class="set" id="14"/>
    <conceptSets class="set" id="15">
      <org.openmrs.ConceptSet id="16" uuid="e786fe32-ced9-42e3-962f-4396d3d06f72">
        <conceptSetId>8742</conceptSetId>
        <concept id="17" resolves-to="org.openmrs.Concept" uuid="f813d9fa-0842-4862-ae08-5ed30a068207">
          <conceptId>11724</conceptId>
          <retired>false</retired>
          <datatype id="18" resolves-to="org.openmrs.ConceptDatatype" uuid="8d4a48b6-c2cc-11de-8d13-0010c6dffd0f">
            <name>Coded</name>
            <description>Value determined by term dictionary lookup (i.e., term identifier)</description>
            <creator/>
            <dateCreated id="19">2004-02-02 05:00:00</dateCreated>
            <retired>false</retired>
            <conceptDatatypeId>2</conceptDatatypeId>
            <hl7Abbreviation>CWE</hl7Abbreviation>
          </datatype>
          <conceptClass id="20" resolves-to="org.openmrs.ConceptClass" uuid="8d491e50-c2cc-11de-8d13-0010c6dffd0f">
            <name>Question</name>
            <description>Question (eg, patient history, SF36 items)</description>
            <creator/>
            <dateCreated id="21">2015-07-01 17:25:50</dateCreated>
            <retired>false</retired>
            <conceptClassId>7</conceptClassId>
          </conceptClass>
          <set>false</set>
          <creator/>
          <dateCreated id="22">2018-08-15 19:53:44</dateCreated>
          <changedBy/>
          <dateChanged id="23">2018-08-15 19:54:17</dateChanged>
          <names class="set" id="24">
            <org.openmrs.ConceptName id="25" uuid="41d65327-311d-4295-81b2-e28270ae8bbb">
              <conceptNameId>36754</conceptNameId>
              <concept reference="17"/>
              <name>Medicamento de rescate &gt; 2 veces por semana</name>
              <locale id="26">es</locale>
              <creator/>
              <dateCreated id="27">2018-08-15 19:53:44</dateCreated>
              <voided>false</voided>
              <tags class="set" id="28"/>
              <conceptNameType>FULLY_SPECIFIED</conceptNameType>
              <localePreferred>true</localePreferred>
            </org.openmrs.ConceptName>
            <org.openmrs.ConceptName id="29" uuid="feb1c65c-10ae-46a1-86aa-205c57172cf1">
              <conceptNameId>36755</conceptNameId>
              <concept reference="17"/>
              <name>Medications more that twice per week</name>
              <locale id="30">en</locale>
              <creator/>
              <dateCreated id="31">2018-08-15 19:53:44</dateCreated>
              <voided>false</voided>
              <tags class="set" id="32"/>
              <conceptNameType>FULLY_SPECIFIED</conceptNameType>
              <localePreferred>true</localePreferred>
            </org.openmrs.ConceptName>
          </names>
          <answers class="set" id="33">
            <org.openmrs.ConceptAnswer id="34" uuid="86e316bf-e651-4453-914c-ade7de7f5a85">
              <conceptAnswerId>10400</conceptAnswerId>
              <concept reference="17"/>
              <answerConcept id="35" resolves-to="org.openmrs.Concept" uuid="3cd6f86c-26fe-102b-80cb-0017a47871b2">
                <conceptId>1066</conceptId>
                <retired>false</retired>
                <datatype reference="3"/>
                <conceptClass id="36" resolves-to="org.openmrs.ConceptClass" uuid="8d492774-c2cc-11de-8d13-0010c6dffd0f">
                  <name>Misc</name>
                  <description>Terms which don&apos;t fit other categories</description>
                  <creator/>
                  <dateCreated id="37">2015-07-01 17:25:50</dateCreated>
                  <retired>false</retired>
                  <conceptClassId>11</conceptClassId>
                </conceptClass>
                <set>false</set>
                <creator/>
                <dateCreated id="38">2015-04-22 14:28:45</dateCreated>
                <changedBy/>
                <dateChanged id="39">2017-07-08 00:09:43</dateChanged>
                <names class="set" id="40">
                  <org.openmrs.ConceptName id="41" uuid="139803BBBBBBBBBBBBBBBBBBBBBBBBBBBBBB">
                    <conceptNameId>32262</conceptNameId>
                    <concept reference="35"/>
                    <name>نہیں</name>
                    <locale id="42">ur</locale>
                    <creator/>
                    <dateCreated id="43">2016-08-16 11:48:25</dateCreated>
                    <voided>false</voided>
                    <tags class="set" id="44"/>
                    <conceptNameType>FULLY_SPECIFIED</conceptNameType>
                    <localePreferred>true</localePreferred>
                  </org.openmrs.ConceptName>
                  <org.openmrs.ConceptName id="45" uuid="3e151786-26fe-102b-80cb-0017a47871b2">
                    <conceptNameId>8310</conceptNameId>
                    <concept reference="35"/>
                    <name>No</name>
                    <locale id="46">en</locale>
                    <creator/>
                    <dateCreated id="47">2015-04-22 14:28:45</dateCreated>
                    <voided>false</voided>
                    <tags class="set" id="48"/>
                    <conceptNameType>FULLY_SPECIFIED</conceptNameType>
                    <localePreferred>true</localePreferred>
                  </org.openmrs.ConceptName>
                  <org.openmrs.ConceptName id="49" uuid="126360BBBBBBBBBBBBBBBBBBBBBBBBBBBBBB">
                    <conceptNameId>29715</conceptNameId>
                    <concept reference="35"/>
                    <name>Falso</name>
                    <locale id="50">it</locale>
                    <creator/>
                    <dateCreated id="51">2014-10-11 19:48:46</dateCreated>
                    <voided>false</voided>
                    <tags class="set" id="52"/>
                    <localePreferred>false</localePreferred>
                  </org.openmrs.ConceptName>
                  <org.openmrs.ConceptName id="53" uuid="108334BBBBBBBBBBBBBBBBBBBBBBBBBBBBBB">
                    <conceptNameId>29712</conceptNameId>
                    <concept reference="35"/>
                    <name>No</name>
                    <locale id="54">es</locale>
                    <creator/>
                    <dateCreated id="55">2012-03-04 23:58:47</dateCreated>
                    <voided>false</voided>
                    <tags class="set" id="56"/>
                    <conceptNameType>FULLY_SPECIFIED</conceptNameType>
                    <localePreferred>true</localePreferred>
                  </org.openmrs.ConceptName>
                  <org.openmrs.ConceptName id="57" uuid="111196BBBBBBBBBBBBBBBBBBBBBBBBBBBBBB">
                    <conceptNameId>29717</conceptNameId>
                    <concept reference="35"/>
                    <name>Нет</name>
                    <locale id="58">ru</locale>
                    <creator/>
                    <dateCreated id="59">2013-01-27 06:40:38</dateCreated>
                    <voided>false</voided>
                    <tags class="set" id="60"/>
                    <conceptNameType>FULLY_SPECIFIED</conceptNameType>
                    <localePreferred>true</localePreferred>
                  </org.openmrs.ConceptName>
                  <org.openmrs.ConceptName id="61" uuid="126357BBBBBBBBBBBBBBBBBBBBBBBBBBBBBB">
                    <conceptNameId>29709</conceptNameId>
                    <concept reference="35"/>
                    <name>Faux</name>
                    <locale id="62">fr</locale>
                    <creator/>
                    <dateCreated id="63">2014-10-11 19:48:46</dateCreated>
                    <voided>false</voided>
                    <tags class="set" id="64"/>
                    <localePreferred>false</localePreferred>
                  </org.openmrs.ConceptName>
                  <org.openmrs.ConceptName id="65" uuid="5bcc9a17-0a17-4075-84d4-f09882cfaa18">
                    <conceptNameId>17939</conceptNameId>
                    <concept reference="35"/>
                    <name>Non</name>
                    <locale id="66">ht</locale>
                    <creator/>
                    <dateCreated id="67">2015-04-22 14:28:45</dateCreated>
                    <voided>false</voided>
                    <tags class="set" id="68"/>
                    <conceptNameType>FULLY_SPECIFIED</conceptNameType>
                    <localePreferred>true</localePreferred>
                  </org.openmrs.ConceptName>
                  <org.openmrs.ConceptName id="69" uuid="106917BBBBBBBBBBBBBBBBBBBBBBBBBBBBBB">
                    <conceptNameId>29711</conceptNameId>
                    <concept reference="35"/>
                    <name>ኣይትጥቀምን</name>
                    <locale id="70">ti</locale>
                    <creator/>
                    <dateCreated id="71">2010-10-24 20:04:03</dateCreated>
                    <voided>false</voided>
                    <tags class="set" id="72"/>
                    <conceptNameType>FULLY_SPECIFIED</conceptNameType>
                    <localePreferred>true</localePreferred>
                  </org.openmrs.ConceptName>
                  <org.openmrs.ConceptName id="73" uuid="126358BBBBBBBBBBBBBBBBBBBBBBBBBBBBBB">
                    <conceptNameId>29718</conceptNameId>
                    <concept reference="35"/>
                    <name>Falso</name>
                    <locale id="74">es</locale>
                    <creator/>
                    <dateCreated id="75">2014-10-11 19:48:46</dateCreated>
                    <voided>false</voided>
                    <tags class="set" id="76"/>
                    <localePreferred>false</localePreferred>
                  </org.openmrs.ConceptName>
                  <org.openmrs.ConceptName id="77" uuid="743d14ca-dd31-4ed7-8bfb-b2e4c98a2609">
                    <conceptNameId>17940</conceptNameId>
                    <concept reference="35"/>
                    <name>Non</name>
                    <locale id="78">fr</locale>
                    <creator/>
                    <dateCreated id="79">2015-04-22 14:28:45</dateCreated>
                    <voided>false</voided>
                    <tags class="set" id="80"/>
                    <conceptNameType>FULLY_SPECIFIED</conceptNameType>
                    <localePreferred>true</localePreferred>
                  </org.openmrs.ConceptName>
                  <org.openmrs.ConceptName id="81" uuid="106308BBBBBBBBBBBBBBBBBBBBBBBBBBBBBB">
                    <conceptNameId>29713</conceptNameId>
                    <concept reference="35"/>
                    <name>Muzima</name>
                    <locale id="82">rw</locale>
                    <creator/>
                    <dateCreated id="83">2010-06-21 23:11:53</dateCreated>
                    <voided>false</voided>
                    <tags class="set" id="84"/>
                    <conceptNameType>FULLY_SPECIFIED</conceptNameType>
                    <localePreferred>true</localePreferred>
                  </org.openmrs.ConceptName>
                  <org.openmrs.ConceptName id="85" uuid="126362BBBBBBBBBBBBBBBBBBBBBBBBBBBBBB">
                    <conceptNameId>29716</conceptNameId>
                    <concept reference="35"/>
                    <name>Falso</name>
                    <locale id="86">pt</locale>
                    <creator/>
                    <dateCreated id="87">2014-10-11 19:48:46</dateCreated>
                    <voided>false</voided>
                    <tags class="set" id="88"/>
                    <localePreferred>false</localePreferred>
                  </org.openmrs.ConceptName>
                  <org.openmrs.ConceptName id="89" uuid="137334BBBBBBBBBBBBBBBBBBBBBBBBBBBBBB">
                    <conceptNameId>32261</conceptNameId>
                    <concept reference="35"/>
                    <name>Fo</name>
                    <locale id="90">ht</locale>
                    <creator/>
                    <dateCreated id="91">2016-07-10 05:49:06</dateCreated>
                    <voided>false</voided>
                    <tags class="set" id="92"/>
                    <localePreferred>false</localePreferred>
                  </org.openmrs.ConceptName>
                  <org.openmrs.ConceptName id="93" uuid="126359BBBBBBBBBBBBBBBBBBBBBBBBBBBBBB">
                    <conceptNameId>29710</conceptNameId>
                    <concept reference="35"/>
                    <name>No</name>
                    <locale id="94">it</locale>
                    <creator/>
                    <dateCreated id="95">2014-10-11 19:48:46</dateCreated>
                    <voided>false</voided>
                    <tags class="set" id="96"/>
                    <conceptNameType>FULLY_SPECIFIED</conceptNameType>
                    <localePreferred>true</localePreferred>
                  </org.openmrs.ConceptName>
                  <org.openmrs.ConceptName id="97" uuid="127333BBBBBBBBBBBBBBBBBBBBBBBBBBBBBB">
                    <conceptNameId>29714</conceptNameId>
                    <concept reference="35"/>
                    <name>না</name>
                    <locale id="98">bn</locale>
                    <creator/>
                    <dateCreated id="99">2015-04-24 21:18:07</dateCreated>
                    <voided>false</voided>
                    <tags class="set" id="100"/>
                    <conceptNameType>FULLY_SPECIFIED</conceptNameType>
                    <localePreferred>true</localePreferred>
                  </org.openmrs.ConceptName>
                  <org.openmrs.ConceptName id="101" uuid="126361BBBBBBBBBBBBBBBBBBBBBBBBBBBBBB">
                    <conceptNameId>29708</conceptNameId>
                    <concept reference="35"/>
                    <name>Não</name>
                    <locale id="102">pt</locale>
                    <creator/>
                    <dateCreated id="103">2014-10-11 19:48:46</dateCreated>
                    <voided>false</voided>
                    <tags class="set" id="104"/>
                    <conceptNameType>FULLY_SPECIFIED</conceptNameType>
                    <localePreferred>true</localePreferred>
                  </org.openmrs.ConceptName>
                  <org.openmrs.ConceptName id="105" uuid="126356BBBBBBBBBBBBBBBBBBBBBBBBBBBBBB">
                    <conceptNameId>29719</conceptNameId>
                    <concept reference="35"/>
                    <name>False</name>
                    <locale id="106">en</locale>
                    <creator/>
                    <dateCreated id="107">2014-10-11 19:48:46</dateCreated>
                    <voided>false</voided>
                    <tags class="set" id="108"/>
                    <localePreferred>false</localePreferred>
                  </org.openmrs.ConceptName>
                </names>
                <answers class="set" id="109"/>
                <conceptSets class="set" id="110"/>
                <descriptions class="set" id="111">
                  <org.openmrs.ConceptDescription id="112" uuid="18159FFFFFFFFFFFFFFFFFFFFFFFFFFFFFFF">
                    <conceptDescriptionId>7126</conceptDescriptionId>
                    <concept reference="35"/>
                    <description>کسی سوال کا عام جواب</description>
                    <locale id="113">ur</locale>
                    <creator/>
                    <dateCreated id="114">2016-08-16 11:48:25</dateCreated>
                  </org.openmrs.ConceptDescription>
                  <org.openmrs.ConceptDescription id="115" uuid="d07abafd-ea95-4edd-9c84-ee85592fc91f">
                    <conceptDescriptionId>1077</conceptDescriptionId>
                    <concept reference="35"/>
                    <description>Generic answer to question.</description>
                    <locale id="116">en</locale>
                    <creator/>
                    <dateCreated id="117">2015-04-22 14:28:45</dateCreated>
                    <changedBy/>
                    <dateChanged id="118">2015-04-22 14:28:45</dateChanged>
                  </org.openmrs.ConceptDescription>
                  <org.openmrs.ConceptDescription id="119" uuid="1069FFFFFFFFFFFFFFFFFFFFFFFFFFFFFFFF">
                    <conceptDescriptionId>6867</conceptDescriptionId>
                    <concept reference="35"/>
                    <description>Generic answer to a question.</description>
                    <locale id="120">en</locale>
                    <creator/>
                    <dateCreated id="121">2005-01-06 05:00:00</dateCreated>
                    <dateChanged id="122">2015-04-24 21:18:07</dateChanged>
                  </org.openmrs.ConceptDescription>
                </descriptions>
                <conceptMappings class="set" id="123">
                  <org.openmrs.ConceptMap id="124" uuid="aefacf53-8e8e-4ed0-9d32-cbd1d14c6639">
                    <conceptMapType id="125" resolves-to="org.openmrs.ConceptMapType" uuid="35543629-7d8c-11e1-909d-c80aa9edcf4e">
                      <name>SAME-AS</name>
                      <creator/>
                      <dateCreated id="126">2012-06-21 00:00:00</dateCreated>
                      <retired>false</retired>
                      <conceptMapTypeId>1</conceptMapTypeId>
                      <isHidden>false</isHidden>
                    </conceptMapType>
                    <creator/>
                    <changedBy/>
                    <dateCreated id="127">2015-04-22 14:28:45</dateCreated>
                    <dateChanged id="128">2015-04-22 14:28:45</dateChanged>
                    <conceptMapId>12989</conceptMapId>
                    <concept reference="35"/>
                    <conceptReferenceTerm id="129" resolves-to="org.openmrs.ConceptReferenceTerm" uuid="bfdf9e0c-a208-31e8-9df4-45eccc2ea9e7">
                      <creator/>
                      <dateCreated id="130">2011-07-22 00:00:00</dateCreated>
                      <retired>false</retired>
                      <conceptReferenceTermId>12989</conceptReferenceTermId>
                      <conceptSource id="131" resolves-to="org.openmrs.ConceptSource" uuid="fb9aaaf1-65e2-4c18-b53c-16b575f2f385">
                        <name>PIH</name>
                        <description>Partners In Health concept dictionary using concept ids and preferred English names</description>
                        <creator/>
                        <dateCreated id="132">2015-07-01 17:25:50</dateCreated>
                        <retired>false</retired>
                        <conceptSourceId>5</conceptSourceId>
                      </conceptSource>
                      <code>NO</code>
                      <conceptReferenceTermMaps id="133"/>
                    </conceptReferenceTerm>
                  </org.openmrs.ConceptMap>
                  <org.openmrs.ConceptMap id="134" uuid="144379ABBBBBBBBBBBBBBBBBBBBBBBBBBBBB">
                    <conceptMapType reference="125"/>
                    <creator/>
                    <dateCreated id="135">2012-06-03 21:57:05</dateCreated>
                    <conceptMapId>27572</conceptMapId>
                    <concept reference="35"/>
                    <conceptReferenceTerm id="136" resolves-to="org.openmrs.ConceptReferenceTerm" uuid="170e452e-c092-32c9-b974-23f0bca960bd">
                      <creator/>
                      <dateCreated id="137">2012-06-03 04:00:00</dateCreated>
                      <retired>false</retired>
                      <conceptReferenceTermId>26889</conceptReferenceTermId>
                      <conceptSource id="138" resolves-to="org.openmrs.ConceptSource" uuid="12ADDDDDDDDDDDDDDDDDDDDDDDDDDDDDDDDD">
                        <name>PIH Malawi</name>
                        <description>Partners in Health Malawi concept dictionary</description>
                        <creator/>
                        <dateCreated id="139">2015-07-01 17:25:50</dateCreated>
                        <retired>false</retired>
                        <conceptSourceId>24</conceptSourceId>
                      </conceptSource>
                      <code>1066</code>
                      <conceptReferenceTermMaps id="140"/>
                    </conceptReferenceTerm>
                  </org.openmrs.ConceptMap>
                  <org.openmrs.ConceptMap id="141" uuid="134738ABBBBBBBBBBBBBBBBBBBBBBBBBBBBB">
                    <conceptMapType reference="125"/>
                    <creator/>
                    <dateCreated id="142">2010-10-24 17:09:59</dateCreated>
                    <conceptMapId>27571</conceptMapId>
                    <concept reference="35"/>
                    <conceptReferenceTerm id="143" resolves-to="org.openmrs.ConceptReferenceTerm" uuid="f2531812-ebad-3a19-bf74-9b35025659e5">
                      <creator/>
                      <dateCreated id="144">2010-10-24 04:00:00</dateCreated>
                      <retired>false</retired>
                      <conceptReferenceTermId>26888</conceptReferenceTermId>
                      <conceptSource id="145" resolves-to="org.openmrs.ConceptSource" uuid="13ADDDDDDDDDDDDDDDDDDDDDDDDDDDDDDDDD">
                        <name>AMPATH</name>
                        <description>AMPATH concept dictionary</description>
                        <creator/>
                        <dateCreated id="146">2015-07-01 17:25:50</dateCreated>
                        <retired>false</retired>
                        <conceptSourceId>10</conceptSourceId>
                      </conceptSource>
                      <code>1066</code>
                      <conceptReferenceTermMaps id="147"/>
                    </conceptReferenceTerm>
                  </org.openmrs.ConceptMap>
                  <org.openmrs.ConceptMap id="148" uuid="87458183-630e-4235-aeec-696077464d49">
                    <conceptMapType reference="125"/>
                    <creator/>
                    <dateCreated id="149">2017-03-04 21:45:32</dateCreated>
                    <conceptMapId>27085</conceptMapId>
                    <concept reference="35"/>
                    <conceptReferenceTerm id="150" resolves-to="org.openmrs.ConceptReferenceTerm" uuid="70e47483-b669-4195-a33a-dc968d2af4af">
                      <creator/>
                      <dateCreated id="151">2017-03-04 21:44:34</dateCreated>
                      <retired>false</retired>
                      <conceptReferenceTermId>26242</conceptReferenceTermId>
                      <conceptSource id="152" resolves-to="org.openmrs.ConceptSource" uuid="21ADDDDDDDDDDDDDDDDDDDDDDDDDDDDDDDDD">
                        <name>CIEL</name>
                        <description>Columbia International eHealth Laboratory concept ID</description>
                        <creator/>
                        <dateCreated id="153">2015-07-01 17:25:50</dateCreated>
                        <retired>false</retired>
                        <conceptSourceId>29</conceptSourceId>
                      </conceptSource>
                      <code>1066</code>
                      <conceptReferenceTermMaps id="154"/>
                    </conceptReferenceTerm>
                  </org.openmrs.ConceptMap>
                  <org.openmrs.ConceptMap id="155" uuid="b20d12bc-4864-102e-96e9-000c29c2a5d7">
                    <conceptMapType reference="125"/>
                    <creator/>
                    <changedBy/>
                    <dateCreated id="156">2015-04-22 14:28:45</dateCreated>
                    <dateChanged id="157">2015-04-22 14:28:45</dateChanged>
                    <conceptMapId>1068</conceptMapId>
                    <concept reference="35"/>
                    <conceptReferenceTerm id="158" resolves-to="org.openmrs.ConceptReferenceTerm" uuid="733a28fa-d244-3248-b654-09ffb442e6f2">
                      <creator/>
                      <dateCreated id="159">2010-11-23 00:00:00</dateCreated>
                      <retired>false</retired>
                      <conceptReferenceTermId>1068</conceptReferenceTermId>
                      <conceptSource reference="131"/>
                      <code>1066</code>
                      <conceptReferenceTermMaps id="160"/>
                    </conceptReferenceTerm>
                  </org.openmrs.ConceptMap>
                  <org.openmrs.ConceptMap id="161" uuid="133841ABBBBBBBBBBBBBBBBBBBBBBBBBBBBB">
                    <conceptMapType reference="125"/>
                    <creator/>
                    <dateCreated id="162">2010-10-01 23:13:10</dateCreated>
                    <conceptMapId>25515</conceptMapId>
                    <concept reference="35"/>
                    <conceptReferenceTerm id="163" resolves-to="org.openmrs.ConceptReferenceTerm" uuid="beaa27cb-dacc-3334-b7c4-9f230f2dd231">
                      <creator/>
                      <dateCreated id="164">2010-10-01 04:00:00</dateCreated>
                      <retired>false</retired>
                      <conceptReferenceTermId>24857</conceptReferenceTermId>
                      <conceptSource id="165" resolves-to="org.openmrs.ConceptSource" uuid="1ADDDDDDDDDDDDDDDDDDDDDDDDDDDDDDDDDD">
                        <name>SNOMED CT</name>
                        <description>SNOMED Preferred mapping</description>
                        <creator/>
                        <dateCreated id="166">2015-07-01 17:25:50</dateCreated>
                        <retired>false</retired>
                        <conceptSourceId>6</conceptSourceId>
                        <hl7Code>SCT</hl7Code>
                      </conceptSource>
                      <code>373067005</code>
                      <conceptReferenceTermMaps id="167"/>
                    </conceptReferenceTerm>
                  </org.openmrs.ConceptMap>
                </conceptMappings>
                <attributes id="168"/>
              </answerConcept>
              <creator/>
              <dateCreated id="169">2018-08-15 19:53:44</dateCreated>
              <sortWeight>2.0</sortWeight>
            </org.openmrs.ConceptAnswer>
            <org.openmrs.ConceptAnswer id="170" uuid="24f40851-a0d3-4a89-ab4b-feeb40814813">
              <conceptAnswerId>10401</conceptAnswerId>
              <concept reference="17"/>
              <answerConcept id="171" resolves-to="org.openmrs.Concept" uuid="3cd6f600-26fe-102b-80cb-0017a47871b2">
                <conceptId>1065</conceptId>
                <retired>false</retired>
                <datatype reference="3"/>
                <conceptClass reference="36"/>
                <set>false</set>
                <creator/>
                <dateCreated id="172">2015-04-22 14:28:44</dateCreated>
                <changedBy/>
                <dateChanged id="173">2017-07-08 00:09:43</dateChanged>
                <names class="set" id="174">
                  <org.openmrs.ConceptName id="175" uuid="127332BBBBBBBBBBBBBBBBBBBBBBBBBBBBBB">
                    <conceptNameId>29699</conceptNameId>
                    <concept reference="171"/>
                    <name>হ্যাঁ</name>
                    <locale id="176">bn</locale>
                    <creator/>
                    <dateCreated id="177">2015-04-24 21:17:40</dateCreated>
                    <voided>false</voided>
                    <tags class="set" id="178"/>
                    <conceptNameType>FULLY_SPECIFIED</conceptNameType>
                    <localePreferred>true</localePreferred>
                  </org.openmrs.ConceptName>
                  <org.openmrs.ConceptName id="179" uuid="126316BBBBBBBBBBBBBBBBBBBBBBBBBBBBBB">
                    <conceptNameId>29696</conceptNameId>
                    <concept reference="171"/>
                    <name>Sì</name>
                    <locale id="180">it</locale>
                    <creator/>
                    <dateCreated id="181">2014-10-07 22:39:17</dateCreated>
                    <voided>false</voided>
                    <tags class="set" id="182"/>
                    <conceptNameType>FULLY_SPECIFIED</conceptNameType>
                    <localePreferred>true</localePreferred>
                  </org.openmrs.ConceptName>
                  <org.openmrs.ConceptName id="183" uuid="106307BBBBBBBBBBBBBBBBBBBBBBBBBBBBBB">
                    <conceptNameId>29693</conceptNameId>
                    <concept reference="171"/>
                    <name>Yego</name>
                    <locale id="184">rw</locale>
                    <creator/>
                    <dateCreated id="185">2010-06-21 23:11:26</dateCreated>
                    <voided>false</voided>
                    <tags class="set" id="186"/>
                    <conceptNameType>FULLY_SPECIFIED</conceptNameType>
                    <localePreferred>true</localePreferred>
                  </org.openmrs.ConceptName>
                  <org.openmrs.ConceptName id="187" uuid="126313BBBBBBBBBBBBBBBBBBBBBBBBBBBBBB">
                    <conceptNameId>29692</conceptNameId>
                    <concept reference="171"/>
                    <name>True</name>
                    <locale id="188">en</locale>
                    <creator/>
                    <dateCreated id="189">2014-10-07 22:36:00</dateCreated>
                    <voided>false</voided>
                    <tags class="set" id="190"/>
                    <localePreferred>false</localePreferred>
                  </org.openmrs.ConceptName>
                  <org.openmrs.ConceptName id="191" uuid="3e15161e-26fe-102b-80cb-0017a47871b2">
                    <conceptNameId>1102</conceptNameId>
                    <concept reference="171"/>
                    <name>Yes</name>
                    <locale id="192">en</locale>
                    <creator/>
                    <dateCreated id="193">2015-04-22 14:28:44</dateCreated>
                    <voided>false</voided>
                    <tags class="set" id="194"/>
                    <conceptNameType>FULLY_SPECIFIED</conceptNameType>
                    <localePreferred>true</localePreferred>
                  </org.openmrs.ConceptName>
                  <org.openmrs.ConceptName id="195" uuid="137332BBBBBBBBBBBBBBBBBBBBBBBBBBBBBB">
                    <conceptNameId>32263</conceptNameId>
                    <concept reference="171"/>
                    <name>Vre</name>
                    <locale id="196">ht</locale>
                    <creator/>
                    <dateCreated id="197">2016-07-10 05:47:58</dateCreated>
                    <voided>false</voided>
                    <tags class="set" id="198"/>
                    <localePreferred>false</localePreferred>
                  </org.openmrs.ConceptName>
                  <org.openmrs.ConceptName id="199" uuid="126317BBBBBBBBBBBBBBBBBBBBBBBBBBBBBB">
                    <conceptNameId>29698</conceptNameId>
                    <concept reference="171"/>
                    <name>Vero</name>
                    <locale id="200">it</locale>
                    <creator/>
                    <dateCreated id="201">2014-10-07 22:39:17</dateCreated>
                    <voided>false</voided>
                    <tags class="set" id="202"/>
                    <localePreferred>false</localePreferred>
                  </org.openmrs.ConceptName>
                  <org.openmrs.ConceptName id="203" uuid="108333BBBBBBBBBBBBBBBBBBBBBBBBBBBBBB">
                    <conceptNameId>29700</conceptNameId>
                    <concept reference="171"/>
                    <name>Sí</name>
                    <locale id="204">es</locale>
                    <creator/>
                    <dateCreated id="205">2012-03-04 23:58:29</dateCreated>
                    <voided>false</voided>
                    <tags class="set" id="206"/>
                    <conceptNameType>FULLY_SPECIFIED</conceptNameType>
                    <localePreferred>true</localePreferred>
                  </org.openmrs.ConceptName>
                  <org.openmrs.ConceptName id="207" uuid="126314BBBBBBBBBBBBBBBBBBBBBBBBBBBBBB">
                    <conceptNameId>29695</conceptNameId>
                    <concept reference="171"/>
                    <name>Vrai</name>
                    <locale id="208">fr</locale>
                    <creator/>
                    <dateCreated id="209">2014-10-07 22:39:17</dateCreated>
                    <voided>false</voided>
                    <tags class="set" id="210"/>
                    <localePreferred>false</localePreferred>
                  </org.openmrs.ConceptName>
                  <org.openmrs.ConceptName id="211" uuid="111198BBBBBBBBBBBBBBBBBBBBBBBBBBBBBB">
                    <conceptNameId>29697</conceptNameId>
                    <concept reference="171"/>
                    <name>Да</name>
                    <locale id="212">ru</locale>
                    <creator/>
                    <dateCreated id="213">2013-01-27 06:41:22</dateCreated>
                    <voided>false</voided>
                    <tags class="set" id="214"/>
                    <conceptNameType>FULLY_SPECIFIED</conceptNameType>
                    <localePreferred>true</localePreferred>
                  </org.openmrs.ConceptName>
                  <org.openmrs.ConceptName id="215" uuid="0b931af0-15f5-102d-96e4-000c29c2a5d7">
                    <conceptNameId>9147</conceptNameId>
                    <concept reference="171"/>
                    <name>Oui</name>
                    <locale id="216">fr</locale>
                    <creator/>
                    <dateCreated id="217">2015-04-22 14:28:44</dateCreated>
                    <voided>false</voided>
                    <tags class="set" id="218"/>
                    <conceptNameType>FULLY_SPECIFIED</conceptNameType>
                    <localePreferred>true</localePreferred>
                  </org.openmrs.ConceptName>
                  <org.openmrs.ConceptName id="219" uuid="126315BBBBBBBBBBBBBBBBBBBBBBBBBBBBBB">
                    <conceptNameId>29691</conceptNameId>
                    <concept reference="171"/>
                    <name>Verdadero</name>
                    <locale id="220">es</locale>
                    <creator/>
                    <dateCreated id="221">2014-10-07 22:39:17</dateCreated>
                    <voided>false</voided>
                    <tags class="set" id="222"/>
                    <localePreferred>false</localePreferred>
                  </org.openmrs.ConceptName>
                  <org.openmrs.ConceptName id="223" uuid="126318BBBBBBBBBBBBBBBBBBBBBBBBBBBBBB">
                    <conceptNameId>29689</conceptNameId>
                    <concept reference="171"/>
                    <name>Sim</name>
                    <locale id="224">pt</locale>
                    <creator/>
                    <dateCreated id="225">2014-10-07 22:39:17</dateCreated>
                    <voided>false</voided>
                    <tags class="set" id="226"/>
                    <conceptNameType>FULLY_SPECIFIED</conceptNameType>
                    <localePreferred>true</localePreferred>
                  </org.openmrs.ConceptName>
                  <org.openmrs.ConceptName id="227" uuid="139802BBBBBBBBBBBBBBBBBBBBBBBBBBBBBB">
                    <conceptNameId>32264</conceptNameId>
                    <concept reference="171"/>
                    <name>ہاں</name>
                    <locale id="228">ur</locale>
                    <creator/>
                    <dateCreated id="229">2016-08-16 11:47:47</dateCreated>
                    <voided>false</voided>
                    <tags class="set" id="230"/>
                    <conceptNameType>FULLY_SPECIFIED</conceptNameType>
                    <localePreferred>true</localePreferred>
                  </org.openmrs.ConceptName>
                  <org.openmrs.ConceptName id="231" uuid="541f1720-0abe-49dd-b4f6-7de87ce05917">
                    <conceptNameId>17941</conceptNameId>
                    <concept reference="171"/>
                    <name>Wi</name>
                    <locale id="232">ht</locale>
                    <creator/>
                    <dateCreated id="233">2015-04-22 14:28:44</dateCreated>
                    <voided>false</voided>
                    <tags class="set" id="234"/>
                    <conceptNameType>FULLY_SPECIFIED</conceptNameType>
                    <localePreferred>true</localePreferred>
                  </org.openmrs.ConceptName>
                  <org.openmrs.ConceptName id="235" uuid="126319BBBBBBBBBBBBBBBBBBBBBBBBBBBBBB">
                    <conceptNameId>29694</conceptNameId>
                    <concept reference="171"/>
                    <name>Verdadeiro</name>
                    <locale id="236">pt</locale>
                    <creator/>
                    <dateCreated id="237">2014-10-07 22:39:17</dateCreated>
                    <voided>false</voided>
                    <tags class="set" id="238"/>
                    <localePreferred>false</localePreferred>
                  </org.openmrs.ConceptName>
                  <org.openmrs.ConceptName id="239" uuid="106919BBBBBBBBBBBBBBBBBBBBBBBBBBBBBB">
                    <conceptNameId>29690</conceptNameId>
                    <concept reference="171"/>
                    <name>እወ</name>
                    <locale id="240">ti</locale>
                    <creator/>
                    <dateCreated id="241">2010-10-24 20:04:37</dateCreated>
                    <voided>false</voided>
                    <tags class="set" id="242"/>
                    <conceptNameType>FULLY_SPECIFIED</conceptNameType>
                    <localePreferred>true</localePreferred>
                  </org.openmrs.ConceptName>
                </names>
                <answers class="set" id="243"/>
                <conceptSets class="set" id="244"/>
                <descriptions class="set" id="245">
                  <org.openmrs.ConceptDescription id="246" uuid="1068FFFFFFFFFFFFFFFFFFFFFFFFFFFFFFFF">
                    <conceptDescriptionId>6865</conceptDescriptionId>
                    <concept reference="171"/>
                    <description>Generic answer to a question.</description>
                    <locale id="247">en</locale>
                    <creator/>
                    <dateCreated id="248">2005-01-06 05:00:00</dateCreated>
                    <dateChanged id="249">2015-04-24 21:17:40</dateChanged>
                  </org.openmrs.ConceptDescription>
                  <org.openmrs.ConceptDescription id="250" uuid="ece437ba-07fe-102c-b5fa-0017a47871b2">
                    <conceptDescriptionId>1076</conceptDescriptionId>
                    <concept reference="171"/>
                    <description>Generic answer to a question.</description>
                    <locale id="251">en</locale>
                    <creator/>
                    <dateCreated id="252">2015-04-22 14:28:44</dateCreated>
                    <changedBy/>
                    <dateChanged id="253">2015-04-22 14:28:44</dateChanged>
                  </org.openmrs.ConceptDescription>
                  <org.openmrs.ConceptDescription id="254" uuid="18158FFFFFFFFFFFFFFFFFFFFFFFFFFFFFFF">
                    <conceptDescriptionId>7125</conceptDescriptionId>
                    <concept reference="171"/>
                    <description>کسی سوال کا عام جواب</description>
                    <locale id="255">ur</locale>
                    <creator/>
                    <dateCreated id="256">2016-08-16 11:47:47</dateCreated>
                  </org.openmrs.ConceptDescription>
                </descriptions>
                <conceptMappings class="set" id="257">
                  <org.openmrs.ConceptMap id="258" uuid="b20d114a-4864-102e-96e9-000c29c2a5d7">
                    <conceptMapType reference="125"/>
                    <creator/>
                    <changedBy/>
                    <dateCreated id="259">2015-04-22 14:28:44</dateCreated>
                    <dateChanged id="260">2015-04-22 14:28:44</dateChanged>
                    <conceptMapId>1067</conceptMapId>
                    <concept reference="171"/>
                    <conceptReferenceTerm id="261" resolves-to="org.openmrs.ConceptReferenceTerm" uuid="bbb5c16f-f127-32a4-97d5-7d7bed12bfd4">
                      <creator/>
                      <dateCreated id="262">2010-11-23 00:00:00</dateCreated>
                      <retired>false</retired>
                      <conceptReferenceTermId>1067</conceptReferenceTermId>
                      <conceptSource reference="131"/>
                      <code>1065</code>
                      <conceptReferenceTermMaps id="263"/>
                    </conceptReferenceTerm>
                  </org.openmrs.ConceptMap>
                  <org.openmrs.ConceptMap id="264" uuid="133840ABBBBBBBBBBBBBBBBBBBBBBBBBBBBB">
                    <conceptMapType reference="125"/>
                    <creator/>
                    <dateCreated id="265">2010-10-01 23:11:47</dateCreated>
                    <conceptMapId>25513</conceptMapId>
                    <concept reference="171"/>
                    <conceptReferenceTerm id="266" resolves-to="org.openmrs.ConceptReferenceTerm" uuid="d2d5f591-c1b5-308e-bbbb-2fb6dee0d2b2">
                      <creator/>
                      <dateCreated id="267">2010-10-01 04:00:00</dateCreated>
                      <retired>false</retired>
                      <conceptReferenceTermId>24855</conceptReferenceTermId>
                      <conceptSource reference="165"/>
                      <code>373066001</code>
                      <conceptReferenceTermMaps id="268"/>
                    </conceptReferenceTerm>
                  </org.openmrs.ConceptMap>
                  <org.openmrs.ConceptMap id="269" uuid="7568887a-4943-102e-96e9-000c29c2a5d7">
                    <conceptMapType reference="125"/>
                    <creator/>
                    <changedBy/>
                    <dateCreated id="270">2015-04-22 14:28:44</dateCreated>
                    <dateChanged id="271">2015-04-22 14:28:44</dateChanged>
                    <conceptMapId>6958</conceptMapId>
                    <concept reference="171"/>
                    <conceptReferenceTerm id="272" resolves-to="org.openmrs.ConceptReferenceTerm" uuid="43c590f7-f85f-376f-9083-d189b74ed37c">
                      <creator/>
                      <dateCreated id="273">2010-11-24 00:00:00</dateCreated>
                      <retired>false</retired>
                      <conceptReferenceTermId>6958</conceptReferenceTermId>
                      <conceptSource reference="131"/>
                      <code>YES</code>
                      <conceptReferenceTermMaps id="274"/>
                    </conceptReferenceTerm>
                  </org.openmrs.ConceptMap>
                  <org.openmrs.ConceptMap id="275" uuid="4c5c3b67-8cc9-4d59-9b8e-8c910e44d8a3">
                    <conceptMapType reference="125"/>
                    <creator/>
                    <dateCreated id="276">2017-03-04 21:45:04</dateCreated>
                    <conceptMapId>27084</conceptMapId>
                    <concept reference="171"/>
                    <conceptReferenceTerm id="277" resolves-to="org.openmrs.ConceptReferenceTerm" uuid="7df22b69-9a03-49e8-aa0a-063e61e1f9a5">
                      <creator/>
                      <dateCreated id="278">2017-03-04 21:44:26</dateCreated>
                      <retired>false</retired>
                      <conceptReferenceTermId>26241</conceptReferenceTermId>
                      <conceptSource reference="152"/>
                      <code>1065</code>
                      <conceptReferenceTermMaps id="279"/>
                    </conceptReferenceTerm>
                  </org.openmrs.ConceptMap>
                  <org.openmrs.ConceptMap id="280" uuid="144378ABBBBBBBBBBBBBBBBBBBBBBBBBBBBB">
                    <conceptMapType reference="125"/>
                    <creator/>
                    <dateCreated id="281">2012-06-03 21:56:11</dateCreated>
                    <conceptMapId>27570</conceptMapId>
                    <concept reference="171"/>
                    <conceptReferenceTerm id="282" resolves-to="org.openmrs.ConceptReferenceTerm" uuid="0a25554e-8e73-3431-a111-837291cbc771">
                      <creator/>
                      <dateCreated id="283">2012-06-03 04:00:00</dateCreated>
                      <retired>false</retired>
                      <conceptReferenceTermId>26891</conceptReferenceTermId>
                      <conceptSource reference="138"/>
                      <code>1065</code>
                      <conceptReferenceTermMaps id="284"/>
                    </conceptReferenceTerm>
                  </org.openmrs.ConceptMap>
                  <org.openmrs.ConceptMap id="285" uuid="134737ABBBBBBBBBBBBBBBBBBBBBBBBBBBBB">
                    <conceptMapType reference="125"/>
                    <creator/>
                    <dateCreated id="286">2010-10-24 17:09:59</dateCreated>
                    <conceptMapId>27569</conceptMapId>
                    <concept reference="171"/>
                    <conceptReferenceTerm id="287" resolves-to="org.openmrs.ConceptReferenceTerm" uuid="85fd20aa-8f0e-33c6-8d26-87087144d1f0">
                      <creator/>
                      <dateCreated id="288">2010-10-24 04:00:00</dateCreated>
                      <retired>false</retired>
                      <conceptReferenceTermId>26890</conceptReferenceTermId>
                      <conceptSource reference="145"/>
                      <code>1065</code>
                      <conceptReferenceTermMaps id="289"/>
                    </conceptReferenceTerm>
                  </org.openmrs.ConceptMap>
                </conceptMappings>
                <attributes id="290"/>
              </answerConcept>
              <creator/>
              <dateCreated id="291">2018-08-15 19:53:44</dateCreated>
              <sortWeight>1.0</sortWeight>
            </org.openmrs.ConceptAnswer>
          </answers>
          <conceptSets class="set" id="292"/>
          <descriptions class="set" id="293"/>
          <conceptMappings class="set" id="294">
            <org.openmrs.ConceptMap id="295" uuid="afb177b6-e309-418f-aca5-c0f9b1e4f787">
              <conceptMapType reference="125"/>
              <creator/>
              <dateCreated id="296">2018-08-15 19:54:17</dateCreated>
              <conceptMapId>30591</conceptMapId>
              <concept reference="17"/>
              <conceptReferenceTerm id="297" resolves-to="org.openmrs.ConceptReferenceTerm" uuid="2652ae09-8b1f-4a70-82aa-84f1b783f621">
                <creator/>
                <dateCreated id="298">2018-08-15 19:54:07</dateCreated>
                <retired>false</retired>
                <conceptReferenceTermId>29966</conceptReferenceTermId>
                <conceptSource reference="131"/>
                <code>11724</code>
                <conceptReferenceTermMaps id="299"/>
              </conceptReferenceTerm>
            </org.openmrs.ConceptMap>
          </conceptMappings>
          <attributes id="300"/>
        </concept>
        <conceptSet reference="2"/>
        <sortWeight>0.0</sortWeight>
        <creator/>
        <dateCreated id="301">2018-08-15 19:54:52</dateCreated>
      </org.openmrs.ConceptSet>
    </conceptSets>
    <descriptions class="set" id="302">
      <org.openmrs.ConceptDescription id="303" uuid="1f875d22-7d6f-4b0a-9774-77a7c2cb0106">
        <conceptDescriptionId>7654</conceptDescriptionId>
        <concept reference="2"/>
        <description>Concepts for the PIH Mexico project in Chiapas except not including the diagnoses.</description>
        <locale id="304">en</locale>
        <creator/>
        <dateCreated id="305">2018-08-15 19:49:43</dateCreated>
      </org.openmrs.ConceptDescription>
    </descriptions>
    <conceptMappings class="set" id="306">
      <org.openmrs.ConceptMap id="307" uuid="335d7c59-0483-498c-b716-fdc31b09305d">
        <conceptMapType reference="125"/>
        <creator/>
        <dateCreated id="308">2018-08-15 19:50:14</dateCreated>
        <conceptMapId>30590</conceptMapId>
        <concept reference="2"/>
        <conceptReferenceTerm id="309" resolves-to="org.openmrs.ConceptReferenceTerm" uuid="aa3e9a80-d1f9-4dfa-aabd-7d34115e2e9e">
          <creator/>
          <dateCreated id="310">2018-08-15 19:50:04</dateCreated>
          <retired>false</retired>
          <conceptReferenceTermId>29965</conceptReferenceTermId>
          <conceptSource reference="131"/>
          <code>11723</code>
          <conceptReferenceTermMaps id="311"/>
        </conceptReferenceTerm>
      </org.openmrs.ConceptMap>
    </conceptMappings>
    <attributes id="312"/>
  </org.openmrs.Concept>
</list>
