<?xml version="1.0" encoding="UTF-8"?>
<list id="1">
  <org.openmrs.Role id="2" uuid="2170e9bf-6d30-4ad9-9319-a454bf32dbf9">
    <description>Gives access to only the archives app</description>
    <retired>false</retired>
    <role>Application Role: archivistAide</role>
    <privileges id="3">
      <org.openmrs.Privilege id="4" uuid="24fb3877-c07e-436f-8005-ce7a81245fcd">
        <description>Run the Archives Room app</description>
        <retired>false</retired>
        <privilege>App: emr.archivesRoom</privilege>
      </org.openmrs.Privilege>
    </privileges>
    <inheritedRoles id="5"/>
    <childRoles id="6"/>
  </org.openmrs.Role>
  <org.openmrs.Role id="7" uuid="5da08e21-efd6-497c-9ef5-d50d7e33a63a">
    <description>pharmacist</description>
    <retired>false</retired>
    <role>Application Role: pharmacist</role>
    <privileges id="8">
      <org.openmrs.Privilege id="9" uuid="cc9bcfd5-2bc8-489f-85a7-fbd65e5a8293">
        <description>Ability to dispense medicine.</description>
        <retired>false</retired>
        <privilege>Task: mirebalais.dispensing</privilege>
      </org.openmrs.Privilege>
      <org.openmrs.Privilege id="10" uuid="11169039-8b0a-489d-a11a-eade77c20eb6">
        <description>Access the Mirebalais Check-In app</description>
        <retired>false</retired>
        <privilege>App: mirebalais.checkin</privilege>
      </org.openmrs.Privilege>
      <org.openmrs.Privilege id="11" uuid="769a12c2-6ff0-42ba-888e-52e66ed16fb7">
        <description>Access to dispensing medication app.</description>
        <retired>false</retired>
        <privilege>App: dispensing.app.dispense</privilege>
      </org.openmrs.Privilege>
    </privileges>
    <inheritedRoles id="12"/>
    <childRoles id="13"/>
  </org.openmrs.Role>
  <org.openmrs.Role id="14" uuid="7b82b7ff-6da7-4be2-adb3-44e000f95895">
    <description>Gives user the ability to view appointment schedules (but not to modify them)</description>
    <retired>false</retired>
    <role>Application Role: scheduleViewer</role>
    <privileges id="15">
      <org.openmrs.Privilege id="16" uuid="3374c9b7-b6e5-4803-b9bd-596ab45439e5">
        <description>Access to Manage Appointments and Daily Scheduled Appointments (but not the ability to book appointments from these pages)</description>
        <retired>false</retired>
        <privilege>App: appointmentschedulingui.viewAppointments</privilege>
      </org.openmrs.Privilege>
    </privileges>
    <inheritedRoles id="17"/>
    <childRoles id="18"/>
  </org.openmrs.Role>
  <org.openmrs.Role id="19" uuid="d711c948-2d9b-4700-9c80-c32ec6a8ddeb">
    <description>Gives user access to the Start a clinic visit app</description>
    <retired>false</retired>
    <role>Application Role: checkIn</role>
    <privileges id="20">
      <org.openmrs.Privilege reference="10"/>
    </privileges>
    <inheritedRoles id="21"/>
    <childRoles id="22"/>
  </org.openmrs.Role>
  <org.openmrs.Role id="23" uuid="3672ebe7-ed59-461f-a662-5ae3cd2e46ac">
    <description>Application Role: radiology</description>
    <retired>false</retired>
    <role>Application Role: radiology</role>
    <privileges id="24">
      <org.openmrs.Privilege id="25" uuid="c39f681c-fee7-44d0-b764-59e4e8aec854">
        <description>Run the Edit a patient app</description>
        <retired>false</retired>
        <privilege>App: patientregistration.edit</privilege>
      </org.openmrs.Privilege>
      <org.openmrs.Privilege id="26" uuid="90ba15be-842d-4d11-969d-773958ec0ded">
        <description>Privilege to order an ultrasound exam</description>
        <retired>false</retired>
        <privilege>Task: org.openmrs.module.radiologyapp.orderUS</privilege>
      </org.openmrs.Privilege>
      <org.openmrs.Privilege id="27" uuid="60ce8766-57cc-4e4f-8356-6bbe3f56f980">
        <description>Right to view the Impatient app (which provides a list of patients currently admitted in the hospital)</description>
        <retired>false</retired>
        <privilege>App: emr.inpatients</privilege>
      </org.openmrs.Privilege>
      <org.openmrs.Privilege id="28" uuid="91d80e71-3ad7-4bc2-8bef-c6378e1b2b70">
        <description>Request that a patient&apos;s paper chart be pulled from central archives</description>
        <retired>false</retired>
        <privilege>Task: emr.requestPaperRecord</privilege>
      </org.openmrs.Privilege>
      <org.openmrs.Privilege id="29" uuid="182974df-c322-4f13-a14e-a341a1fb3619">
        <description>Rights to order a CT Scan via the radiology app</description>
        <retired>false</retired>
        <privilege>Task: org.openmrs.module.radiologyapp.orderCT</privilege>
      </org.openmrs.Privilege>
      <org.openmrs.Privilege id="30" uuid="b5a20e50-6951-4eb8-92e3-d6011efc3b97">
        <description>Rights to order an x-ray via the x-ray app</description>
        <retired>false</retired>
        <privilege>Task: org.openmrs.module.radiologyapp.orderXray</privilege>
      </org.openmrs.Privilege>
      <org.openmrs.Privilege id="31" uuid="932244c9-29d1-43f2-8867-3fe312556053">
        <description>Privilege to use the &quot;Active Visits&quot; app</description>
        <retired>false</retired>
        <privilege>App: org.openmrs.module.coreapps.activeVisits</privilege>
      </org.openmrs.Privilege>
      <org.openmrs.Privilege id="32" uuid="ff003c75-d0a6-4fa8-b089-c8698b50131b">
        <description>Access the emr.printLabels task</description>
        <retired>false</retired>
        <privilege>Task: emr.printLabels</privilege>
      </org.openmrs.Privilege>
      <org.openmrs.Privilege id="33" uuid="ec6fcf8e-e4b7-4c69-8ca0-97cf2796315e">
        <description>Rights to start a visit from the patient dashboard</description>
        <retired>false</retired>
        <privilege>Task: coreapps.createVisit</privilege>
      </org.openmrs.Privilege>
      <org.openmrs.Privilege id="34" uuid="a4bb96b4-b3cb-4e3c-9251-a7c0ca173035">
        <description>Use the &quot;Reports&quot; app provided by the reportingui module</description>
        <retired>false</retired>
        <privilege>App: reportingui.reports</privilege>
      </org.openmrs.Privilege>
      <org.openmrs.Privilege id="35" uuid="15b126ce-9657-421f-a5be-19cea5573d3b">
        <description>Ability to view the Radiology tab for patient</description>
        <retired>false</retired>
        <privilege>Task: org.openmrs.module.radiologyapp.tab</privilege>
      </org.openmrs.Privilege>
    </privileges>
    <inheritedRoles id="36"/>
    <childRoles id="37"/>
  </org.openmrs.Role>
  <org.openmrs.Role id="38" uuid="5d08f1df-f161-46f0-9246-90b2f24aa862">
    <description>Gives access to patient-level medical information, including access to patient dashboard</description>
    <retired>false</retired>
    <role>Application Role: patientMedicalInformation</role>
    <privileges id="39">
      <org.openmrs.Privilege id="40" uuid="adb57fe5-9009-48d5-986c-d7fc1fd57e24">
        <description>Able to access the find patient app</description>
        <retired>false</retired>
        <privilege>App: coreapps.findPatient</privilege>
      </org.openmrs.Privilege>
      <org.openmrs.Privilege id="41" uuid="6bee808d-4b07-4efa-b1b6-d93647a8e091">
        <description>Able to access the patient dashboard</description>
        <retired>false</retired>
        <privilege>App: coreapps.patientDashboard</privilege>
      </org.openmrs.Privilege>
    </privileges>
    <inheritedRoles id="42"/>
    <childRoles id="43"/>
  </org.openmrs.Role>
  <org.openmrs.Role id="44" uuid="36fd044e-f76a-4a07-84b0-1af9d7ce0c59">
    <description>pharmacyAide</description>
    <retired>false</retired>
    <role>Application Role: pharmacyAide</role>
    <privileges id="45">
      <org.openmrs.Privilege reference="9"/>
      <org.openmrs.Privilege reference="10"/>
      <org.openmrs.Privilege reference="11"/>
    </privileges>
    <inheritedRoles id="46"/>
    <childRoles id="47"/>
  </org.openmrs.Role>
  <org.openmrs.Role id="48" uuid="ba7772b3-89c1-4179-9b4d-e0eb96164da6">
    <description>Application Role: sysAdmin</description>
    <retired>false</retired>
    <role>Application Role: sysAdmin</role>
    <privileges id="49">
      <org.openmrs.Privilege id="50" uuid="10370dbe-bfd1-427d-b2b1-3e74eb9daf51">
        <description>Ability book appointments, cancel appointments, and flag appointments as needs reschedule; Access to the Manage Rescheduled app</description>
        <retired>false</retired>
        <privilege>Task: appointmentschedulingui.bookAppointments</privilege>
      </org.openmrs.Privilege>
      <org.openmrs.Privilege id="51" uuid="b79b8f83-75e0-4e74-a1c5-2a6e7eb67ab8">
        <description>Ability to merge visits</description>
        <retired>false</retired>
        <privilege>Task: coreapps.mergeVisits</privilege>
      </org.openmrs.Privilege>
      <org.openmrs.Privilege reference="28"/>
      <org.openmrs.Privilege reference="41"/>
      <org.openmrs.Privilege reference="29"/>
      <org.openmrs.Privilege id="52" uuid="d92637e3-8c03-4104-836a-f5bde8d8be47">
        <description>Able to edit provide location and date of dispensing medication.</description>
        <retired>false</retired>
        <privilege>Task: mirebalaisDispensingEditProviderAndLocation</privilege>
      </org.openmrs.Privilege>
      <org.openmrs.Privilege id="53" uuid="89cde56a-d8cc-4261-b491-38a1296edce0">
        <description>Us the Ad Hoc Analysis tool</description>
        <retired>false</retired>
        <privilege>App: reportingui.adHocAnalysis</privilege>
      </org.openmrs.Privilege>
      <org.openmrs.Privilege id="54" uuid="3f98d0c9-22ff-4d31-bad8-84a392420407">
        <description>Enter clinical forms</description>
        <retired>false</retired>
        <privilege>Task: emr.enterClinicalForms</privilege>
      </org.openmrs.Privilege>
      <org.openmrs.Privilege reference="32"/>
      <org.openmrs.Privilege id="55" uuid="6c82abbd-ae62-4080-8528-ac1e28220797">
        <description>Run the Search Master Patient Index app</description>
        <retired>false</retired>
        <privilege>App: mirebalais.mpi</privilege>
      </org.openmrs.Privilege>
      <org.openmrs.Privilege reference="34"/>
      <org.openmrs.Privilege reference="25"/>
      <org.openmrs.Privilege id="56" uuid="013948b0-6ffa-494f-974b-5a9068fb994e">
        <description>Access to Manage Service Types and Manage Provider Schedules apps</description>
        <retired>false</retired>
        <privilege>App: appointmentschedulingui.scheduleAdmin</privilege>
      </org.openmrs.Privilege>
      <org.openmrs.Privilege id="57" uuid="ac6585f1-10e0-4a4e-84e3-fb8b098f0cbe">
        <description>Ability to retrospectively enter a consult note for provider user.</description>
        <retired>false</retired>
        <privilege>Task: emr.retroConsultNoteThisProviderOnly</privilege>
      </org.openmrs.Privilege>
      <org.openmrs.Privilege reference="33"/>
      <org.openmrs.Privilege reference="11"/>
      <org.openmrs.Privilege reference="26"/>
      <org.openmrs.Privilege id="58" uuid="7f4087ec-1d57-42aa-8704-fa27b0867d6f">
        <description>Ability to print a wristband from the patient dashboard</description>
        <retired>false</retired>
        <privilege>Task: emr.printWristband</privilege>
      </org.openmrs.Privilege>
      <org.openmrs.Privilege id="59" uuid="daa25847-97c4-4b9d-b233-2d33a2fb9480">
        <description>Ability to retrospectively order a radiology study</description>
        <retired>false</retired>
        <privilege>Task: org.openmrs.module.radiologyapp.retroOrder</privilege>
      </org.openmrs.Privilege>
      <org.openmrs.Privilege reference="40"/>
      <org.openmrs.Privilege reference="30"/>
      <org.openmrs.Privilege id="60" uuid="7232d5a2-f890-4834-a0ea-e88eadc8aae2">
        <description>Privilege to use the &quot;Awaiting Admission&quot; app</description>
        <retired>false</retired>
        <privilege>App: coreapps.awaitingAdmission</privilege>
      </org.openmrs.Privilege>
      <org.openmrs.Privilege reference="4"/>
      <org.openmrs.Privilege id="61" uuid="0c7ff54f-1762-4736-b982-a01bf9360439">
        <description>Ability to overbook time slots</description>
        <retired>false</retired>
        <privilege>Task: appointmentschedulingui.overbookAppointments</privilege>
      </org.openmrs.Privilege>
      <org.openmrs.Privilege id="62" uuid="29ba7bba-c9b6-4528-b55e-7bef146621e9">
        <description>Run the Patient Registration app</description>
        <retired>false</retired>
        <privilege>App: patientregistration.main</privilege>
      </org.openmrs.Privilege>
      <org.openmrs.Privilege reference="9"/>
      <org.openmrs.Privilege id="63" uuid="d5e693ae-3f24-4fcb-abfd-eec345a76c17">
        <description>Ability to retrospectively enter a consult note</description>
        <retired>false</retired>
        <privilege>Task: emr.retroConsultNote</privilege>
      </org.openmrs.Privilege>
      <org.openmrs.Privilege reference="35"/>
      <org.openmrs.Privilege reference="16"/>
      <org.openmrs.Privilege id="64" uuid="4841f2dd-31f0-46b9-9877-74dcaf2cf07b">
        <description>Gives permission to a user to edit a patient encounter</description>
        <retired>false</retired>
        <privilege>Task: emr.patient.encounter.edit</privilege>
      </org.openmrs.Privilege>
      <org.openmrs.Privilege reference="27"/>
      <org.openmrs.Privilege id="65" uuid="6d01acf6-ba11-4634-866b-489eaa951681">
        <description>Run the System Administration app</description>
        <retired>false</retired>
        <privilege>App: emr.systemAdministration</privilege>
      </org.openmrs.Privilege>
      <org.openmrs.Privilege id="66" uuid="409c73d3-1184-4df1-b4b9-05f37b48f9ba">
        <description>See the Mirebalais Capture Vitals app on the home screen</description>
        <retired>false</retired>
        <privilege>App: mirebalais.outpatientVitals</privilege>
      </org.openmrs.Privilege>
      <org.openmrs.Privilege id="67" uuid="10122e43-196b-4563-b083-f0ec00f0429b">
        <description>Ability to run data export reports</description>
        <retired>false</retired>
        <privilege>App: mirebalaisreports.dataexports</privilege>
      </org.openmrs.Privilege>
      <org.openmrs.Privilege id="68" uuid="2112a93c-f219-476e-8747-f23c38d9abaa">
        <description>Ability to create a create retrospective visit (i.e., one that starts in the past)</description>
        <retired>false</retired>
        <privilege>Task: coreapps.createRetrospectiveVisit</privilege>
      </org.openmrs.Privilege>
      <org.openmrs.Privilege id="69" uuid="1a819ef6-4632-4d2e-8227-7bdf9e8e273a">
        <description>Ability to enter a Check In form from the patient dashboard</description>
        <retired>false</retired>
        <privilege>Task: mirebalais.checkinForm</privilege>
      </org.openmrs.Privilege>
      <org.openmrs.Privilege reference="31"/>
      <org.openmrs.Privilege id="70" uuid="6cdc5785-ee5c-48af-a2a2-7a574721fa97">
        <description>User has ability to delete a visit</description>
        <retired>false</retired>
        <privilege>Task: emr.patient.visit.delete</privilege>
      </org.openmrs.Privilege>
      <org.openmrs.Privilege reference="10"/>
      <org.openmrs.Privilege id="71" uuid="5367155a-e435-4010-877a-f3007059c352">
        <description>Gives permission to a user to delete a patient encounter.</description>
        <retired>false</retired>
        <privilege>Task: emr.patient.encounter.delete</privilege>
      </org.openmrs.Privilege>
    </privileges>
    <inheritedRoles id="72"/>
    <childRoles id="73"/>
  </org.openmrs.Role>
  <org.openmrs.Role id="74" uuid="af138b30-b078-4b28-8ded-d0dfbcb8c783">
    <description>Gives user access to all apps and tasks within the Appointment Scheduling UI module</description>
    <retired>false</retired>
    <role>Application Role: scheduleManager</role>
    <privileges id="75">
      <org.openmrs.Privilege reference="50"/>
      <org.openmrs.Privilege reference="56"/>
      <org.openmrs.Privilege reference="16"/>
      <org.openmrs.Privilege reference="61"/>
    </privileges>
    <inheritedRoles id="76"/>
    <childRoles id="77"/>
  </org.openmrs.Role>
  <org.openmrs.Role id="78" uuid="eeece3a4-94f8-4693-bc29-d862bbf6da0b">
    <description>Gives user the ability to view and schedule appointments within the appointmentschedulingui module (but not to administer provider schedules or to overbook appointments)</description>
    <retired>false</retired>
    <role>Application Role: scheduler</role>
    <privileges id="79">
      <org.openmrs.Privilege reference="50"/>
      <org.openmrs.Privilege reference="16"/>
    </privileges>
    <inheritedRoles id="80"/>
    <childRoles id="81"/>
  </org.openmrs.Role>
  <org.openmrs.Role id="82" uuid="0b30c2e0-6276-4bf5-a8ac-e38da035888a">
    <description>Application Role: dataArchives</description>
    <retired>false</retired>
    <role>Application Role: dataArchives</role>
    <privileges id="83">
      <org.openmrs.Privilege reference="26"/>
      <org.openmrs.Privilege reference="51"/>
      <org.openmrs.Privilege reference="59"/>
      <org.openmrs.Privilege reference="28"/>
      <org.openmrs.Privilege reference="29"/>
      <org.openmrs.Privilege reference="30"/>
      <org.openmrs.Privilege reference="60"/>
      <org.openmrs.Privilege reference="54"/>
      <org.openmrs.Privilege reference="4"/>
      <org.openmrs.Privilege reference="62"/>
      <org.openmrs.Privilege reference="32"/>
      <org.openmrs.Privilege reference="55"/>
      <org.openmrs.Privilege reference="63"/>
      <org.openmrs.Privilege reference="34"/>
      <org.openmrs.Privilege reference="25"/>
      <org.openmrs.Privilege reference="27"/>
      <org.openmrs.Privilege reference="68"/>
      <org.openmrs.Privilege reference="69"/>
      <org.openmrs.Privilege reference="31"/>
      <org.openmrs.Privilege reference="10"/>
      <org.openmrs.Privilege reference="33"/>
    </privileges>
    <inheritedRoles id="84"/>
    <childRoles id="85"/>
  </org.openmrs.Role>
  <org.openmrs.Role id="86" uuid="343872bd-a927-4f9d-bf2c-75f895c44f6c">
    <description>Rights  to view and run reports and data exports</description>
    <retired>false</retired>
    <role>Application Role: reports</role>
    <privileges id="87">
      <org.openmrs.Privilege reference="53"/>
      <org.openmrs.Privilege reference="67"/>
      <org.openmrs.Privilege reference="34"/>
    </privileges>
    <inheritedRoles id="88"/>
    <childRoles id="89"/>
  </org.openmrs.Role>
  <org.openmrs.Role id="90" uuid="05a3c5fc-3c7f-4c93-87d2-c6013e71a102">
    <description>Application Role: clinical</description>
    <retired>false</retired>
    <role>Application Role: clinical</role>
    <privileges id="91">
      <org.openmrs.Privilege reference="26"/>
      <org.openmrs.Privilege reference="28"/>
      <org.openmrs.Privilege reference="29"/>
      <org.openmrs.Privilege reference="30"/>
      <org.openmrs.Privilege reference="60"/>
      <org.openmrs.Privilege reference="54"/>
      <org.openmrs.Privilege reference="32"/>
      <org.openmrs.Privilege reference="34"/>
      <org.openmrs.Privilege reference="35"/>
      <org.openmrs.Privilege reference="25"/>
      <org.openmrs.Privilege reference="27"/>
      <org.openmrs.Privilege reference="57"/>
      <org.openmrs.Privilege reference="66"/>
      <org.openmrs.Privilege reference="31"/>
      <org.openmrs.Privilege reference="33"/>
    </privileges>
    <inheritedRoles id="92"/>
    <childRoles id="93"/>
  </org.openmrs.Role>
  <org.openmrs.Role id="94" uuid="f6fcff07-8da1-4c7f-8c62-07352101d0a8">
    <description>Gives user the ability to manage provider schedules and service types</description>
    <retired>false</retired>
    <role>Application Role: scheduleAdministrator</role>
    <privileges id="95">
      <org.openmrs.Privilege reference="56"/>
    </privileges>
    <inheritedRoles id="96"/>
    <childRoles id="97"/>
  </org.openmrs.Role>
</list>
