<?xml version="1.0" encoding="UTF-8"?>
<list id="1">
  <org.openmrs.Concept id="2" uuid="f97e0c5b-889a-4249-b22a-3a247bf19a74">
    <conceptId>10563</conceptId>
    <retired>false</retired>
    <datatype id="3" resolves-to="org.openmrs.ConceptDatatype" uuid="8d4a4c94-c2cc-11de-8d13-0010c6dffd0f">
      <name>N/A</name>
      <description>Not associated with a datatype (e.g., term answers, sets)</description>
      <creator/>
      <dateCreated id="4">2004-02-02 05:00:00</dateCreated>
      <retired>false</retired>
      <conceptDatatypeId>4</conceptDatatypeId>
      <hl7Abbreviation>ZZ</hl7Abbreviation>
    </datatype>
    <conceptClass id="5" resolves-to="org.openmrs.ConceptClass" uuid="8d492594-c2cc-11de-8d13-0010c6dffd0f">
      <name>ConvSet</name>
      <description>Term to describe convenience sets</description>
      <creator/>
      <dateCreated id="6">2015-07-01 17:25:50</dateCreated>
      <retired>false</retired>
      <conceptClassId>10</conceptClassId>
    </conceptClass>
    <set>true</set>
    <creator/>
    <dateCreated id="7">2015-10-30 19:51:27</dateCreated>
    <changedBy/>
    <dateChanged id="8">2015-10-30 19:51:27</dateChanged>
    <names class="set" id="9">
      <org.openmrs.ConceptName id="10" uuid="6a3fd147-fa02-4dc1-8a21-6d4db68a3717">
        <conceptNameId>30466</conceptNameId>
        <concept reference="2"/>
        <name>Pediatric Feeding Form Concept Set</name>
        <locale id="11">en</locale>
        <creator/>
        <dateCreated id="12">2015-10-30 19:51:27</dateCreated>
        <voided>false</voided>
        <tags class="set" id="13"/>
        <conceptNameType>FULLY_SPECIFIED</conceptNameType>
        <localePreferred>true</localePreferred>
      </org.openmrs.ConceptName>
    </names>
    <answers class="set" id="14"/>
    <conceptSets class="set" id="15">
      <org.openmrs.ConceptSet id="16" uuid="9560db49-a96a-4704-8b92-ffc112060829">
        <conceptSetId>6326</conceptSetId>
        <concept id="17" resolves-to="org.openmrs.Concept" uuid="3cf2ddc0-26fe-102b-80cb-0017a47871b2">
          <conceptId>6046</conceptId>
          <retired>false</retired>
          <datatype reference="3"/>
          <conceptClass id="18" resolves-to="org.openmrs.ConceptClass" uuid="8d491a9a-c2cc-11de-8d13-0010c6dffd0f">
            <name>Finding</name>
            <description>Practitioner observation/finding</description>
            <creator/>
            <dateCreated id="19">2015-07-01 17:25:50</dateCreated>
            <retired>false</retired>
            <conceptClassId>5</conceptClassId>
          </conceptClass>
          <set>false</set>
          <version></version>
          <creator/>
          <dateCreated id="20">2004-08-12 00:00:00</dateCreated>
          <changedBy/>
          <dateChanged id="21">2010-12-06 15:10:24</dateChanged>
          <names class="set" id="22">
            <org.openmrs.ConceptName id="23" uuid="3e4519a4-26fe-102b-80cb-0017a47871b2">
              <conceptNameId>4425</conceptNameId>
              <concept reference="17"/>
              <name>MIXED FEEDING</name>
              <locale id="24">en</locale>
              <creator/>
              <dateCreated id="25">2004-08-12 00:00:00</dateCreated>
              <voided>false</voided>
              <tags class="set" id="26"/>
              <conceptNameType>FULLY_SPECIFIED</conceptNameType>
              <localePreferred>false</localePreferred>
            </org.openmrs.ConceptName>
            <org.openmrs.ConceptName id="27" uuid="f77a3d62-d5db-102d-ad2a-000c29c2a5d7">
              <conceptNameId>13859</conceptNameId>
              <concept reference="17"/>
              <name>ALIMENTATION MÉLANGÉE</name>
              <locale id="28">fr</locale>
              <creator/>
              <dateCreated id="29">2010-06-29 13:05:30</dateCreated>
              <voided>false</voided>
              <tags class="set" id="30"/>
              <localePreferred>true</localePreferred>
            </org.openmrs.ConceptName>
          </names>
          <answers class="set" id="31"/>
          <conceptSets class="set" id="32"/>
          <descriptions class="set" id="33">
            <org.openmrs.ConceptDescription id="34" uuid="ed1e3b22-07fe-102c-b5fa-0017a47871b2">
              <conceptDescriptionId>3847</conceptDescriptionId>
              <concept reference="17"/>
              <description>Describes when families select to feed a child a combination of different foodstuffs (eg, breastmilk, formula, foods)</description>
              <locale id="35">en</locale>
              <creator/>
              <dateCreated id="36">2004-08-12 00:00:00</dateCreated>
              <changedBy/>
              <dateChanged id="37">2010-12-06 15:10:24</dateChanged>
            </org.openmrs.ConceptDescription>
          </descriptions>
          <conceptMappings class="set" id="38">
            <org.openmrs.ConceptMap id="39" uuid="d48a9233-6cfc-4c2b-bf61-d6dae984b895">
              <conceptMapType id="40" resolves-to="org.openmrs.ConceptMapType" uuid="35543629-7d8c-11e1-909d-c80aa9edcf4e">
                <name>SAME-AS</name>
                <creator/>
                <dateCreated id="41">2012-06-21 00:00:00</dateCreated>
                <retired>false</retired>
                <conceptMapTypeId>1</conceptMapTypeId>
                <isHidden>false</isHidden>
              </conceptMapType>
              <creator/>
              <changedBy/>
              <dateCreated id="42">2010-12-06 15:10:24</dateCreated>
              <dateChanged id="43">2012-06-21 16:49:52</dateChanged>
              <conceptMapId>11584</conceptMapId>
              <concept reference="17"/>
              <conceptReferenceTerm id="44" resolves-to="org.openmrs.ConceptReferenceTerm" uuid="66708454-41a4-38cb-ac54-36efbe95d66d">
                <creator/>
                <dateCreated id="45">2010-12-06 00:00:00</dateCreated>
                <retired>false</retired>
                <conceptReferenceTermId>11584</conceptReferenceTermId>
                <conceptSource id="46" resolves-to="org.openmrs.ConceptSource" uuid="fb9aaaf1-65e2-4c18-b53c-16b575f2f385">
                  <name>PIH</name>
                  <description>Partners In Health concept dictionary using concept ids and preferred English names</description>
                  <creator/>
                  <dateCreated id="47">2015-07-01 17:25:50</dateCreated>
                  <retired>false</retired>
                  <conceptSourceId>5</conceptSourceId>
                </conceptSource>
                <code>MIXED FEEDING</code>
                <conceptReferenceTermMaps id="48"/>
              </conceptReferenceTerm>
            </org.openmrs.ConceptMap>
            <org.openmrs.ConceptMap id="49" uuid="b29cd168-4864-102e-96e9-000c29c2a5d7">
              <conceptMapType reference="40"/>
              <creator/>
              <changedBy/>
              <dateCreated id="50">2010-11-23 10:15:31</dateCreated>
              <dateChanged id="51">2012-06-21 16:49:52</dateChanged>
              <conceptMapId>5117</conceptMapId>
              <concept reference="17"/>
              <conceptReferenceTerm id="52" resolves-to="org.openmrs.ConceptReferenceTerm" uuid="1f8fb18d-11ef-3954-86b0-89381a31df0b">
                <creator/>
                <dateCreated id="53">2010-11-23 00:00:00</dateCreated>
                <retired>false</retired>
                <conceptReferenceTermId>5117</conceptReferenceTermId>
                <conceptSource reference="46"/>
                <code>6046</code>
                <conceptReferenceTermMaps id="54"/>
              </conceptReferenceTerm>
            </org.openmrs.ConceptMap>
          </conceptMappings>
        </concept>
        <conceptSet reference="2"/>
        <sortWeight>2.0</sortWeight>
        <creator/>
        <dateCreated id="55">2015-10-30 19:51:27</dateCreated>
      </org.openmrs.ConceptSet>
      <org.openmrs.ConceptSet id="56" uuid="cc5c030a-3ad5-48c1-bbae-9badc6ae7b8d">
        <conceptSetId>6324</conceptSetId>
        <concept id="57" resolves-to="org.openmrs.Concept" uuid="3cedd4ec-26fe-102b-80cb-0017a47871b2">
          <conceptId>5526</conceptId>
          <retired>false</retired>
          <datatype reference="3"/>
          <conceptClass reference="18"/>
          <set>false</set>
          <version></version>
          <creator/>
          <dateCreated id="58">2004-08-12 00:00:00</dateCreated>
          <changedBy/>
          <dateChanged id="59">2005-02-07 00:00:00</dateChanged>
          <names class="set" id="60">
            <org.openmrs.ConceptName id="61" uuid="f7664460-d5db-102d-ad2a-000c29c2a5d7">
              <conceptNameId>13735</conceptNameId>
              <concept reference="57"/>
              <name>ALLAITEMENT MATERNEL EXCLUSIF</name>
              <locale id="62">fr</locale>
              <creator/>
              <dateCreated id="63">2010-06-29 13:05:30</dateCreated>
              <voided>false</voided>
              <tags class="set" id="64"/>
              <localePreferred>true</localePreferred>
            </org.openmrs.ConceptName>
            <org.openmrs.ConceptName id="65" uuid="3e3fc990-26fe-102b-80cb-0017a47871b2">
              <conceptNameId>3895</conceptNameId>
              <concept reference="57"/>
              <name>BREASTFED EXCLUSIVELY</name>
              <locale id="66">en</locale>
              <creator/>
              <dateCreated id="67">2004-08-12 00:00:00</dateCreated>
              <voided>false</voided>
              <tags class="set" id="68"/>
              <conceptNameType>FULLY_SPECIFIED</conceptNameType>
              <localePreferred>false</localePreferred>
            </org.openmrs.ConceptName>
          </names>
          <answers class="set" id="69"/>
          <conceptSets class="set" id="70"/>
          <descriptions class="set" id="71">
            <org.openmrs.ConceptDescription id="72" uuid="ed181350-07fe-102c-b5fa-0017a47871b2">
              <conceptDescriptionId>3328</conceptDescriptionId>
              <concept reference="57"/>
              <description>Describes when mothers exclusively feed their children their own breast milk.</description>
              <locale id="73">en</locale>
              <creator/>
              <dateCreated id="74">2004-08-12 00:00:00</dateCreated>
            </org.openmrs.ConceptDescription>
          </descriptions>
          <conceptMappings class="set" id="75">
            <org.openmrs.ConceptMap id="76" uuid="b295bf54-4864-102e-96e9-000c29c2a5d7">
              <conceptMapType reference="40"/>
              <creator/>
              <changedBy/>
              <dateCreated id="77">2010-11-23 10:15:31</dateCreated>
              <dateChanged id="78">2012-06-21 16:49:52</dateChanged>
              <conceptMapId>4597</conceptMapId>
              <concept reference="57"/>
              <conceptReferenceTerm id="79" resolves-to="org.openmrs.ConceptReferenceTerm" uuid="93049780-b3d4-3b67-ace9-0dd7a1b2cff6">
                <creator/>
                <dateCreated id="80">2010-11-23 00:00:00</dateCreated>
                <retired>false</retired>
                <conceptReferenceTermId>4597</conceptReferenceTermId>
                <conceptSource reference="46"/>
                <code>5526</code>
                <conceptReferenceTermMaps id="81"/>
              </conceptReferenceTerm>
            </org.openmrs.ConceptMap>
            <org.openmrs.ConceptMap id="82" uuid="75a98032-4943-102e-96e9-000c29c2a5d7">
              <conceptMapType reference="40"/>
              <creator/>
              <changedBy/>
              <dateCreated id="83">2010-11-24 12:49:58</dateCreated>
              <dateChanged id="84">2012-06-21 16:49:52</dateChanged>
              <conceptMapId>10294</conceptMapId>
              <concept reference="57"/>
              <conceptReferenceTerm id="85" resolves-to="org.openmrs.ConceptReferenceTerm" uuid="87444a48-7ff1-3d68-98a5-5e9620956477">
                <creator/>
                <dateCreated id="86">2010-11-24 00:00:00</dateCreated>
                <retired>false</retired>
                <conceptReferenceTermId>10294</conceptReferenceTermId>
                <conceptSource reference="46"/>
                <code>BREASTFED EXCLUSIVELY</code>
                <conceptReferenceTermMaps id="87"/>
              </conceptReferenceTerm>
            </org.openmrs.ConceptMap>
          </conceptMappings>
        </concept>
        <conceptSet reference="2"/>
        <sortWeight>0.0</sortWeight>
        <creator/>
        <dateCreated id="88">2015-10-30 19:51:27</dateCreated>
      </org.openmrs.ConceptSet>
      <org.openmrs.ConceptSet id="89" uuid="2e1ac29c-7b72-4305-843b-3c3fd416718c">
        <conceptSetId>6325</conceptSetId>
        <concept id="90" resolves-to="org.openmrs.Concept" uuid="3ceb2c7e-26fe-102b-80cb-0017a47871b2">
          <conceptId>5254</conceptId>
          <retired>false</retired>
          <datatype reference="3"/>
          <conceptClass id="91" resolves-to="org.openmrs.ConceptClass" uuid="8d490dfc-c2cc-11de-8d13-0010c6dffd0f">
            <name>Drug</name>
            <description>Drug</description>
            <creator/>
            <dateCreated id="92">2015-07-01 17:25:50</dateCreated>
            <retired>false</retired>
            <conceptClassId>3</conceptClassId>
          </conceptClass>
          <set>false</set>
          <version></version>
          <creator/>
          <dateCreated id="93">2004-08-12 00:00:00</dateCreated>
          <changedBy/>
          <dateChanged id="94">2005-02-07 00:00:00</dateChanged>
          <names class="set" id="95">
            <org.openmrs.ConceptName id="96" uuid="3e3cf080-26fe-102b-80cb-0017a47871b2">
              <conceptNameId>3621</conceptNameId>
              <concept reference="90"/>
              <name>INFANT FORMULA</name>
              <locale id="97">en</locale>
              <creator/>
              <dateCreated id="98">2004-08-12 00:00:00</dateCreated>
              <voided>false</voided>
              <tags class="set" id="99"/>
              <conceptNameType>FULLY_SPECIFIED</conceptNameType>
              <localePreferred>false</localePreferred>
            </org.openmrs.ConceptName>
            <org.openmrs.ConceptName id="100" uuid="f759fc82-d5db-102d-ad2a-000c29c2a5d7">
              <conceptNameId>13678</conceptNameId>
              <concept reference="90"/>
              <name>FORMULE ENFANT</name>
              <locale id="101">fr</locale>
              <creator/>
              <dateCreated id="102">2010-06-29 13:05:29</dateCreated>
              <voided>false</voided>
              <tags class="set" id="103"/>
              <localePreferred>true</localePreferred>
            </org.openmrs.ConceptName>
          </names>
          <answers class="set" id="104"/>
          <conceptSets class="set" id="105"/>
          <descriptions class="set" id="106">
            <org.openmrs.ConceptDescription id="107" uuid="ed14b9f8-07fe-102c-b5fa-0017a47871b2">
              <conceptDescriptionId>3056</conceptDescriptionId>
              <concept reference="90"/>
              <description>Describes a substance used to feed children.</description>
              <locale id="108">en</locale>
              <creator/>
              <dateCreated id="109">2004-08-12 00:00:00</dateCreated>
            </org.openmrs.ConceptDescription>
          </descriptions>
          <conceptMappings class="set" id="110">
            <org.openmrs.ConceptMap id="111" uuid="75a7ec72-4943-102e-96e9-000c29c2a5d7">
              <conceptMapType reference="40"/>
              <creator/>
              <changedBy/>
              <dateCreated id="112">2010-11-24 12:49:58</dateCreated>
              <dateChanged id="113">2012-06-21 16:49:52</dateChanged>
              <conceptMapId>10032</conceptMapId>
              <concept reference="90"/>
              <conceptReferenceTerm id="114" resolves-to="org.openmrs.ConceptReferenceTerm" uuid="f9487836-047d-3a26-a4e9-c8b6f78c422d">
                <creator/>
                <dateCreated id="115">2010-11-24 00:00:00</dateCreated>
                <retired>false</retired>
                <conceptReferenceTermId>10032</conceptReferenceTermId>
                <conceptSource reference="46"/>
                <code>INFANT FORMULA</code>
                <conceptReferenceTermMaps id="116"/>
              </conceptReferenceTerm>
            </org.openmrs.ConceptMap>
            <org.openmrs.ConceptMap id="117" uuid="b2938f86-4864-102e-96e9-000c29c2a5d7">
              <conceptMapType reference="40"/>
              <creator/>
              <changedBy/>
              <dateCreated id="118">2010-11-23 10:15:31</dateCreated>
              <dateChanged id="119">2012-06-21 16:49:52</dateChanged>
              <conceptMapId>4325</conceptMapId>
              <concept reference="90"/>
              <conceptReferenceTerm id="120" resolves-to="org.openmrs.ConceptReferenceTerm" uuid="5e3e22d0-1f62-3d71-bb62-ea5d3f2df6c3">
                <creator/>
                <dateCreated id="121">2010-11-23 00:00:00</dateCreated>
                <retired>false</retired>
                <conceptReferenceTermId>4325</conceptReferenceTermId>
                <conceptSource reference="46"/>
                <code>5254</code>
                <conceptReferenceTermMaps id="122"/>
              </conceptReferenceTerm>
            </org.openmrs.ConceptMap>
          </conceptMappings>
        </concept>
        <conceptSet reference="2"/>
        <sortWeight>1.0</sortWeight>
        <creator/>
        <dateCreated id="123">2015-10-30 19:51:27</dateCreated>
      </org.openmrs.ConceptSet>
      <org.openmrs.ConceptSet id="124" uuid="c67d635b-9fbb-4ed9-81a4-5fbcdde4b582">
        <conceptSetId>6327</conceptSetId>
        <concept id="125" resolves-to="org.openmrs.Concept" uuid="3cd78b10-26fe-102b-80cb-0017a47871b2">
          <conceptId>1152</conceptId>
          <retired>false</retired>
          <datatype reference="3"/>
          <conceptClass reference="18"/>
          <set>false</set>
          <version></version>
          <creator/>
          <dateCreated id="126">2005-02-07 00:00:00</dateCreated>
          <changedBy/>
          <dateChanged id="127">2010-11-07 13:13:07</dateChanged>
          <names class="set" id="128">
            <org.openmrs.ConceptName id="129" uuid="22b1b659-269c-4c95-9001-733c6e0d9001">
              <conceptNameId>14152</conceptNameId>
              <concept reference="125"/>
              <name>Stopped breastfeeding</name>
              <locale id="130">en</locale>
              <creator/>
              <dateCreated id="131">2010-11-07 13:13:07</dateCreated>
              <voided>false</voided>
              <tags class="set" id="132"/>
              <localePreferred>false</localePreferred>
            </org.openmrs.ConceptName>
            <org.openmrs.ConceptName id="133" uuid="3e15e6d4-26fe-102b-80cb-0017a47871b2">
              <conceptNameId>1190</conceptNameId>
              <concept reference="125"/>
              <name>WEANED</name>
              <locale id="134">en</locale>
              <creator/>
              <dateCreated id="135">2005-02-07 00:00:00</dateCreated>
              <voided>false</voided>
              <tags class="set" id="136"/>
              <conceptNameType>FULLY_SPECIFIED</conceptNameType>
              <localePreferred>false</localePreferred>
            </org.openmrs.ConceptName>
            <org.openmrs.ConceptName id="137" uuid="f5dd05f2-d5db-102d-ad2a-000c29c2a5d7">
              <conceptNameId>10669</conceptNameId>
              <concept reference="125"/>
              <name>SEVRÉ</name>
              <locale id="138">fr</locale>
              <creator/>
              <dateCreated id="139">2010-06-29 13:03:16</dateCreated>
              <voided>false</voided>
              <tags class="set" id="140"/>
              <localePreferred>true</localePreferred>
            </org.openmrs.ConceptName>
          </names>
          <answers class="set" id="141"/>
          <conceptSets class="set" id="142"/>
          <descriptions class="set" id="143">
            <org.openmrs.ConceptDescription id="144" uuid="ece4f8e4-07fe-102c-b5fa-0017a47871b2">
              <conceptDescriptionId>1164</conceptDescriptionId>
              <concept reference="125"/>
              <description>Descriptive term.  To accustom children to take nourishment other than by suckling.</description>
              <locale id="145">en</locale>
              <creator/>
              <dateCreated id="146">2005-02-07 00:00:00</dateCreated>
              <changedBy/>
              <dateChanged id="147">2010-11-07 13:13:07</dateChanged>
            </org.openmrs.ConceptDescription>
          </descriptions>
          <conceptMappings class="set" id="148">
            <org.openmrs.ConceptMap id="149" uuid="7568e6e4-4943-102e-96e9-000c29c2a5d7">
              <conceptMapType reference="40"/>
              <creator/>
              <changedBy/>
              <dateCreated id="150">2010-11-24 12:49:58</dateCreated>
              <dateChanged id="151">2012-06-21 16:49:52</dateChanged>
              <conceptMapId>7013</conceptMapId>
              <concept reference="125"/>
              <conceptReferenceTerm id="152" resolves-to="org.openmrs.ConceptReferenceTerm" uuid="c9f5fc02-7ab0-3bfa-8bd8-459d5bfcc051">
                <creator/>
                <dateCreated id="153">2010-11-24 00:00:00</dateCreated>
                <retired>false</retired>
                <conceptReferenceTermId>7013</conceptReferenceTermId>
                <conceptSource reference="46"/>
                <code>WEANED</code>
                <conceptReferenceTermMaps id="154"/>
              </conceptReferenceTerm>
            </org.openmrs.ConceptMap>
            <org.openmrs.ConceptMap id="155" uuid="b20efcee-4864-102e-96e9-000c29c2a5d7">
              <conceptMapType reference="40"/>
              <creator/>
              <changedBy/>
              <dateCreated id="156">2010-11-23 10:15:31</dateCreated>
              <dateChanged id="157">2012-06-21 16:49:52</dateChanged>
              <conceptMapId>1154</conceptMapId>
              <concept reference="125"/>
              <conceptReferenceTerm id="158" resolves-to="org.openmrs.ConceptReferenceTerm" uuid="b9eda55a-b592-3ffd-9c06-c04662356e75">
                <creator/>
                <dateCreated id="159">2010-11-23 00:00:00</dateCreated>
                <retired>false</retired>
                <conceptReferenceTermId>1154</conceptReferenceTermId>
                <conceptSource reference="46"/>
                <code>1152</code>
                <conceptReferenceTermMaps id="160"/>
              </conceptReferenceTerm>
            </org.openmrs.ConceptMap>
          </conceptMappings>
        </concept>
        <conceptSet reference="2"/>
        <sortWeight>3.0</sortWeight>
        <creator/>
        <dateCreated id="161">2015-10-30 19:51:27</dateCreated>
      </org.openmrs.ConceptSet>
    </conceptSets>
    <descriptions class="set" id="162">
      <org.openmrs.ConceptDescription id="163" uuid="839c7d4f-8f10-4e43-b50e-dfc497663bb3">
        <conceptDescriptionId>6965</conceptDescriptionId>
        <concept reference="2"/>
        <description>Set of concepts found on Primary Care Pediatric Feeding form.</description>
        <locale id="164">en</locale>
        <creator/>
        <dateCreated id="165">2015-10-30 19:51:27</dateCreated>
      </org.openmrs.ConceptDescription>
    </descriptions>
    <conceptMappings class="set" id="166"/>
  </org.openmrs.Concept>
  <org.openmrs.Concept id="167" uuid="7f32715f-b2cd-4058-9663-1ba7a0bd2d42">
    <conceptId>10567</conceptId>
    <retired>false</retired>
    <datatype reference="3"/>
    <conceptClass reference="5"/>
    <set>true</set>
    <creator/>
    <dateCreated id="168">2015-11-02 22:34:13</dateCreated>
    <changedBy/>
    <dateChanged id="169">2015-11-02 22:34:52</dateChanged>
    <names class="set" id="170">
      <org.openmrs.ConceptName id="171" uuid="70a82a73-9452-49cf-a6e8-36950295c757">
        <conceptNameId>30470</conceptNameId>
        <concept reference="167"/>
        <name>PEDIATRIC FEEDING HISTORY CONSTRUCT</name>
        <locale id="172">en</locale>
        <creator/>
        <dateCreated id="173">2015-11-02 22:34:13</dateCreated>
        <voided>false</voided>
        <tags class="set" id="174"/>
        <conceptNameType>FULLY_SPECIFIED</conceptNameType>
        <localePreferred>true</localePreferred>
      </org.openmrs.ConceptName>
    </names>
    <answers class="set" id="175"/>
    <conceptSets class="set" id="176">
      <org.openmrs.ConceptSet id="177" uuid="b81acf5b-0f51-49b1-807f-a622938b8e32">
        <conceptSetId>6329</conceptSetId>
        <concept id="178" resolves-to="org.openmrs.Concept" uuid="5b98dcbe-0efc-4cc2-9544-c1da596e7039">
          <conceptId>10564</conceptId>
          <retired>false</retired>
          <datatype id="179" resolves-to="org.openmrs.ConceptDatatype" uuid="8d4a48b6-c2cc-11de-8d13-0010c6dffd0f">
            <name>Coded</name>
            <description>Value determined by term dictionary lookup (i.e., term identifier)</description>
            <creator/>
            <dateCreated id="180">2004-02-02 00:00:00</dateCreated>
            <retired>false</retired>
            <conceptDatatypeId>2</conceptDatatypeId>
            <hl7Abbreviation>CWE</hl7Abbreviation>
          </datatype>
          <conceptClass id="181" resolves-to="org.openmrs.ConceptClass" uuid="8d491e50-c2cc-11de-8d13-0010c6dffd0f">
            <name>Question</name>
            <description>Question (eg, patient history, SF36 items)</description>
            <creator/>
            <dateCreated id="182">2015-07-01 17:25:50</dateCreated>
            <retired>false</retired>
            <conceptClassId>7</conceptClassId>
          </conceptClass>
          <set>false</set>
          <creator/>
          <dateCreated id="183">2015-11-02 22:16:39</dateCreated>
          <changedBy/>
          <dateChanged id="184">2015-11-02 22:20:33</dateChanged>
          <names class="set" id="185">
            <org.openmrs.ConceptName id="186" uuid="b5b35576-2c0c-4953-94c9-4daa474eeaa4">
              <conceptNameId>30467</conceptNameId>
              <concept reference="178"/>
              <name>FEEDING METHOD PRESENT</name>
              <locale id="187">en</locale>
              <creator/>
              <dateCreated id="188">2015-11-02 22:16:39</dateCreated>
              <voided>false</voided>
              <tags class="set" id="189"/>
              <conceptNameType>FULLY_SPECIFIED</conceptNameType>
              <localePreferred>true</localePreferred>
            </org.openmrs.ConceptName>
          </names>
          <answers class="set" id="190">
            <org.openmrs.ConceptAnswer id="191" uuid="c12a7636-71f7-45bd-a6ac-13a1d095c614">
              <conceptAnswerId>9372</conceptAnswerId>
              <concept reference="178"/>
              <answerConcept reference="90"/>
              <creator/>
              <dateCreated id="192">2015-11-02 22:16:39</dateCreated>
              <sortWeight>2.0</sortWeight>
            </org.openmrs.ConceptAnswer>
            <org.openmrs.ConceptAnswer id="193" uuid="0ca99fee-e03f-46ff-8afe-2ce3bbb9150b">
              <conceptAnswerId>9373</conceptAnswerId>
              <concept reference="178"/>
              <answerConcept reference="57"/>
              <creator/>
              <dateCreated id="194">2015-11-02 22:16:39</dateCreated>
              <sortWeight>1.0</sortWeight>
            </org.openmrs.ConceptAnswer>
            <org.openmrs.ConceptAnswer id="195" uuid="93a06a33-4f0e-4a79-a631-ee9a6a0f3241">
              <conceptAnswerId>9374</conceptAnswerId>
              <concept reference="178"/>
              <answerConcept reference="125"/>
              <creator/>
              <dateCreated id="196">2015-11-02 22:16:39</dateCreated>
              <sortWeight>4.0</sortWeight>
            </org.openmrs.ConceptAnswer>
            <org.openmrs.ConceptAnswer id="197" uuid="59bc179b-23a3-4143-97ee-e2433393c46b">
              <conceptAnswerId>9375</conceptAnswerId>
              <concept reference="178"/>
              <answerConcept reference="17"/>
              <creator/>
              <dateCreated id="198">2015-11-02 22:16:39</dateCreated>
              <sortWeight>3.0</sortWeight>
            </org.openmrs.ConceptAnswer>
          </answers>
          <conceptSets class="set" id="199"/>
          <descriptions class="set" id="200">
            <org.openmrs.ConceptDescription id="201" uuid="1306340a-ab15-4256-a4da-0eb343b00eed">
              <conceptDescriptionId>6966</conceptDescriptionId>
              <concept reference="178"/>
              <description>Indicates if a given feeding method was administered.</description>
              <locale id="202">en</locale>
              <creator/>
              <dateCreated id="203">2015-11-02 22:16:39</dateCreated>
            </org.openmrs.ConceptDescription>
          </descriptions>
          <conceptMappings class="set" id="204">
            <org.openmrs.ConceptMap id="205" uuid="ba39e2bd-558f-443b-a188-ce3af22c8184">
              <conceptMapType reference="40"/>
              <creator/>
              <dateCreated id="206">2015-11-02 22:18:52</dateCreated>
              <conceptMapId>26052</conceptMapId>
              <concept reference="178"/>
              <conceptReferenceTerm id="207" resolves-to="org.openmrs.ConceptReferenceTerm" uuid="eb87e690-67c5-4627-8125-249f06baba79">
                <creator/>
                <dateCreated id="208">2015-11-02 22:17:39</dateCreated>
                <retired>false</retired>
                <conceptReferenceTermId>25397</conceptReferenceTermId>
                <conceptSource reference="46"/>
                <code>FEEDING METHOD PRESENT</code>
                <conceptReferenceTermMaps id="209"/>
              </conceptReferenceTerm>
            </org.openmrs.ConceptMap>
            <org.openmrs.ConceptMap id="210" uuid="45cdb321-b13d-4aa4-a9b1-f7b829823b7d">
              <conceptMapType reference="40"/>
              <creator/>
              <dateCreated id="211">2015-11-02 22:20:33</dateCreated>
              <conceptMapId>26053</conceptMapId>
              <concept reference="178"/>
              <conceptReferenceTerm id="212" resolves-to="org.openmrs.ConceptReferenceTerm" uuid="a2a40541-0301-43d7-91f6-5ac4cb6553d1">
                <creator/>
                <dateCreated id="213">2015-11-02 22:19:16</dateCreated>
                <retired>false</retired>
                <conceptReferenceTermId>25398</conceptReferenceTermId>
                <conceptSource reference="46"/>
                <code>10564</code>
                <conceptReferenceTermMaps id="214"/>
              </conceptReferenceTerm>
            </org.openmrs.ConceptMap>
          </conceptMappings>
        </concept>
        <conceptSet reference="167"/>
        <sortWeight>0.0</sortWeight>
        <creator/>
        <dateCreated id="215">2015-11-02 22:34:13</dateCreated>
      </org.openmrs.ConceptSet>
      <org.openmrs.ConceptSet id="216" uuid="037dbfa0-ef95-48b0-83f4-56ae64ffd7f2">
        <conceptSetId>6331</conceptSetId>
        <concept id="217" resolves-to="org.openmrs.Concept" uuid="5e87b8c1-3498-4595-bb77-cc59c4fdc1c6">
          <conceptId>10566</conceptId>
          <retired>false</retired>
          <datatype id="218" resolves-to="org.openmrs.ConceptDatatype" uuid="8d4a4ab4-c2cc-11de-8d13-0010c6dffd0f">
            <name>Text</name>
            <description>Free text</description>
            <creator/>
            <dateCreated id="219">2004-02-02 00:00:00</dateCreated>
            <retired>false</retired>
            <conceptDatatypeId>3</conceptDatatypeId>
            <hl7Abbreviation>ST</hl7Abbreviation>
          </datatype>
          <conceptClass reference="181"/>
          <set>false</set>
          <creator/>
          <dateCreated id="220">2015-11-02 22:28:46</dateCreated>
          <changedBy/>
          <dateChanged id="221">2015-11-02 22:29:44</dateChanged>
          <names class="set" id="222">
            <org.openmrs.ConceptName id="223" uuid="0d75a1b0-d6f6-43fe-b37c-fa985273a81e">
              <conceptNameId>30469</conceptNameId>
              <concept reference="217"/>
              <name>FEEDING METHOD AGE</name>
              <locale id="224">en</locale>
              <creator/>
              <dateCreated id="225">2015-11-02 22:28:46</dateCreated>
              <voided>false</voided>
              <tags class="set" id="226"/>
              <conceptNameType>FULLY_SPECIFIED</conceptNameType>
              <localePreferred>true</localePreferred>
            </org.openmrs.ConceptName>
          </names>
          <answers class="set" id="227"/>
          <conceptSets class="set" id="228"/>
          <descriptions class="set" id="229">
            <org.openmrs.ConceptDescription id="230" uuid="26ac7ebd-4c0e-40b2-9c22-53ff1c269d5b">
              <conceptDescriptionId>6968</conceptDescriptionId>
              <concept reference="217"/>
              <description>The age of the patient at which the feeding method was administered.</description>
              <locale id="231">en</locale>
              <creator/>
              <dateCreated id="232">2015-11-02 22:28:46</dateCreated>
            </org.openmrs.ConceptDescription>
          </descriptions>
          <conceptMappings class="set" id="233">
            <org.openmrs.ConceptMap id="234" uuid="54e9f08a-c631-4fa5-bd59-54404f3b590c">
              <conceptMapType reference="40"/>
              <creator/>
              <dateCreated id="235">2015-11-02 22:29:44</dateCreated>
              <conceptMapId>26057</conceptMapId>
              <concept reference="217"/>
              <conceptReferenceTerm id="236" resolves-to="org.openmrs.ConceptReferenceTerm" uuid="254f1ecc-802f-49c4-bfdf-b0537ac20950">
                <creator/>
                <dateCreated id="237">2015-11-02 22:29:23</dateCreated>
                <retired>false</retired>
                <conceptReferenceTermId>25402</conceptReferenceTermId>
                <conceptSource reference="46"/>
                <code>10566</code>
                <conceptReferenceTermMaps id="238"/>
              </conceptReferenceTerm>
            </org.openmrs.ConceptMap>
            <org.openmrs.ConceptMap id="239" uuid="7ef0b0b3-c7e8-4b92-b9d0-8d5c04bedf51">
              <conceptMapType reference="40"/>
              <creator/>
              <dateCreated id="240">2015-11-02 22:28:46</dateCreated>
              <conceptMapId>26056</conceptMapId>
              <concept reference="217"/>
              <conceptReferenceTerm id="241" resolves-to="org.openmrs.ConceptReferenceTerm" uuid="89fa75df-eda0-4049-bca3-7c48c3e9e28a">
                <creator/>
                <dateCreated id="242">2015-11-02 22:28:25</dateCreated>
                <retired>false</retired>
                <conceptReferenceTermId>25401</conceptReferenceTermId>
                <conceptSource reference="46"/>
                <code>FEEDING METHOD AGE</code>
                <conceptReferenceTermMaps id="243"/>
              </conceptReferenceTerm>
            </org.openmrs.ConceptMap>
          </conceptMappings>
        </concept>
        <conceptSet reference="167"/>
        <sortWeight>2.0</sortWeight>
        <creator/>
        <dateCreated id="244">2015-11-02 22:34:14</dateCreated>
      </org.openmrs.ConceptSet>
      <org.openmrs.ConceptSet id="245" uuid="90a8282d-ed48-4bc0-962d-7e177d782e62">
        <conceptSetId>6330</conceptSetId>
        <concept id="246" resolves-to="org.openmrs.Concept" uuid="2f4b8b9c-0214-4f54-9446-fa306b3ddff0">
          <conceptId>10565</conceptId>
          <retired>false</retired>
          <datatype reference="179"/>
          <conceptClass reference="181"/>
          <set>false</set>
          <creator/>
          <dateCreated id="247">2015-11-02 22:25:42</dateCreated>
          <changedBy/>
          <dateChanged id="248">2015-11-02 22:26:33</dateChanged>
          <names class="set" id="249">
            <org.openmrs.ConceptName id="250" uuid="685ec9ea-b2ad-4b2a-bb71-cc44acea257a">
              <conceptNameId>30468</conceptNameId>
              <concept reference="246"/>
              <name>FEEDING METHOD ABSENT</name>
              <locale id="251">en</locale>
              <creator/>
              <dateCreated id="252">2015-11-02 22:25:42</dateCreated>
              <voided>false</voided>
              <tags class="set" id="253"/>
              <conceptNameType>FULLY_SPECIFIED</conceptNameType>
              <localePreferred>true</localePreferred>
            </org.openmrs.ConceptName>
          </names>
          <answers class="set" id="254">
            <org.openmrs.ConceptAnswer id="255" uuid="28e10eba-84fe-4ab6-992b-a3f3458d598d">
              <conceptAnswerId>9376</conceptAnswerId>
              <concept reference="246"/>
              <answerConcept reference="125"/>
              <creator/>
              <dateCreated id="256">2015-11-02 22:25:42</dateCreated>
              <sortWeight>2.0</sortWeight>
            </org.openmrs.ConceptAnswer>
            <org.openmrs.ConceptAnswer id="257" uuid="8bf307c4-db05-4967-a049-78940983deed">
              <conceptAnswerId>9377</conceptAnswerId>
              <concept reference="246"/>
              <answerConcept reference="17"/>
              <creator/>
              <dateCreated id="258">2015-11-02 22:25:42</dateCreated>
              <sortWeight>4.0</sortWeight>
            </org.openmrs.ConceptAnswer>
            <org.openmrs.ConceptAnswer id="259" uuid="e65af896-42c0-48ba-96ee-a54952b65087">
              <conceptAnswerId>9378</conceptAnswerId>
              <concept reference="246"/>
              <answerConcept reference="90"/>
              <creator/>
              <dateCreated id="260">2015-11-02 22:25:42</dateCreated>
              <sortWeight>1.0</sortWeight>
            </org.openmrs.ConceptAnswer>
            <org.openmrs.ConceptAnswer id="261" uuid="67777989-6708-47cc-9c7d-127570961757">
              <conceptAnswerId>9379</conceptAnswerId>
              <concept reference="246"/>
              <answerConcept reference="57"/>
              <creator/>
              <dateCreated id="262">2015-11-02 22:25:42</dateCreated>
              <sortWeight>3.0</sortWeight>
            </org.openmrs.ConceptAnswer>
          </answers>
          <conceptSets class="set" id="263"/>
          <descriptions class="set" id="264">
            <org.openmrs.ConceptDescription id="265" uuid="f7ea51e8-2181-4ae6-a707-81c0f3ac37b0">
              <conceptDescriptionId>6967</conceptDescriptionId>
              <concept reference="246"/>
              <description>Indicates if a given feeding method was not administered.</description>
              <locale id="266">en</locale>
              <creator/>
              <dateCreated id="267">2015-11-02 22:25:42</dateCreated>
            </org.openmrs.ConceptDescription>
          </descriptions>
          <conceptMappings class="set" id="268">
            <org.openmrs.ConceptMap id="269" uuid="7828a168-480f-4f60-a371-202e498f3f83">
              <conceptMapType reference="40"/>
              <creator/>
              <dateCreated id="270">2015-11-02 22:25:42</dateCreated>
              <conceptMapId>26054</conceptMapId>
              <concept reference="246"/>
              <conceptReferenceTerm id="271" resolves-to="org.openmrs.ConceptReferenceTerm" uuid="03cd7326-14d9-4abb-b32e-5c96a505294e">
                <creator/>
                <dateCreated id="272">2015-11-02 22:25:06</dateCreated>
                <retired>false</retired>
                <conceptReferenceTermId>25399</conceptReferenceTermId>
                <conceptSource reference="46"/>
                <code>FEEDING METHOD ABSENT</code>
                <conceptReferenceTermMaps id="273"/>
              </conceptReferenceTerm>
            </org.openmrs.ConceptMap>
            <org.openmrs.ConceptMap id="274" uuid="469f45c9-6404-44ab-93d7-9e3b83d8ac27">
              <conceptMapType reference="40"/>
              <creator/>
              <dateCreated id="275">2015-11-02 22:26:33</dateCreated>
              <conceptMapId>26055</conceptMapId>
              <concept reference="246"/>
              <conceptReferenceTerm id="276" resolves-to="org.openmrs.ConceptReferenceTerm" uuid="08fa84da-611a-4d70-a277-a267e49e20ab">
                <creator/>
                <dateCreated id="277">2015-11-02 22:26:05</dateCreated>
                <retired>false</retired>
                <conceptReferenceTermId>25400</conceptReferenceTermId>
                <conceptSource reference="46"/>
                <code>10565</code>
                <conceptReferenceTermMaps id="278"/>
              </conceptReferenceTerm>
            </org.openmrs.ConceptMap>
          </conceptMappings>
        </concept>
        <conceptSet reference="167"/>
        <sortWeight>1.0</sortWeight>
        <creator/>
        <dateCreated id="279">2015-11-02 22:34:13</dateCreated>
      </org.openmrs.ConceptSet>
    </conceptSets>
    <descriptions class="set" id="280">
      <org.openmrs.ConceptDescription id="281" uuid="fd013671-d1af-4611-a435-873b1b2993f5">
        <conceptDescriptionId>6969</conceptDescriptionId>
        <concept reference="167"/>
        <description>Represents different stages in the feeding history of a pediatric patient.</description>
        <locale id="282">en</locale>
        <creator/>
        <dateCreated id="283">2015-11-02 22:34:13</dateCreated>
      </org.openmrs.ConceptDescription>
    </descriptions>
    <conceptMappings class="set" id="284">
      <org.openmrs.ConceptMap id="285" uuid="78e18408-0085-4203-a695-526d488893a9">
        <conceptMapType reference="40"/>
        <creator/>
        <dateCreated id="286">2015-11-02 22:34:14</dateCreated>
        <conceptMapId>26058</conceptMapId>
        <concept reference="167"/>
        <conceptReferenceTerm id="287" resolves-to="org.openmrs.ConceptReferenceTerm" uuid="933f44a2-6a4d-4001-84b1-b2f6b09181f8">
          <creator/>
          <dateCreated id="288">2015-11-02 22:33:58</dateCreated>
          <retired>false</retired>
          <conceptReferenceTermId>25403</conceptReferenceTermId>
          <conceptSource reference="46"/>
          <code>PEDIATRIC FEEDING HISTORY CONSTRUCT</code>
          <conceptReferenceTermMaps id="289"/>
        </conceptReferenceTerm>
      </org.openmrs.ConceptMap>
      <org.openmrs.ConceptMap id="290" uuid="48c1dedd-43e3-461b-9fe2-75330530fdb2">
        <conceptMapType reference="40"/>
        <creator/>
        <dateCreated id="291">2015-11-02 22:34:52</dateCreated>
        <conceptMapId>26059</conceptMapId>
        <concept reference="167"/>
        <conceptReferenceTerm id="292" resolves-to="org.openmrs.ConceptReferenceTerm" uuid="f2bccbaf-1c8f-45d5-9dd9-3c0bad7adedd">
          <creator/>
          <dateCreated id="293">2015-11-02 22:34:29</dateCreated>
          <retired>false</retired>
          <conceptReferenceTermId>25404</conceptReferenceTermId>
          <conceptSource reference="46"/>
          <code>10567</code>
          <conceptReferenceTermMaps id="294"/>
        </conceptReferenceTerm>
      </org.openmrs.ConceptMap>
    </conceptMappings>
  </org.openmrs.Concept>
</list>
