<?xml version="1.0" encoding="UTF-8"?>
<package id="1" uuid="4f912e6d-a3c4-47ad-8dfd-3caaf02dfc49">
  <dateCreated id="2">2013-11-14 19:08:32</dateCreated>
  <name>HUM Disposition Concepts</name>
  <description>Concepts used at HUM related related to Dispostions</description>
  <openmrsVersion>1.9.4 SNAPSHOT Build 7297fb</openmrsVersion>
  <version>11</version>
  <groupUuid>89e68a39-d199-4679-bbf9-f60f0c9ee381</groupUuid>
  <modules id="3">
    <entry>
      <string>uilibrary</string>
      <string>2.0.3.1</string>
    </entry>
    <entry>
      <string>reportingcompatibility</string>
      <string>1.5.4.1</string>
    </entry>
    <entry>
      <string>groovy</string>
      <string>2.2.1</string>
    </entry>
    <entry>
      <string>providermanagement</string>
      <string>1.1.1</string>
    </entry>
    <entry>
      <string>uiframework</string>
      <string>2.4</string>
    </entry>
    <entry>
      <string>validation</string>
      <string>1.0.1</string>
    </entry>
    <entry>
      <string>htmlformentry</string>
      <string>2.1-SNAPSHOT</string>
    </entry>
    <entry>
      <string>htmlformentry19ext</string>
      <string>1.0</string>
    </entry>
    <entry>
      <string>metadatamapping</string>
      <string>1.0.1</string>
    </entry>
    <entry>
      <string>metadatasharing</string>
      <string>1.1.7.1</string>
    </entry>
    <entry>
      <string>logic</string>
      <string>0.5.2</string>
    </entry>
    <entry>
      <string>serialization.xstream</string>
      <string>0.2.7</string>
    </entry>
  </modules>
  <items class="linked-hash-set" id="4">
    <org.openmrs.module.metadatasharing.Item id="5" uuid="164e9e1b-d26c-4a93-9bdf-af1ce4ae8fce">
      <id>8618</id>
      <classname>org.openmrs.Concept</classname>
      <dateChanged id="6">2013-09-18 18:35:44</dateChanged>
      <retired>false</retired>
    </org.openmrs.module.metadatasharing.Item>
  </items>
  <relatedItems class="linked-hash-set" id="7">
    <org.openmrs.module.metadatasharing.Item id="8" uuid="8d4a4c94-c2cc-11de-8d13-0010c6dffd0f">
      <id>4</id>
      <classname>org.openmrs.ConceptDatatype</classname>
      <dateChanged id="9">2004-02-02 05:00:00</dateChanged>
      <retired>false</retired>
    </org.openmrs.module.metadatasharing.Item>
    <org.openmrs.module.metadatasharing.Item id="10" uuid="8d492594-c2cc-11de-8d13-0010c6dffd0f">
      <id>10</id>
      <classname>org.openmrs.ConceptClass</classname>
      <dateChanged id="11">2004-03-02 00:00:00</dateChanged>
      <retired>false</retired>
    </org.openmrs.module.metadatasharing.Item>
    <org.openmrs.module.metadatasharing.Item id="12" uuid="984bd75c-a933-4036-aa67-d166b21d44c5">
      <id>21490</id>
      <classname>org.openmrs.ConceptName</classname>
      <dateChanged id="13">2013-04-26 18:14:35</dateChanged>
    </org.openmrs.module.metadatasharing.Item>
    <org.openmrs.module.metadatasharing.Item id="14" uuid="c52c858e-47e7-4cb3-ac4e-6374b45a3fb2">
      <id>3791</id>
      <classname>org.openmrs.ConceptSet</classname>
      <dateChanged id="15">2013-04-26 18:25:17</dateChanged>
    </org.openmrs.module.metadatasharing.Item>
    <org.openmrs.module.metadatasharing.Item id="16" uuid="c8b22b09-e2f2-4606-af7d-e52579996de3">
      <id>8620</id>
      <classname>org.openmrs.Concept</classname>
      <dateChanged id="17">2013-11-14 19:06:43</dateChanged>
      <retired>false</retired>
    </org.openmrs.module.metadatasharing.Item>
    <org.openmrs.module.metadatasharing.Item id="18" uuid="8d4a48b6-c2cc-11de-8d13-0010c6dffd0f">
      <id>2</id>
      <classname>org.openmrs.ConceptDatatype</classname>
      <dateChanged id="19">2004-02-02 00:00:00</dateChanged>
      <retired>false</retired>
    </org.openmrs.module.metadatasharing.Item>
    <org.openmrs.module.metadatasharing.Item id="20" uuid="8d491e50-c2cc-11de-8d13-0010c6dffd0f">
      <id>7</id>
      <classname>org.openmrs.ConceptClass</classname>
      <dateChanged id="21">2004-03-02 00:00:00</dateChanged>
      <retired>false</retired>
    </org.openmrs.module.metadatasharing.Item>
    <org.openmrs.module.metadatasharing.Item id="22" uuid="20dcbc50-5fb2-400a-a2bb-54ee30c33bf4">
      <id>21493</id>
      <classname>org.openmrs.ConceptName</classname>
      <dateChanged id="23">2013-04-29 18:34:17</dateChanged>
    </org.openmrs.module.metadatasharing.Item>
    <org.openmrs.module.metadatasharing.Item id="24" uuid="88b3cde3-85e2-447e-9791-3633ebfa0a8e">
      <id>21499</id>
      <classname>org.openmrs.ConceptName</classname>
      <dateChanged id="25">2013-04-29 18:34:17</dateChanged>
    </org.openmrs.module.metadatasharing.Item>
    <org.openmrs.module.metadatasharing.Item id="26" uuid="8dec38fc-6255-4c04-8392-2199952c334d">
      <id>8965</id>
      <classname>org.openmrs.ConceptAnswer</classname>
      <dateChanged id="27">2013-04-26 18:24:37</dateChanged>
    </org.openmrs.module.metadatasharing.Item>
    <org.openmrs.module.metadatasharing.Item id="28" uuid="987be8c8-6a5a-11e2-b6f9-aa00f871a3e1">
      <id>7889</id>
      <classname>org.openmrs.Concept</classname>
      <dateChanged id="29">2013-05-23 21:11:22</dateChanged>
      <retired>false</retired>
    </org.openmrs.module.metadatasharing.Item>
    <org.openmrs.module.metadatasharing.Item id="30" uuid="8d492774-c2cc-11de-8d13-0010c6dffd0f">
      <id>11</id>
      <classname>org.openmrs.ConceptClass</classname>
      <dateChanged id="31">2004-03-02 05:00:00</dateChanged>
      <retired>false</retired>
    </org.openmrs.module.metadatasharing.Item>
    <org.openmrs.module.metadatasharing.Item id="32" uuid="f358b82d-631b-49b4-be8e-577d345de149">
      <id>22386</id>
      <classname>org.openmrs.ConceptName</classname>
      <dateChanged id="33">2013-05-23 21:11:22</dateChanged>
    </org.openmrs.module.metadatasharing.Item>
    <org.openmrs.module.metadatasharing.Item id="34" uuid="cd429b94-7bb0-4edd-a746-f83f682729ee">
      <id>22346</id>
      <classname>org.openmrs.ConceptName</classname>
      <dateChanged id="35">2013-05-16 19:44:07</dateChanged>
    </org.openmrs.module.metadatasharing.Item>
    <org.openmrs.module.metadatasharing.Item id="36" uuid="e9c2ec47-737e-4a29-bf41-0156241d6c8b">
      <id>22347</id>
      <classname>org.openmrs.ConceptName</classname>
      <dateChanged id="37">2013-05-23 21:11:22</dateChanged>
    </org.openmrs.module.metadatasharing.Item>
    <org.openmrs.module.metadatasharing.Item id="38" uuid="9880d702-6a5a-11e2-b6f9-aa00f871a3e1">
      <id>17916</id>
      <classname>org.openmrs.ConceptName</classname>
      <dateChanged id="39">2013-01-29 21:26:51</dateChanged>
    </org.openmrs.module.metadatasharing.Item>
    <org.openmrs.module.metadatasharing.Item id="40" uuid="988417fa-6a5a-11e2-b6f9-aa00f871a3e1">
      <id>14682</id>
      <classname>org.openmrs.ConceptMap</classname>
      <dateChanged id="41">2013-01-29 21:26:51</dateChanged>
    </org.openmrs.module.metadatasharing.Item>
    <org.openmrs.module.metadatasharing.Item id="42" uuid="35543629-7d8c-11e1-909d-c80aa9edcf4e">
      <id>1</id>
      <classname>org.openmrs.ConceptMapType</classname>
      <dateChanged id="43">2012-06-21 00:00:00</dateChanged>
      <retired>false</retired>
    </org.openmrs.module.metadatasharing.Item>
    <org.openmrs.module.metadatasharing.Item id="44" uuid="9883f7c0-6a5a-11e2-b6f9-aa00f871a3e1">
      <id>14785</id>
      <classname>org.openmrs.ConceptReferenceTerm</classname>
      <dateChanged id="45">2013-01-29 21:26:51</dateChanged>
      <retired>false</retired>
    </org.openmrs.module.metadatasharing.Item>
    <org.openmrs.module.metadatasharing.Item id="46" uuid="fb9aaaf1-65e2-4c18-b53c-16b575f2f385">
      <id>5</id>
      <classname>org.openmrs.ConceptSource</classname>
      <dateChanged id="47">2010-11-23 13:56:26</dateChanged>
      <retired>false</retired>
    </org.openmrs.module.metadatasharing.Item>
    <org.openmrs.module.metadatasharing.Item id="48" uuid="98843e1a-6a5a-11e2-b6f9-aa00f871a3e1">
      <id>14683</id>
      <classname>org.openmrs.ConceptMap</classname>
      <dateChanged id="49">2013-01-29 21:26:51</dateChanged>
    </org.openmrs.module.metadatasharing.Item>
    <org.openmrs.module.metadatasharing.Item id="50" uuid="98842bb4-6a5a-11e2-b6f9-aa00f871a3e1">
      <id>14786</id>
      <classname>org.openmrs.ConceptReferenceTerm</classname>
      <dateChanged id="51">2013-01-29 21:26:51</dateChanged>
      <retired>false</retired>
    </org.openmrs.module.metadatasharing.Item>
    <org.openmrs.module.metadatasharing.Item id="52" uuid="7a42e3b5-916d-427c-ace6-1c87307cdd3c">
      <id>8966</id>
      <classname>org.openmrs.ConceptAnswer</classname>
      <dateChanged id="53">2013-04-26 18:24:37</dateChanged>
    </org.openmrs.module.metadatasharing.Item>
    <org.openmrs.module.metadatasharing.Item id="54" uuid="dd050085-ef34-4318-9423-c4ed666ac372">
      <id>8617</id>
      <classname>org.openmrs.Concept</classname>
      <dateChanged id="55">2013-08-05 20:47:48</dateChanged>
      <retired>false</retired>
    </org.openmrs.module.metadatasharing.Item>
    <org.openmrs.module.metadatasharing.Item id="56" uuid="11144f4c-037d-4811-aa15-1a0ca304a33a">
      <id>21488</id>
      <classname>org.openmrs.ConceptName</classname>
      <dateChanged id="57">2013-04-29 18:47:54</dateChanged>
    </org.openmrs.module.metadatasharing.Item>
    <org.openmrs.module.metadatasharing.Item id="58" uuid="900a0fe7-ecd5-4ebe-9e87-deb26fd1c944">
      <id>22376</id>
      <classname>org.openmrs.ConceptName</classname>
      <dateChanged id="59">2013-05-23 21:12:02</dateChanged>
    </org.openmrs.module.metadatasharing.Item>
    <org.openmrs.module.metadatasharing.Item id="60" uuid="575d5657-c41f-44e1-b9ed-5c49c5f0e665">
      <id>23500</id>
      <classname>org.openmrs.ConceptName</classname>
      <dateChanged id="61">2013-08-05 20:47:48</dateChanged>
    </org.openmrs.module.metadatasharing.Item>
    <org.openmrs.module.metadatasharing.Item id="62" uuid="f160fe57-3ee7-44ac-9e63-bd1e3882ff5e">
      <id>22377</id>
      <classname>org.openmrs.ConceptName</classname>
      <dateChanged id="63">2013-07-12 19:16:37</dateChanged>
    </org.openmrs.module.metadatasharing.Item>
    <org.openmrs.module.metadatasharing.Item id="64" uuid="82bbc38c-ba30-417d-a00b-95f12daee419">
      <id>22709</id>
      <classname>org.openmrs.ConceptName</classname>
      <dateChanged id="65">2013-07-12 19:16:37</dateChanged>
    </org.openmrs.module.metadatasharing.Item>
    <org.openmrs.module.metadatasharing.Item id="66" uuid="273acdcf-503c-484d-8f33-90e6e50d2c6a">
      <id>21501</id>
      <classname>org.openmrs.ConceptName</classname>
      <dateChanged id="67">2013-04-29 18:49:41</dateChanged>
    </org.openmrs.module.metadatasharing.Item>
    <org.openmrs.module.metadatasharing.Item id="68" uuid="84e6e0bb-1bcf-4b03-8fe1-12f7faa4590a">
      <id>22711</id>
      <classname>org.openmrs.ConceptName</classname>
      <dateChanged id="69">2013-07-12 19:17:36</dateChanged>
    </org.openmrs.module.metadatasharing.Item>
    <org.openmrs.module.metadatasharing.Item id="70" uuid="afb52e48-7537-4c40-b578-b59af7d027cf">
      <id>21487</id>
      <classname>org.openmrs.ConceptName</classname>
      <dateChanged id="71">2013-04-25 23:19:41</dateChanged>
    </org.openmrs.module.metadatasharing.Item>
    <org.openmrs.module.metadatasharing.Item id="72" uuid="1fb25446-3127-42f6-8e56-a08d1ab8c9cd">
      <id>21485</id>
      <classname>org.openmrs.ConceptName</classname>
      <dateChanged id="73">2013-04-29 18:49:41</dateChanged>
    </org.openmrs.module.metadatasharing.Item>
    <org.openmrs.module.metadatasharing.Item id="74" uuid="932b83bc-e5a5-4c1e-8081-e3c1c73c16c4">
      <id>22387</id>
      <classname>org.openmrs.ConceptName</classname>
      <dateChanged id="75">2013-07-12 19:17:36</dateChanged>
    </org.openmrs.module.metadatasharing.Item>
    <org.openmrs.module.metadatasharing.Item id="76" uuid="f34b24a2-b971-4e1e-9e79-417145f5ccd8">
      <id>23501</id>
      <classname>org.openmrs.ConceptName</classname>
      <dateChanged id="77">2013-08-05 20:47:48</dateChanged>
    </org.openmrs.module.metadatasharing.Item>
    <org.openmrs.module.metadatasharing.Item id="78" uuid="a4e85748-b481-40c4-86d3-40fdbdf3ee42">
      <id>22708</id>
      <classname>org.openmrs.ConceptName</classname>
      <dateChanged id="79">2013-07-12 19:16:37</dateChanged>
    </org.openmrs.module.metadatasharing.Item>
    <org.openmrs.module.metadatasharing.Item id="80" uuid="1234f11c-fb92-4364-8e01-67e8ab701fde">
      <id>22824</id>
      <classname>org.openmrs.ConceptName</classname>
      <dateChanged id="81">2013-07-12 19:37:16</dateChanged>
    </org.openmrs.module.metadatasharing.Item>
    <org.openmrs.module.metadatasharing.Item id="82" uuid="ceefea8f-7ea5-4bf6-8942-ce92ca92d6ea">
      <id>21486</id>
      <classname>org.openmrs.ConceptName</classname>
      <dateChanged id="83">2013-04-25 23:12:52</dateChanged>
    </org.openmrs.module.metadatasharing.Item>
    <org.openmrs.module.metadatasharing.Item id="84" uuid="39b99206-9a09-416d-b4cd-11cea4833696">
      <id>22713</id>
      <classname>org.openmrs.ConceptName</classname>
      <dateChanged id="85">2013-07-12 19:37:16</dateChanged>
    </org.openmrs.module.metadatasharing.Item>
    <org.openmrs.module.metadatasharing.Item id="86" uuid="2414eb40-f8d9-4d98-9421-bfaeaae167d0">
      <id>22712</id>
      <classname>org.openmrs.ConceptName</classname>
      <dateChanged id="87">2013-07-12 19:19:39</dateChanged>
    </org.openmrs.module.metadatasharing.Item>
    <org.openmrs.module.metadatasharing.Item id="88" uuid="6aaaccb3-97d8-4433-98eb-7bb54780bbab">
      <id>21500</id>
      <classname>org.openmrs.ConceptName</classname>
      <dateChanged id="89">2013-04-29 18:49:41</dateChanged>
    </org.openmrs.module.metadatasharing.Item>
    <org.openmrs.module.metadatasharing.Item id="90" uuid="80ecc07e-111c-4141-b9f4-da183551187f">
      <id>23502</id>
      <classname>org.openmrs.ConceptName</classname>
      <dateChanged id="91">2013-08-05 20:47:48</dateChanged>
    </org.openmrs.module.metadatasharing.Item>
    <org.openmrs.module.metadatasharing.Item id="92" uuid="3b79af93-2323-41c4-a31f-d00b1c6a54de">
      <id>22714</id>
      <classname>org.openmrs.ConceptName</classname>
      <dateChanged id="93">2013-07-12 19:19:39</dateChanged>
    </org.openmrs.module.metadatasharing.Item>
    <org.openmrs.module.metadatasharing.Item id="94" uuid="578baa6e-8399-4dc5-ac26-e0303a9028db">
      <id>22715</id>
      <classname>org.openmrs.ConceptName</classname>
      <dateChanged id="95">2013-07-12 19:19:39</dateChanged>
    </org.openmrs.module.metadatasharing.Item>
    <org.openmrs.module.metadatasharing.Item id="96" uuid="57e388b6-95fd-41a1-a244-a2c8707d60e2">
      <id>21502</id>
      <classname>org.openmrs.ConceptName</classname>
      <dateChanged id="97">2013-04-29 18:49:41</dateChanged>
    </org.openmrs.module.metadatasharing.Item>
    <org.openmrs.module.metadatasharing.Item id="98" uuid="27cb50e3-9dda-476e-a741-9780489bd600">
      <id>22710</id>
      <classname>org.openmrs.ConceptName</classname>
      <dateChanged id="99">2013-07-12 19:17:36</dateChanged>
    </org.openmrs.module.metadatasharing.Item>
    <org.openmrs.module.metadatasharing.Item id="100" uuid="1c13e522-61f5-4b3d-a688-988650a0fc30">
      <id>6296</id>
      <classname>org.openmrs.ConceptDescription</classname>
      <dateChanged id="101">2013-04-29 19:22:31</dateChanged>
    </org.openmrs.module.metadatasharing.Item>
    <org.openmrs.module.metadatasharing.Item id="102" uuid="e379e181-7b30-4b8a-a09d-9dad57c1fc9b">
      <id>17642</id>
      <classname>org.openmrs.ConceptMap</classname>
      <dateChanged id="103">2013-04-29 19:14:08</dateChanged>
    </org.openmrs.module.metadatasharing.Item>
    <org.openmrs.module.metadatasharing.Item id="104" uuid="f164487b-5e74-43af-846c-5e2488750f56">
      <id>17604</id>
      <classname>org.openmrs.ConceptReferenceTerm</classname>
      <dateChanged id="105">2013-04-29 19:13:50</dateChanged>
      <retired>false</retired>
    </org.openmrs.module.metadatasharing.Item>
    <org.openmrs.module.metadatasharing.Item id="106" uuid="376eabd0-bb0a-4f1f-8963-1c99d75aa244">
      <id>17626</id>
      <classname>org.openmrs.ConceptMap</classname>
      <dateChanged id="107">2013-04-25 23:12:52</dateChanged>
    </org.openmrs.module.metadatasharing.Item>
    <org.openmrs.module.metadatasharing.Item id="108" uuid="462399c0-c29e-4c81-8bcf-49b999b3dc54">
      <id>17588</id>
      <classname>org.openmrs.ConceptReferenceTerm</classname>
      <dateChanged id="109">2013-04-25 23:11:14</dateChanged>
      <retired>false</retired>
    </org.openmrs.module.metadatasharing.Item>
    <org.openmrs.module.metadatasharing.Item id="110" uuid="b67e9b15-dcb7-452a-82fa-f77bbc37e87d">
      <id>8964</id>
      <classname>org.openmrs.ConceptAnswer</classname>
      <dateChanged id="111">2013-04-26 18:24:37</dateChanged>
    </org.openmrs.module.metadatasharing.Item>
    <org.openmrs.module.metadatasharing.Item id="112" uuid="d96d995a-c4e1-4217-b8e4-e1497f62e12d">
      <id>8619</id>
      <classname>org.openmrs.Concept</classname>
      <dateChanged id="113">2013-05-23 19:26:15</dateChanged>
      <retired>false</retired>
    </org.openmrs.module.metadatasharing.Item>
    <org.openmrs.module.metadatasharing.Item id="114" uuid="51f65726-eedc-4d57-bdee-c2aa138d58a2">
      <id>22374</id>
      <classname>org.openmrs.ConceptName</classname>
      <dateChanged id="115">2013-05-23 19:26:15</dateChanged>
    </org.openmrs.module.metadatasharing.Item>
    <org.openmrs.module.metadatasharing.Item id="116" uuid="21734439-e967-4a0a-ba9c-e6f1b86442f8">
      <id>22370</id>
      <classname>org.openmrs.ConceptName</classname>
      <dateChanged id="117">2013-05-23 19:25:47</dateChanged>
    </org.openmrs.module.metadatasharing.Item>
    <org.openmrs.module.metadatasharing.Item id="118" uuid="e6b500c4-9881-425e-9bd3-322a0877d012">
      <id>22375</id>
      <classname>org.openmrs.ConceptName</classname>
      <dateChanged id="119">2013-05-23 19:26:15</dateChanged>
    </org.openmrs.module.metadatasharing.Item>
    <org.openmrs.module.metadatasharing.Item id="120" uuid="b5046734-b3ed-40a3-9289-c14895d88c1b">
      <id>22371</id>
      <classname>org.openmrs.ConceptName</classname>
      <dateChanged id="121">2013-05-23 19:26:15</dateChanged>
    </org.openmrs.module.metadatasharing.Item>
    <org.openmrs.module.metadatasharing.Item id="122" uuid="db986e4c-60e3-4d27-b52a-bfaca5b9631b">
      <id>21491</id>
      <classname>org.openmrs.ConceptName</classname>
      <dateChanged id="123">2013-04-26 18:22:48</dateChanged>
    </org.openmrs.module.metadatasharing.Item>
    <org.openmrs.module.metadatasharing.Item id="124" uuid="46f8bd68-5faa-476d-8606-9388542fdfe1">
      <id>21492</id>
      <classname>org.openmrs.ConceptName</classname>
      <dateChanged id="125">2013-04-26 18:22:48</dateChanged>
    </org.openmrs.module.metadatasharing.Item>
    <org.openmrs.module.metadatasharing.Item id="126" uuid="7e3ba966-b838-4952-92bb-f9787d102ec7">
      <id>22373</id>
      <classname>org.openmrs.ConceptName</classname>
      <dateChanged id="127">2013-05-23 19:25:47</dateChanged>
    </org.openmrs.module.metadatasharing.Item>
    <org.openmrs.module.metadatasharing.Item id="128" uuid="ef63fb8b-b552-4efe-b742-52ea1984649f">
      <id>22372</id>
      <classname>org.openmrs.ConceptName</classname>
      <dateChanged id="129">2013-05-23 19:25:47</dateChanged>
    </org.openmrs.module.metadatasharing.Item>
    <org.openmrs.module.metadatasharing.Item id="130" uuid="e52b96f9-feac-4135-9af8-7c2167b1cde8">
      <id>6298</id>
      <classname>org.openmrs.ConceptDescription</classname>
      <dateChanged id="131">2013-04-26 18:22:48</dateChanged>
    </org.openmrs.module.metadatasharing.Item>
    <org.openmrs.module.metadatasharing.Item id="132" uuid="8b70ebcf-6643-457a-97b1-242463ac949f">
      <id>17630</id>
      <classname>org.openmrs.ConceptMap</classname>
      <dateChanged id="133">2013-04-26 18:23:30</dateChanged>
    </org.openmrs.module.metadatasharing.Item>
    <org.openmrs.module.metadatasharing.Item id="134" uuid="165a9007-8414-4bed-9ed3-cb30ad0d4053">
      <id>17591</id>
      <classname>org.openmrs.ConceptReferenceTerm</classname>
      <dateChanged id="135">2013-04-26 18:23:11</dateChanged>
      <retired>false</retired>
    </org.openmrs.module.metadatasharing.Item>
    <org.openmrs.module.metadatasharing.Item id="136" uuid="54c36a6b-412c-42f5-a1bf-bcf9dab4997f">
      <id>17629</id>
      <classname>org.openmrs.ConceptMap</classname>
      <dateChanged id="137">2013-04-26 18:22:48</dateChanged>
    </org.openmrs.module.metadatasharing.Item>
    <org.openmrs.module.metadatasharing.Item id="138" uuid="377a0b9e-f0d9-333b-8558-485f74685bc8">
      <id>11588</id>
      <classname>org.openmrs.ConceptReferenceTerm</classname>
      <dateChanged id="139">2010-12-06 00:00:00</dateChanged>
      <retired>false</retired>
    </org.openmrs.module.metadatasharing.Item>
    <org.openmrs.module.metadatasharing.Item id="140" uuid="c467befa-153d-49a5-8710-ea9662c3a79c">
      <id>8979</id>
      <classname>org.openmrs.ConceptAnswer</classname>
      <dateChanged id="141">2013-04-29 19:27:41</dateChanged>
    </org.openmrs.module.metadatasharing.Item>
    <org.openmrs.module.metadatasharing.Item id="142" uuid="1ac1bb08-b855-46fa-abf5-d3c420ff915c">
      <id>8624</id>
      <classname>org.openmrs.Concept</classname>
      <dateChanged id="143">2013-05-23 19:28:34</dateChanged>
      <retired>false</retired>
    </org.openmrs.module.metadatasharing.Item>
    <org.openmrs.module.metadatasharing.Item id="144" uuid="06124b29-3cbc-4039-a465-d47d13e381af">
      <id>22378</id>
      <classname>org.openmrs.ConceptName</classname>
      <dateChanged id="145">2013-05-23 19:28:34</dateChanged>
    </org.openmrs.module.metadatasharing.Item>
    <org.openmrs.module.metadatasharing.Item id="146" uuid="cd4c239b-fb46-492b-9517-a3e4cc0e7de2">
      <id>22379</id>
      <classname>org.openmrs.ConceptName</classname>
      <dateChanged id="147">2013-05-23 19:28:34</dateChanged>
    </org.openmrs.module.metadatasharing.Item>
    <org.openmrs.module.metadatasharing.Item id="148" uuid="90464c2d-e621-40f2-98e1-8f5db69021a1">
      <id>21504</id>
      <classname>org.openmrs.ConceptName</classname>
      <dateChanged id="149">2013-04-29 19:27:09</dateChanged>
    </org.openmrs.module.metadatasharing.Item>
    <org.openmrs.module.metadatasharing.Item id="150" uuid="32434ae7-7cd4-4d56-b775-ca42757a5114">
      <id>6302</id>
      <classname>org.openmrs.ConceptDescription</classname>
      <dateChanged id="151">2013-04-29 19:27:09</dateChanged>
    </org.openmrs.module.metadatasharing.Item>
    <org.openmrs.module.metadatasharing.Item id="152" uuid="8b50afc6-72ba-4cbc-9c92-b3f9620f9217">
      <id>17645</id>
      <classname>org.openmrs.ConceptMap</classname>
      <dateChanged id="153">2013-04-29 19:27:09</dateChanged>
    </org.openmrs.module.metadatasharing.Item>
    <org.openmrs.module.metadatasharing.Item id="154" uuid="5ad2f74e-23b9-4a02-a9d4-11777f4c257f">
      <id>17607</id>
      <classname>org.openmrs.ConceptReferenceTerm</classname>
      <dateChanged id="155">2013-04-29 19:25:39</dateChanged>
      <retired>false</retired>
    </org.openmrs.module.metadatasharing.Item>
    <org.openmrs.module.metadatasharing.Item id="156" uuid="e46df621-abef-4596-8abd-7ac405321cac">
      <id>17646</id>
      <classname>org.openmrs.ConceptMap</classname>
      <dateChanged id="157">2013-04-29 19:27:09</dateChanged>
    </org.openmrs.module.metadatasharing.Item>
    <org.openmrs.module.metadatasharing.Item id="158" uuid="4d961266-6469-4654-892f-efa0f7486652">
      <id>17608</id>
      <classname>org.openmrs.ConceptReferenceTerm</classname>
      <dateChanged id="159">2013-04-29 19:26:12</dateChanged>
      <retired>false</retired>
    </org.openmrs.module.metadatasharing.Item>
    <org.openmrs.module.metadatasharing.Item id="160" uuid="14caaac1-5159-4626-9135-2bef4e60845b">
      <id>8980</id>
      <classname>org.openmrs.ConceptAnswer</classname>
      <dateChanged id="161">2013-04-29 19:27:41</dateChanged>
    </org.openmrs.module.metadatasharing.Item>
    <org.openmrs.module.metadatasharing.Item id="162" uuid="0de2ced1-8ab5-47b9-ba24-24bf2c78dbf0">
      <id>8623</id>
      <classname>org.openmrs.Concept</classname>
      <dateChanged id="163">2013-05-23 20:51:43</dateChanged>
      <retired>false</retired>
    </org.openmrs.module.metadatasharing.Item>
    <org.openmrs.module.metadatasharing.Item id="164" uuid="f8341563-00b0-42c3-9a43-9771fc0f0bdf">
      <id>22385</id>
      <classname>org.openmrs.ConceptName</classname>
      <dateChanged id="165">2013-05-23 20:51:43</dateChanged>
    </org.openmrs.module.metadatasharing.Item>
    <org.openmrs.module.metadatasharing.Item id="166" uuid="4e44b278-da1b-4f42-8cd5-b08dbdae7491">
      <id>22345</id>
      <classname>org.openmrs.ConceptName</classname>
      <dateChanged id="167">2013-05-23 20:51:43</dateChanged>
    </org.openmrs.module.metadatasharing.Item>
    <org.openmrs.module.metadatasharing.Item id="168" uuid="901aaf4c-1508-4761-846e-1aa0e195e3f5">
      <id>22384</id>
      <classname>org.openmrs.ConceptName</classname>
      <dateChanged id="169">2013-05-23 20:51:43</dateChanged>
    </org.openmrs.module.metadatasharing.Item>
    <org.openmrs.module.metadatasharing.Item id="170" uuid="b9a7ddcd-6aff-4384-ba51-72ca142433e9">
      <id>21503</id>
      <classname>org.openmrs.ConceptName</classname>
      <dateChanged id="171">2013-04-29 19:25:13</dateChanged>
    </org.openmrs.module.metadatasharing.Item>
    <org.openmrs.module.metadatasharing.Item id="172" uuid="e3b112d3-fbe5-4ace-bad7-2188158c4140">
      <id>6301</id>
      <classname>org.openmrs.ConceptDescription</classname>
      <dateChanged id="173">2013-04-29 19:25:13</dateChanged>
    </org.openmrs.module.metadatasharing.Item>
    <org.openmrs.module.metadatasharing.Item id="174" uuid="8bf6d0f9-9457-4118-afa8-605bbdc7d2cd">
      <id>17643</id>
      <classname>org.openmrs.ConceptMap</classname>
      <dateChanged id="175">2013-04-29 19:25:13</dateChanged>
    </org.openmrs.module.metadatasharing.Item>
    <org.openmrs.module.metadatasharing.Item id="176" uuid="070d4ab8-1e37-41f1-a20f-2736e6fd87e2">
      <id>17605</id>
      <classname>org.openmrs.ConceptReferenceTerm</classname>
      <dateChanged id="177">2013-04-29 19:25:02</dateChanged>
      <retired>false</retired>
    </org.openmrs.module.metadatasharing.Item>
    <org.openmrs.module.metadatasharing.Item id="178" uuid="e0ceff29-7135-42f5-bbdc-a5bc3a1fb4f4">
      <id>17644</id>
      <classname>org.openmrs.ConceptMap</classname>
      <dateChanged id="179">2013-04-29 19:26:22</dateChanged>
    </org.openmrs.module.metadatasharing.Item>
    <org.openmrs.module.metadatasharing.Item id="180" uuid="d721e60c-5322-4167-9a3e-6972f65b69f8">
      <id>17606</id>
      <classname>org.openmrs.ConceptReferenceTerm</classname>
      <dateChanged id="181">2013-04-29 19:25:31</dateChanged>
      <retired>false</retired>
    </org.openmrs.module.metadatasharing.Item>
    <org.openmrs.module.metadatasharing.Item id="182" uuid="61098815-800f-48c7-92fc-50d7c85f1a45">
      <id>8994</id>
      <classname>org.openmrs.ConceptAnswer</classname>
      <dateChanged id="183">2013-05-13 23:37:28</dateChanged>
    </org.openmrs.module.metadatasharing.Item>
    <org.openmrs.module.metadatasharing.Item id="184" uuid="08e2f19f-9e69-4d92-bc43-abcac12a2032">
      <id>8858</id>
      <classname>org.openmrs.Concept</classname>
      <dateChanged id="185">2013-05-16 19:49:57</dateChanged>
      <retired>false</retired>
    </org.openmrs.module.metadatasharing.Item>
    <org.openmrs.module.metadatasharing.Item id="186" uuid="63bcb78e-eb81-4f61-b13a-f152fd31fd4d">
      <id>22348</id>
      <classname>org.openmrs.ConceptName</classname>
      <dateChanged id="187">2013-05-16 19:49:57</dateChanged>
    </org.openmrs.module.metadatasharing.Item>
    <org.openmrs.module.metadatasharing.Item id="188" uuid="8df30d05-6d4a-4f42-a89e-e96ca9c81485">
      <id>22339</id>
      <classname>org.openmrs.ConceptName</classname>
      <dateChanged id="189">2013-05-13 23:37:00</dateChanged>
    </org.openmrs.module.metadatasharing.Item>
    <org.openmrs.module.metadatasharing.Item id="190" uuid="b5b7a14e-1199-437a-ae3c-a318daa0f290">
      <id>22337</id>
      <classname>org.openmrs.ConceptName</classname>
      <dateChanged id="191">2013-05-13 23:36:48</dateChanged>
    </org.openmrs.module.metadatasharing.Item>
    <org.openmrs.module.metadatasharing.Item id="192" uuid="a8170150-11b6-4b72-b09c-3fcd84d26dd4">
      <id>22349</id>
      <classname>org.openmrs.ConceptName</classname>
      <dateChanged id="193">2013-05-16 19:49:57</dateChanged>
    </org.openmrs.module.metadatasharing.Item>
    <org.openmrs.module.metadatasharing.Item id="194" uuid="dbcf378b-25e4-497d-bd6e-65f481862331">
      <id>22338</id>
      <classname>org.openmrs.ConceptName</classname>
      <dateChanged id="195">2013-05-13 23:36:48</dateChanged>
    </org.openmrs.module.metadatasharing.Item>
    <org.openmrs.module.metadatasharing.Item id="196" uuid="c7536214-bad4-4a34-8f20-dfab71aa8448">
      <id>6310</id>
      <classname>org.openmrs.ConceptDescription</classname>
      <dateChanged id="197">2013-05-13 23:36:48</dateChanged>
    </org.openmrs.module.metadatasharing.Item>
    <org.openmrs.module.metadatasharing.Item id="198" uuid="41df6c77-e852-46fc-aff2-5c404bacb580">
      <id>18117</id>
      <classname>org.openmrs.ConceptMap</classname>
      <dateChanged id="199">2013-05-13 23:36:48</dateChanged>
    </org.openmrs.module.metadatasharing.Item>
    <org.openmrs.module.metadatasharing.Item id="200" uuid="563db9ae-2879-40ed-9b21-4056a6b6037d">
      <id>18077</id>
      <classname>org.openmrs.ConceptReferenceTerm</classname>
      <dateChanged id="201">2013-05-13 23:36:29</dateChanged>
      <retired>false</retired>
    </org.openmrs.module.metadatasharing.Item>
    <org.openmrs.module.metadatasharing.Item id="202" uuid="15e0b264-6142-4562-967f-5293621fdb29">
      <id>18118</id>
      <classname>org.openmrs.ConceptMap</classname>
      <dateChanged id="203">2013-05-13 23:36:48</dateChanged>
    </org.openmrs.module.metadatasharing.Item>
    <org.openmrs.module.metadatasharing.Item id="204" uuid="934cd5d0-9243-488f-ac70-ef1a30f3ff94">
      <id>18076</id>
      <classname>org.openmrs.ConceptReferenceTerm</classname>
      <dateChanged id="205">2013-05-13 23:36:20</dateChanged>
      <retired>false</retired>
    </org.openmrs.module.metadatasharing.Item>
    <org.openmrs.module.metadatasharing.Item id="206" uuid="256817d5-a5c5-4794-b902-76eae873f8ef">
      <id>8995</id>
      <classname>org.openmrs.ConceptAnswer</classname>
      <dateChanged id="207">2013-05-14 16:27:40</dateChanged>
    </org.openmrs.module.metadatasharing.Item>
    <org.openmrs.module.metadatasharing.Item id="208" uuid="6c047a20-c2bf-43ef-9e88-6da7b17e8c1a">
      <id>3799</id>
      <classname>org.openmrs.Concept</classname>
      <dateChanged id="209">2013-05-23 21:14:49</dateChanged>
      <retired>false</retired>
    </org.openmrs.module.metadatasharing.Item>
    <org.openmrs.module.metadatasharing.Item id="210" uuid="4f12edd7-e516-493b-bc21-da1a9d29873f">
      <id>22388</id>
      <classname>org.openmrs.ConceptName</classname>
      <dateChanged id="211">2013-05-23 21:14:49</dateChanged>
    </org.openmrs.module.metadatasharing.Item>
    <org.openmrs.module.metadatasharing.Item id="212" uuid="f72fadb0-d5db-102d-ad2a-000c29c2a5d7">
      <id>13309</id>
      <classname>org.openmrs.ConceptName</classname>
      <dateChanged id="213">2010-06-29 13:04:49</dateChanged>
    </org.openmrs.module.metadatasharing.Item>
    <org.openmrs.module.metadatasharing.Item id="214" uuid="b1e494ef-4779-4262-bc42-56a79c39303c">
      <id>5375</id>
      <classname>org.openmrs.ConceptName</classname>
      <dateChanged id="215">2008-12-27 14:45:21</dateChanged>
    </org.openmrs.module.metadatasharing.Item>
    <org.openmrs.module.metadatasharing.Item id="216" uuid="122a523c-cbec-4283-991f-858f44ffccca">
      <id>22325</id>
      <classname>org.openmrs.ConceptName</classname>
      <dateChanged id="217">2013-05-13 21:40:39</dateChanged>
    </org.openmrs.module.metadatasharing.Item>
    <org.openmrs.module.metadatasharing.Item id="218" uuid="444c80e5-755f-4b4b-af90-175895b2d609">
      <id>22380</id>
      <classname>org.openmrs.ConceptName</classname>
      <dateChanged id="219">2013-05-23 21:14:49</dateChanged>
    </org.openmrs.module.metadatasharing.Item>
    <org.openmrs.module.metadatasharing.Item id="220" uuid="acdcc1d2-7414-4337-890e-c8ccbccda41a">
      <id>22381</id>
      <classname>org.openmrs.ConceptName</classname>
      <dateChanged id="221">2013-05-23 19:30:01</dateChanged>
    </org.openmrs.module.metadatasharing.Item>
    <org.openmrs.module.metadatasharing.Item id="222" uuid="7d29309b-faaa-4767-83e6-6c75117fc569">
      <id>4656</id>
      <classname>org.openmrs.ConceptDescription</classname>
      <dateChanged id="223">2013-05-13 21:40:04</dateChanged>
    </org.openmrs.module.metadatasharing.Item>
    <org.openmrs.module.metadatasharing.Item id="224" uuid="75a1a11e-4943-102e-96e9-000c29c2a5d7">
      <id>9582</id>
      <classname>org.openmrs.ConceptMap</classname>
      <dateChanged id="225">2012-06-21 16:49:52</dateChanged>
    </org.openmrs.module.metadatasharing.Item>
    <org.openmrs.module.metadatasharing.Item id="226" uuid="1cd4efee-ca66-3486-897e-ffcb9e5a7690">
      <id>9582</id>
      <classname>org.openmrs.ConceptReferenceTerm</classname>
      <dateChanged id="227">2010-11-24 00:00:00</dateChanged>
      <retired>false</retired>
    </org.openmrs.module.metadatasharing.Item>
    <org.openmrs.module.metadatasharing.Item id="228" uuid="b260d122-4864-102e-96e9-000c29c2a5d7">
      <id>3801</id>
      <classname>org.openmrs.ConceptMap</classname>
      <dateChanged id="229">2012-06-21 16:49:52</dateChanged>
    </org.openmrs.module.metadatasharing.Item>
    <org.openmrs.module.metadatasharing.Item id="230" uuid="4c21ebb9-6949-352d-93ef-f14766ef3bb2">
      <id>3801</id>
      <classname>org.openmrs.ConceptReferenceTerm</classname>
      <dateChanged id="231">2010-11-23 00:00:00</dateChanged>
      <retired>false</retired>
    </org.openmrs.module.metadatasharing.Item>
    <org.openmrs.module.metadatasharing.Item id="232" uuid="74d746e6-ba60-4623-a25f-021547616fad">
      <id>8999</id>
      <classname>org.openmrs.ConceptAnswer</classname>
      <dateChanged id="233">2013-05-17 01:17:18</dateChanged>
    </org.openmrs.module.metadatasharing.Item>
    <org.openmrs.module.metadatasharing.Item id="234" uuid="6340fd67-facb-4a6c-a9d9-f629c9e53053">
      <id>3626</id>
      <classname>org.openmrs.Concept</classname>
      <dateChanged id="235">2013-05-28 15:10:35</dateChanged>
      <retired>false</retired>
    </org.openmrs.module.metadatasharing.Item>
    <org.openmrs.module.metadatasharing.Item id="236" uuid="3d7297ae-26fe-102b-80cb-0017a47871b2">
      <id>18</id>
      <classname>org.openmrs.ConceptClass</classname>
      <dateChanged id="237">2006-08-16 02:04:43</dateChanged>
      <retired>false</retired>
    </org.openmrs.module.metadatasharing.Item>
    <org.openmrs.module.metadatasharing.Item id="238" uuid="0b780dfa-15f5-102d-96e4-000c29c2a5d7">
      <id>4981</id>
      <classname>org.openmrs.ConceptName</classname>
      <dateChanged id="239">2008-09-17 15:26:05</dateChanged>
    </org.openmrs.module.metadatasharing.Item>
    <org.openmrs.module.metadatasharing.Item id="240" uuid="caf78656-07b9-43a4-8625-d9501a094347">
      <id>22405</id>
      <classname>org.openmrs.ConceptName</classname>
      <dateChanged id="241">2013-05-28 15:10:35</dateChanged>
    </org.openmrs.module.metadatasharing.Item>
    <org.openmrs.module.metadatasharing.Item id="242" uuid="96a41f47-36e4-4e24-aa21-e12fa2aa7f4f">
      <id>22382</id>
      <classname>org.openmrs.ConceptName</classname>
      <dateChanged id="243">2013-05-23 19:32:32</dateChanged>
    </org.openmrs.module.metadatasharing.Item>
    <org.openmrs.module.metadatasharing.Item id="244" uuid="f71e0c72-d5db-102d-ad2a-000c29c2a5d7">
      <id>13137</id>
      <classname>org.openmrs.ConceptName</classname>
      <dateChanged id="245">2013-05-23 19:32:32</dateChanged>
    </org.openmrs.module.metadatasharing.Item>
    <org.openmrs.module.metadatasharing.Item id="246" uuid="4ad4b7e4-3413-4e3c-8840-d4367e0b43ca">
      <id>22406</id>
      <classname>org.openmrs.ConceptName</classname>
      <dateChanged id="247">2013-05-28 15:10:35</dateChanged>
    </org.openmrs.module.metadatasharing.Item>
    <org.openmrs.module.metadatasharing.Item id="248" uuid="fde515b1-b754-481d-839d-5f1c36ddfacd">
      <id>22383</id>
      <classname>org.openmrs.ConceptName</classname>
      <dateChanged id="249">2013-05-23 19:32:32</dateChanged>
    </org.openmrs.module.metadatasharing.Item>
    <org.openmrs.module.metadatasharing.Item id="250" uuid="12fa6702-c0e7-4be1-828f-12bf706821fc">
      <id>22407</id>
      <classname>org.openmrs.ConceptName</classname>
      <dateChanged id="251">2013-05-28 15:10:35</dateChanged>
    </org.openmrs.module.metadatasharing.Item>
    <org.openmrs.module.metadatasharing.Item id="252" uuid="ed282e98-07fe-102c-b5fa-0017a47871b2">
      <id>4357</id>
      <classname>org.openmrs.ConceptDescription</classname>
      <dateChanged id="253">2013-05-17 01:16:13</dateChanged>
    </org.openmrs.module.metadatasharing.Item>
    <org.openmrs.module.metadatasharing.Item id="254" uuid="863dfbdb-2464-49fa-a786-9c8696d96b6c">
      <id>6314</id>
      <classname>org.openmrs.ConceptDescription</classname>
      <dateChanged id="255">2013-05-28 15:10:35</dateChanged>
    </org.openmrs.module.metadatasharing.Item>
    <org.openmrs.module.metadatasharing.Item id="256" uuid="b25f47c6-4864-102e-96e9-000c29c2a5d7">
      <id>3628</id>
      <classname>org.openmrs.ConceptMap</classname>
      <dateChanged id="257">2012-06-21 16:49:52</dateChanged>
    </org.openmrs.module.metadatasharing.Item>
    <org.openmrs.module.metadatasharing.Item id="258" uuid="9fd3895a-dc3a-3b32-98d1-883b01dfc5db">
      <id>3628</id>
      <classname>org.openmrs.ConceptReferenceTerm</classname>
      <dateChanged id="259">2010-11-23 00:00:00</dateChanged>
      <retired>false</retired>
    </org.openmrs.module.metadatasharing.Item>
    <org.openmrs.module.metadatasharing.Item id="260" uuid="75a08dce-4943-102e-96e9-000c29c2a5d7">
      <id>9412</id>
      <classname>org.openmrs.ConceptMap</classname>
      <dateChanged id="261">2012-06-21 16:49:52</dateChanged>
    </org.openmrs.module.metadatasharing.Item>
    <org.openmrs.module.metadatasharing.Item id="262" uuid="58d936d5-c550-3f6d-b00c-f6e5bdbf0766">
      <id>9412</id>
      <classname>org.openmrs.ConceptReferenceTerm</classname>
      <dateChanged id="263">2010-11-24 00:00:00</dateChanged>
      <retired>false</retired>
    </org.openmrs.module.metadatasharing.Item>
    <org.openmrs.module.metadatasharing.Item id="264" uuid="cb470e11-0a91-4a90-a87c-2ca9dbf6e59e">
      <id>9031</id>
      <classname>org.openmrs.ConceptAnswer</classname>
      <dateChanged id="265">2013-09-18 18:24:10</dateChanged>
    </org.openmrs.module.metadatasharing.Item>
    <org.openmrs.module.metadatasharing.Item id="266" uuid="82e620d5-6bfd-4848-9cbf-425e24da64bb">
      <id>9287</id>
      <classname>org.openmrs.Concept</classname>
      <dateChanged id="267">2013-09-18 20:45:55</dateChanged>
      <retired>false</retired>
    </org.openmrs.module.metadatasharing.Item>
    <org.openmrs.module.metadatasharing.Item id="268" uuid="6d804bbe-b83a-4f09-a194-0646a14047f2">
      <id>24582</id>
      <classname>org.openmrs.ConceptName</classname>
      <dateChanged id="269">2013-09-18 18:23:35</dateChanged>
    </org.openmrs.module.metadatasharing.Item>
    <org.openmrs.module.metadatasharing.Item id="270" uuid="c69be5df-f22d-4310-9aa1-0d228251cea0">
      <id>24578</id>
      <classname>org.openmrs.ConceptName</classname>
      <dateChanged id="271">2013-09-18 15:46:38</dateChanged>
    </org.openmrs.module.metadatasharing.Item>
    <org.openmrs.module.metadatasharing.Item id="272" uuid="c197c97e-c2e8-45f2-92f4-1b92b2e86fe5">
      <id>24579</id>
      <classname>org.openmrs.ConceptName</classname>
      <dateChanged id="273">2013-09-18 15:46:38</dateChanged>
    </org.openmrs.module.metadatasharing.Item>
    <org.openmrs.module.metadatasharing.Item id="274" uuid="b5fae361-c5b7-4809-bc7c-b84763b709d2">
      <id>24580</id>
      <classname>org.openmrs.ConceptName</classname>
      <dateChanged id="275">2013-09-18 18:23:35</dateChanged>
    </org.openmrs.module.metadatasharing.Item>
    <org.openmrs.module.metadatasharing.Item id="276" uuid="d9527fb9-14a9-477e-8bac-df1e891f8970">
      <id>24581</id>
      <classname>org.openmrs.ConceptName</classname>
      <dateChanged id="277">2013-09-18 18:23:35</dateChanged>
    </org.openmrs.module.metadatasharing.Item>
    <org.openmrs.module.metadatasharing.Item id="278" uuid="2b2d4107-5bbf-45e4-b67a-0058df54055b">
      <id>6392</id>
      <classname>org.openmrs.ConceptDescription</classname>
      <dateChanged id="279">2013-09-18 15:46:38</dateChanged>
    </org.openmrs.module.metadatasharing.Item>
    <org.openmrs.module.metadatasharing.Item id="280" uuid="5f0197da-2ce2-4929-8a58-8512ff029158">
      <id>20024</id>
      <classname>org.openmrs.ConceptMap</classname>
      <dateChanged id="281">2013-09-18 20:45:55</dateChanged>
    </org.openmrs.module.metadatasharing.Item>
    <org.openmrs.module.metadatasharing.Item id="282" uuid="1a49a3fb-2d96-46e3-8c49-6dae6f75b80a">
      <id>19893</id>
      <classname>org.openmrs.ConceptReferenceTerm</classname>
      <dateChanged id="283">2013-09-18 20:45:45</dateChanged>
      <retired>false</retired>
    </org.openmrs.module.metadatasharing.Item>
    <org.openmrs.module.metadatasharing.Item id="284" uuid="2e17b443-3e0e-4f32-a4b3-e1272c720a79">
      <id>20022</id>
      <classname>org.openmrs.ConceptMap</classname>
      <dateChanged id="285">2013-09-18 18:19:03</dateChanged>
    </org.openmrs.module.metadatasharing.Item>
    <org.openmrs.module.metadatasharing.Item id="286" uuid="f88bf689-0929-40f7-a0e9-05b688eb009d">
      <id>19891</id>
      <classname>org.openmrs.ConceptReferenceTerm</classname>
      <dateChanged id="287">2013-09-18 18:18:45</dateChanged>
      <retired>false</retired>
    </org.openmrs.module.metadatasharing.Item>
    <org.openmrs.module.metadatasharing.Item id="288" uuid="8a43324c-4511-4307-b85d-d67a33b37bd0">
      <id>9079</id>
      <classname>org.openmrs.ConceptAnswer</classname>
      <dateChanged id="289">2013-11-14 19:06:43</dateChanged>
    </org.openmrs.module.metadatasharing.Item>
    <org.openmrs.module.metadatasharing.Item id="290" uuid="afa35c6e-e156-434b-bede-05ad4306098e">
      <id>9376</id>
      <classname>org.openmrs.Concept</classname>
      <dateChanged id="291">2013-11-14 19:07:46</dateChanged>
      <retired>false</retired>
    </org.openmrs.module.metadatasharing.Item>
    <org.openmrs.module.metadatasharing.Item id="292" uuid="6add19de-e5a8-4745-8e1f-7ac57f5289d1">
      <id>25190</id>
      <classname>org.openmrs.ConceptName</classname>
      <dateChanged id="293">2013-11-14 19:07:46</dateChanged>
    </org.openmrs.module.metadatasharing.Item>
    <org.openmrs.module.metadatasharing.Item id="294" uuid="fb8be87c-67e8-4098-ba7c-df76f8a87971">
      <id>25186</id>
      <classname>org.openmrs.ConceptName</classname>
      <dateChanged id="295">2013-11-14 19:02:30</dateChanged>
    </org.openmrs.module.metadatasharing.Item>
    <org.openmrs.module.metadatasharing.Item id="296" uuid="a6de9ec9-b6fc-44f1-95f7-007a43cf9957">
      <id>25189</id>
      <classname>org.openmrs.ConceptName</classname>
      <dateChanged id="297">2013-11-14 19:04:39</dateChanged>
    </org.openmrs.module.metadatasharing.Item>
    <org.openmrs.module.metadatasharing.Item id="298" uuid="f9ddf1ae-507b-4a63-9468-137413773b9e">
      <id>25188</id>
      <classname>org.openmrs.ConceptName</classname>
      <dateChanged id="299">2013-11-14 19:04:39</dateChanged>
    </org.openmrs.module.metadatasharing.Item>
    <org.openmrs.module.metadatasharing.Item id="300" uuid="f5042de8-c670-4b16-a438-8a826daae3c9">
      <id>25187</id>
      <classname>org.openmrs.ConceptName</classname>
      <dateChanged id="301">2013-11-14 19:07:22</dateChanged>
    </org.openmrs.module.metadatasharing.Item>
    <org.openmrs.module.metadatasharing.Item id="302" uuid="09c1551d-59d6-4b69-9590-fe3fad9835bf">
      <id>20494</id>
      <classname>org.openmrs.ConceptMap</classname>
      <dateChanged id="303">2013-11-14 19:03:00</dateChanged>
    </org.openmrs.module.metadatasharing.Item>
    <org.openmrs.module.metadatasharing.Item id="304" uuid="6eda4421-a073-43bb-9325-92034b262959">
      <id>20355</id>
      <classname>org.openmrs.ConceptReferenceTerm</classname>
      <dateChanged id="305">2013-11-14 19:02:49</dateChanged>
      <retired>false</retired>
    </org.openmrs.module.metadatasharing.Item>
    <org.openmrs.module.metadatasharing.Item id="306" uuid="b8d494af-3e1d-436a-a88c-0ce1f09ff3d8">
      <id>20493</id>
      <classname>org.openmrs.ConceptMap</classname>
      <dateChanged id="307">2013-11-14 19:02:30</dateChanged>
    </org.openmrs.module.metadatasharing.Item>
    <org.openmrs.module.metadatasharing.Item id="308" uuid="bd7b95df-c48f-4a30-ae3c-286f725ccf0f">
      <id>20354</id>
      <classname>org.openmrs.ConceptReferenceTerm</classname>
      <dateChanged id="309">2013-11-14 19:02:24</dateChanged>
      <retired>false</retired>
    </org.openmrs.module.metadatasharing.Item>
    <org.openmrs.module.metadatasharing.Item id="310" uuid="7c4cb75d-83e0-4647-853f-e0f8fde46949">
      <id>18121</id>
      <classname>org.openmrs.ConceptMap</classname>
      <dateChanged id="311">2013-05-14 01:23:26</dateChanged>
    </org.openmrs.module.metadatasharing.Item>
    <org.openmrs.module.metadatasharing.Item id="312" uuid="a9456f80-27c1-40aa-88c5-7e3418ae34ad">
      <id>18080</id>
      <classname>org.openmrs.ConceptReferenceTerm</classname>
      <dateChanged id="313">2013-05-14 01:23:03</dateChanged>
      <retired>false</retired>
    </org.openmrs.module.metadatasharing.Item>
    <org.openmrs.module.metadatasharing.Item id="314" uuid="b5e44116-778f-11e2-ad73-903c7bb72694">
      <id>25</id>
      <classname>org.openmrs.ConceptSource</classname>
      <dateChanged id="315">2013-02-20 04:39:48</dateChanged>
      <retired>false</retired>
    </org.openmrs.module.metadatasharing.Item>
    <org.openmrs.module.metadatasharing.Item id="316" uuid="7c8989cd-3b28-455b-8da3-ab0538bb1753">
      <id>19125</id>
      <classname>org.openmrs.ConceptMap</classname>
      <dateChanged id="317">2013-09-04 19:54:34</dateChanged>
    </org.openmrs.module.metadatasharing.Item>
    <org.openmrs.module.metadatasharing.Item id="318" uuid="4272bea4-bdb1-4c3b-8d2a-528dd11f30a5">
      <id>18972</id>
      <classname>org.openmrs.ConceptReferenceTerm</classname>
      <dateChanged id="319">2013-09-04 19:54:22</dateChanged>
      <retired>false</retired>
    </org.openmrs.module.metadatasharing.Item>
    <org.openmrs.module.metadatasharing.Item id="320" uuid="edd52713-8887-47b7-ba9e-6e1148824ca4">
      <id>31</id>
      <classname>org.openmrs.ConceptSource</classname>
      <dateChanged id="321">2013-09-04 19:50:05</dateChanged>
      <retired>false</retired>
    </org.openmrs.module.metadatasharing.Item>
    <org.openmrs.module.metadatasharing.Item id="322" uuid="c5ff38b2-6f18-41a5-bdd1-622fac694f6f">
      <id>17632</id>
      <classname>org.openmrs.ConceptMap</classname>
      <dateChanged id="323">2013-04-26 18:27:27</dateChanged>
    </org.openmrs.module.metadatasharing.Item>
    <org.openmrs.module.metadatasharing.Item id="324" uuid="4b6ee777-08c2-4a06-9412-edb94b7d9998">
      <id>17593</id>
      <classname>org.openmrs.ConceptReferenceTerm</classname>
      <dateChanged id="325">2013-04-26 18:26:23</dateChanged>
      <retired>false</retired>
    </org.openmrs.module.metadatasharing.Item>
    <org.openmrs.module.metadatasharing.Item id="326" uuid="1f9e1e6d-36b7-4917-af1d-f86957f80ab0">
      <id>17641</id>
      <classname>org.openmrs.ConceptMap</classname>
      <dateChanged id="327">2013-04-29 18:34:48</dateChanged>
    </org.openmrs.module.metadatasharing.Item>
    <org.openmrs.module.metadatasharing.Item id="328" uuid="2536e8ef-1000-4b0e-bad0-8aa2232acfbc">
      <id>17592</id>
      <classname>org.openmrs.ConceptReferenceTerm</classname>
      <dateChanged id="329">2013-04-26 18:26:00</dateChanged>
      <retired>false</retired>
    </org.openmrs.module.metadatasharing.Item>
    <org.openmrs.module.metadatasharing.Item id="330" uuid="9aac7822-4f9f-49b8-8e03-568f25f163e2">
      <id>3792</id>
      <classname>org.openmrs.ConceptSet</classname>
      <dateChanged id="331">2013-04-29 14:47:18</dateChanged>
    </org.openmrs.module.metadatasharing.Item>
    <org.openmrs.module.metadatasharing.Item id="332" uuid="a96352e3-3afc-418b-b79f-3290fc26a3b3">
      <id>8621</id>
      <classname>org.openmrs.Concept</classname>
      <dateChanged id="333">2013-09-23 20:21:27</dateChanged>
      <retired>false</retired>
    </org.openmrs.module.metadatasharing.Item>
    <org.openmrs.module.metadatasharing.Item id="334" uuid="8d4a4ab4-c2cc-11de-8d13-0010c6dffd0f">
      <id>3</id>
      <classname>org.openmrs.ConceptDatatype</classname>
      <dateChanged id="335">2004-02-02 00:00:00</dateChanged>
      <retired>false</retired>
    </org.openmrs.module.metadatasharing.Item>
    <org.openmrs.module.metadatasharing.Item id="336" uuid="264acd21-561f-4cc4-b538-ebef6289d8ca">
      <id>21497</id>
      <classname>org.openmrs.ConceptName</classname>
      <dateChanged id="337">2013-04-29 14:46:24</dateChanged>
    </org.openmrs.module.metadatasharing.Item>
    <org.openmrs.module.metadatasharing.Item id="338" uuid="586d310f-cf7b-4bee-ad26-858b982fbc47">
      <id>21496</id>
      <classname>org.openmrs.ConceptName</classname>
      <dateChanged id="339">2013-04-29 14:46:24</dateChanged>
    </org.openmrs.module.metadatasharing.Item>
    <org.openmrs.module.metadatasharing.Item id="340" uuid="e26c74a9-1db6-466c-a47c-b88520ece0ef">
      <id>21494</id>
      <classname>org.openmrs.ConceptName</classname>
      <dateChanged id="341">2013-04-29 14:46:24</dateChanged>
    </org.openmrs.module.metadatasharing.Item>
    <org.openmrs.module.metadatasharing.Item id="342" uuid="d7db8e8d-61a7-4f18-bc8c-90143a81cd30">
      <id>24576</id>
      <classname>org.openmrs.ConceptName</classname>
      <dateChanged id="343">2013-09-17 22:38:39</dateChanged>
    </org.openmrs.module.metadatasharing.Item>
    <org.openmrs.module.metadatasharing.Item id="344" uuid="f0b75b90-c4e3-41fe-9c1b-0623a8132611">
      <id>24594</id>
      <classname>org.openmrs.ConceptName</classname>
      <dateChanged id="345">2013-09-23 20:21:27</dateChanged>
    </org.openmrs.module.metadatasharing.Item>
    <org.openmrs.module.metadatasharing.Item id="346" uuid="15c6ff43-8a5a-4156-96d0-a22307c374f4">
      <id>21495</id>
      <classname>org.openmrs.ConceptName</classname>
      <dateChanged id="347">2013-04-29 14:46:24</dateChanged>
    </org.openmrs.module.metadatasharing.Item>
    <org.openmrs.module.metadatasharing.Item id="348" uuid="d7907d57-9111-4b0c-8d6c-dbf9590f6610">
      <id>6299</id>
      <classname>org.openmrs.ConceptDescription</classname>
      <dateChanged id="349">2013-04-29 14:46:54</dateChanged>
    </org.openmrs.module.metadatasharing.Item>
    <org.openmrs.module.metadatasharing.Item id="350" uuid="d564a6eb-746d-488d-89a0-6820eb0d2bc6">
      <id>19126</id>
      <classname>org.openmrs.ConceptMap</classname>
      <dateChanged id="351">2013-09-04 20:02:14</dateChanged>
    </org.openmrs.module.metadatasharing.Item>
    <org.openmrs.module.metadatasharing.Item id="352" uuid="60378dc4-c055-4184-96cd-5496feb91514">
      <id>18973</id>
      <classname>org.openmrs.ConceptReferenceTerm</classname>
      <dateChanged id="353">2013-09-04 20:01:52</dateChanged>
      <retired>false</retired>
    </org.openmrs.module.metadatasharing.Item>
    <org.openmrs.module.metadatasharing.Item id="354" uuid="037a0bc9-5f7e-4d13-8004-7a8fb05ab5ce">
      <id>17634</id>
      <classname>org.openmrs.ConceptMap</classname>
      <dateChanged id="355">2013-04-26 20:50:53</dateChanged>
    </org.openmrs.module.metadatasharing.Item>
    <org.openmrs.module.metadatasharing.Item id="356" uuid="2336fa37-824a-43df-912b-f06c67d63a58">
      <id>17597</id>
      <classname>org.openmrs.ConceptReferenceTerm</classname>
      <dateChanged id="357">2013-04-26 20:50:22</dateChanged>
      <retired>false</retired>
    </org.openmrs.module.metadatasharing.Item>
    <org.openmrs.module.metadatasharing.Item id="358" uuid="9ff3c313-843b-48a4-bb27-388e1f4189b2">
      <id>19127</id>
      <classname>org.openmrs.ConceptMap</classname>
      <dateChanged id="359">2013-09-04 20:02:47</dateChanged>
    </org.openmrs.module.metadatasharing.Item>
    <org.openmrs.module.metadatasharing.Item id="360" uuid="5321205b-70e9-40b6-92bb-ea07be2928ab">
      <id>18974</id>
      <classname>org.openmrs.ConceptReferenceTerm</classname>
      <dateChanged id="361">2013-09-04 20:02:29</dateChanged>
      <retired>false</retired>
    </org.openmrs.module.metadatasharing.Item>
    <org.openmrs.module.metadatasharing.Item id="362" uuid="89574cad-c382-40a1-9270-36266814c381">
      <id>17633</id>
      <classname>org.openmrs.ConceptMap</classname>
      <dateChanged id="363">2013-04-26 20:50:02</dateChanged>
    </org.openmrs.module.metadatasharing.Item>
    <org.openmrs.module.metadatasharing.Item id="364" uuid="af96b28a-a238-4c53-ab47-1cb729675e0c">
      <id>17595</id>
      <classname>org.openmrs.ConceptReferenceTerm</classname>
      <dateChanged id="365">2013-04-26 20:49:14</dateChanged>
      <retired>false</retired>
    </org.openmrs.module.metadatasharing.Item>
    <org.openmrs.module.metadatasharing.Item id="366" uuid="1f41abd1-0711-4c36-a221-2cfaa6e678bb">
      <id>3793</id>
      <classname>org.openmrs.ConceptSet</classname>
      <dateChanged id="367">2013-04-29 14:51:47</dateChanged>
    </org.openmrs.module.metadatasharing.Item>
    <org.openmrs.module.metadatasharing.Item id="368" uuid="f3e04276-2db0-4181-b937-d73275dc1b15">
      <id>8622</id>
      <classname>org.openmrs.Concept</classname>
      <dateChanged id="369">2013-09-23 20:20:51</dateChanged>
      <retired>false</retired>
    </org.openmrs.module.metadatasharing.Item>
    <org.openmrs.module.metadatasharing.Item id="370" uuid="3d3c95a4-736a-4f73-b048-ef4cb04603f1">
      <id>21498</id>
      <classname>org.openmrs.ConceptName</classname>
      <dateChanged id="371">2013-04-29 14:49:59</dateChanged>
    </org.openmrs.module.metadatasharing.Item>
    <org.openmrs.module.metadatasharing.Item id="372" uuid="503d8b76-9362-4e72-b736-67842d4ed039">
      <id>24593</id>
      <classname>org.openmrs.ConceptName</classname>
      <dateChanged id="373">2013-09-23 20:20:51</dateChanged>
    </org.openmrs.module.metadatasharing.Item>
    <org.openmrs.module.metadatasharing.Item id="374" uuid="ef5be606-1c93-44f7-87c9-e6ca27e2b2da">
      <id>24577</id>
      <classname>org.openmrs.ConceptName</classname>
      <dateChanged id="375">2013-09-23 20:20:51</dateChanged>
    </org.openmrs.module.metadatasharing.Item>
    <org.openmrs.module.metadatasharing.Item id="376" uuid="2df8b0e1-8df9-4cc7-bcd9-8eabfee2c903">
      <id>24575</id>
      <classname>org.openmrs.ConceptName</classname>
      <dateChanged id="377">2013-09-17 22:37:49</dateChanged>
    </org.openmrs.module.metadatasharing.Item>
    <org.openmrs.module.metadatasharing.Item id="378" uuid="9e8257a7-d609-45bb-8a99-cc3c78969be5">
      <id>6300</id>
      <classname>org.openmrs.ConceptDescription</classname>
      <dateChanged id="379">2013-04-29 14:49:59</dateChanged>
    </org.openmrs.module.metadatasharing.Item>
    <org.openmrs.module.metadatasharing.Item id="380" uuid="c15536e5-9860-4ed3-8014-0c4b01ac07a5">
      <id>17636</id>
      <classname>org.openmrs.ConceptMap</classname>
      <dateChanged id="381">2013-04-29 14:51:23</dateChanged>
    </org.openmrs.module.metadatasharing.Item>
    <org.openmrs.module.metadatasharing.Item id="382" uuid="b0210f27-be67-4146-a2d1-e1164dbf7219">
      <id>17600</id>
      <classname>org.openmrs.ConceptReferenceTerm</classname>
      <dateChanged id="383">2013-04-29 14:50:28</dateChanged>
      <retired>false</retired>
    </org.openmrs.module.metadatasharing.Item>
    <org.openmrs.module.metadatasharing.Item id="384" uuid="d9936bb2-9a49-403a-a817-0a1de84f2902">
      <id>19128</id>
      <classname>org.openmrs.ConceptMap</classname>
      <dateChanged id="385">2013-09-04 20:04:03</dateChanged>
    </org.openmrs.module.metadatasharing.Item>
    <org.openmrs.module.metadatasharing.Item id="386" uuid="86e9eca6-2450-41ef-b919-d18c3cb6f64f">
      <id>18976</id>
      <classname>org.openmrs.ConceptReferenceTerm</classname>
      <dateChanged id="387">2013-09-04 20:03:34</dateChanged>
      <retired>false</retired>
    </org.openmrs.module.metadatasharing.Item>
    <org.openmrs.module.metadatasharing.Item id="388" uuid="ee978ace-8367-448c-a3d6-90ccd46a290e">
      <id>17638</id>
      <classname>org.openmrs.ConceptMap</classname>
      <dateChanged id="389">2013-04-29 14:51:23</dateChanged>
    </org.openmrs.module.metadatasharing.Item>
    <org.openmrs.module.metadatasharing.Item id="390" uuid="696dd9b9-b75b-446d-9724-296baac35a94">
      <id>17599</id>
      <classname>org.openmrs.ConceptReferenceTerm</classname>
      <dateChanged id="391">2013-04-29 14:50:19</dateChanged>
      <retired>false</retired>
    </org.openmrs.module.metadatasharing.Item>
    <org.openmrs.module.metadatasharing.Item id="392" uuid="52da2542-7a06-4d8e-8c45-7391c43bd6ba">
      <id>19129</id>
      <classname>org.openmrs.ConceptMap</classname>
      <dateChanged id="393">2013-09-04 20:04:03</dateChanged>
    </org.openmrs.module.metadatasharing.Item>
    <org.openmrs.module.metadatasharing.Item id="394" uuid="59e3a0e8-add5-4d28-8eaf-0e5b320bae9a">
      <id>18975</id>
      <classname>org.openmrs.ConceptReferenceTerm</classname>
      <dateChanged id="395">2013-09-04 20:03:21</dateChanged>
      <retired>false</retired>
    </org.openmrs.module.metadatasharing.Item>
    <org.openmrs.module.metadatasharing.Item id="396" uuid="75a81d7a-e99d-42f6-861a-9da92c3be80a">
      <id>4274</id>
      <classname>org.openmrs.ConceptSet</classname>
      <dateChanged id="397">2013-05-13 23:18:32</dateChanged>
    </org.openmrs.module.metadatasharing.Item>
    <org.openmrs.module.metadatasharing.Item id="398" uuid="113a5ce0-6487-4f45-964d-2dcbd7d23b67">
      <id>8854</id>
      <classname>org.openmrs.Concept</classname>
      <dateChanged id="399">2013-09-25 16:59:59</dateChanged>
      <retired>false</retired>
    </org.openmrs.module.metadatasharing.Item>
    <org.openmrs.module.metadatasharing.Item id="400" uuid="053a91f3-52c4-4664-8b62-532f709f046a">
      <id>24600</id>
      <classname>org.openmrs.ConceptName</classname>
      <dateChanged id="401">2013-09-25 16:59:59</dateChanged>
    </org.openmrs.module.metadatasharing.Item>
    <org.openmrs.module.metadatasharing.Item id="402" uuid="01eb4f12-ff37-465a-8b74-583938144744">
      <id>24599</id>
      <classname>org.openmrs.ConceptName</classname>
      <dateChanged id="403">2013-09-24 15:47:19</dateChanged>
    </org.openmrs.module.metadatasharing.Item>
    <org.openmrs.module.metadatasharing.Item id="404" uuid="713e9e7a-5fbc-4619-b334-73c8f2471aa1">
      <id>22328</id>
      <classname>org.openmrs.ConceptName</classname>
      <dateChanged id="405">2013-05-13 23:11:17</dateChanged>
    </org.openmrs.module.metadatasharing.Item>
    <org.openmrs.module.metadatasharing.Item id="406" uuid="8365f67e-d875-462b-8cd9-3495525fe1fc">
      <id>8990</id>
      <classname>org.openmrs.ConceptAnswer</classname>
      <dateChanged id="407">2013-05-13 23:17:21</dateChanged>
    </org.openmrs.module.metadatasharing.Item>
    <org.openmrs.module.metadatasharing.Item id="408" uuid="83192b97-480c-4533-8ede-aeac15a3a736">
      <id>8855</id>
      <classname>org.openmrs.Concept</classname>
      <dateChanged id="409">2013-09-24 15:36:36</dateChanged>
      <retired>false</retired>
    </org.openmrs.module.metadatasharing.Item>
    <org.openmrs.module.metadatasharing.Item id="410" uuid="509873de-a212-4724-9c70-52b8a2d87d50">
      <id>24597</id>
      <classname>org.openmrs.ConceptName</classname>
      <dateChanged id="411">2013-09-24 15:36:36</dateChanged>
    </org.openmrs.module.metadatasharing.Item>
    <org.openmrs.module.metadatasharing.Item id="412" uuid="6cdf5ddc-6afe-4ebe-9902-59aab8d22e00">
      <id>22329</id>
      <classname>org.openmrs.ConceptName</classname>
      <dateChanged id="413">2013-05-13 23:14:34</dateChanged>
    </org.openmrs.module.metadatasharing.Item>
    <org.openmrs.module.metadatasharing.Item id="414" uuid="ef8beed6-8141-45db-85c2-b720659ce61b">
      <id>22330</id>
      <classname>org.openmrs.ConceptName</classname>
      <dateChanged id="415">2013-05-13 23:14:34</dateChanged>
    </org.openmrs.module.metadatasharing.Item>
    <org.openmrs.module.metadatasharing.Item id="416" uuid="213eb492-d49a-4384-8f6f-b48b45db6d24">
      <id>24595</id>
      <classname>org.openmrs.ConceptName</classname>
      <dateChanged id="417">2013-09-24 15:31:07</dateChanged>
    </org.openmrs.module.metadatasharing.Item>
    <org.openmrs.module.metadatasharing.Item id="418" uuid="58e4f8d9-d4a5-4683-9440-a5de3b77c1cc">
      <id>6307</id>
      <classname>org.openmrs.ConceptDescription</classname>
      <dateChanged id="419">2013-05-13 23:14:34</dateChanged>
    </org.openmrs.module.metadatasharing.Item>
    <org.openmrs.module.metadatasharing.Item id="420" uuid="fcbf11c1-2584-4cee-9628-b9a9302efa99">
      <id>18111</id>
      <classname>org.openmrs.ConceptMap</classname>
      <dateChanged id="421">2013-05-13 23:14:34</dateChanged>
    </org.openmrs.module.metadatasharing.Item>
    <org.openmrs.module.metadatasharing.Item id="422" uuid="1221e776-13b2-4727-a8eb-9442bf0e3148">
      <id>18072</id>
      <classname>org.openmrs.ConceptReferenceTerm</classname>
      <dateChanged id="423">2013-05-13 23:14:21</dateChanged>
      <retired>false</retired>
    </org.openmrs.module.metadatasharing.Item>
    <org.openmrs.module.metadatasharing.Item id="424" uuid="c778c4ba-c9d5-40cc-8fe2-1037cc75de03">
      <id>18112</id>
      <classname>org.openmrs.ConceptMap</classname>
      <dateChanged id="425">2013-05-13 23:14:34</dateChanged>
    </org.openmrs.module.metadatasharing.Item>
    <org.openmrs.module.metadatasharing.Item id="426" uuid="9480dbb0-9e0e-4493-bb49-8da1340270b8">
      <id>18070</id>
      <classname>org.openmrs.ConceptReferenceTerm</classname>
      <dateChanged id="427">2013-05-13 23:11:52</dateChanged>
      <retired>false</retired>
    </org.openmrs.module.metadatasharing.Item>
    <org.openmrs.module.metadatasharing.Item id="428" uuid="86ff2b16-b928-48b7-9c7d-fc2211c4597c">
      <id>8991</id>
      <classname>org.openmrs.ConceptAnswer</classname>
      <dateChanged id="429">2013-05-13 23:17:21</dateChanged>
    </org.openmrs.module.metadatasharing.Item>
    <org.openmrs.module.metadatasharing.Item id="430" uuid="5b1f137c-b757-46c3-9735-c2fcb6ba221d">
      <id>8856</id>
      <classname>org.openmrs.Concept</classname>
      <dateChanged id="431">2013-09-24 15:37:37</dateChanged>
      <retired>false</retired>
    </org.openmrs.module.metadatasharing.Item>
    <org.openmrs.module.metadatasharing.Item id="432" uuid="1017f358-b204-4323-ae94-53660271f407">
      <id>24598</id>
      <classname>org.openmrs.ConceptName</classname>
      <dateChanged id="433">2013-09-24 15:37:37</dateChanged>
    </org.openmrs.module.metadatasharing.Item>
    <org.openmrs.module.metadatasharing.Item id="434" uuid="24400e22-970d-4b6f-a478-371b6fa44fc2">
      <id>22331</id>
      <classname>org.openmrs.ConceptName</classname>
      <dateChanged id="435">2013-05-13 23:17:00</dateChanged>
    </org.openmrs.module.metadatasharing.Item>
    <org.openmrs.module.metadatasharing.Item id="436" uuid="0ea4b887-ec78-4462-aeaa-ee292cac6f63">
      <id>24596</id>
      <classname>org.openmrs.ConceptName</classname>
      <dateChanged id="437">2013-09-24 15:31:39</dateChanged>
    </org.openmrs.module.metadatasharing.Item>
    <org.openmrs.module.metadatasharing.Item id="438" uuid="aeca5fa9-a39a-45cb-99f6-14e44f5ae479">
      <id>22332</id>
      <classname>org.openmrs.ConceptName</classname>
      <dateChanged id="439">2013-05-13 23:17:00</dateChanged>
    </org.openmrs.module.metadatasharing.Item>
    <org.openmrs.module.metadatasharing.Item id="440" uuid="a960fac0-fdbc-4295-8acd-461fb9bd6ff4">
      <id>22333</id>
      <classname>org.openmrs.ConceptName</classname>
      <dateChanged id="441">2013-05-13 23:17:00</dateChanged>
    </org.openmrs.module.metadatasharing.Item>
    <org.openmrs.module.metadatasharing.Item id="442" uuid="530f9d57-d7cc-41fc-8887-2cdfdb891497">
      <id>6308</id>
      <classname>org.openmrs.ConceptDescription</classname>
      <dateChanged id="443">2013-05-13 23:17:00</dateChanged>
    </org.openmrs.module.metadatasharing.Item>
    <org.openmrs.module.metadatasharing.Item id="444" uuid="fd1aabe8-4c77-4c76-9288-68160cf8b369">
      <id>18113</id>
      <classname>org.openmrs.ConceptMap</classname>
      <dateChanged id="445">2013-05-13 23:17:00</dateChanged>
    </org.openmrs.module.metadatasharing.Item>
    <org.openmrs.module.metadatasharing.Item id="446" uuid="512f8628-f077-4b9d-bebc-fe48e4b6769f">
      <id>18071</id>
      <classname>org.openmrs.ConceptReferenceTerm</classname>
      <dateChanged id="447">2013-05-13 23:11:59</dateChanged>
      <retired>false</retired>
    </org.openmrs.module.metadatasharing.Item>
    <org.openmrs.module.metadatasharing.Item id="448" uuid="42755815-bfbc-49d4-9235-732c187cab1a">
      <id>18114</id>
      <classname>org.openmrs.ConceptMap</classname>
      <dateChanged id="449">2013-05-13 23:17:00</dateChanged>
    </org.openmrs.module.metadatasharing.Item>
    <org.openmrs.module.metadatasharing.Item id="450" uuid="43833018-3793-4ff4-a211-b1b3402bffbd">
      <id>18073</id>
      <classname>org.openmrs.ConceptReferenceTerm</classname>
      <dateChanged id="451">2013-05-13 23:16:38</dateChanged>
      <retired>false</retired>
    </org.openmrs.module.metadatasharing.Item>
    <org.openmrs.module.metadatasharing.Item id="452" uuid="37d0dbd1-f191-4913-bf1f-82ea2ec22012">
      <id>6306</id>
      <classname>org.openmrs.ConceptDescription</classname>
      <dateChanged id="453">2013-05-13 23:11:17</dateChanged>
    </org.openmrs.module.metadatasharing.Item>
    <org.openmrs.module.metadatasharing.Item id="454" uuid="79832084-8ec7-448e-be57-f9979517b4b9">
      <id>18109</id>
      <classname>org.openmrs.ConceptMap</classname>
      <dateChanged id="455">2013-05-13 23:11:17</dateChanged>
    </org.openmrs.module.metadatasharing.Item>
    <org.openmrs.module.metadatasharing.Item id="456" uuid="749f038b-e327-4f8d-83ea-2ae85dc422da">
      <id>18068</id>
      <classname>org.openmrs.ConceptReferenceTerm</classname>
      <dateChanged id="457">2013-05-13 23:11:06</dateChanged>
      <retired>false</retired>
    </org.openmrs.module.metadatasharing.Item>
    <org.openmrs.module.metadatasharing.Item id="458" uuid="68f05b5f-a386-4782-9098-c37d025f8f0c">
      <id>18110</id>
      <classname>org.openmrs.ConceptMap</classname>
      <dateChanged id="459">2013-05-13 23:12:09</dateChanged>
    </org.openmrs.module.metadatasharing.Item>
    <org.openmrs.module.metadatasharing.Item id="460" uuid="bdccec97-3f60-4ddc-a108-f47027e7c83a">
      <id>18069</id>
      <classname>org.openmrs.ConceptReferenceTerm</classname>
      <dateChanged id="461">2013-05-13 23:11:40</dateChanged>
      <retired>false</retired>
    </org.openmrs.module.metadatasharing.Item>
    <org.openmrs.module.metadatasharing.Item id="462" uuid="6bc7a04a-47f9-43d7-ba37-49222d3cf439">
      <id>4588</id>
      <classname>org.openmrs.ConceptSet</classname>
      <dateChanged id="463">2013-09-04 19:48:33</dateChanged>
    </org.openmrs.module.metadatasharing.Item>
    <org.openmrs.module.metadatasharing.Item id="464" uuid="3cde64e4-26fe-102b-80cb-0017a47871b2">
      <id>1815</id>
      <classname>org.openmrs.Concept</classname>
      <dateChanged id="465">2013-09-17 13:12:51</dateChanged>
      <retired>false</retired>
    </org.openmrs.module.metadatasharing.Item>
    <org.openmrs.module.metadatasharing.Item id="466" uuid="8d4a505e-c2cc-11de-8d13-0010c6dffd0f">
      <id>6</id>
      <classname>org.openmrs.ConceptDatatype</classname>
      <dateChanged id="467">2004-07-22 00:00:00</dateChanged>
      <retired>false</retired>
    </org.openmrs.module.metadatasharing.Item>
    <org.openmrs.module.metadatasharing.Item id="468" uuid="f5ff3d1d-5dfb-40c5-b667-c3e7c6593022">
      <id>14284</id>
      <classname>org.openmrs.ConceptName</classname>
      <dateChanged id="469">2010-12-06 11:48:26</dateChanged>
    </org.openmrs.module.metadatasharing.Item>
    <org.openmrs.module.metadatasharing.Item id="470" uuid="93f41b9a-07d4-102c-b5fa-0017a47871b2">
      <id>6726</id>
      <classname>org.openmrs.ConceptName</classname>
      <dateChanged id="471">2006-12-14 14:30:58</dateChanged>
    </org.openmrs.module.metadatasharing.Item>
    <org.openmrs.module.metadatasharing.Item id="472" uuid="b84896cc-79c5-43f7-aa66-d4e0bd5af252">
      <id>24489</id>
      <classname>org.openmrs.ConceptName</classname>
      <dateChanged id="473">2013-09-17 13:12:50</dateChanged>
    </org.openmrs.module.metadatasharing.Item>
    <org.openmrs.module.metadatasharing.Item id="474" uuid="93f4458e-07d4-102c-b5fa-0017a47871b2">
      <id>6738</id>
      <classname>org.openmrs.ConceptName</classname>
      <dateChanged id="475">2006-12-14 14:30:58</dateChanged>
    </org.openmrs.module.metadatasharing.Item>
    <org.openmrs.module.metadatasharing.Item id="476" uuid="3e1ebc46-26fe-102b-80cb-0017a47871b2">
      <id>1976</id>
      <classname>org.openmrs.ConceptName</classname>
      <dateChanged id="477">2006-12-14 14:30:58</dateChanged>
    </org.openmrs.module.metadatasharing.Item>
    <org.openmrs.module.metadatasharing.Item id="478" uuid="f6449136-d5db-102d-ad2a-000c29c2a5d7">
      <id>11313</id>
      <classname>org.openmrs.ConceptName</classname>
      <dateChanged id="479">2010-06-29 13:03:59</dateChanged>
    </org.openmrs.module.metadatasharing.Item>
    <org.openmrs.module.metadatasharing.Item id="480" uuid="ecedc15e-07fe-102c-b5fa-0017a47871b2">
      <id>1832</id>
      <classname>org.openmrs.ConceptDescription</classname>
      <dateChanged id="481">2010-12-06 12:05:14</dateChanged>
    </org.openmrs.module.metadatasharing.Item>
    <org.openmrs.module.metadatasharing.Item id="482" uuid="a3733444-5636-4e28-bf97-e756127fcb3d">
      <id>19130</id>
      <classname>org.openmrs.ConceptMap</classname>
      <dateChanged id="483">2013-09-04 20:06:13</dateChanged>
    </org.openmrs.module.metadatasharing.Item>
    <org.openmrs.module.metadatasharing.Item id="484" uuid="546be597-5b99-45df-9a8d-f344a9621167">
      <id>18977</id>
      <classname>org.openmrs.ConceptReferenceTerm</classname>
      <dateChanged id="485">2013-09-04 20:05:38</dateChanged>
      <retired>false</retired>
    </org.openmrs.module.metadatasharing.Item>
    <org.openmrs.module.metadatasharing.Item id="486" uuid="91df434a-227f-44f3-8f66-6a8a36ca8b69">
      <id>19131</id>
      <classname>org.openmrs.ConceptMap</classname>
      <dateChanged id="487">2013-09-04 20:06:13</dateChanged>
    </org.openmrs.module.metadatasharing.Item>
    <org.openmrs.module.metadatasharing.Item id="488" uuid="399312a1-fba9-4e74-b56d-e09e15915896">
      <id>18978</id>
      <classname>org.openmrs.ConceptReferenceTerm</classname>
      <dateChanged id="489">2013-09-04 20:05:49</dateChanged>
      <retired>false</retired>
    </org.openmrs.module.metadatasharing.Item>
    <org.openmrs.module.metadatasharing.Item id="490" uuid="b2162708-4864-102e-96e9-000c29c2a5d7">
      <id>1817</id>
      <classname>org.openmrs.ConceptMap</classname>
      <dateChanged id="491">2012-06-21 16:49:52</dateChanged>
    </org.openmrs.module.metadatasharing.Item>
    <org.openmrs.module.metadatasharing.Item id="492" uuid="56877845-b0cd-36bb-8c01-9198a44b0fff">
      <id>1817</id>
      <classname>org.openmrs.ConceptReferenceTerm</classname>
      <dateChanged id="493">2010-11-23 00:00:00</dateChanged>
      <retired>false</retired>
    </org.openmrs.module.metadatasharing.Item>
    <org.openmrs.module.metadatasharing.Item id="494" uuid="75783f54-4943-102e-96e9-000c29c2a5d7">
      <id>7636</id>
      <classname>org.openmrs.ConceptMap</classname>
      <dateChanged id="495">2012-06-21 16:49:52</dateChanged>
    </org.openmrs.module.metadatasharing.Item>
    <org.openmrs.module.metadatasharing.Item id="496" uuid="7703d772-223e-32d7-b2d8-479b229a9017">
      <id>7636</id>
      <classname>org.openmrs.ConceptReferenceTerm</classname>
      <dateChanged id="497">2010-11-24 00:00:00</dateChanged>
      <retired>false</retired>
    </org.openmrs.module.metadatasharing.Item>
    <org.openmrs.module.metadatasharing.Item id="498" uuid="a4ea1642-669d-4026-aed7-77d4fd9dd534">
      <id>4882</id>
      <classname>org.openmrs.ConceptSet</classname>
      <dateChanged id="499">2013-09-18 18:35:43</dateChanged>
    </org.openmrs.module.metadatasharing.Item>
    <org.openmrs.module.metadatasharing.Item id="500" uuid="83a54c1d-510e-4860-8971-61755c71f0ed">
      <id>9288</id>
      <classname>org.openmrs.Concept</classname>
      <dateChanged id="501">2013-09-26 15:06:19</dateChanged>
      <retired>false</retired>
    </org.openmrs.module.metadatasharing.Item>
    <org.openmrs.module.metadatasharing.Item id="502" uuid="bbc84df2-544c-42dd-a5f9-83ba99562a71">
      <id>24587</id>
      <classname>org.openmrs.ConceptName</classname>
      <dateChanged id="503">2013-09-18 21:27:55</dateChanged>
    </org.openmrs.module.metadatasharing.Item>
    <org.openmrs.module.metadatasharing.Item id="504" uuid="0ef91882-248f-457c-97c6-ebf98740ed66">
      <id>24588</id>
      <classname>org.openmrs.ConceptName</classname>
      <dateChanged id="505">2013-09-18 21:27:55</dateChanged>
    </org.openmrs.module.metadatasharing.Item>
    <org.openmrs.module.metadatasharing.Item id="506" uuid="06e5c1f8-f10f-4c9d-8935-0d9e85d50b0a">
      <id>24584</id>
      <classname>org.openmrs.ConceptName</classname>
      <dateChanged id="507">2013-09-18 21:27:55</dateChanged>
    </org.openmrs.module.metadatasharing.Item>
    <org.openmrs.module.metadatasharing.Item id="508" uuid="80d397fe-4330-4964-862c-ee720045e174">
      <id>24601</id>
      <classname>org.openmrs.ConceptName</classname>
      <dateChanged id="509">2013-09-25 17:08:17</dateChanged>
    </org.openmrs.module.metadatasharing.Item>
    <org.openmrs.module.metadatasharing.Item id="510" uuid="f2caee6e-f4c7-4e0d-a6ed-6237ad2e3842">
      <id>24585</id>
      <classname>org.openmrs.ConceptName</classname>
      <dateChanged id="511">2013-09-18 21:27:55</dateChanged>
    </org.openmrs.module.metadatasharing.Item>
    <org.openmrs.module.metadatasharing.Item id="512" uuid="a69ef55e-c7ff-4d0c-b445-a1f75fc51a56">
      <id>24615</id>
      <classname>org.openmrs.ConceptName</classname>
      <dateChanged id="513">2013-09-26 15:06:19</dateChanged>
    </org.openmrs.module.metadatasharing.Item>
    <org.openmrs.module.metadatasharing.Item id="514" uuid="bf2260b9-9227-4ea1-9d75-7938e062fd00">
      <id>24586</id>
      <classname>org.openmrs.ConceptName</classname>
      <dateChanged id="515">2013-09-18 21:27:55</dateChanged>
    </org.openmrs.module.metadatasharing.Item>
    <org.openmrs.module.metadatasharing.Item id="516" uuid="48f1804c-b441-467b-9e8e-939029ae2b6f">
      <id>24583</id>
      <classname>org.openmrs.ConceptName</classname>
      <dateChanged id="517">2013-09-18 20:48:08</dateChanged>
    </org.openmrs.module.metadatasharing.Item>
    <org.openmrs.module.metadatasharing.Item id="518" uuid="beec4668-3c56-4b54-9476-241f9dd382e7">
      <id>6393</id>
      <classname>org.openmrs.ConceptDescription</classname>
      <dateChanged id="519">2013-09-18 18:34:29</dateChanged>
    </org.openmrs.module.metadatasharing.Item>
    <org.openmrs.module.metadatasharing.Item id="520" uuid="3fc75c4f-75c3-4315-8aa2-b6e7b85bfc2e">
      <id>20025</id>
      <classname>org.openmrs.ConceptMap</classname>
      <dateChanged id="521">2013-09-18 20:48:08</dateChanged>
    </org.openmrs.module.metadatasharing.Item>
    <org.openmrs.module.metadatasharing.Item id="522" uuid="49354cec-223f-4457-98eb-f9806170d155">
      <id>19894</id>
      <classname>org.openmrs.ConceptReferenceTerm</classname>
      <dateChanged id="523">2013-09-18 20:46:59</dateChanged>
      <retired>false</retired>
    </org.openmrs.module.metadatasharing.Item>
    <org.openmrs.module.metadatasharing.Item id="524" uuid="550f5781-2f53-4980-af01-e40fe069992e">
      <id>20023</id>
      <classname>org.openmrs.ConceptMap</classname>
      <dateChanged id="525">2013-09-18 18:34:29</dateChanged>
    </org.openmrs.module.metadatasharing.Item>
    <org.openmrs.module.metadatasharing.Item id="526" uuid="5fe72905-ff9a-4412-a186-0b8aa161e450">
      <id>19892</id>
      <classname>org.openmrs.ConceptReferenceTerm</classname>
      <dateChanged id="527">2013-09-18 18:34:16</dateChanged>
      <retired>false</retired>
    </org.openmrs.module.metadatasharing.Item>
    <org.openmrs.module.metadatasharing.Item id="528" uuid="936a7601-bc57-4f4b-bcba-3f394c2f49fb">
      <id>6297</id>
      <classname>org.openmrs.ConceptDescription</classname>
      <dateChanged id="529">2013-04-26 18:14:35</dateChanged>
    </org.openmrs.module.metadatasharing.Item>
    <org.openmrs.module.metadatasharing.Item id="530" uuid="11095acf-4cb2-453f-886b-8022f8b3a55b">
      <id>18120</id>
      <classname>org.openmrs.ConceptMap</classname>
      <dateChanged id="531">2013-05-14 01:21:52</dateChanged>
    </org.openmrs.module.metadatasharing.Item>
    <org.openmrs.module.metadatasharing.Item id="532" uuid="60a19ccb-517f-4f10-b260-bef80764249b">
      <id>18079</id>
      <classname>org.openmrs.ConceptReferenceTerm</classname>
      <dateChanged id="533">2013-05-14 01:21:36</dateChanged>
      <retired>false</retired>
    </org.openmrs.module.metadatasharing.Item>
    <org.openmrs.module.metadatasharing.Item id="534" uuid="042e7aa5-65b3-4c86-9201-22a41f41f08a">
      <id>19124</id>
      <classname>org.openmrs.ConceptMap</classname>
      <dateChanged id="535">2013-09-04 19:52:34</dateChanged>
    </org.openmrs.module.metadatasharing.Item>
    <org.openmrs.module.metadatasharing.Item id="536" uuid="aa96e066-c6b2-470c-a799-0c49b5d0a1bf">
      <id>18971</id>
      <classname>org.openmrs.ConceptReferenceTerm</classname>
      <dateChanged id="537">2013-09-04 19:52:16</dateChanged>
      <retired>false</retired>
    </org.openmrs.module.metadatasharing.Item>
    <org.openmrs.module.metadatasharing.Item id="538" uuid="abd12f1a-dd13-4323-8a0a-cf23846eefff">
      <id>17639</id>
      <classname>org.openmrs.ConceptMap</classname>
      <dateChanged id="539">2013-04-29 14:52:39</dateChanged>
    </org.openmrs.module.metadatasharing.Item>
    <org.openmrs.module.metadatasharing.Item id="540" uuid="6a3aba75-4c7e-4055-94d2-8378576c8624">
      <id>17603</id>
      <classname>org.openmrs.ConceptReferenceTerm</classname>
      <dateChanged id="541">2013-04-29 14:52:19</dateChanged>
      <retired>false</retired>
    </org.openmrs.module.metadatasharing.Item>
    <org.openmrs.module.metadatasharing.Item id="542" uuid="719a89f6-34ef-4b40-aad9-fda939639280">
      <id>17640</id>
      <classname>org.openmrs.ConceptMap</classname>
      <dateChanged id="543">2013-04-29 14:52:39</dateChanged>
    </org.openmrs.module.metadatasharing.Item>
    <org.openmrs.module.metadatasharing.Item id="544" uuid="08b51486-3599-4621-a621-eb8d8c786281">
      <id>17602</id>
      <classname>org.openmrs.ConceptReferenceTerm</classname>
      <dateChanged id="545">2013-04-29 14:52:09</dateChanged>
      <retired>false</retired>
    </org.openmrs.module.metadatasharing.Item>
  </relatedItems>
  <incrementalVersion>false</incrementalVersion>
</package>
