<?xml version="1.0" encoding="UTF-8"?>
<list id="1">
  <org.openmrs.LocationAttributeType id="2" uuid="64f01c78-191d-4947-a201-7e0a7f0caf21">
    <name>Location Code</name>
    <description>Unique identifier assigned to the location.  (Currently used as a key when exchanging information with McKesson PACS via the PACS Integration module.)</description>
    <creator/>
    <dateCreated id="3">2013-02-18 17:09:38</dateCreated>
    <changedBy/>
    <dateChanged id="4">2013-02-18 17:32:50</dateChanged>
    <retired>false</retired>
    <minOccurs>0</minOccurs>
    <maxOccurs>1</maxOccurs>
    <datatypeClassname>org.openmrs.customdatatype.datatype.FreeTextDatatype</datatypeClassname>
    <locationAttributeTypeId>2</locationAttributeTypeId>
  </org.openmrs.LocationAttributeType>
  <org.openmrs.Location id="5" uuid="272bd989-a8ee-4a16-b5aa-55bad4e84f5c">
    <name>Antepartum Ward</name>
    <description>Antepartum ward at Mirebalais Hospital (Before giving birth)</description>
    <creator/>
    <dateCreated id="6">2012-11-13 19:03:36</dateCreated>
    <retired>false</retired>
    <attributes id="7">
      <org.openmrs.LocationAttribute id="8" uuid="57f66e57-ddbf-41dd-b72b-734feb9cfc10">
        <creator/>
        <dateCreated id="9">2013-02-18 17:10:13</dateCreated>
        <voided>false</voided>
        <owner class="org.openmrs.Location" reference="5"/>
        <attributeType class="org.openmrs.LocationAttributeType" reference="2"/>
        <valueReference>M006</valueReference>
        <locationAttributeId>2</locationAttributeId>
      </org.openmrs.LocationAttribute>
    </attributes>
    <locationId>77</locationId>
    <parentLocation id="10" resolves-to="org.openmrs.Location" uuid="a084f714-a536-473b-94e6-ec317b152b43">
      <name>Mirebalais Hospital</name>
      <description>Mirebalais (MoH code 62101)</description>
      <creator/>
      <dateCreated id="11">2012-07-16 14:59:16</dateCreated>
      <retired>false</retired>
      <attributes id="12">
        <org.openmrs.LocationAttribute id="13" uuid="19cddbbe-fe82-448f-b2ab-95c4b73bc6f5">
          <creator/>
          <dateCreated id="14">2012-12-07 20:46:44</dateCreated>
          <voided>false</voided>
          <owner class="org.openmrs.Location" reference="10"/>
          <attributeType class="org.openmrs.LocationAttributeType" id="15" uuid="a5fb5770-409a-11e2-a25f-0800200c9a66">
            <name>Name to print on ID card</name>
            <description>The name to use when printing a location on an id card</description>
            <creator/>
            <dateCreated id="16">2012-12-07 15:22:34</dateCreated>
            <retired>false</retired>
            <minOccurs>0</minOccurs>
            <maxOccurs>1</maxOccurs>
            <datatypeClassname>org.openmrs.customdatatype.datatype.FreeTextDatatype</datatypeClassname>
            <locationAttributeTypeId>1</locationAttributeTypeId>
          </attributeType>
          <valueReference>Mirebalais</valueReference>
          <locationAttributeId>1</locationAttributeId>
        </org.openmrs.LocationAttribute>
      </attributes>
      <locationId>55</locationId>
      <cityVillage>Mirebalais</cityVillage>
      <stateProvince>Centre</stateProvince>
      <country>Haiti</country>
      <childLocations id="17">
        <org.openmrs.Location id="18" uuid="53cd4959-5f4d-4ddc-9971-7fc27e0b7946">
          <name>Main Laboratory</name>
          <description>Main laboratory at Mirebalais Hospital</description>
          <creator/>
          <dateCreated id="19">2012-11-13 19:05:53</dateCreated>
          <retired>false</retired>
          <attributes id="20">
            <org.openmrs.LocationAttribute id="21" uuid="f3d2b863-4524-40a1-8908-6646255e2e32">
              <creator/>
              <dateCreated id="22">2013-02-18 17:13:39</dateCreated>
              <voided>false</voided>
              <owner class="org.openmrs.Location" reference="18"/>
              <attributeType class="org.openmrs.LocationAttributeType" reference="2"/>
              <valueReference>M007</valueReference>
              <locationAttributeId>10</locationAttributeId>
            </org.openmrs.LocationAttribute>
          </attributes>
          <locationId>83</locationId>
          <parentLocation reference="10"/>
          <childLocations id="23"/>
          <tags id="24">
            <org.openmrs.LocationTag id="25" uuid="b8bbf83e-645f-451f-8efe-a0db56f09676">
              <name>Login Location</name>
              <description>When a user logs in and chooses a session location, they may only choose one with this tag</description>
              <creator/>
              <dateCreated id="26">2012-11-03 21:39:44</dateCreated>
              <retired>false</retired>
              <locationTagId>3</locationTagId>
            </org.openmrs.LocationTag>
          </tags>
        </org.openmrs.Location>
        <org.openmrs.Location id="27" uuid="950852f3-8a96-4d82-a5f8-a68a92043164">
          <name>Postpartum Ward</name>
          <description>Postpartum ward at Mirebalais Hospital (After giving birth)</description>
          <creator/>
          <dateCreated id="28">2012-11-13 19:04:06</dateCreated>
          <retired>false</retired>
          <attributes id="29">
            <org.openmrs.LocationAttribute id="30" uuid="a01858fe-2f18-418d-8b4b-5d3f926efc4f">
              <creator/>
              <dateCreated id="31">2013-02-18 17:16:35</dateCreated>
              <voided>false</voided>
              <owner class="org.openmrs.Location" reference="27"/>
              <attributeType class="org.openmrs.LocationAttributeType" reference="2"/>
              <valueReference>M008</valueReference>
              <locationAttributeId>19</locationAttributeId>
            </org.openmrs.LocationAttribute>
          </attributes>
          <locationId>78</locationId>
          <parentLocation reference="10"/>
          <childLocations id="32"/>
          <tags id="33">
            <org.openmrs.LocationTag id="34" uuid="f5b9737b-14d5-402b-8475-dd558808e172">
              <name>Admission Location</name>
              <description>Patients may only be admitted to inpatient care in a location with this tag</description>
              <creator/>
              <dateCreated id="35">2013-05-13 23:10:48</dateCreated>
              <retired>true</retired>
              <dateRetired id="36">2013-08-14 14:07:13</dateRetired>
              <retiredBy/>
              <retireReason>Not an actual location</retireReason>
              <locationTagId>4</locationTagId>
            </org.openmrs.LocationTag>
            <org.openmrs.LocationTag id="37" uuid="dea8febf-0bbe-4111-8152-a9cf7df622b6">
              <name>Consult Note Location</name>
              <description>A location where a consult note can be written</description>
              <creator/>
              <dateCreated id="38">2013-10-30 18:31:02</dateCreated>
              <retired>false</retired>
              <locationTagId>6</locationTagId>
            </org.openmrs.LocationTag>
            <org.openmrs.LocationTag id="39" uuid="8ce9abcb-b0d9-4897-bc65-d8d2d3362b67">
              <name>Surgery Note Location</name>
              <description>A location where a surgery note can be written</description>
              <creator/>
              <dateCreated id="40">2013-10-30 18:32:13</dateCreated>
              <retired>false</retired>
              <locationTagId>8</locationTagId>
            </org.openmrs.LocationTag>
            <org.openmrs.LocationTag id="41" uuid="c42b7bc3-b34d-4b8f-9796-09208f9dfd72">
              <name>Dispensing Location</name>
              <description>A location where a pharmacist or pharmacist aide can dispensed medication.</description>
              <creator/>
              <dateCreated id="42">2013-11-08 16:59:49</dateCreated>
              <retired>false</retired>
              <locationTagId>9</locationTagId>
            </org.openmrs.LocationTag>
            <org.openmrs.LocationTag reference="25"/>
          </tags>
        </org.openmrs.Location>
        <org.openmrs.Location id="43" uuid="9b2066a2-7087-47f6-9b3a-b001037432a3">
          <name>Women&apos;s Clinic</name>
          <description>Women&apos;s Outpatient clinic at Mirebalais Hospital (Sante Fanm).</description>
          <creator/>
          <dateCreated id="44">2012-09-24 17:08:58</dateCreated>
          <retired>false</retired>
          <attributes id="45">
            <org.openmrs.LocationAttribute id="46" uuid="703614f6-c941-4ec1-a639-65e308762034">
              <creator/>
              <dateCreated id="47">2013-02-18 17:17:47</dateCreated>
              <voided>false</voided>
              <owner class="org.openmrs.Location" reference="43"/>
              <attributeType class="org.openmrs.LocationAttributeType" reference="2"/>
              <valueReference>M003</valueReference>
              <locationAttributeId>23</locationAttributeId>
            </org.openmrs.LocationAttribute>
          </attributes>
          <locationId>62</locationId>
          <parentLocation reference="10"/>
          <childLocations id="48">
            <org.openmrs.Location id="49" uuid="de8892ff-e755-4ef0-ae0a-c27d2c1e6a74">
              <name>Women and Children&apos;s Pharmacy</name>
              <description>Women and Children&apos;s Pharmacy at Mirebalais Hospital. (Famasi Famn ak Ti moun)</description>
              <creator/>
              <dateCreated id="50">2013-09-19 20:11:53</dateCreated>
              <retired>false</retired>
              <attributes id="51">
                <org.openmrs.LocationAttribute id="52" uuid="d3906d5e-6b4e-4c2b-b19a-26e247d89209">
                  <creator/>
                  <dateCreated id="53">2013-11-27 00:21:09</dateCreated>
                  <voided>false</voided>
                  <owner class="org.openmrs.Location" reference="49"/>
                  <attributeType class="org.openmrs.LocationAttributeType" reference="2"/>
                  <valueReference>M032</valueReference>
                  <locationAttributeId>36</locationAttributeId>
                </org.openmrs.LocationAttribute>
              </attributes>
              <locationId>96</locationId>
              <parentLocation reference="43"/>
              <childLocations id="54"/>
              <tags id="55">
                <org.openmrs.LocationTag reference="41"/>
                <org.openmrs.LocationTag reference="25"/>
              </tags>
            </org.openmrs.Location>
          </childLocations>
          <tags id="56">
            <org.openmrs.LocationTag reference="37"/>
            <org.openmrs.LocationTag reference="41"/>
            <org.openmrs.LocationTag reference="25"/>
          </tags>
        </org.openmrs.Location>
        <org.openmrs.Location id="57" uuid="cfe92278-0181-4315-ab7d-1731753120f0">
          <name>Radiology</name>
          <description>Radiology at Mirebalais Hospital</description>
          <creator/>
          <dateCreated id="58">2012-11-13 19:14:22</dateCreated>
          <retired>false</retired>
          <attributes id="59">
            <org.openmrs.LocationAttribute id="60" uuid="d8be457b-c418-4581-8673-50ca20d2ba42">
              <creator/>
              <dateCreated id="61">2013-02-18 17:17:12</dateCreated>
              <voided>false</voided>
              <owner class="org.openmrs.Location" reference="57"/>
              <attributeType class="org.openmrs.LocationAttributeType" reference="2"/>
              <valueReference>M010</valueReference>
              <locationAttributeId>21</locationAttributeId>
            </org.openmrs.LocationAttribute>
          </attributes>
          <locationId>85</locationId>
          <parentLocation reference="10"/>
          <childLocations id="62"/>
          <tags id="63">
            <org.openmrs.LocationTag reference="25"/>
          </tags>
        </org.openmrs.Location>
        <org.openmrs.Location id="64" uuid="f3a5586e-f06c-4dfb-96b0-6f3451a35e90">
          <name>Emergency</name>
          <description>Emergency room at Mirebalais Hospital (Ijans)</description>
          <creator/>
          <dateCreated id="65">2012-09-24 17:10:31</dateCreated>
          <retired>false</retired>
          <attributes id="66">
            <org.openmrs.LocationAttribute id="67" uuid="82c82a3d-5153-4eaf-9ad5-154eeffe0f1b">
              <creator/>
              <dateCreated id="68">2013-02-18 17:12:17</dateCreated>
              <voided>false</voided>
              <owner class="org.openmrs.Location" reference="64"/>
              <attributeType class="org.openmrs.LocationAttributeType" reference="2"/>
              <valueReference>M004</valueReference>
              <locationAttributeId>6</locationAttributeId>
            </org.openmrs.LocationAttribute>
          </attributes>
          <locationId>63</locationId>
          <parentLocation reference="10"/>
          <childLocations id="69"/>
          <tags id="70">
            <org.openmrs.LocationTag id="71" uuid="fe742fba-840a-4155-bfc4-a5b35ac1bb03">
              <name>ED Note Location</name>
              <description>A location where an ED note can be written</description>
              <creator/>
              <dateCreated id="72">2013-10-30 18:31:44</dateCreated>
              <retired>false</retired>
              <locationTagId>7</locationTagId>
            </org.openmrs.LocationTag>
            <org.openmrs.LocationTag reference="41"/>
            <org.openmrs.LocationTag reference="25"/>
          </tags>
        </org.openmrs.Location>
        <org.openmrs.Location id="73" uuid="109a13a9-029d-498d-b66e-bab5eb396996">
          <name>Pre-op/PACU</name>
          <description>Pre-op/PACU at Mirebalais Hospital (Before surgery, and Post-Anesthesia Care Unit)</description>
          <creator/>
          <dateCreated id="74">2012-11-13 19:02:22</dateCreated>
          <retired>false</retired>
          <attributes id="75">
            <org.openmrs.LocationAttribute id="76" uuid="01b1db36-bf5b-450e-a53d-a5ac6c50b5b2">
              <creator/>
              <dateCreated id="77">2013-02-18 17:16:52</dateCreated>
              <voided>false</voided>
              <owner class="org.openmrs.Location" reference="73"/>
              <attributeType class="org.openmrs.LocationAttributeType" reference="2"/>
              <valueReference>M013</valueReference>
              <locationAttributeId>20</locationAttributeId>
            </org.openmrs.LocationAttribute>
          </attributes>
          <locationId>74</locationId>
          <parentLocation reference="10"/>
          <childLocations id="78"/>
          <tags id="79">
            <org.openmrs.LocationTag reference="34"/>
            <org.openmrs.LocationTag reference="41"/>
            <org.openmrs.LocationTag reference="25"/>
          </tags>
        </org.openmrs.Location>
        <org.openmrs.Location id="80" resolves-to="org.openmrs.Location" uuid="199e7d87-92a0-4398-a0f8-11d012178164">
          <name>Outpatient Clinic</name>
          <description>The outpatient clinic at Mirebalais Hospital (Klinik Extern).</description>
          <creator/>
          <dateCreated id="81">2012-09-24 17:07:04</dateCreated>
          <retired>false</retired>
          <attributes id="82">
            <org.openmrs.LocationAttribute id="83" uuid="350badbe-82a1-42f6-81a3-e2f7aaec5d1e">
              <creator/>
              <dateCreated id="84">2013-02-18 17:15:21</dateCreated>
              <voided>false</voided>
              <owner class="org.openmrs.Location" reference="80"/>
              <attributeType class="org.openmrs.LocationAttributeType" reference="2"/>
              <valueReference>M005</valueReference>
              <locationAttributeId>15</locationAttributeId>
            </org.openmrs.LocationAttribute>
          </attributes>
          <locationId>61</locationId>
          <parentLocation reference="10"/>
          <childLocations id="85">
            <org.openmrs.Location id="86" uuid="79892ece-79f1-4674-abb5-a52c1898c762">
              <name>Outpatient Clinic Pharmacy</name>
              <description>Outpatient Clinic Pharmacy at Mirebalais Hospital. For adults. Women with general medical conditions are also seen here.  (Klinik Exten Famasi)</description>
              <creator/>
              <dateCreated id="87">2013-09-19 18:27:59</dateCreated>
              <retired>false</retired>
              <attributes id="88">
                <org.openmrs.LocationAttribute id="89" uuid="96af5ad1-c2c5-4cf4-9333-26f0c1f2e75b">
                  <creator/>
                  <dateCreated id="90">2013-11-27 00:21:00</dateCreated>
                  <voided>false</voided>
                  <owner class="org.openmrs.Location" reference="86"/>
                  <attributeType class="org.openmrs.LocationAttributeType" reference="2"/>
                  <valueReference>M031</valueReference>
                  <locationAttributeId>35</locationAttributeId>
                </org.openmrs.LocationAttribute>
              </attributes>
              <locationId>95</locationId>
              <parentLocation reference="80"/>
              <childLocations id="91"/>
              <tags id="92">
                <org.openmrs.LocationTag reference="25"/>
              </tags>
            </org.openmrs.Location>
          </childLocations>
          <tags id="93">
            <org.openmrs.LocationTag reference="37"/>
            <org.openmrs.LocationTag reference="41"/>
            <org.openmrs.LocationTag reference="25"/>
          </tags>
        </org.openmrs.Location>
        <org.openmrs.Location id="94" uuid="afa09010-43b6-4f19-89e0-58d09941bcbd">
          <name>Emergency Department Reception</name>
          <description>Emergency registration and check-in</description>
          <creator/>
          <dateCreated id="95">2013-05-16 13:23:44</dateCreated>
          <retired>false</retired>
          <attributes id="96">
            <org.openmrs.LocationAttribute id="97" uuid="709ee7f1-5d3d-493d-a931-6fca9a49b7ff">
              <creator/>
              <dateCreated id="98">2013-11-27 00:27:40</dateCreated>
              <voided>false</voided>
              <owner class="org.openmrs.Location" reference="94"/>
              <attributeType class="org.openmrs.LocationAttributeType" reference="2"/>
              <valueReference>M034</valueReference>
              <locationAttributeId>38</locationAttributeId>
            </org.openmrs.LocationAttribute>
            <org.openmrs.LocationAttribute id="99" uuid="9c165e85-9da2-47c3-99e6-95fad19ebaa4">
              <creator/>
              <dateCreated id="100">2013-11-27 00:19:42</dateCreated>
              <changedBy/>
              <dateChanged id="101">2013-11-27 00:27:40</dateChanged>
              <voided>true</voided>
              <dateVoided id="102">2013-11-27 00:27:40</dateVoided>
              <voidedBy/>
              <owner class="org.openmrs.Location" reference="94"/>
              <attributeType class="org.openmrs.LocationAttributeType" reference="2"/>
              <valueReference>M025</valueReference>
              <locationAttributeId>29</locationAttributeId>
            </org.openmrs.LocationAttribute>
          </attributes>
          <locationId>91</locationId>
          <parentLocation reference="10"/>
          <childLocations id="103"/>
          <tags id="104">
            <org.openmrs.LocationTag reference="25"/>
          </tags>
        </org.openmrs.Location>
        <org.openmrs.Location id="105" uuid="29437276-aeae-4ea8-8219-720886cdc87f">
          <name>Isolation</name>
          <description>Isolation at Mirebalais Hospital</description>
          <creator/>
          <dateCreated id="106">2012-11-13 19:05:26</dateCreated>
          <retired>false</retired>
          <attributes id="107">
            <org.openmrs.LocationAttribute id="108" uuid="1f07a471-cd35-429d-a82b-7bff40650216">
              <creator/>
              <dateCreated id="109">2013-02-18 17:12:50</dateCreated>
              <voided>false</voided>
              <owner class="org.openmrs.Location" reference="105"/>
              <attributeType class="org.openmrs.LocationAttributeType" reference="2"/>
              <valueReference>M017</valueReference>
              <locationAttributeId>8</locationAttributeId>
            </org.openmrs.LocationAttribute>
          </attributes>
          <locationId>82</locationId>
          <parentLocation reference="10"/>
          <childLocations id="110"/>
          <tags id="111">
            <org.openmrs.LocationTag reference="34"/>
            <org.openmrs.LocationTag reference="41"/>
            <org.openmrs.LocationTag reference="25"/>
          </tags>
        </org.openmrs.Location>
        <org.openmrs.Location id="112" uuid="4f2d9af1-7eec-4228-bbd6-7b0774c6c267">
          <name>Dental</name>
          <description>Dental clinic at Mirebalais Hospital (Dental Clinic).</description>
          <creator/>
          <dateCreated id="113">2012-11-13 15:14:40</dateCreated>
          <retired>false</retired>
          <attributes id="114">
            <org.openmrs.LocationAttribute id="115" uuid="41fec28b-dd0c-4011-be67-9ebca234ebfd">
              <creator/>
              <dateCreated id="116">2013-02-18 17:12:01</dateCreated>
              <voided>false</voided>
              <owner class="org.openmrs.Location" reference="112"/>
              <attributeType class="org.openmrs.LocationAttributeType" reference="2"/>
              <valueReference>M019</valueReference>
              <locationAttributeId>5</locationAttributeId>
            </org.openmrs.LocationAttribute>
          </attributes>
          <locationId>65</locationId>
          <parentLocation reference="10"/>
          <childLocations id="117"/>
          <tags id="118">
            <org.openmrs.LocationTag reference="34"/>
            <org.openmrs.LocationTag reference="37"/>
            <org.openmrs.LocationTag reference="41"/>
            <org.openmrs.LocationTag reference="25"/>
          </tags>
        </org.openmrs.Location>
        <org.openmrs.Location id="119" uuid="459c97ba-8d90-485d-8993-9540c55166f6">
          <name>ED Observation</name>
          <description>Emergency observation room at Mirebalais Hospital (Ijans Obsèvasyon)</description>
          <creator/>
          <dateCreated id="120">2013-08-09 14:16:23</dateCreated>
          <retired>true</retired>
          <dateRetired id="121">2013-08-14 14:07:13</dateRetired>
          <retiredBy/>
          <retireReason>Not an actual location</retireReason>
          <attributes id="122"/>
          <locationId>94</locationId>
          <parentLocation reference="10"/>
          <childLocations id="123"/>
          <tags id="124">
            <org.openmrs.LocationTag reference="34"/>
          </tags>
        </org.openmrs.Location>
        <org.openmrs.Location id="125" resolves-to="org.openmrs.Location" uuid="2c93919d-7fc6-406d-a057-c0b640104790">
          <name>Women’s Internal Medicine</name>
          <description>Women’s Internal Medicine at Mirebalais Hospital (Inpatient ward for women)</description>
          <creator/>
          <dateCreated id="126">2013-05-16 13:09:31</dateCreated>
          <retired>false</retired>
          <attributes id="127">
            <org.openmrs.LocationAttribute id="128" uuid="9d6d04ad-35d9-4480-8989-3f1c4bdc7814">
              <creator/>
              <dateCreated id="129">2013-11-27 00:19:57</dateCreated>
              <changedBy/>
              <dateChanged id="130">2013-11-27 00:27:56</dateChanged>
              <voided>true</voided>
              <dateVoided id="131">2013-11-27 00:27:56</dateVoided>
              <voidedBy/>
              <owner class="org.openmrs.Location" reference="125"/>
              <attributeType class="org.openmrs.LocationAttributeType" reference="15"/>
              <valueReference>M026</valueReference>
              <locationAttributeId>30</locationAttributeId>
            </org.openmrs.LocationAttribute>
            <org.openmrs.LocationAttribute id="132" uuid="848120b5-a8ed-453d-b17c-3a1532f87e71">
              <creator/>
              <dateCreated id="133">2013-11-27 00:27:56</dateCreated>
              <voided>false</voided>
              <owner class="org.openmrs.Location" reference="125"/>
              <attributeType class="org.openmrs.LocationAttributeType" reference="15"/>
              <valueReference>M035</valueReference>
              <locationAttributeId>39</locationAttributeId>
            </org.openmrs.LocationAttribute>
          </attributes>
          <locationId>88</locationId>
          <parentLocation reference="10"/>
          <childLocations id="134">
            <org.openmrs.Location id="135" uuid="195d0af1-3887-4a28-a542-b832099fe3ee">
              <name>Women’s Internal Medicine B</name>
              <description>Women’s Internal Medicine B at Mirebalais Hospital (2nd Inpatient ward for women)</description>
              <creator/>
              <dateCreated id="136">2012-11-13 19:00:21</dateCreated>
              <retired>false</retired>
              <attributes id="137">
                <org.openmrs.LocationAttribute id="138" uuid="bdae8ec9-3ed0-4b93-a38b-0c61674aae8a">
                  <creator/>
                  <dateCreated id="139">2013-02-18 17:18:19</dateCreated>
                  <voided>false</voided>
                  <owner class="org.openmrs.Location" reference="135"/>
                  <attributeType class="org.openmrs.LocationAttributeType" reference="2"/>
                  <valueReference>M016</valueReference>
                  <locationAttributeId>25</locationAttributeId>
                </org.openmrs.LocationAttribute>
              </attributes>
              <locationId>69</locationId>
              <parentLocation reference="125"/>
              <childLocations id="140"/>
              <tags id="141">
                <org.openmrs.LocationTag reference="34"/>
                <org.openmrs.LocationTag reference="37"/>
                <org.openmrs.LocationTag reference="41"/>
              </tags>
            </org.openmrs.Location>
            <org.openmrs.Location id="142" uuid="8e4e930b-e801-44c5-8895-e7ef6feb6d73">
              <name>Women’s Internal Medicine A</name>
              <description>Women’s Internal Medicine A at Mirebalais Hospital (1st Inpatient ward for women)</description>
              <creator/>
              <dateCreated id="143">2012-11-13 19:00:00</dateCreated>
              <retired>false</retired>
              <attributes id="144">
                <org.openmrs.LocationAttribute id="145" uuid="4c7fe8b5-e965-4cd1-9021-dfa994c16838">
                  <creator/>
                  <dateCreated id="146">2013-02-18 17:18:10</dateCreated>
                  <voided>false</voided>
                  <owner class="org.openmrs.Location" reference="142"/>
                  <attributeType class="org.openmrs.LocationAttributeType" reference="2"/>
                  <valueReference>M026</valueReference>
                  <locationAttributeId>24</locationAttributeId>
                </org.openmrs.LocationAttribute>
              </attributes>
              <locationId>68</locationId>
              <parentLocation reference="125"/>
              <childLocations id="147"/>
              <tags id="148">
                <org.openmrs.LocationTag reference="34"/>
                <org.openmrs.LocationTag reference="37"/>
                <org.openmrs.LocationTag reference="41"/>
              </tags>
            </org.openmrs.Location>
          </childLocations>
          <tags id="149">
            <org.openmrs.LocationTag reference="34"/>
            <org.openmrs.LocationTag reference="37"/>
            <org.openmrs.LocationTag reference="41"/>
            <org.openmrs.LocationTag reference="25"/>
          </tags>
        </org.openmrs.Location>
        <org.openmrs.Location id="150" uuid="7d6cc39d-a600-496f-a320-fd4985f07f0b">
          <name>Surgical Ward</name>
          <description>Surgical Ward at Mirebalais Hospital(Surgery)</description>
          <creator/>
          <dateCreated id="151">2012-11-13 19:02:01</dateCreated>
          <retired>false</retired>
          <attributes id="152">
            <org.openmrs.LocationAttribute id="153" uuid="162c86a7-5918-4311-ae98-25708541e97f">
              <creator/>
              <dateCreated id="154">2013-02-18 17:17:29</dateCreated>
              <voided>false</voided>
              <owner class="org.openmrs.Location" reference="150"/>
              <attributeType class="org.openmrs.LocationAttributeType" reference="2"/>
              <valueReference>M025</valueReference>
              <locationAttributeId>22</locationAttributeId>
            </org.openmrs.LocationAttribute>
          </attributes>
          <locationId>73</locationId>
          <parentLocation reference="10"/>
          <childLocations id="155"/>
          <tags id="156">
            <org.openmrs.LocationTag reference="37"/>
            <org.openmrs.LocationTag reference="39"/>
            <org.openmrs.LocationTag reference="41"/>
            <org.openmrs.LocationTag reference="25"/>
          </tags>
        </org.openmrs.Location>
        <org.openmrs.Location id="157" uuid="ec9d2302-b525-45ce-bebe-42ea1d38b251">
          <name>Post-op GYN</name>
          <description>Post-op GYN at Mirebalais Hospital(Recovery after surgery related to gynecology)</description>
          <creator/>
          <dateCreated id="158">2012-11-13 19:04:27</dateCreated>
          <retired>false</retired>
          <attributes id="159">
            <org.openmrs.LocationAttribute id="160" uuid="afa2909f-2b68-4923-9c29-07e8d37a99a1">
              <creator/>
              <dateCreated id="161">2013-02-18 17:16:19</dateCreated>
              <voided>false</voided>
              <owner class="org.openmrs.Location" reference="157"/>
              <attributeType class="org.openmrs.LocationAttributeType" reference="2"/>
              <valueReference>M009</valueReference>
              <locationAttributeId>18</locationAttributeId>
            </org.openmrs.LocationAttribute>
          </attributes>
          <locationId>79</locationId>
          <parentLocation reference="10"/>
          <childLocations id="162"/>
          <tags id="163">
            <org.openmrs.LocationTag reference="34"/>
            <org.openmrs.LocationTag reference="41"/>
            <org.openmrs.LocationTag reference="25"/>
          </tags>
        </org.openmrs.Location>
        <org.openmrs.Location id="164" uuid="e5db0599-89e8-44fa-bfa2-07e47d63546f">
          <name>Men’s Internal Medicine</name>
          <description>Men’s Internal Medicine at Mirebalais Hospital (Inpatient ward for men)</description>
          <creator/>
          <dateCreated id="165">2013-05-16 13:12:35</dateCreated>
          <retired>false</retired>
          <attributes id="166">
            <org.openmrs.LocationAttribute id="167" uuid="27f73024-9317-4b37-bc79-82ccad31fced">
              <creator/>
              <dateCreated id="168">2013-11-27 00:28:13</dateCreated>
              <voided>false</voided>
              <owner class="org.openmrs.Location" reference="164"/>
              <attributeType class="org.openmrs.LocationAttributeType" reference="2"/>
              <valueReference>M036</valueReference>
              <locationAttributeId>40</locationAttributeId>
            </org.openmrs.LocationAttribute>
            <org.openmrs.LocationAttribute id="169" uuid="8b382e74-5f8d-4792-8dbc-7957c20aa88c">
              <creator/>
              <dateCreated id="170">2013-11-27 00:20:06</dateCreated>
              <changedBy/>
              <dateChanged id="171">2013-11-27 00:28:13</dateChanged>
              <voided>true</voided>
              <dateVoided id="172">2013-11-27 00:28:13</dateVoided>
              <voidedBy/>
              <owner class="org.openmrs.Location" reference="164"/>
              <attributeType class="org.openmrs.LocationAttributeType" reference="2"/>
              <valueReference>M027</valueReference>
              <locationAttributeId>31</locationAttributeId>
            </org.openmrs.LocationAttribute>
          </attributes>
          <locationId>89</locationId>
          <parentLocation reference="10"/>
          <childLocations id="173">
            <org.openmrs.Location id="174" uuid="3b6f010b-5d44-4ded-85b3-70ea7ba79fd5">
              <name>Men’s Internal Medicine A</name>
              <description>Men’s Internal Medicine A at Mirebalais Hospital (1st Inpatient ward for men)</description>
              <creator/>
              <dateCreated id="175">2012-11-13 18:54:56</dateCreated>
              <retired>false</retired>
              <attributes id="176">
                <org.openmrs.LocationAttribute id="177" uuid="3d2220a6-2ed2-4f9d-a856-67f79ae9b1c9">
                  <creator/>
                  <dateCreated id="178">2013-02-18 17:13:59</dateCreated>
                  <voided>false</voided>
                  <owner class="org.openmrs.Location" reference="174"/>
                  <attributeType class="org.openmrs.LocationAttributeType" reference="2"/>
                  <valueReference>M020</valueReference>
                  <locationAttributeId>11</locationAttributeId>
                </org.openmrs.LocationAttribute>
              </attributes>
              <locationId>66</locationId>
              <parentLocation reference="164"/>
              <childLocations id="179"/>
              <tags id="180">
                <org.openmrs.LocationTag reference="34"/>
                <org.openmrs.LocationTag reference="37"/>
                <org.openmrs.LocationTag reference="41"/>
              </tags>
            </org.openmrs.Location>
            <org.openmrs.Location id="181" uuid="a296d225-0312-4ce5-836c-cb2d8e952f47">
              <name>Men’s Internal Medicine B</name>
              <description>Men’s Internal Medicine B at Mirebalais Hospital (2nd Inpatient ward for men)</description>
              <creator/>
              <dateCreated id="182">2012-11-13 18:56:58</dateCreated>
              <retired>false</retired>
              <attributes id="183">
                <org.openmrs.LocationAttribute id="184" uuid="ec2b429b-6c73-4863-bd89-a6501d58d540">
                  <creator/>
                  <dateCreated id="185">2013-02-18 17:14:06</dateCreated>
                  <voided>false</voided>
                  <owner class="org.openmrs.Location" reference="181"/>
                  <attributeType class="org.openmrs.LocationAttributeType" reference="2"/>
                  <valueReference>M021</valueReference>
                  <locationAttributeId>12</locationAttributeId>
                </org.openmrs.LocationAttribute>
              </attributes>
              <locationId>67</locationId>
              <parentLocation reference="164"/>
              <childLocations id="186"/>
              <tags id="187">
                <org.openmrs.LocationTag reference="34"/>
                <org.openmrs.LocationTag reference="37"/>
                <org.openmrs.LocationTag reference="41"/>
              </tags>
            </org.openmrs.Location>
          </childLocations>
          <tags id="188">
            <org.openmrs.LocationTag reference="34"/>
            <org.openmrs.LocationTag reference="37"/>
            <org.openmrs.LocationTag reference="41"/>
            <org.openmrs.LocationTag reference="25"/>
          </tags>
        </org.openmrs.Location>
        <org.openmrs.Location id="189" uuid="dce85b2e-6946-4798-9037-d00f123df7bd">
          <name>Community Health</name>
          <description>Community Health clinic at Mirebalais Hospital (Community Health clinic).</description>
          <creator/>
          <dateCreated id="190">2012-11-13 14:14:25</dateCreated>
          <retired>false</retired>
          <attributes id="191">
            <org.openmrs.LocationAttribute id="192" uuid="0b70293d-0995-404c-924c-e4f54d6860b5">
              <creator/>
              <dateCreated id="193">2013-02-18 17:11:46</dateCreated>
              <voided>false</voided>
              <owner class="org.openmrs.Location" reference="189"/>
              <attributeType class="org.openmrs.LocationAttributeType" reference="2"/>
              <valueReference>M011</valueReference>
              <locationAttributeId>4</locationAttributeId>
            </org.openmrs.LocationAttribute>
          </attributes>
          <locationId>64</locationId>
          <parentLocation reference="10"/>
          <childLocations id="194"/>
          <tags id="195">
            <org.openmrs.LocationTag reference="37"/>
            <org.openmrs.LocationTag reference="41"/>
            <org.openmrs.LocationTag reference="25"/>
          </tags>
        </org.openmrs.Location>
        <org.openmrs.Location id="196" uuid="62a9500e-a1a5-4235-844f-3a8cc0765d53">
          <name>NICU</name>
          <description>NICU at Mirebalais Hospital (Neonatal Intensive Care Unit)</description>
          <creator/>
          <dateCreated id="197">2012-11-13 19:03:14</dateCreated>
          <retired>false</retired>
          <attributes id="198">
            <org.openmrs.LocationAttribute id="199" uuid="f8eba8dc-8939-4c5e-a39b-110d833b86e6">
              <creator/>
              <dateCreated id="200">2013-02-18 17:14:41</dateCreated>
              <voided>false</voided>
              <owner class="org.openmrs.Location" reference="196"/>
              <attributeType class="org.openmrs.LocationAttributeType" reference="2"/>
              <valueReference>M014</valueReference>
              <locationAttributeId>13</locationAttributeId>
            </org.openmrs.LocationAttribute>
          </attributes>
          <locationId>76</locationId>
          <parentLocation reference="10"/>
          <childLocations id="201"/>
          <tags id="202">
            <org.openmrs.LocationTag reference="34"/>
            <org.openmrs.LocationTag reference="37"/>
            <org.openmrs.LocationTag reference="41"/>
            <org.openmrs.LocationTag reference="25"/>
          </tags>
        </org.openmrs.Location>
        <org.openmrs.Location id="203" uuid="787a2422-a7a2-400e-bdbb-5c54b2691af5">
          <name>Clinic Registration</name>
          <description>Clinic Registration at Mirebalais Hospital</description>
          <creator/>
          <dateCreated id="204">2013-03-03 23:20:51</dateCreated>
          <retired>false</retired>
          <attributes id="205">
            <org.openmrs.LocationAttribute id="206" uuid="58b76638-90b2-4e23-b0d9-b63f11c49e79">
              <creator/>
              <dateCreated id="207">2013-03-03 23:22:40</dateCreated>
              <voided>false</voided>
              <owner class="org.openmrs.Location" reference="203"/>
              <attributeType class="org.openmrs.LocationAttributeType" reference="2"/>
              <valueReference>M029</valueReference>
              <locationAttributeId>28</locationAttributeId>
            </org.openmrs.LocationAttribute>
          </attributes>
          <locationId>87</locationId>
          <parentLocation reference="10"/>
          <childLocations id="208"/>
          <tags id="209">
            <org.openmrs.LocationTag reference="25"/>
          </tags>
        </org.openmrs.Location>
        <org.openmrs.Location id="210" uuid="41736d90-12f9-4c16-b5a1-5af170b7bf2a">
          <name>Operating Rooms</name>
          <description>Operating Rooms at Mirebalais Hospital (all six operating rooms)</description>
          <creator/>
          <dateCreated id="211">2012-11-13 19:02:50</dateCreated>
          <retired>false</retired>
          <attributes id="212">
            <org.openmrs.LocationAttribute id="213" uuid="d08b49d0-be14-49bb-9319-02f4125834c8">
              <creator/>
              <dateCreated id="214">2013-02-18 17:14:56</dateCreated>
              <voided>false</voided>
              <owner class="org.openmrs.Location" reference="210"/>
              <attributeType class="org.openmrs.LocationAttributeType" reference="2"/>
              <valueReference>M015</valueReference>
              <locationAttributeId>14</locationAttributeId>
            </org.openmrs.LocationAttribute>
          </attributes>
          <locationId>75</locationId>
          <parentLocation reference="10"/>
          <childLocations id="215"/>
          <tags id="216">
            <org.openmrs.LocationTag reference="39"/>
            <org.openmrs.LocationTag reference="41"/>
            <org.openmrs.LocationTag reference="25"/>
          </tags>
        </org.openmrs.Location>
        <org.openmrs.Location id="217" uuid="8355ad15-c3c9-4471-a1e7-dc18b7983087">
          <name>ED Boarding</name>
          <description>Emergency boarding room at Mirebalais Hospital (Ijans Annatant)</description>
          <creator/>
          <dateCreated id="218">2013-08-09 14:15:27</dateCreated>
          <retired>false</retired>
          <attributes id="219">
            <org.openmrs.LocationAttribute id="220" uuid="f170427f-8cc7-421e-bd52-350c3580ea90">
              <creator/>
              <dateCreated id="221">2013-11-27 00:20:48</dateCreated>
              <voided>false</voided>
              <owner class="org.openmrs.Location" reference="217"/>
              <attributeType class="org.openmrs.LocationAttributeType" reference="2"/>
              <valueReference>M030</valueReference>
              <locationAttributeId>34</locationAttributeId>
            </org.openmrs.LocationAttribute>
          </attributes>
          <locationId>93</locationId>
          <parentLocation reference="10"/>
          <childLocations id="222"/>
          <tags id="223">
            <org.openmrs.LocationTag reference="34"/>
          </tags>
        </org.openmrs.Location>
        <org.openmrs.Location id="224" uuid="d65eb8cf-d781-4ea8-9d9a-2b3e03c6074c">
          <name>Women’s Triage</name>
          <description>Women’s Triage at Mirebalais Hospital</description>
          <creator/>
          <dateCreated id="225">2012-11-13 19:05:07</dateCreated>
          <retired>false</retired>
          <attributes id="226">
            <org.openmrs.LocationAttribute id="227" uuid="157c7f05-fa41-4ccb-a6cb-599d8c731aee">
              <creator/>
              <dateCreated id="228">2013-02-18 17:18:41</dateCreated>
              <voided>false</voided>
              <owner class="org.openmrs.Location" reference="224"/>
              <attributeType class="org.openmrs.LocationAttributeType" reference="2"/>
              <valueReference>M027</valueReference>
              <locationAttributeId>27</locationAttributeId>
            </org.openmrs.LocationAttribute>
          </attributes>
          <locationId>81</locationId>
          <parentLocation reference="10"/>
          <childLocations id="229"/>
          <tags id="230">
            <org.openmrs.LocationTag reference="37"/>
            <org.openmrs.LocationTag reference="41"/>
            <org.openmrs.LocationTag reference="25"/>
          </tags>
        </org.openmrs.Location>
        <org.openmrs.Location id="231" uuid="4ed8c0d3-8aed-4f80-96e8-55648abf51af">
          <name>Blood Bank</name>
          <description>Blood Bank at Mirebalais Hospital</description>
          <creator/>
          <dateCreated id="232">2013-11-27 00:15:18</dateCreated>
          <retired>false</retired>
          <attributes id="233">
            <org.openmrs.LocationAttribute id="234" uuid="90307894-ec4a-4dad-bb00-d44f633e6e18">
              <creator/>
              <dateCreated id="235">2013-11-27 00:21:17</dateCreated>
              <voided>false</voided>
              <owner class="org.openmrs.Location" reference="231"/>
              <attributeType class="org.openmrs.LocationAttributeType" reference="2"/>
              <valueReference>M033</valueReference>
              <locationAttributeId>37</locationAttributeId>
            </org.openmrs.LocationAttribute>
          </attributes>
          <locationId>97</locationId>
          <parentLocation reference="10"/>
          <childLocations id="236"/>
          <tags id="237">
            <org.openmrs.LocationTag reference="25"/>
          </tags>
        </org.openmrs.Location>
        <org.openmrs.Location id="238" uuid="b6fcd85f-5995-43c9-875f-3bb2299087ff">
          <name>ICU</name>
          <description>ICU at Mirebalais Hospital (Intensive Care Unit)</description>
          <creator/>
          <dateCreated id="239">2012-11-13 19:01:37</dateCreated>
          <retired>false</retired>
          <attributes id="240">
            <org.openmrs.LocationAttribute id="241" uuid="8b13c4c2-8c44-4faa-b385-2734594a8d44">
              <creator/>
              <dateCreated id="242">2013-02-18 17:12:33</dateCreated>
              <voided>false</voided>
              <owner class="org.openmrs.Location" reference="238"/>
              <attributeType class="org.openmrs.LocationAttributeType" reference="2"/>
              <valueReference>M018</valueReference>
              <locationAttributeId>7</locationAttributeId>
            </org.openmrs.LocationAttribute>
          </attributes>
          <locationId>72</locationId>
          <parentLocation reference="10"/>
          <childLocations id="243"/>
          <tags id="244">
            <org.openmrs.LocationTag reference="34"/>
            <org.openmrs.LocationTag reference="41"/>
            <org.openmrs.LocationTag reference="25"/>
          </tags>
        </org.openmrs.Location>
        <org.openmrs.Location id="245" uuid="dc8413be-1075-48b5-9857-9bd4954686ed">
          <name>Chemotherapy</name>
          <description>Chemotherapy at Mirebalais Hospital</description>
          <creator/>
          <dateCreated id="246">2013-07-24 13:36:44</dateCreated>
          <retired>false</retired>
          <attributes id="247">
            <org.openmrs.LocationAttribute id="248" uuid="7df84969-3685-4894-84aa-17b58ad93a94">
              <creator/>
              <dateCreated id="249">2013-11-27 00:29:26</dateCreated>
              <voided>false</voided>
              <owner class="org.openmrs.Location" reference="245"/>
              <attributeType class="org.openmrs.LocationAttributeType" reference="2"/>
              <valueReference>M038</valueReference>
              <locationAttributeId>42</locationAttributeId>
            </org.openmrs.LocationAttribute>
            <org.openmrs.LocationAttribute id="250" uuid="8c20c565-d8b0-4345-9e32-22c58e6b8100">
              <creator/>
              <dateCreated id="251">2013-11-27 00:20:25</dateCreated>
              <changedBy/>
              <dateChanged id="252">2013-11-27 00:29:26</dateChanged>
              <voided>true</voided>
              <dateVoided id="253">2013-11-27 00:29:26</dateVoided>
              <voidedBy/>
              <owner class="org.openmrs.Location" reference="245"/>
              <attributeType class="org.openmrs.LocationAttributeType" reference="2"/>
              <valueReference>M029</valueReference>
              <locationAttributeId>33</locationAttributeId>
            </org.openmrs.LocationAttribute>
          </attributes>
          <locationId>92</locationId>
          <parentLocation reference="10"/>
          <childLocations id="254"/>
          <tags id="255">
            <org.openmrs.LocationTag reference="37"/>
            <org.openmrs.LocationTag reference="41"/>
            <org.openmrs.LocationTag reference="25"/>
          </tags>
        </org.openmrs.Location>
        <org.openmrs.Location id="256" uuid="dcfefcb7-163b-47e5-84ae-f715cf3e0e92">
          <name>Labor and Delivery</name>
          <description>Labor and Delivery at Mirebalais Hospital (Births)</description>
          <creator/>
          <dateCreated id="257">2012-11-13 19:04:45</dateCreated>
          <retired>false</retired>
          <attributes id="258">
            <org.openmrs.LocationAttribute id="259" uuid="54750c8b-d979-4d3b-bd1d-57830009e064">
              <creator/>
              <dateCreated id="260">2013-02-18 17:13:09</dateCreated>
              <voided>false</voided>
              <owner class="org.openmrs.Location" reference="256"/>
              <attributeType class="org.openmrs.LocationAttributeType" reference="2"/>
              <valueReference>M023</valueReference>
              <locationAttributeId>9</locationAttributeId>
            </org.openmrs.LocationAttribute>
          </attributes>
          <locationId>80</locationId>
          <parentLocation reference="10"/>
          <childLocations id="261"/>
          <tags id="262">
            <org.openmrs.LocationTag reference="34"/>
            <org.openmrs.LocationTag reference="37"/>
            <org.openmrs.LocationTag reference="41"/>
            <org.openmrs.LocationTag reference="25"/>
          </tags>
        </org.openmrs.Location>
        <org.openmrs.Location id="263" uuid="c9ab4c5c-0a8a-4375-b986-f23c163b2f69">
          <name>Pediatrics</name>
          <description>Pediatrics at Mirebalais Hospital (Inpatient ward for children)</description>
          <creator/>
          <dateCreated id="264">2013-05-16 13:14:54</dateCreated>
          <retired>false</retired>
          <attributes id="265">
            <org.openmrs.LocationAttribute id="266" uuid="ebaa5b54-7405-4c99-a877-afdb8e199df4">
              <creator/>
              <dateCreated id="267">2013-11-27 00:29:09</dateCreated>
              <voided>false</voided>
              <owner class="org.openmrs.Location" reference="263"/>
              <attributeType class="org.openmrs.LocationAttributeType" reference="2"/>
              <valueReference>M037</valueReference>
              <locationAttributeId>41</locationAttributeId>
            </org.openmrs.LocationAttribute>
            <org.openmrs.LocationAttribute id="268" uuid="1fcb462b-ef11-4ca5-9692-0b6fc1aae2cc">
              <creator/>
              <dateCreated id="269">2013-11-27 00:20:20</dateCreated>
              <changedBy/>
              <dateChanged id="270">2013-11-27 00:29:09</dateChanged>
              <voided>true</voided>
              <dateVoided id="271">2013-11-27 00:29:09</dateVoided>
              <voidedBy/>
              <owner class="org.openmrs.Location" reference="263"/>
              <attributeType class="org.openmrs.LocationAttributeType" reference="2"/>
              <valueReference>M028</valueReference>
              <locationAttributeId>32</locationAttributeId>
            </org.openmrs.LocationAttribute>
          </attributes>
          <locationId>90</locationId>
          <parentLocation reference="10"/>
          <childLocations id="272">
            <org.openmrs.Location id="273" uuid="e752ec51-5633-489f-aef1-01f285c03f38">
              <name>Pediatrics B</name>
              <description>Pediatrics B at Mirebalais Hospital (2nd Inpatient ward for children)</description>
              <creator/>
              <dateCreated id="274">2012-11-13 19:01:13</dateCreated>
              <retired>false</retired>
              <attributes id="275">
                <org.openmrs.LocationAttribute id="276" uuid="24f2c381-2aa9-44cf-aeca-165d7d0196e8">
                  <creator/>
                  <dateCreated id="277">2013-02-18 17:15:51</dateCreated>
                  <voided>false</voided>
                  <owner class="org.openmrs.Location" reference="273"/>
                  <attributeType class="org.openmrs.LocationAttributeType" reference="2"/>
                  <valueReference>M022</valueReference>
                  <locationAttributeId>17</locationAttributeId>
                </org.openmrs.LocationAttribute>
              </attributes>
              <locationId>71</locationId>
              <parentLocation reference="263"/>
              <childLocations id="278"/>
              <tags id="279">
                <org.openmrs.LocationTag reference="34"/>
                <org.openmrs.LocationTag reference="37"/>
                <org.openmrs.LocationTag reference="41"/>
              </tags>
            </org.openmrs.Location>
            <org.openmrs.Location id="280" uuid="e4ae2d28-d57c-42ba-b7aa-f6fcac421b2c">
              <name>Pediatrics A</name>
              <description>Pediatrics A at Mirebalais Hospital (1st Inpatient ward for children)</description>
              <creator/>
              <dateCreated id="281">2012-11-13 19:00:46</dateCreated>
              <retired>false</retired>
              <attributes id="282">
                <org.openmrs.LocationAttribute id="283" uuid="d5827677-9adf-48b2-b6fa-e769af037873">
                  <creator/>
                  <dateCreated id="284">2013-02-18 17:15:36</dateCreated>
                  <voided>false</voided>
                  <owner class="org.openmrs.Location" reference="280"/>
                  <attributeType class="org.openmrs.LocationAttributeType" reference="2"/>
                  <valueReference>M012</valueReference>
                  <locationAttributeId>16</locationAttributeId>
                </org.openmrs.LocationAttribute>
              </attributes>
              <locationId>70</locationId>
              <parentLocation reference="263"/>
              <childLocations id="285"/>
              <tags id="286">
                <org.openmrs.LocationTag reference="34"/>
                <org.openmrs.LocationTag reference="37"/>
                <org.openmrs.LocationTag reference="41"/>
              </tags>
            </org.openmrs.Location>
          </childLocations>
          <tags id="287">
            <org.openmrs.LocationTag reference="34"/>
            <org.openmrs.LocationTag reference="37"/>
            <org.openmrs.LocationTag reference="25"/>
          </tags>
        </org.openmrs.Location>
        <org.openmrs.Location id="288" uuid="be50d584-26b2-4371-8768-2b9565742b3b">
          <name>Central Archives</name>
          <description>Central Archives room at Mirebalais Hospital</description>
          <creator/>
          <dateCreated id="289">2013-01-10 18:18:04</dateCreated>
          <retired>false</retired>
          <attributes id="290">
            <org.openmrs.LocationAttribute id="291" uuid="2705ac66-949e-461a-8f73-ea087ea28bb0">
              <creator/>
              <dateCreated id="292">2013-02-18 17:10:52</dateCreated>
              <voided>false</voided>
              <owner class="org.openmrs.Location" reference="288"/>
              <attributeType class="org.openmrs.LocationAttributeType" reference="2"/>
              <valueReference>M028</valueReference>
              <locationAttributeId>3</locationAttributeId>
            </org.openmrs.LocationAttribute>
          </attributes>
          <locationId>86</locationId>
          <parentLocation reference="10"/>
          <childLocations id="293"/>
          <tags id="294">
            <org.openmrs.LocationTag reference="25"/>
          </tags>
        </org.openmrs.Location>
        <org.openmrs.Location id="295" uuid="0198d2c3-9c08-45b6-88df-cbb60446ef00">
          <name>Women’s Outpatient Laboratory</name>
          <description>Women’s Outpatient Laboratory at Mirebalais Hospital</description>
          <creator/>
          <dateCreated id="296">2012-11-13 19:06:18</dateCreated>
          <retired>false</retired>
          <attributes id="297">
            <org.openmrs.LocationAttribute id="298" uuid="5d82d626-27a4-42f8-898c-236426810e40">
              <creator/>
              <dateCreated id="299">2013-02-18 17:18:32</dateCreated>
              <voided>false</voided>
              <owner class="org.openmrs.Location" reference="295"/>
              <attributeType class="org.openmrs.LocationAttributeType" reference="2"/>
              <valueReference>M024</valueReference>
              <locationAttributeId>26</locationAttributeId>
            </org.openmrs.LocationAttribute>
          </attributes>
          <locationId>84</locationId>
          <parentLocation reference="10"/>
          <childLocations id="300"/>
          <tags id="301">
            <org.openmrs.LocationTag reference="25"/>
          </tags>
        </org.openmrs.Location>
        <org.openmrs.Location reference="5"/>
      </childLocations>
      <tags id="302">
        <org.openmrs.LocationTag id="303" uuid="71c99f93-bc0c-4a44-b573-a7ac096ff636">
          <name>Medical Record Location</name>
          <description>Notes that this location is a valid identifier location for an identifier that references a paper medical record</description>
          <creator/>
          <dateCreated id="304">2012-10-09 19:01:33</dateCreated>
          <retired>false</retired>
          <locationTagId>1</locationTagId>
        </org.openmrs.LocationTag>
        <org.openmrs.LocationTag id="305" uuid="0967d73d-f3c9-492b-abed-356478610a94">
          <name>Visit Location</name>
          <description>Visits are only allowed to happen at locations tagged with this location tag or at locations that descend from a location tagged with this tag.</description>
          <creator/>
          <dateCreated id="306">2012-10-23 16:13:45</dateCreated>
          <retired>false</retired>
          <locationTagId>2</locationTagId>
        </org.openmrs.LocationTag>
      </tags>
    </parentLocation>
    <childLocations id="307"/>
    <tags id="308">
      <org.openmrs.LocationTag reference="34"/>
      <org.openmrs.LocationTag reference="37"/>
      <org.openmrs.LocationTag reference="41"/>
      <org.openmrs.LocationTag reference="25"/>
    </tags>
  </org.openmrs.Location>
  <org.openmrs.Location reference="10"/>
  <org.openmrs.Location reference="142"/>
  <org.openmrs.Location reference="27"/>
  <org.openmrs.Location reference="231"/>
  <org.openmrs.Location reference="256"/>
  <org.openmrs.Location reference="150"/>
  <org.openmrs.Location reference="112"/>
  <org.openmrs.Location reference="18"/>
  <org.openmrs.Location reference="73"/>
  <org.openmrs.Location reference="238"/>
  <org.openmrs.Location reference="245"/>
  <org.openmrs.Location reference="86"/>
  <org.openmrs.Location reference="189"/>
  <org.openmrs.Location reference="157"/>
  <org.openmrs.Location reference="105"/>
  <org.openmrs.Location reference="203"/>
  <org.openmrs.Location reference="135"/>
  <org.openmrs.Location reference="43"/>
  <org.openmrs.Location reference="49"/>
  <org.openmrs.Location reference="263"/>
  <org.openmrs.Location reference="164"/>
  <org.openmrs.Location id="309" uuid="23e7bb0d-51f9-4d5f-b34b-2fbbfeea1960">
    <name>Lacolline</name>
    <description>Lacolline</description>
    <creator/>
    <dateCreated id="310">2012-01-24 14:53:28</dateCreated>
    <retired>false</retired>
    <attributes id="311"/>
    <locationId>57</locationId>
    <country>Haiti</country>
    <childLocations id="312"/>
    <tags id="313"/>
  </org.openmrs.Location>
  <org.openmrs.Location reference="174"/>
  <org.openmrs.Location reference="57"/>
  <org.openmrs.Location reference="210"/>
  <org.openmrs.Location reference="181"/>
  <org.openmrs.Location reference="125"/>
  <org.openmrs.Location reference="64"/>
  <org.openmrs.Location reference="80"/>
  <org.openmrs.Location reference="196"/>
  <org.openmrs.Location reference="280"/>
  <org.openmrs.Location reference="224"/>
  <org.openmrs.Location reference="273"/>
  <org.openmrs.Location reference="94"/>
  <org.openmrs.Location reference="295"/>
  <org.openmrs.LocationTag reference="41"/>
  <org.openmrs.LocationTag reference="305"/>
  <org.openmrs.LocationTag reference="34"/>
  <org.openmrs.LocationTag reference="25"/>
  <org.openmrs.LocationTag id="314" uuid="9783aba6-df7b-4969-be6e-1e03e7a08965">
    <name>Transfer Location</name>
    <description>Patients may only be transfer to inpatient care in a location with this tag</description>
    <creator/>
    <dateCreated id="315">2013-05-28 17:37:05</dateCreated>
    <retired>false</retired>
    <locationTagId>5</locationTagId>
  </org.openmrs.LocationTag>
  <org.openmrs.LocationTag reference="303"/>
</list>
