<?xml version="1.0" encoding="UTF-8"?>
<package id="1" uuid="edf02099-ca80-4078-a59d-ce0a20b80740">
  <dateCreated id="2">2013-09-04 21:59:51</dateCreated>
  <name>HUM Dispensing Concepts</name>
  <description>Concepts related to dispensing medications at HUM</description>
  <openmrsVersion>1.9.4 SNAPSHOT Build 7297fb</openmrsVersion>
  <version>2</version>
  <groupUuid>c14e1736-c133-42b7-b421-cfe8cdefcbcb</groupUuid>
  <modules id="3">
    <entry>
      <string>uilibrary</string>
      <string>2.0.3.1</string>
    </entry>
    <entry>
      <string>reportingcompatibility</string>
      <string>1.5.4.1</string>
    </entry>
    <entry>
      <string>groovy</string>
      <string>2.2.1</string>
    </entry>
    <entry>
      <string>providermanagement</string>
      <string>1.1.1</string>
    </entry>
    <entry>
      <string>uiframework</string>
      <string>2.4</string>
    </entry>
    <entry>
      <string>validation</string>
      <string>1.0.1</string>
    </entry>
    <entry>
      <string>htmlformentry</string>
      <string>2.1-SNAPSHOT</string>
    </entry>
    <entry>
      <string>htmlformentry19ext</string>
      <string>1.0</string>
    </entry>
    <entry>
      <string>metadatamapping</string>
      <string>1.0.1</string>
    </entry>
    <entry>
      <string>metadatasharing</string>
      <string>1.1.7.1</string>
    </entry>
    <entry>
      <string>logic</string>
      <string>0.5.2</string>
    </entry>
    <entry>
      <string>serialization.xstream</string>
      <string>0.2.7</string>
    </entry>
  </modules>
  <items class="linked-hash-set" id="4">
    <org.openmrs.module.metadatasharing.Item id="5" uuid="cef4a703-8521-4c2d-9932-d1429a57e684">
      <id>9070</id>
      <classname>org.openmrs.Concept</classname>
      <dateChanged id="6">2013-09-04 21:57:14</dateChanged>
      <retired>false</retired>
    </org.openmrs.module.metadatasharing.Item>
  </items>
  <relatedItems class="linked-hash-set" id="7">
    <org.openmrs.module.metadatasharing.Item id="8" uuid="8d4a4c94-c2cc-11de-8d13-0010c6dffd0f">
      <id>4</id>
      <classname>org.openmrs.ConceptDatatype</classname>
      <dateChanged id="9">2004-02-02 05:00:00</dateChanged>
      <retired>false</retired>
    </org.openmrs.module.metadatasharing.Item>
    <org.openmrs.module.metadatasharing.Item id="10" uuid="8d492594-c2cc-11de-8d13-0010c6dffd0f">
      <id>10</id>
      <classname>org.openmrs.ConceptClass</classname>
      <dateChanged id="11">2004-03-02 00:00:00</dateChanged>
      <retired>false</retired>
    </org.openmrs.module.metadatasharing.Item>
    <org.openmrs.module.metadatasharing.Item id="12" uuid="1b58c172-8deb-42b9-92ad-b80c7b016025">
      <id>23556</id>
      <classname>org.openmrs.ConceptName</classname>
      <dateChanged id="13">2013-08-29 20:10:39</dateChanged>
    </org.openmrs.module.metadatasharing.Item>
    <org.openmrs.module.metadatasharing.Item id="14" uuid="51fcb074-9b28-4125-a763-b2bf95d9e2fa">
      <id>4585</id>
      <classname>org.openmrs.ConceptSet</classname>
      <dateChanged id="15">2013-08-29 20:22:41</dateChanged>
    </org.openmrs.module.metadatasharing.Item>
    <org.openmrs.module.metadatasharing.Item id="16" uuid="3cd9491e-26fe-102b-80cb-0017a47871b2">
      <id>1282</id>
      <classname>org.openmrs.Concept</classname>
      <dateChanged id="17">2013-09-04 21:52:40</dateChanged>
      <retired>false</retired>
    </org.openmrs.module.metadatasharing.Item>
    <org.openmrs.module.metadatasharing.Item id="18" uuid="8d4a48b6-c2cc-11de-8d13-0010c6dffd0f">
      <id>2</id>
      <classname>org.openmrs.ConceptDatatype</classname>
      <dateChanged id="19">2004-02-02 00:00:00</dateChanged>
      <retired>false</retired>
    </org.openmrs.module.metadatasharing.Item>
    <org.openmrs.module.metadatasharing.Item id="20" uuid="8d492774-c2cc-11de-8d13-0010c6dffd0f">
      <id>11</id>
      <classname>org.openmrs.ConceptClass</classname>
      <dateChanged id="21">2004-03-02 05:00:00</dateChanged>
      <retired>false</retired>
    </org.openmrs.module.metadatasharing.Item>
    <org.openmrs.module.metadatasharing.Item id="22" uuid="f5fb5796-d5db-102d-ad2a-000c29c2a5d7">
      <id>10798</id>
      <classname>org.openmrs.ConceptName</classname>
      <dateChanged id="23">2010-06-29 13:03:17</dateChanged>
    </org.openmrs.module.metadatasharing.Item>
    <org.openmrs.module.metadatasharing.Item id="24" uuid="3e178b24-26fe-102b-80cb-0017a47871b2">
      <id>1320</id>
      <classname>org.openmrs.ConceptName</classname>
      <dateChanged id="25">2005-02-24 12:02:35</dateChanged>
    </org.openmrs.module.metadatasharing.Item>
    <org.openmrs.module.metadatasharing.Item id="26" uuid="ece6ee42-07fe-102c-b5fa-0017a47871b2">
      <id>1293</id>
      <classname>org.openmrs.ConceptDescription</classname>
      <dateChanged id="27">2005-02-24 12:02:35</dateChanged>
    </org.openmrs.module.metadatasharing.Item>
    <org.openmrs.module.metadatasharing.Item id="28" uuid="b2105bac-4864-102e-96e9-000c29c2a5d7">
      <id>1284</id>
      <classname>org.openmrs.ConceptMap</classname>
      <dateChanged id="29">2012-06-21 16:49:52</dateChanged>
    </org.openmrs.module.metadatasharing.Item>
    <org.openmrs.module.metadatasharing.Item id="30" uuid="35543629-7d8c-11e1-909d-c80aa9edcf4e">
      <id>1</id>
      <classname>org.openmrs.ConceptMapType</classname>
      <dateChanged id="31">2012-06-21 00:00:00</dateChanged>
      <retired>false</retired>
    </org.openmrs.module.metadatasharing.Item>
    <org.openmrs.module.metadatasharing.Item id="32" uuid="7e4e5cb6-2124-3ff1-9811-015daef2e059">
      <id>1284</id>
      <classname>org.openmrs.ConceptReferenceTerm</classname>
      <dateChanged id="33">2010-11-23 00:00:00</dateChanged>
      <retired>false</retired>
    </org.openmrs.module.metadatasharing.Item>
    <org.openmrs.module.metadatasharing.Item id="34" uuid="fb9aaaf1-65e2-4c18-b53c-16b575f2f385">
      <id>5</id>
      <classname>org.openmrs.ConceptSource</classname>
      <dateChanged id="35">2010-11-23 13:56:26</dateChanged>
      <retired>false</retired>
    </org.openmrs.module.metadatasharing.Item>
    <org.openmrs.module.metadatasharing.Item id="36" uuid="75699fd0-4943-102e-96e9-000c29c2a5d7">
      <id>7130</id>
      <classname>org.openmrs.ConceptMap</classname>
      <dateChanged id="37">2012-06-21 16:49:52</dateChanged>
    </org.openmrs.module.metadatasharing.Item>
    <org.openmrs.module.metadatasharing.Item id="38" uuid="9bab7adc-de35-3a20-bb17-a3511068623c">
      <id>7130</id>
      <classname>org.openmrs.ConceptReferenceTerm</classname>
      <dateChanged id="39">2010-11-24 00:00:00</dateChanged>
      <retired>false</retired>
    </org.openmrs.module.metadatasharing.Item>
    <org.openmrs.module.metadatasharing.Item id="40" uuid="adfa7432-c963-48c9-9aa7-6b072e57d5d3">
      <id>4586</id>
      <classname>org.openmrs.ConceptSet</classname>
      <dateChanged id="41">2013-08-29 20:22:41</dateChanged>
    </org.openmrs.module.metadatasharing.Item>
    <org.openmrs.module.metadatasharing.Item id="42" uuid="5e152a81-8635-41d6-aef2-2527a5f584f3">
      <id>3193</id>
      <classname>org.openmrs.Concept</classname>
      <dateChanged id="43">2008-06-17 14:18:25</dateChanged>
      <retired>false</retired>
    </org.openmrs.module.metadatasharing.Item>
    <org.openmrs.module.metadatasharing.Item id="44" uuid="8d4a4ab4-c2cc-11de-8d13-0010c6dffd0f">
      <id>3</id>
      <classname>org.openmrs.ConceptDatatype</classname>
      <dateChanged id="45">2004-02-02 00:00:00</dateChanged>
      <retired>false</retired>
    </org.openmrs.module.metadatasharing.Item>
    <org.openmrs.module.metadatasharing.Item id="46" uuid="8d491e50-c2cc-11de-8d13-0010c6dffd0f">
      <id>7</id>
      <classname>org.openmrs.ConceptClass</classname>
      <dateChanged id="47">2004-03-02 00:00:00</dateChanged>
      <retired>false</retired>
    </org.openmrs.module.metadatasharing.Item>
    <org.openmrs.module.metadatasharing.Item id="48" uuid="f6ee0cb6-d5db-102d-ad2a-000c29c2a5d7">
      <id>12700</id>
      <classname>org.openmrs.ConceptName</classname>
      <dateChanged id="49">2010-06-29 13:04:46</dateChanged>
    </org.openmrs.module.metadatasharing.Item>
    <org.openmrs.module.metadatasharing.Item id="50" uuid="93c4e140-07d4-102c-b5fa-0017a47871b2">
      <id>6199</id>
      <classname>org.openmrs.ConceptName</classname>
      <dateChanged id="51">2008-06-17 14:18:25</dateChanged>
    </org.openmrs.module.metadatasharing.Item>
    <org.openmrs.module.metadatasharing.Item id="52" uuid="0b752946-15f5-102d-96e4-000c29c2a5d7">
      <id>4538</id>
      <classname>org.openmrs.ConceptName</classname>
      <dateChanged id="53">2008-06-17 14:18:25</dateChanged>
    </org.openmrs.module.metadatasharing.Item>
    <org.openmrs.module.metadatasharing.Item id="54" uuid="ed22e33e-07fe-102c-b5fa-0017a47871b2">
      <id>3930</id>
      <classname>org.openmrs.ConceptDescription</classname>
      <dateChanged id="55">2008-06-17 14:18:25</dateChanged>
    </org.openmrs.module.metadatasharing.Item>
    <org.openmrs.module.metadatasharing.Item id="56" uuid="759d6b44-4943-102e-96e9-000c29c2a5d7">
      <id>8989</id>
      <classname>org.openmrs.ConceptMap</classname>
      <dateChanged id="57">2012-06-21 16:49:52</dateChanged>
    </org.openmrs.module.metadatasharing.Item>
    <org.openmrs.module.metadatasharing.Item id="58" uuid="22707eec-c4c8-38e6-a46a-430662514fd4">
      <id>8989</id>
      <classname>org.openmrs.ConceptReferenceTerm</classname>
      <dateChanged id="59">2010-11-24 00:00:00</dateChanged>
      <retired>false</retired>
    </org.openmrs.module.metadatasharing.Item>
    <org.openmrs.module.metadatasharing.Item id="60" uuid="b25bc3ee-4864-102e-96e9-000c29c2a5d7">
      <id>3195</id>
      <classname>org.openmrs.ConceptMap</classname>
      <dateChanged id="61">2012-06-21 16:49:52</dateChanged>
    </org.openmrs.module.metadatasharing.Item>
    <org.openmrs.module.metadatasharing.Item id="62" uuid="84cacad1-571e-3727-9487-7ca1d45c293b">
      <id>3195</id>
      <classname>org.openmrs.ConceptReferenceTerm</classname>
      <dateChanged id="63">2010-11-23 00:00:00</dateChanged>
      <retired>false</retired>
    </org.openmrs.module.metadatasharing.Item>
    <org.openmrs.module.metadatasharing.Item id="64" uuid="0f5d8670-dc82-4755-b0b2-7df416314c9a">
      <id>4587</id>
      <classname>org.openmrs.ConceptSet</classname>
      <dateChanged id="65">2013-08-29 20:22:41</dateChanged>
    </org.openmrs.module.metadatasharing.Item>
    <org.openmrs.module.metadatasharing.Item id="66" uuid="95d216d3-8683-4582-97bd-b3ca5131e18d">
      <id>9071</id>
      <classname>org.openmrs.ConceptNumeric</classname>
      <dateChanged id="67">2013-08-29 21:04:22</dateChanged>
      <retired>false</retired>
    </org.openmrs.module.metadatasharing.Item>
    <org.openmrs.module.metadatasharing.Item id="68" uuid="8d4a4488-c2cc-11de-8d13-0010c6dffd0f">
      <id>1</id>
      <classname>org.openmrs.ConceptDatatype</classname>
      <dateChanged id="69">2004-02-02 00:00:00</dateChanged>
      <retired>false</retired>
    </org.openmrs.module.metadatasharing.Item>
    <org.openmrs.module.metadatasharing.Item id="70" uuid="8d492ee0-c2cc-11de-8d13-0010c6dffd0f">
      <id>15</id>
      <classname>org.openmrs.ConceptClass</classname>
      <dateChanged id="71">2005-02-17 00:00:00</dateChanged>
      <retired>false</retired>
    </org.openmrs.module.metadatasharing.Item>
    <org.openmrs.module.metadatasharing.Item id="72" uuid="bc4020d9-fe70-4555-a250-0b8c2b3d9533">
      <id>23557</id>
      <classname>org.openmrs.ConceptName</classname>
      <dateChanged id="73">2013-08-29 20:22:26</dateChanged>
    </org.openmrs.module.metadatasharing.Item>
    <org.openmrs.module.metadatasharing.Item id="74" uuid="5ead284c-8a15-4edd-bea8-a262953a1a32">
      <id>6384</id>
      <classname>org.openmrs.ConceptDescription</classname>
      <dateChanged id="75">2013-08-29 20:22:26</dateChanged>
    </org.openmrs.module.metadatasharing.Item>
    <org.openmrs.module.metadatasharing.Item id="76" uuid="be1af7fa-82d2-4668-9bb0-728148d4099c">
      <id>19123</id>
      <classname>org.openmrs.ConceptMap</classname>
      <dateChanged id="77">2013-08-29 21:04:22</dateChanged>
    </org.openmrs.module.metadatasharing.Item>
    <org.openmrs.module.metadatasharing.Item id="78" uuid="27e7eca5-2777-4649-b6b7-ee9013e59605">
      <id>18969</id>
      <classname>org.openmrs.ConceptReferenceTerm</classname>
      <dateChanged id="79">2013-08-29 21:03:27</dateChanged>
      <retired>false</retired>
    </org.openmrs.module.metadatasharing.Item>
    <org.openmrs.module.metadatasharing.Item id="80" uuid="21ADDDDDDDDDDDDDDDDDDDDDDDDDDDDDDDDD">
      <id>29</id>
      <classname>org.openmrs.ConceptSource</classname>
      <dateChanged id="81">2013-07-03 19:55:03</dateChanged>
      <retired>false</retired>
    </org.openmrs.module.metadatasharing.Item>
    <org.openmrs.module.metadatasharing.Item id="82" uuid="b9152c32-50a0-4a11-aea9-79ff5f1fd456">
      <id>19122</id>
      <classname>org.openmrs.ConceptMap</classname>
      <dateChanged id="83">2013-08-29 21:04:00</dateChanged>
    </org.openmrs.module.metadatasharing.Item>
    <org.openmrs.module.metadatasharing.Item id="84" uuid="733375e2-df87-4d26-aef6-27dcb1794246">
      <id>18970</id>
      <classname>org.openmrs.ConceptReferenceTerm</classname>
      <dateChanged id="85">2013-08-29 21:03:34</dateChanged>
      <retired>false</retired>
    </org.openmrs.module.metadatasharing.Item>
    <org.openmrs.module.metadatasharing.Item id="86" uuid="efa91828-90a2-441e-a01d-a992b7314b7a">
      <id>4589</id>
      <classname>org.openmrs.ConceptSet</classname>
      <dateChanged id="87">2013-09-04 21:57:14</dateChanged>
    </org.openmrs.module.metadatasharing.Item>
    <org.openmrs.module.metadatasharing.Item id="88" uuid="ef7f742b-76e6-4a83-84ca-534ad6705494">
      <id>9072</id>
      <classname>org.openmrs.Concept</classname>
      <dateChanged id="89">2013-09-04 21:55:57</dateChanged>
      <retired>false</retired>
    </org.openmrs.module.metadatasharing.Item>
    <org.openmrs.module.metadatasharing.Item id="90" uuid="4369a18f-1c8d-483e-a2b0-9b382964afc6">
      <id>23558</id>
      <classname>org.openmrs.ConceptName</classname>
      <dateChanged id="91">2013-09-04 21:55:11</dateChanged>
    </org.openmrs.module.metadatasharing.Item>
    <org.openmrs.module.metadatasharing.Item id="92" uuid="49dfe9e7-d6ee-4c2c-9155-4dab31668db4">
      <id>6385</id>
      <classname>org.openmrs.ConceptDescription</classname>
      <dateChanged id="93">2013-09-04 21:55:11</dateChanged>
    </org.openmrs.module.metadatasharing.Item>
    <org.openmrs.module.metadatasharing.Item id="94" uuid="01360d6f-6c8c-49e4-86dc-7521c0824cbe">
      <id>19132</id>
      <classname>org.openmrs.ConceptMap</classname>
      <dateChanged id="95">2013-09-04 21:55:57</dateChanged>
    </org.openmrs.module.metadatasharing.Item>
    <org.openmrs.module.metadatasharing.Item id="96" uuid="62b41654-ac12-470b-9c79-88cff1c63089">
      <id>18979</id>
      <classname>org.openmrs.ConceptReferenceTerm</classname>
      <dateChanged id="97">2013-09-04 21:55:36</dateChanged>
      <retired>false</retired>
    </org.openmrs.module.metadatasharing.Item>
    <org.openmrs.module.metadatasharing.Item id="98" uuid="5afacc24-a1d2-4670-9751-efbd5ca66b24">
      <id>6383</id>
      <classname>org.openmrs.ConceptDescription</classname>
      <dateChanged id="99">2013-08-29 20:10:39</dateChanged>
    </org.openmrs.module.metadatasharing.Item>
    <org.openmrs.module.metadatasharing.Item id="100" uuid="50639ccb-0d00-4ee8-a424-e07f8b8a6486">
      <id>19120</id>
      <classname>org.openmrs.ConceptMap</classname>
      <dateChanged id="101">2013-08-29 21:01:59</dateChanged>
    </org.openmrs.module.metadatasharing.Item>
    <org.openmrs.module.metadatasharing.Item id="102" uuid="23658bce-a623-4975-9523-a500e45b6a73">
      <id>18968</id>
      <classname>org.openmrs.ConceptReferenceTerm</classname>
      <dateChanged id="103">2013-08-29 21:01:43</dateChanged>
      <retired>false</retired>
    </org.openmrs.module.metadatasharing.Item>
    <org.openmrs.module.metadatasharing.Item id="104" uuid="74f42c5e-e996-40e2-bf90-374d97a8bad2">
      <id>19121</id>
      <classname>org.openmrs.ConceptMap</classname>
      <dateChanged id="105">2013-08-29 21:01:59</dateChanged>
    </org.openmrs.module.metadatasharing.Item>
    <org.openmrs.module.metadatasharing.Item id="106" uuid="c9bd00ea-20b6-47a7-bf2c-26cada992fe6">
      <id>18967</id>
      <classname>org.openmrs.ConceptReferenceTerm</classname>
      <dateChanged id="107">2013-08-29 21:00:50</dateChanged>
      <retired>false</retired>
    </org.openmrs.module.metadatasharing.Item>
  </relatedItems>
  <incrementalVersion>false</incrementalVersion>
</package>
