<?xml version="1.0" encoding="UTF-8"?>
<list id="1">
  <org.openmrs.Concept id="2" uuid="cef4a703-8521-4c2d-9932-d1429a57e684">
    <conceptId>9070</conceptId>
    <retired>false</retired>
    <datatype id="3" resolves-to="org.openmrs.ConceptDatatype" uuid="8d4a4c94-c2cc-11de-8d13-0010c6dffd0f">
      <name>N/A</name>
      <description>Not associated with a datatype (e.g., term answers, sets)</description>
      <creator/>
      <dateCreated id="4">2004-02-02 05:00:00</dateCreated>
      <retired>false</retired>
      <conceptDatatypeId>4</conceptDatatypeId>
      <hl7Abbreviation>ZZ</hl7Abbreviation>
    </datatype>
    <conceptClass id="5" resolves-to="org.openmrs.ConceptClass" uuid="8d492594-c2cc-11de-8d13-0010c6dffd0f">
      <name>ConvSet</name>
      <description>Term to describe convenience sets</description>
      <creator/>
      <dateCreated id="6">2004-03-02 00:00:00</dateCreated>
      <retired>false</retired>
      <conceptClassId>10</conceptClassId>
    </conceptClass>
    <set>true</set>
    <creator/>
    <dateCreated id="7">2013-08-29 20:10:39</dateCreated>
    <changedBy/>
    <dateChanged id="8">2013-09-04 21:57:14</dateChanged>
    <names class="set" id="9">
      <org.openmrs.ConceptName id="10" uuid="1b58c172-8deb-42b9-92ad-b80c7b016025">
        <conceptNameId>23556</conceptNameId>
        <concept reference="2"/>
        <name>Dispensing Construct</name>
        <locale id="11">en</locale>
        <creator/>
        <dateCreated id="12">2013-08-29 20:10:39</dateCreated>
        <voided>false</voided>
        <tags class="set" id="13"/>
        <conceptNameType>FULLY_SPECIFIED</conceptNameType>
        <localePreferred>true</localePreferred>
      </org.openmrs.ConceptName>
    </names>
    <answers class="set" id="14"/>
    <conceptSets class="set" id="15">
      <org.openmrs.ConceptSet id="16" uuid="0f5d8670-dc82-4755-b0b2-7df416314c9a">
        <conceptSetId>4587</conceptSetId>
        <concept id="17" resolves-to="org.openmrs.ConceptNumeric" uuid="95d216d3-8683-4582-97bd-b3ca5131e18d">
          <conceptId>9071</conceptId>
          <retired>false</retired>
          <datatype id="18" resolves-to="org.openmrs.ConceptDatatype" uuid="8d4a4488-c2cc-11de-8d13-0010c6dffd0f">
            <name>Numeric</name>
            <description>Numeric value, including integer or float (e.g., creatinine, weight)</description>
            <creator/>
            <dateCreated id="19">2004-02-02 00:00:00</dateCreated>
            <retired>false</retired>
            <conceptDatatypeId>1</conceptDatatypeId>
            <hl7Abbreviation>NM</hl7Abbreviation>
          </datatype>
          <conceptClass id="20" resolves-to="org.openmrs.ConceptClass" uuid="8d492ee0-c2cc-11de-8d13-0010c6dffd0f">
            <name>Misc Order</name>
            <description>Orderable items which aren&apos;t tests or drugs</description>
            <creator/>
            <dateCreated id="21">2005-02-17 00:00:00</dateCreated>
            <retired>false</retired>
            <conceptClassId>15</conceptClassId>
          </conceptClass>
          <set>false</set>
          <creator/>
          <dateCreated id="22">2013-08-29 20:22:26</dateCreated>
          <changedBy/>
          <dateChanged id="23">2013-08-29 21:04:22</dateChanged>
          <names class="set" id="24">
            <org.openmrs.ConceptName id="25" uuid="bc4020d9-fe70-4555-a250-0b8c2b3d9533">
              <conceptNameId>23557</conceptNameId>
              <concept reference="17"/>
              <name>Quantity of medication dispensed</name>
              <locale id="26">en</locale>
              <creator/>
              <dateCreated id="27">2013-08-29 20:22:26</dateCreated>
              <voided>false</voided>
              <tags class="set" id="28"/>
              <conceptNameType>FULLY_SPECIFIED</conceptNameType>
              <localePreferred>true</localePreferred>
            </org.openmrs.ConceptName>
          </names>
          <answers class="set" id="29"/>
          <conceptSets class="set" id="30"/>
          <descriptions class="set" id="31">
            <org.openmrs.ConceptDescription id="32" uuid="5ead284c-8a15-4edd-bea8-a262953a1a32">
              <conceptDescriptionId>6384</conceptDescriptionId>
              <concept reference="17"/>
              <description>The number of pills/tablets/bottles of medication dispensed</description>
              <locale id="33">en</locale>
              <creator/>
              <dateCreated id="34">2013-08-29 20:22:26</dateCreated>
            </org.openmrs.ConceptDescription>
          </descriptions>
          <conceptMappings class="set" id="35">
            <org.openmrs.ConceptMap id="36" uuid="be1af7fa-82d2-4668-9bb0-728148d4099c">
              <conceptMapType id="37" resolves-to="org.openmrs.ConceptMapType" uuid="35543629-7d8c-11e1-909d-c80aa9edcf4e">
                <name>SAME-AS</name>
                <creator/>
                <dateCreated id="38">2012-06-21 00:00:00</dateCreated>
                <retired>false</retired>
                <conceptMapTypeId>1</conceptMapTypeId>
                <isHidden>false</isHidden>
              </conceptMapType>
              <creator/>
              <dateCreated id="39">2013-08-29 21:04:22</dateCreated>
              <conceptMapId>19123</conceptMapId>
              <concept reference="17"/>
              <conceptReferenceTerm id="40" resolves-to="org.openmrs.ConceptReferenceTerm" uuid="27e7eca5-2777-4649-b6b7-ee9013e59605">
                <creator/>
                <dateCreated id="41">2013-08-29 21:03:27</dateCreated>
                <retired>false</retired>
                <conceptReferenceTermId>18969</conceptReferenceTermId>
                <conceptSource id="42" resolves-to="org.openmrs.ConceptSource" uuid="21ADDDDDDDDDDDDDDDDDDDDDDDDDDDDDDDDD">
                  <name>CIEL</name>
                  <description>Columbia International eHealth Laboratory concept ID</description>
                  <creator/>
                  <dateCreated id="43">2013-07-03 19:55:03</dateCreated>
                  <retired>false</retired>
                  <conceptSourceId>29</conceptSourceId>
                </conceptSource>
                <code>1443</code>
                <conceptReferenceTermMaps id="44"/>
              </conceptReferenceTerm>
            </org.openmrs.ConceptMap>
            <org.openmrs.ConceptMap id="45" uuid="b9152c32-50a0-4a11-aea9-79ff5f1fd456">
              <conceptMapType reference="37"/>
              <creator/>
              <dateCreated id="46">2013-08-29 21:04:00</dateCreated>
              <conceptMapId>19122</conceptMapId>
              <concept reference="17"/>
              <conceptReferenceTerm id="47" resolves-to="org.openmrs.ConceptReferenceTerm" uuid="733375e2-df87-4d26-aef6-27dcb1794246">
                <creator/>
                <dateCreated id="48">2013-08-29 21:03:34</dateCreated>
                <retired>false</retired>
                <conceptReferenceTermId>18970</conceptReferenceTermId>
                <conceptSource id="49" resolves-to="org.openmrs.ConceptSource" uuid="fb9aaaf1-65e2-4c18-b53c-16b575f2f385">
                  <name>PIH</name>
                  <description>Partners In Health concept dictionary using concept ids and preferred English names</description>
                  <creator/>
                  <dateCreated id="50">2010-11-23 13:56:26</dateCreated>
                  <retired>false</retired>
                  <conceptSourceId>5</conceptSourceId>
                  <hl7Code>PIH</hl7Code>
                </conceptSource>
                <code>9071</code>
                <conceptReferenceTermMaps id="51"/>
              </conceptReferenceTerm>
            </org.openmrs.ConceptMap>
          </conceptMappings>
          <lowAbsolute>0.0</lowAbsolute>
          <precise>false</precise>
        </concept>
        <conceptSet reference="2"/>
        <sortWeight>2.0</sortWeight>
        <creator/>
        <dateCreated id="52">2013-08-29 20:22:41</dateCreated>
      </org.openmrs.ConceptSet>
      <org.openmrs.ConceptSet id="53" uuid="efa91828-90a2-441e-a01d-a992b7314b7a">
        <conceptSetId>4589</conceptSetId>
        <concept id="54" resolves-to="org.openmrs.Concept" uuid="ef7f742b-76e6-4a83-84ca-534ad6705494">
          <conceptId>9072</conceptId>
          <retired>false</retired>
          <datatype id="55" resolves-to="org.openmrs.ConceptDatatype" uuid="8d4a4ab4-c2cc-11de-8d13-0010c6dffd0f">
            <name>Text</name>
            <description>Free text</description>
            <creator/>
            <dateCreated id="56">2004-02-02 00:00:00</dateCreated>
            <retired>false</retired>
            <conceptDatatypeId>3</conceptDatatypeId>
            <hl7Abbreviation>ST</hl7Abbreviation>
          </datatype>
          <conceptClass reference="20"/>
          <set>false</set>
          <creator/>
          <dateCreated id="57">2013-09-04 21:55:11</dateCreated>
          <changedBy/>
          <dateChanged id="58">2013-09-04 21:55:57</dateChanged>
          <names class="set" id="59">
            <org.openmrs.ConceptName id="60" uuid="4369a18f-1c8d-483e-a2b0-9b382964afc6">
              <conceptNameId>23558</conceptNameId>
              <concept reference="54"/>
              <name>Prescription instructions, non-coded</name>
              <locale id="61">en</locale>
              <creator/>
              <dateCreated id="62">2013-09-04 21:55:11</dateCreated>
              <voided>false</voided>
              <tags class="set" id="63"/>
              <conceptNameType>FULLY_SPECIFIED</conceptNameType>
              <localePreferred>true</localePreferred>
            </org.openmrs.ConceptName>
          </names>
          <answers class="set" id="64"/>
          <conceptSets class="set" id="65"/>
          <descriptions class="set" id="66">
            <org.openmrs.ConceptDescription id="67" uuid="49dfe9e7-d6ee-4c2c-9155-4dab31668db4">
              <conceptDescriptionId>6385</conceptDescriptionId>
              <concept reference="54"/>
              <description>Instructions for how often, in what quantity, and in what form a prescribed medication should be administered.</description>
              <locale id="68">en</locale>
              <creator/>
              <dateCreated id="69">2013-09-04 21:55:11</dateCreated>
            </org.openmrs.ConceptDescription>
          </descriptions>
          <conceptMappings class="set" id="70">
            <org.openmrs.ConceptMap id="71" uuid="01360d6f-6c8c-49e4-86dc-7521c0824cbe">
              <conceptMapType reference="37"/>
              <creator/>
              <dateCreated id="72">2013-09-04 21:55:57</dateCreated>
              <conceptMapId>19132</conceptMapId>
              <concept reference="54"/>
              <conceptReferenceTerm id="73" resolves-to="org.openmrs.ConceptReferenceTerm" uuid="62b41654-ac12-470b-9c79-88cff1c63089">
                <creator/>
                <dateCreated id="74">2013-09-04 21:55:36</dateCreated>
                <retired>false</retired>
                <conceptReferenceTermId>18979</conceptReferenceTermId>
                <conceptSource reference="49"/>
                <code>9072</code>
                <conceptReferenceTermMaps id="75"/>
              </conceptReferenceTerm>
            </org.openmrs.ConceptMap>
          </conceptMappings>
        </concept>
        <conceptSet reference="2"/>
        <sortWeight>3.0</sortWeight>
        <creator/>
        <dateCreated id="76">2013-09-04 21:57:14</dateCreated>
      </org.openmrs.ConceptSet>
      <org.openmrs.ConceptSet id="77" uuid="adfa7432-c963-48c9-9aa7-6b072e57d5d3">
        <conceptSetId>4586</conceptSetId>
        <concept id="78" resolves-to="org.openmrs.Concept" uuid="5e152a81-8635-41d6-aef2-2527a5f584f3">
          <conceptId>3193</conceptId>
          <retired>false</retired>
          <datatype reference="55"/>
          <conceptClass id="79" resolves-to="org.openmrs.ConceptClass" uuid="8d491e50-c2cc-11de-8d13-0010c6dffd0f">
            <name>Question</name>
            <description>Question (eg, patient history, SF36 items)</description>
            <creator/>
            <dateCreated id="80">2004-03-02 00:00:00</dateCreated>
            <retired>false</retired>
            <conceptClassId>7</conceptClassId>
          </conceptClass>
          <set>false</set>
          <version></version>
          <creator/>
          <dateCreated id="81">2008-06-17 14:18:25</dateCreated>
          <names class="set" id="82">
            <org.openmrs.ConceptName id="83" uuid="f6ee0cb6-d5db-102d-ad2a-000c29c2a5d7">
              <conceptNameId>12700</conceptNameId>
              <concept reference="78"/>
              <name>FRÉQUENCE GÉNÉRALE DE DROGUE</name>
              <locale id="84">fr</locale>
              <creator/>
              <dateCreated id="85">2010-06-29 13:04:46</dateCreated>
              <voided>false</voided>
              <tags class="set" id="86"/>
              <localePreferred>true</localePreferred>
            </org.openmrs.ConceptName>
            <org.openmrs.ConceptName id="87" uuid="93c4e140-07d4-102c-b5fa-0017a47871b2">
              <conceptNameId>6199</conceptNameId>
              <concept reference="78"/>
              <name>Frequency</name>
              <locale id="88">en</locale>
              <creator/>
              <dateCreated id="89">2008-06-17 14:18:25</dateCreated>
              <voided>false</voided>
              <tags class="set" id="90"/>
              <conceptNameType>SHORT</conceptNameType>
              <localePreferred>false</localePreferred>
            </org.openmrs.ConceptName>
            <org.openmrs.ConceptName id="91" uuid="0b752946-15f5-102d-96e4-000c29c2a5d7">
              <conceptNameId>4538</conceptNameId>
              <concept reference="78"/>
              <name>GENERAL DRUG FREQUENCY</name>
              <locale id="92">en</locale>
              <creator/>
              <dateCreated id="93">2008-06-17 14:18:25</dateCreated>
              <voided>false</voided>
              <tags class="set" id="94"/>
              <conceptNameType>FULLY_SPECIFIED</conceptNameType>
              <localePreferred>false</localePreferred>
            </org.openmrs.ConceptName>
          </names>
          <answers class="set" id="95"/>
          <conceptSets class="set" id="96"/>
          <descriptions class="set" id="97">
            <org.openmrs.ConceptDescription id="98" uuid="ed22e33e-07fe-102c-b5fa-0017a47871b2">
              <conceptDescriptionId>3930</conceptDescriptionId>
              <concept reference="78"/>
              <description>Prescribed frequency of drug consumption</description>
              <locale id="99">en</locale>
              <creator/>
              <dateCreated id="100">2008-06-17 14:18:25</dateCreated>
            </org.openmrs.ConceptDescription>
          </descriptions>
          <conceptMappings class="set" id="101">
            <org.openmrs.ConceptMap id="102" uuid="759d6b44-4943-102e-96e9-000c29c2a5d7">
              <conceptMapType reference="37"/>
              <creator/>
              <changedBy/>
              <dateCreated id="103">2010-11-24 12:49:58</dateCreated>
              <dateChanged id="104">2012-06-21 16:49:52</dateChanged>
              <conceptMapId>8989</conceptMapId>
              <concept reference="78"/>
              <conceptReferenceTerm id="105" resolves-to="org.openmrs.ConceptReferenceTerm" uuid="22707eec-c4c8-38e6-a46a-430662514fd4">
                <creator/>
                <dateCreated id="106">2010-11-24 00:00:00</dateCreated>
                <retired>false</retired>
                <conceptReferenceTermId>8989</conceptReferenceTermId>
                <conceptSource reference="49"/>
                <code>GENERAL DRUG FREQUENCY</code>
                <conceptReferenceTermMaps id="107"/>
              </conceptReferenceTerm>
            </org.openmrs.ConceptMap>
            <org.openmrs.ConceptMap id="108" uuid="b25bc3ee-4864-102e-96e9-000c29c2a5d7">
              <conceptMapType reference="37"/>
              <creator/>
              <changedBy/>
              <dateCreated id="109">2010-11-23 10:15:31</dateCreated>
              <dateChanged id="110">2012-06-21 16:49:52</dateChanged>
              <conceptMapId>3195</conceptMapId>
              <concept reference="78"/>
              <conceptReferenceTerm id="111" resolves-to="org.openmrs.ConceptReferenceTerm" uuid="84cacad1-571e-3727-9487-7ca1d45c293b">
                <creator/>
                <dateCreated id="112">2010-11-23 00:00:00</dateCreated>
                <retired>false</retired>
                <conceptReferenceTermId>3195</conceptReferenceTermId>
                <conceptSource reference="49"/>
                <code>3193</code>
                <conceptReferenceTermMaps id="113"/>
              </conceptReferenceTerm>
            </org.openmrs.ConceptMap>
          </conceptMappings>
        </concept>
        <conceptSet reference="2"/>
        <sortWeight>1.0</sortWeight>
        <creator/>
        <dateCreated id="114">2013-08-29 20:22:41</dateCreated>
      </org.openmrs.ConceptSet>
      <org.openmrs.ConceptSet id="115" uuid="51fcb074-9b28-4125-a763-b2bf95d9e2fa">
        <conceptSetId>4585</conceptSetId>
        <concept id="116" resolves-to="org.openmrs.Concept" uuid="3cd9491e-26fe-102b-80cb-0017a47871b2">
          <conceptId>1282</conceptId>
          <retired>false</retired>
          <datatype id="117" resolves-to="org.openmrs.ConceptDatatype" uuid="8d4a48b6-c2cc-11de-8d13-0010c6dffd0f">
            <name>Coded</name>
            <description>Value determined by term dictionary lookup (i.e., term identifier)</description>
            <creator/>
            <dateCreated id="118">2004-02-02 00:00:00</dateCreated>
            <retired>false</retired>
            <conceptDatatypeId>2</conceptDatatypeId>
            <hl7Abbreviation>CWE</hl7Abbreviation>
          </datatype>
          <conceptClass id="119" resolves-to="org.openmrs.ConceptClass" uuid="8d492774-c2cc-11de-8d13-0010c6dffd0f">
            <name>Misc</name>
            <description>Terms which don&apos;t fit other categories</description>
            <creator/>
            <dateCreated id="120">2004-03-02 05:00:00</dateCreated>
            <retired>false</retired>
            <conceptClassId>11</conceptClassId>
          </conceptClass>
          <set>false</set>
          <creator/>
          <dateCreated id="121">2005-02-24 12:02:35</dateCreated>
          <changedBy/>
          <dateChanged id="122">2013-09-04 21:52:40</dateChanged>
          <names class="set" id="123">
            <org.openmrs.ConceptName id="124" uuid="f5fb5796-d5db-102d-ad2a-000c29c2a5d7">
              <conceptNameId>10798</conceptNameId>
              <concept reference="116"/>
              <name>COMMANDES DE MÉDICAMENTS</name>
              <locale id="125">fr</locale>
              <creator/>
              <dateCreated id="126">2010-06-29 13:03:17</dateCreated>
              <voided>false</voided>
              <tags class="set" id="127"/>
              <localePreferred>true</localePreferred>
            </org.openmrs.ConceptName>
            <org.openmrs.ConceptName id="128" uuid="3e178b24-26fe-102b-80cb-0017a47871b2">
              <conceptNameId>1320</conceptNameId>
              <concept reference="116"/>
              <name>MEDICATION ORDERS</name>
              <locale id="129">en</locale>
              <creator/>
              <dateCreated id="130">2005-02-24 12:02:35</dateCreated>
              <voided>false</voided>
              <tags class="set" id="131"/>
              <conceptNameType>FULLY_SPECIFIED</conceptNameType>
              <localePreferred>true</localePreferred>
            </org.openmrs.ConceptName>
          </names>
          <answers class="set" id="132"/>
          <conceptSets class="set" id="133"/>
          <descriptions class="set" id="134">
            <org.openmrs.ConceptDescription id="135" uuid="ece6ee42-07fe-102c-b5fa-0017a47871b2">
              <conceptDescriptionId>1293</conceptDescriptionId>
              <concept reference="116"/>
              <description>Drugs that are ordered at a given patient encounter.</description>
              <locale id="136">en</locale>
              <creator/>
              <dateCreated id="137">2005-02-24 12:02:35</dateCreated>
            </org.openmrs.ConceptDescription>
          </descriptions>
          <conceptMappings class="set" id="138">
            <org.openmrs.ConceptMap id="139" uuid="b2105bac-4864-102e-96e9-000c29c2a5d7">
              <conceptMapType reference="37"/>
              <creator/>
              <changedBy/>
              <dateCreated id="140">2010-11-23 10:15:31</dateCreated>
              <dateChanged id="141">2012-06-21 16:49:52</dateChanged>
              <conceptMapId>1284</conceptMapId>
              <concept reference="116"/>
              <conceptReferenceTerm id="142" resolves-to="org.openmrs.ConceptReferenceTerm" uuid="7e4e5cb6-2124-3ff1-9811-015daef2e059">
                <creator/>
                <dateCreated id="143">2010-11-23 00:00:00</dateCreated>
                <retired>false</retired>
                <conceptReferenceTermId>1284</conceptReferenceTermId>
                <conceptSource reference="49"/>
                <code>1282</code>
                <conceptReferenceTermMaps id="144"/>
              </conceptReferenceTerm>
            </org.openmrs.ConceptMap>
            <org.openmrs.ConceptMap id="145" uuid="75699fd0-4943-102e-96e9-000c29c2a5d7">
              <conceptMapType reference="37"/>
              <creator/>
              <changedBy/>
              <dateCreated id="146">2010-11-24 12:49:58</dateCreated>
              <dateChanged id="147">2012-06-21 16:49:52</dateChanged>
              <conceptMapId>7130</conceptMapId>
              <concept reference="116"/>
              <conceptReferenceTerm id="148" resolves-to="org.openmrs.ConceptReferenceTerm" uuid="9bab7adc-de35-3a20-bb17-a3511068623c">
                <creator/>
                <dateCreated id="149">2010-11-24 00:00:00</dateCreated>
                <retired>false</retired>
                <conceptReferenceTermId>7130</conceptReferenceTermId>
                <conceptSource reference="49"/>
                <code>MEDICATION ORDERS</code>
                <conceptReferenceTermMaps id="150"/>
              </conceptReferenceTerm>
            </org.openmrs.ConceptMap>
          </conceptMappings>
        </concept>
        <conceptSet reference="2"/>
        <sortWeight>0.0</sortWeight>
        <creator/>
        <dateCreated id="151">2013-08-29 20:22:41</dateCreated>
      </org.openmrs.ConceptSet>
    </conceptSets>
    <descriptions class="set" id="152">
      <org.openmrs.ConceptDescription id="153" uuid="5afacc24-a1d2-4670-9751-efbd5ca66b24">
        <conceptDescriptionId>6383</conceptDescriptionId>
        <concept reference="2"/>
        <description>Collects all pieces of information about a medication or product that was dispensed to the patient, e.g. at a pharmacy</description>
        <locale id="154">en</locale>
        <creator/>
        <dateCreated id="155">2013-08-29 20:10:39</dateCreated>
      </org.openmrs.ConceptDescription>
    </descriptions>
    <conceptMappings class="set" id="156">
      <org.openmrs.ConceptMap id="157" uuid="50639ccb-0d00-4ee8-a424-e07f8b8a6486">
        <conceptMapType reference="37"/>
        <creator/>
        <dateCreated id="158">2013-08-29 21:01:59</dateCreated>
        <conceptMapId>19120</conceptMapId>
        <concept reference="2"/>
        <conceptReferenceTerm id="159" resolves-to="org.openmrs.ConceptReferenceTerm" uuid="23658bce-a623-4975-9523-a500e45b6a73">
          <creator/>
          <dateCreated id="160">2013-08-29 21:01:43</dateCreated>
          <retired>false</retired>
          <conceptReferenceTermId>18968</conceptReferenceTermId>
          <conceptSource reference="42"/>
          <code>1442</code>
          <conceptReferenceTermMaps id="161"/>
        </conceptReferenceTerm>
      </org.openmrs.ConceptMap>
      <org.openmrs.ConceptMap id="162" uuid="74f42c5e-e996-40e2-bf90-374d97a8bad2">
        <conceptMapType reference="37"/>
        <creator/>
        <dateCreated id="163">2013-08-29 21:01:59</dateCreated>
        <conceptMapId>19121</conceptMapId>
        <concept reference="2"/>
        <conceptReferenceTerm id="164" resolves-to="org.openmrs.ConceptReferenceTerm" uuid="c9bd00ea-20b6-47a7-bf2c-26cada992fe6">
          <creator/>
          <dateCreated id="165">2013-08-29 21:00:50</dateCreated>
          <retired>false</retired>
          <conceptReferenceTermId>18967</conceptReferenceTermId>
          <conceptSource reference="49"/>
          <code>9070</code>
          <conceptReferenceTermMaps id="166"/>
        </conceptReferenceTerm>
      </org.openmrs.ConceptMap>
    </conceptMappings>
  </org.openmrs.Concept>
</list>
