<?xml version="1.0" encoding="UTF-8"?>
<package id="1" uuid="3b2e4f49-6345-45ff-ae57-2557b4acf65e">
  <dateCreated id="2">2013-10-01 17:37:40</dateCreated>
  <name>HUM Roles and Privileges</name>
  <description>Application roles of sysAdmin, radiology, dataArchives, clinical, pharmacist and pharmacyAide&#xd;
Roles of LacollineProvider, Outpatient Application User, Outpatient Application User - Supervisor, and Report User.</description>
  <openmrsVersion>1.9.4 SNAPSHOT Build 7297fb</openmrsVersion>
  <version>46</version>
  <groupUuid>f12f5fb8-80a8-40d0-a20e-24af2642ce4c</groupUuid>
  <modules id="3">
    <entry>
      <string>uilibrary</string>
      <string>2.0.3.1</string>
    </entry>
    <entry>
      <string>reportingcompatibility</string>
      <string>1.5.4.1</string>
    </entry>
    <entry>
      <string>groovy</string>
      <string>2.2.1</string>
    </entry>
    <entry>
      <string>providermanagement</string>
      <string>1.1.1</string>
    </entry>
    <entry>
      <string>uiframework</string>
      <string>2.4</string>
    </entry>
    <entry>
      <string>validation</string>
      <string>1.0.1</string>
    </entry>
    <entry>
      <string>htmlformentry</string>
      <string>2.1-SNAPSHOT</string>
    </entry>
    <entry>
      <string>htmlformentry19ext</string>
      <string>1.0</string>
    </entry>
    <entry>
      <string>metadatamapping</string>
      <string>1.0.1</string>
    </entry>
    <entry>
      <string>metadatasharing</string>
      <string>1.1.7.1</string>
    </entry>
    <entry>
      <string>logic</string>
      <string>0.5.2</string>
    </entry>
    <entry>
      <string>serialization.xstream</string>
      <string>0.2.7</string>
    </entry>
  </modules>
  <items class="linked-hash-set" id="4">
    <org.openmrs.module.metadatasharing.Item id="5" uuid="cbfe0b9d-9923-404c-941b-f048adc8cdc0">
      <id>2</id>
      <classname>org.openmrs.EncounterRole</classname>
      <dateChanged id="6">2012-10-24 20:31:51</dateChanged>
      <retired>false</retired>
    </org.openmrs.module.metadatasharing.Item>
    <org.openmrs.module.metadatasharing.Item id="7" uuid="2107293d-d104-40d2-a7bf-d5c40e3f012e">
      <classname>org.openmrs.Role</classname>
      <retired>false</retired>
    </org.openmrs.module.metadatasharing.Item>
    <org.openmrs.module.metadatasharing.Item id="8" uuid="b9acdea9-47ce-4539-b8c0-29b7fc0846fa">
      <classname>org.openmrs.Role</classname>
      <retired>false</retired>
    </org.openmrs.module.metadatasharing.Item>
    <org.openmrs.module.metadatasharing.Item id="9" uuid="5da08e21-efd6-497c-9ef5-d50d7e33a63a">
      <classname>org.openmrs.Role</classname>
      <retired>false</retired>
    </org.openmrs.module.metadatasharing.Item>
    <org.openmrs.module.metadatasharing.Item id="10" uuid="ba7772b3-89c1-4179-9b4d-e0eb96164da6">
      <classname>org.openmrs.Role</classname>
      <retired>false</retired>
    </org.openmrs.module.metadatasharing.Item>
    <org.openmrs.module.metadatasharing.Item id="11" uuid="0b30c2e0-6276-4bf5-a8ac-e38da035888a">
      <classname>org.openmrs.Role</classname>
      <retired>false</retired>
    </org.openmrs.module.metadatasharing.Item>
    <org.openmrs.module.metadatasharing.Item id="12" uuid="3672ebe7-ed59-461f-a662-5ae3cd2e46ac">
      <classname>org.openmrs.Role</classname>
      <retired>false</retired>
    </org.openmrs.module.metadatasharing.Item>
    <org.openmrs.module.metadatasharing.Item id="13" uuid="7d86495c-8729-4a86-87c3-8b120741c5ee">
      <classname>org.openmrs.Role</classname>
      <retired>false</retired>
    </org.openmrs.module.metadatasharing.Item>
    <org.openmrs.module.metadatasharing.Item id="14" uuid="05a3c5fc-3c7f-4c93-87d2-c6013e71a102">
      <classname>org.openmrs.Role</classname>
      <retired>false</retired>
    </org.openmrs.module.metadatasharing.Item>
    <org.openmrs.module.metadatasharing.Item id="15" uuid="36fd044e-f76a-4a07-84b0-1af9d7ce0c59">
      <classname>org.openmrs.Role</classname>
      <retired>false</retired>
    </org.openmrs.module.metadatasharing.Item>
    <org.openmrs.module.metadatasharing.Item id="16" uuid="ed54f8d7-c1ab-429b-82fb-21f36823a011">
      <classname>org.openmrs.Role</classname>
      <retired>false</retired>
    </org.openmrs.module.metadatasharing.Item>
  </items>
  <relatedItems class="linked-hash-set" id="17">
    <org.openmrs.module.metadatasharing.Item id="18" uuid="151459ea-15f5-102d-96e4-000c29c2a5d7">
      <classname>org.openmrs.Privilege</classname>
      <retired>false</retired>
    </org.openmrs.module.metadatasharing.Item>
    <org.openmrs.module.metadatasharing.Item id="19" uuid="15144194-15f5-102d-96e4-000c29c2a5d7">
      <classname>org.openmrs.Privilege</classname>
      <retired>false</retired>
    </org.openmrs.module.metadatasharing.Item>
    <org.openmrs.module.metadatasharing.Item id="20" uuid="15145706-15f5-102d-96e4-000c29c2a5d7">
      <classname>org.openmrs.Privilege</classname>
      <retired>false</retired>
    </org.openmrs.module.metadatasharing.Item>
    <org.openmrs.module.metadatasharing.Item id="21" uuid="15145ada-15f5-102d-96e4-000c29c2a5d7">
      <classname>org.openmrs.Privilege</classname>
      <retired>false</retired>
    </org.openmrs.module.metadatasharing.Item>
    <org.openmrs.module.metadatasharing.Item id="22" uuid="1514526a-15f5-102d-96e4-000c29c2a5d7">
      <classname>org.openmrs.Privilege</classname>
      <retired>false</retired>
    </org.openmrs.module.metadatasharing.Item>
    <org.openmrs.module.metadatasharing.Item id="23" uuid="1514443c-15f5-102d-96e4-000c29c2a5d7">
      <classname>org.openmrs.Privilege</classname>
      <retired>false</retired>
    </org.openmrs.module.metadatasharing.Item>
    <org.openmrs.module.metadatasharing.Item id="24" uuid="8d94f280-c2cc-11de-8d13-0010c6dffd0f">
      <classname>org.openmrs.Role</classname>
      <retired>false</retired>
    </org.openmrs.module.metadatasharing.Item>
    <org.openmrs.module.metadatasharing.Item id="25" uuid="158bf6d0-15f5-102d-96e4-000c29c2a5d7">
      <classname>org.openmrs.Role</classname>
      <retired>false</retired>
    </org.openmrs.module.metadatasharing.Item>
    <org.openmrs.module.metadatasharing.Item id="26" uuid="158bf8ba-15f5-102d-96e4-000c29c2a5d7">
      <classname>org.openmrs.Role</classname>
      <retired>false</retired>
    </org.openmrs.module.metadatasharing.Item>
    <org.openmrs.module.metadatasharing.Item id="27" uuid="158bfcb6-15f5-102d-96e4-000c29c2a5d7">
      <classname>org.openmrs.Role</classname>
      <retired>false</retired>
    </org.openmrs.module.metadatasharing.Item>
    <org.openmrs.module.metadatasharing.Item id="28" uuid="341cbb9e-0370-102d-b0e3-001ec94a0cc1">
      <classname>org.openmrs.Role</classname>
      <retired>false</retired>
    </org.openmrs.module.metadatasharing.Item>
    <org.openmrs.module.metadatasharing.Item id="29" uuid="1513c8d6-15f5-102d-96e4-000c29c2a5d7">
      <classname>org.openmrs.Privilege</classname>
      <retired>false</retired>
    </org.openmrs.module.metadatasharing.Item>
    <org.openmrs.module.metadatasharing.Item id="30" uuid="15144bd0-15f5-102d-96e4-000c29c2a5d7">
      <classname>org.openmrs.Privilege</classname>
      <retired>false</retired>
    </org.openmrs.module.metadatasharing.Item>
    <org.openmrs.module.metadatasharing.Item id="31" uuid="1513adec-15f5-102d-96e4-000c29c2a5d7">
      <classname>org.openmrs.Privilege</classname>
      <retired>false</retired>
    </org.openmrs.module.metadatasharing.Item>
    <org.openmrs.module.metadatasharing.Item id="32" uuid="1513d542-15f5-102d-96e4-000c29c2a5d7">
      <classname>org.openmrs.Privilege</classname>
      <retired>false</retired>
    </org.openmrs.module.metadatasharing.Item>
    <org.openmrs.module.metadatasharing.Item id="33" uuid="1513a8b0-15f5-102d-96e4-000c29c2a5d7">
      <classname>org.openmrs.Privilege</classname>
      <retired>false</retired>
    </org.openmrs.module.metadatasharing.Item>
    <org.openmrs.module.metadatasharing.Item id="34" uuid="1513c700-15f5-102d-96e4-000c29c2a5d7">
      <classname>org.openmrs.Privilege</classname>
      <retired>false</retired>
    </org.openmrs.module.metadatasharing.Item>
    <org.openmrs.module.metadatasharing.Item id="35" uuid="1513a158-15f5-102d-96e4-000c29c2a5d7">
      <classname>org.openmrs.Privilege</classname>
      <retired>false</retired>
    </org.openmrs.module.metadatasharing.Item>
    <org.openmrs.module.metadatasharing.Item id="36" uuid="15140080-15f5-102d-96e4-000c29c2a5d7">
      <classname>org.openmrs.Privilege</classname>
      <retired>false</retired>
    </org.openmrs.module.metadatasharing.Item>
    <org.openmrs.module.metadatasharing.Item id="37" uuid="151478d0-15f5-102d-96e4-000c29c2a5d7">
      <classname>org.openmrs.Privilege</classname>
      <retired>false</retired>
    </org.openmrs.module.metadatasharing.Item>
    <org.openmrs.module.metadatasharing.Item id="38" uuid="15146250-15f5-102d-96e4-000c29c2a5d7">
      <classname>org.openmrs.Privilege</classname>
      <retired>false</retired>
    </org.openmrs.module.metadatasharing.Item>
    <org.openmrs.module.metadatasharing.Item id="39" uuid="15144608-15f5-102d-96e4-000c29c2a5d7">
      <classname>org.openmrs.Privilege</classname>
      <retired>false</retired>
    </org.openmrs.module.metadatasharing.Item>
    <org.openmrs.module.metadatasharing.Item id="40" uuid="1513d7ea-15f5-102d-96e4-000c29c2a5d7">
      <classname>org.openmrs.Privilege</classname>
      <retired>false</retired>
    </org.openmrs.module.metadatasharing.Item>
    <org.openmrs.module.metadatasharing.Item id="41" uuid="15142876-15f5-102d-96e4-000c29c2a5d7">
      <classname>org.openmrs.Privilege</classname>
      <retired>false</retired>
    </org.openmrs.module.metadatasharing.Item>
    <org.openmrs.module.metadatasharing.Item id="42" uuid="15142a6a-15f5-102d-96e4-000c29c2a5d7">
      <classname>org.openmrs.Privilege</classname>
      <retired>false</retired>
    </org.openmrs.module.metadatasharing.Item>
    <org.openmrs.module.metadatasharing.Item id="43" uuid="1513a98c-15f5-102d-96e4-000c29c2a5d7">
      <classname>org.openmrs.Privilege</classname>
      <retired>false</retired>
    </org.openmrs.module.metadatasharing.Item>
    <org.openmrs.module.metadatasharing.Item id="44" uuid="15142c22-15f5-102d-96e4-000c29c2a5d7">
      <classname>org.openmrs.Privilege</classname>
      <retired>false</retired>
    </org.openmrs.module.metadatasharing.Item>
    <org.openmrs.module.metadatasharing.Item id="45" uuid="15142eca-15f5-102d-96e4-000c29c2a5d7">
      <classname>org.openmrs.Privilege</classname>
      <retired>false</retired>
    </org.openmrs.module.metadatasharing.Item>
    <org.openmrs.module.metadatasharing.Item id="46" uuid="15147ac4-15f5-102d-96e4-000c29c2a5d7">
      <classname>org.openmrs.Privilege</classname>
      <retired>false</retired>
    </org.openmrs.module.metadatasharing.Item>
    <org.openmrs.module.metadatasharing.Item id="47" uuid="1513f1ee-15f5-102d-96e4-000c29c2a5d7">
      <classname>org.openmrs.Privilege</classname>
      <retired>false</retired>
    </org.openmrs.module.metadatasharing.Item>
    <org.openmrs.module.metadatasharing.Item id="48" uuid="15139c76-15f5-102d-96e4-000c29c2a5d7">
      <classname>org.openmrs.Privilege</classname>
      <retired>false</retired>
    </org.openmrs.module.metadatasharing.Item>
    <org.openmrs.module.metadatasharing.Item id="49" uuid="1513f856-15f5-102d-96e4-000c29c2a5d7">
      <classname>org.openmrs.Privilege</classname>
      <retired>false</retired>
    </org.openmrs.module.metadatasharing.Item>
    <org.openmrs.module.metadatasharing.Item id="50" uuid="151446ee-15f5-102d-96e4-000c29c2a5d7">
      <classname>org.openmrs.Privilege</classname>
      <retired>false</retired>
    </org.openmrs.module.metadatasharing.Item>
    <org.openmrs.module.metadatasharing.Item id="51" uuid="15144e78-15f5-102d-96e4-000c29c2a5d7">
      <classname>org.openmrs.Privilege</classname>
      <retired>false</retired>
    </org.openmrs.module.metadatasharing.Item>
    <org.openmrs.module.metadatasharing.Item id="52" uuid="1513fb08-15f5-102d-96e4-000c29c2a5d7">
      <classname>org.openmrs.Privilege</classname>
      <retired>false</retired>
    </org.openmrs.module.metadatasharing.Item>
    <org.openmrs.module.metadatasharing.Item id="53" uuid="1513fce8-15f5-102d-96e4-000c29c2a5d7">
      <classname>org.openmrs.Privilege</classname>
      <retired>false</retired>
    </org.openmrs.module.metadatasharing.Item>
    <org.openmrs.module.metadatasharing.Item id="54" uuid="15144aea-15f5-102d-96e4-000c29c2a5d7">
      <classname>org.openmrs.Privilege</classname>
      <retired>false</retired>
    </org.openmrs.module.metadatasharing.Item>
    <org.openmrs.module.metadatasharing.Item id="55" uuid="1514452c-15f5-102d-96e4-000c29c2a5d7">
      <classname>org.openmrs.Privilege</classname>
      <retired>false</retired>
    </org.openmrs.module.metadatasharing.Item>
    <org.openmrs.module.metadatasharing.Item id="56" uuid="151475e2-15f5-102d-96e4-000c29c2a5d7">
      <classname>org.openmrs.Privilege</classname>
      <retired>false</retired>
    </org.openmrs.module.metadatasharing.Item>
    <org.openmrs.module.metadatasharing.Item id="57" uuid="15144cb6-15f5-102d-96e4-000c29c2a5d7">
      <classname>org.openmrs.Privilege</classname>
      <retired>false</retired>
    </org.openmrs.module.metadatasharing.Item>
    <org.openmrs.module.metadatasharing.Item id="58" uuid="1513a612-15f5-102d-96e4-000c29c2a5d7">
      <classname>org.openmrs.Privilege</classname>
      <retired>false</retired>
    </org.openmrs.module.metadatasharing.Item>
    <org.openmrs.module.metadatasharing.Item id="59" uuid="1513a068-15f5-102d-96e4-000c29c2a5d7">
      <classname>org.openmrs.Privilege</classname>
      <retired>false</retired>
    </org.openmrs.module.metadatasharing.Item>
    <org.openmrs.module.metadatasharing.Item id="60" uuid="1513c44e-15f5-102d-96e4-000c29c2a5d7">
      <classname>org.openmrs.Privilege</classname>
      <retired>false</retired>
    </org.openmrs.module.metadatasharing.Item>
    <org.openmrs.module.metadatasharing.Item id="61" uuid="1513d45c-15f5-102d-96e4-000c29c2a5d7">
      <classname>org.openmrs.Privilege</classname>
      <retired>false</retired>
    </org.openmrs.module.metadatasharing.Item>
    <org.openmrs.module.metadatasharing.Item id="62" uuid="1513974e-15f5-102d-96e4-000c29c2a5d7">
      <classname>org.openmrs.Privilege</classname>
      <retired>false</retired>
    </org.openmrs.module.metadatasharing.Item>
    <org.openmrs.module.metadatasharing.Item id="63" uuid="15144f5e-15f5-102d-96e4-000c29c2a5d7">
      <classname>org.openmrs.Privilege</classname>
      <retired>false</retired>
    </org.openmrs.module.metadatasharing.Item>
    <org.openmrs.module.metadatasharing.Item id="64" uuid="15144d92-15f5-102d-96e4-000c29c2a5d7">
      <classname>org.openmrs.Privilege</classname>
      <retired>false</retired>
    </org.openmrs.module.metadatasharing.Item>
    <org.openmrs.module.metadatasharing.Item id="65" uuid="151421d2-15f5-102d-96e4-000c29c2a5d7">
      <classname>org.openmrs.Privilege</classname>
      <retired>false</retired>
    </org.openmrs.module.metadatasharing.Item>
    <org.openmrs.module.metadatasharing.Item id="66" uuid="1513ff9a-15f5-102d-96e4-000c29c2a5d7">
      <classname>org.openmrs.Privilege</classname>
      <retired>false</retired>
    </org.openmrs.module.metadatasharing.Item>
    <org.openmrs.module.metadatasharing.Item id="67" uuid="1513d0c4-15f5-102d-96e4-000c29c2a5d7">
      <classname>org.openmrs.Privilege</classname>
      <retired>false</retired>
    </org.openmrs.module.metadatasharing.Item>
    <org.openmrs.module.metadatasharing.Item id="68" uuid="1513c9bc-15f5-102d-96e4-000c29c2a5d7">
      <classname>org.openmrs.Privilege</classname>
      <retired>false</retired>
    </org.openmrs.module.metadatasharing.Item>
    <org.openmrs.module.metadatasharing.Item id="69" uuid="1513c26e-15f5-102d-96e4-000c29c2a5d7">
      <classname>org.openmrs.Privilege</classname>
      <retired>false</retired>
    </org.openmrs.module.metadatasharing.Item>
    <org.openmrs.module.metadatasharing.Item id="70" uuid="1513aedc-15f5-102d-96e4-000c29c2a5d7">
      <classname>org.openmrs.Privilege</classname>
      <retired>false</retired>
    </org.openmrs.module.metadatasharing.Item>
    <org.openmrs.module.metadatasharing.Item id="71" uuid="15145bc0-15f5-102d-96e4-000c29c2a5d7">
      <classname>org.openmrs.Privilege</classname>
      <retired>false</retired>
    </org.openmrs.module.metadatasharing.Item>
    <org.openmrs.module.metadatasharing.Item id="72" uuid="1513cc64-15f5-102d-96e4-000c29c2a5d7">
      <classname>org.openmrs.Privilege</classname>
      <retired>false</retired>
    </org.openmrs.module.metadatasharing.Item>
    <org.openmrs.module.metadatasharing.Item id="73" uuid="1513fdc4-15f5-102d-96e4-000c29c2a5d7">
      <classname>org.openmrs.Privilege</classname>
      <retired>false</retired>
    </org.openmrs.module.metadatasharing.Item>
    <org.openmrs.module.metadatasharing.Item id="74" uuid="151416a6-15f5-102d-96e4-000c29c2a5d7">
      <classname>org.openmrs.Privilege</classname>
      <retired>false</retired>
    </org.openmrs.module.metadatasharing.Item>
    <org.openmrs.module.metadatasharing.Item id="75" uuid="15140332-15f5-102d-96e4-000c29c2a5d7">
      <classname>org.openmrs.Privilege</classname>
      <retired>false</retired>
    </org.openmrs.module.metadatasharing.Item>
    <org.openmrs.module.metadatasharing.Item id="76" uuid="15141a52-15f5-102d-96e4-000c29c2a5d7">
      <classname>org.openmrs.Privilege</classname>
      <retired>false</retired>
    </org.openmrs.module.metadatasharing.Item>
    <org.openmrs.module.metadatasharing.Item id="77" uuid="1513e974-15f5-102d-96e4-000c29c2a5d7">
      <classname>org.openmrs.Privilege</classname>
      <retired>false</retired>
    </org.openmrs.module.metadatasharing.Item>
    <org.openmrs.module.metadatasharing.Item id="78" uuid="1513caa2-15f5-102d-96e4-000c29c2a5d7">
      <classname>org.openmrs.Privilege</classname>
      <retired>false</retired>
    </org.openmrs.module.metadatasharing.Item>
    <org.openmrs.module.metadatasharing.Item id="79" uuid="15141dea-15f5-102d-96e4-000c29c2a5d7">
      <classname>org.openmrs.Privilege</classname>
      <retired>false</retired>
    </org.openmrs.module.metadatasharing.Item>
    <org.openmrs.module.metadatasharing.Item id="80" uuid="1513aa72-15f5-102d-96e4-000c29c2a5d7">
      <classname>org.openmrs.Privilege</classname>
      <retired>false</retired>
    </org.openmrs.module.metadatasharing.Item>
    <org.openmrs.module.metadatasharing.Item id="81" uuid="1513f3ec-15f5-102d-96e4-000c29c2a5d7">
      <classname>org.openmrs.Privilege</classname>
      <retired>false</retired>
    </org.openmrs.module.metadatasharing.Item>
    <org.openmrs.module.metadatasharing.Item id="82" uuid="15146340-15f5-102d-96e4-000c29c2a5d7">
      <classname>org.openmrs.Privilege</classname>
      <retired>false</retired>
    </org.openmrs.module.metadatasharing.Item>
    <org.openmrs.module.metadatasharing.Item id="83" uuid="15139e92-15f5-102d-96e4-000c29c2a5d7">
      <classname>org.openmrs.Privilege</classname>
      <retired>false</retired>
    </org.openmrs.module.metadatasharing.Item>
    <org.openmrs.module.metadatasharing.Item id="84" uuid="151474e8-15f5-102d-96e4-000c29c2a5d7">
      <classname>org.openmrs.Privilege</classname>
      <retired>false</retired>
    </org.openmrs.module.metadatasharing.Item>
    <org.openmrs.module.metadatasharing.Item id="85" uuid="15a9e05a-1c04-4463-9296-a98c8acc8b3d">
      <classname>org.openmrs.Privilege</classname>
      <retired>false</retired>
    </org.openmrs.module.metadatasharing.Item>
    <org.openmrs.module.metadatasharing.Item id="86" uuid="15141c1e-15f5-102d-96e4-000c29c2a5d7">
      <classname>org.openmrs.Privilege</classname>
      <retired>false</retired>
    </org.openmrs.module.metadatasharing.Item>
    <org.openmrs.module.metadatasharing.Item id="87" uuid="1514239e-15f5-102d-96e4-000c29c2a5d7">
      <classname>org.openmrs.Privilege</classname>
      <retired>false</retired>
    </org.openmrs.module.metadatasharing.Item>
    <org.openmrs.module.metadatasharing.Item id="88" uuid="1513c354-15f5-102d-96e4-000c29c2a5d7">
      <classname>org.openmrs.Privilege</classname>
      <retired>false</retired>
    </org.openmrs.module.metadatasharing.Item>
    <org.openmrs.module.metadatasharing.Item id="89" uuid="15142498-15f5-102d-96e4-000c29c2a5d7">
      <classname>org.openmrs.Privilege</classname>
      <retired>false</retired>
    </org.openmrs.module.metadatasharing.Item>
    <org.openmrs.module.metadatasharing.Item id="90" uuid="1513a6ee-15f5-102d-96e4-000c29c2a5d7">
      <classname>org.openmrs.Privilege</classname>
      <retired>false</retired>
    </org.openmrs.module.metadatasharing.Item>
    <org.openmrs.module.metadatasharing.Item id="91" uuid="1513c61a-15f5-102d-96e4-000c29c2a5d7">
      <classname>org.openmrs.Privilege</classname>
      <retired>false</retired>
    </org.openmrs.module.metadatasharing.Item>
    <org.openmrs.module.metadatasharing.Item id="92" uuid="151414da-15f5-102d-96e4-000c29c2a5d7">
      <classname>org.openmrs.Privilege</classname>
      <retired>false</retired>
    </org.openmrs.module.metadatasharing.Item>
    <org.openmrs.module.metadatasharing.Item id="93" uuid="151479ca-15f5-102d-96e4-000c29c2a5d7">
      <classname>org.openmrs.Privilege</classname>
      <retired>false</retired>
    </org.openmrs.module.metadatasharing.Item>
    <org.openmrs.module.metadatasharing.Item id="94" uuid="1513cf02-15f5-102d-96e4-000c29c2a5d7">
      <classname>org.openmrs.Privilege</classname>
      <retired>false</retired>
    </org.openmrs.module.metadatasharing.Item>
    <org.openmrs.module.metadatasharing.Item id="95" uuid="151415c0-15f5-102d-96e4-000c29c2a5d7">
      <classname>org.openmrs.Privilege</classname>
      <retired>false</retired>
    </org.openmrs.module.metadatasharing.Item>
    <org.openmrs.module.metadatasharing.Item id="96" uuid="1513ee60-15f5-102d-96e4-000c29c2a5d7">
      <classname>org.openmrs.Privilege</classname>
      <retired>false</retired>
    </org.openmrs.module.metadatasharing.Item>
    <org.openmrs.module.metadatasharing.Item id="97" uuid="15139f78-15f5-102d-96e4-000c29c2a5d7">
      <classname>org.openmrs.Privilege</classname>
      <retired>false</retired>
    </org.openmrs.module.metadatasharing.Item>
    <org.openmrs.module.metadatasharing.Item id="98" uuid="15141b38-15f5-102d-96e4-000c29c2a5d7">
      <classname>org.openmrs.Privilege</classname>
      <retired>false</retired>
    </org.openmrs.module.metadatasharing.Item>
    <org.openmrs.module.metadatasharing.Item id="99" uuid="1513f306-15f5-102d-96e4-000c29c2a5d7">
      <classname>org.openmrs.Privilege</classname>
      <retired>false</retired>
    </org.openmrs.module.metadatasharing.Item>
    <org.openmrs.module.metadatasharing.Item id="100" uuid="1513c17e-15f5-102d-96e4-000c29c2a5d7">
      <classname>org.openmrs.Privilege</classname>
      <retired>false</retired>
    </org.openmrs.module.metadatasharing.Item>
    <org.openmrs.module.metadatasharing.Item id="101" uuid="1514560c-15f5-102d-96e4-000c29c2a5d7">
      <classname>org.openmrs.Privilege</classname>
      <retired>false</retired>
    </org.openmrs.module.metadatasharing.Item>
    <org.openmrs.module.metadatasharing.Item id="102" uuid="15142d08-15f5-102d-96e4-000c29c2a5d7">
      <classname>org.openmrs.Privilege</classname>
      <retired>false</retired>
    </org.openmrs.module.metadatasharing.Item>
    <org.openmrs.module.metadatasharing.Item id="103" uuid="1513f69e-15f5-102d-96e4-000c29c2a5d7">
      <classname>org.openmrs.Privilege</classname>
      <retired>false</retired>
    </org.openmrs.module.metadatasharing.Item>
    <org.openmrs.module.metadatasharing.Item id="104" uuid="1513d70e-15f5-102d-96e4-000c29c2a5d7">
      <classname>org.openmrs.Privilege</classname>
      <retired>false</retired>
    </org.openmrs.module.metadatasharing.Item>
    <org.openmrs.module.metadatasharing.Item id="105" uuid="15142786-15f5-102d-96e4-000c29c2a5d7">
      <classname>org.openmrs.Privilege</classname>
      <retired>false</retired>
    </org.openmrs.module.metadatasharing.Item>
    <org.openmrs.module.metadatasharing.Item id="106" uuid="151476dc-15f5-102d-96e4-000c29c2a5d7">
      <classname>org.openmrs.Privilege</classname>
      <retired>false</retired>
    </org.openmrs.module.metadatasharing.Item>
    <org.openmrs.module.metadatasharing.Item id="107" uuid="1513ef46-15f5-102d-96e4-000c29c2a5d7">
      <classname>org.openmrs.Privilege</classname>
      <retired>false</retired>
    </org.openmrs.module.metadatasharing.Item>
    <org.openmrs.module.metadatasharing.Item id="108" uuid="15142696-15f5-102d-96e4-000c29c2a5d7">
      <classname>org.openmrs.Privilege</classname>
      <retired>false</retired>
    </org.openmrs.module.metadatasharing.Item>
    <org.openmrs.module.metadatasharing.Item id="109" uuid="15141962-15f5-102d-96e4-000c29c2a5d7">
      <classname>org.openmrs.Privilege</classname>
      <retired>false</retired>
    </org.openmrs.module.metadatasharing.Item>
    <org.openmrs.module.metadatasharing.Item id="110" uuid="151477d6-15f5-102d-96e4-000c29c2a5d7">
      <classname>org.openmrs.Privilege</classname>
      <retired>false</retired>
    </org.openmrs.module.metadatasharing.Item>
    <org.openmrs.module.metadatasharing.Item id="111" uuid="1513f93c-15f5-102d-96e4-000c29c2a5d7">
      <classname>org.openmrs.Privilege</classname>
      <retired>false</retired>
    </org.openmrs.module.metadatasharing.Item>
    <org.openmrs.module.metadatasharing.Item id="112" uuid="1513ab58-15f5-102d-96e4-000c29c2a5d7">
      <classname>org.openmrs.Privilege</classname>
      <retired>false</retired>
    </org.openmrs.module.metadatasharing.Item>
    <org.openmrs.module.metadatasharing.Item id="113" uuid="03be3a1b-f1e3-4456-afaf-297a14a6d31a">
      <classname>org.openmrs.Privilege</classname>
      <retired>false</retired>
    </org.openmrs.module.metadatasharing.Item>
    <org.openmrs.module.metadatasharing.Item id="114" uuid="1513cd40-15f5-102d-96e4-000c29c2a5d7">
      <classname>org.openmrs.Privilege</classname>
      <retired>false</retired>
    </org.openmrs.module.metadatasharing.Item>
    <org.openmrs.module.metadatasharing.Item id="115" uuid="1514259c-15f5-102d-96e4-000c29c2a5d7">
      <classname>org.openmrs.Privilege</classname>
      <retired>false</retired>
    </org.openmrs.module.metadatasharing.Item>
    <org.openmrs.module.metadatasharing.Item id="116" uuid="1513fa18-15f5-102d-96e4-000c29c2a5d7">
      <classname>org.openmrs.Privilege</classname>
      <retired>false</retired>
    </org.openmrs.module.metadatasharing.Item>
    <org.openmrs.module.metadatasharing.Item id="117" uuid="15142dee-15f5-102d-96e4-000c29c2a5d7">
      <classname>org.openmrs.Privilege</classname>
      <retired>false</retired>
    </org.openmrs.module.metadatasharing.Item>
    <org.openmrs.module.metadatasharing.Item id="118" uuid="151457f6-15f5-102d-96e4-000c29c2a5d7">
      <classname>org.openmrs.Privilege</classname>
      <retired>false</retired>
    </org.openmrs.module.metadatasharing.Item>
    <org.openmrs.module.metadatasharing.Item id="119" uuid="15144072-15f5-102d-96e4-000c29c2a5d7">
      <classname>org.openmrs.Privilege</classname>
      <retired>false</retired>
    </org.openmrs.module.metadatasharing.Item>
    <org.openmrs.module.metadatasharing.Item id="120" uuid="34190904-0370-102d-b0e3-001ec94a0cc1">
      <classname>org.openmrs.Privilege</classname>
      <retired>false</retired>
    </org.openmrs.module.metadatasharing.Item>
    <org.openmrs.module.metadatasharing.Item id="121" uuid="1513d29a-15f5-102d-96e4-000c29c2a5d7">
      <classname>org.openmrs.Privilege</classname>
      <retired>false</retired>
    </org.openmrs.module.metadatasharing.Item>
    <org.openmrs.module.metadatasharing.Item id="122" uuid="1513a7d4-15f5-102d-96e4-000c29c2a5d7">
      <classname>org.openmrs.Privilege</classname>
      <retired>false</retired>
    </org.openmrs.module.metadatasharing.Item>
    <org.openmrs.module.metadatasharing.Item id="123" uuid="15141d04-15f5-102d-96e4-000c29c2a5d7">
      <classname>org.openmrs.Privilege</classname>
      <retired>false</retired>
    </org.openmrs.module.metadatasharing.Item>
    <org.openmrs.module.metadatasharing.Item id="124" uuid="5b1fc603-73db-4173-b4c1-ea9f16292175">
      <classname>org.openmrs.Privilege</classname>
      <retired>false</retired>
    </org.openmrs.module.metadatasharing.Item>
    <org.openmrs.module.metadatasharing.Item id="125" uuid="15144360-15f5-102d-96e4-000c29c2a5d7">
      <classname>org.openmrs.Privilege</classname>
      <retired>false</retired>
    </org.openmrs.module.metadatasharing.Item>
    <org.openmrs.module.metadatasharing.Item id="126" uuid="15145508-15f5-102d-96e4-000c29c2a5d7">
      <classname>org.openmrs.Privilege</classname>
      <retired>false</retired>
    </org.openmrs.module.metadatasharing.Item>
    <org.openmrs.module.metadatasharing.Item id="127" uuid="15145404-15f5-102d-96e4-000c29c2a5d7">
      <classname>org.openmrs.Privilege</classname>
      <retired>false</retired>
    </org.openmrs.module.metadatasharing.Item>
    <org.openmrs.module.metadatasharing.Item id="128" uuid="15142970-15f5-102d-96e4-000c29c2a5d7">
      <classname>org.openmrs.Privilege</classname>
      <retired>false</retired>
    </org.openmrs.module.metadatasharing.Item>
    <org.openmrs.module.metadatasharing.Item id="129" uuid="1513ea5a-15f5-102d-96e4-000c29c2a5d7">
      <classname>org.openmrs.Privilege</classname>
      <retired>false</retired>
    </org.openmrs.module.metadatasharing.Item>
    <org.openmrs.module.metadatasharing.Item id="130" uuid="0bb2182a-d290-4adc-a382-38321973dab2">
      <classname>org.openmrs.Privilege</classname>
      <retired>false</retired>
    </org.openmrs.module.metadatasharing.Item>
    <org.openmrs.module.metadatasharing.Item id="131" uuid="1513f108-15f5-102d-96e4-000c29c2a5d7">
      <classname>org.openmrs.Privilege</classname>
      <retired>false</retired>
    </org.openmrs.module.metadatasharing.Item>
    <org.openmrs.module.metadatasharing.Item id="132" uuid="15140166-15f5-102d-96e4-000c29c2a5d7">
      <classname>org.openmrs.Privilege</classname>
      <retired>false</retired>
    </org.openmrs.module.metadatasharing.Item>
    <org.openmrs.module.metadatasharing.Item id="133" uuid="ea7eb9af-c0b4-4b3e-a144-9dc891de9e2e">
      <classname>org.openmrs.Privilege</classname>
      <retired>false</retired>
    </org.openmrs.module.metadatasharing.Item>
    <org.openmrs.module.metadatasharing.Item id="134" uuid="1513c7f0-15f5-102d-96e4-000c29c2a5d7">
      <classname>org.openmrs.Privilege</classname>
      <retired>false</retired>
    </org.openmrs.module.metadatasharing.Item>
    <org.openmrs.module.metadatasharing.Item id="135" uuid="1513d376-15f5-102d-96e4-000c29c2a5d7">
      <classname>org.openmrs.Privilege</classname>
      <retired>false</retired>
    </org.openmrs.module.metadatasharing.Item>
    <org.openmrs.module.metadatasharing.Item id="136" uuid="1513a52c-15f5-102d-96e4-000c29c2a5d7">
      <classname>org.openmrs.Privilege</classname>
      <retired>false</retired>
    </org.openmrs.module.metadatasharing.Item>
    <org.openmrs.module.metadatasharing.Item id="137" uuid="1513f022-15f5-102d-96e4-000c29c2a5d7">
      <classname>org.openmrs.Privilege</classname>
      <retired>false</retired>
    </org.openmrs.module.metadatasharing.Item>
    <org.openmrs.module.metadatasharing.Item id="138" uuid="1513cb7e-15f5-102d-96e4-000c29c2a5d7">
      <classname>org.openmrs.Privilege</classname>
      <retired>false</retired>
    </org.openmrs.module.metadatasharing.Item>
    <org.openmrs.module.metadatasharing.Item id="139" uuid="1513a3f6-15f5-102d-96e4-000c29c2a5d7">
      <classname>org.openmrs.Privilege</classname>
      <retired>false</retired>
    </org.openmrs.module.metadatasharing.Item>
    <org.openmrs.module.metadatasharing.Item id="140" uuid="c05cfd9d-c54b-4445-b450-425aa7a888ee">
      <classname>org.openmrs.Privilege</classname>
      <retired>false</retired>
    </org.openmrs.module.metadatasharing.Item>
    <org.openmrs.module.metadatasharing.Item id="141" uuid="1797d439-d5aa-4734-8376-ad555bc27194">
      <classname>org.openmrs.Privilege</classname>
      <retired>false</retired>
    </org.openmrs.module.metadatasharing.Item>
    <org.openmrs.module.metadatasharing.Item id="142" uuid="15142b46-15f5-102d-96e4-000c29c2a5d7">
      <classname>org.openmrs.Privilege</classname>
      <retired>false</retired>
    </org.openmrs.module.metadatasharing.Item>
    <org.openmrs.module.metadatasharing.Item id="143" uuid="1513a31a-15f5-102d-96e4-000c29c2a5d7">
      <classname>org.openmrs.Privilege</classname>
      <retired>false</retired>
    </org.openmrs.module.metadatasharing.Item>
    <org.openmrs.module.metadatasharing.Item id="144" uuid="151422b8-15f5-102d-96e4-000c29c2a5d7">
      <classname>org.openmrs.Privilege</classname>
      <retired>false</retired>
    </org.openmrs.module.metadatasharing.Item>
    <org.openmrs.module.metadatasharing.Item id="145" uuid="1513fbf8-15f5-102d-96e4-000c29c2a5d7">
      <classname>org.openmrs.Privilege</classname>
      <retired>false</retired>
    </org.openmrs.module.metadatasharing.Item>
    <org.openmrs.module.metadatasharing.Item id="146" uuid="1513ce26-15f5-102d-96e4-000c29c2a5d7">
      <classname>org.openmrs.Privilege</classname>
      <retired>false</retired>
    </org.openmrs.module.metadatasharing.Item>
    <org.openmrs.module.metadatasharing.Item id="147" uuid="1514427a-15f5-102d-96e4-000c29c2a5d7">
      <classname>org.openmrs.Privilege</classname>
      <retired>false</retired>
    </org.openmrs.module.metadatasharing.Item>
    <org.openmrs.module.metadatasharing.Item id="148" uuid="8d94f852-c2cc-11de-8d13-0010c6dffd0f">
      <classname>org.openmrs.Role</classname>
      <retired>false</retired>
    </org.openmrs.module.metadatasharing.Item>
    <org.openmrs.module.metadatasharing.Item id="149" uuid="21031583-e2ae-4485-8d66-4a97f803ae7c">
      <classname>org.openmrs.Role</classname>
      <retired>false</retired>
    </org.openmrs.module.metadatasharing.Item>
    <org.openmrs.module.metadatasharing.Item id="150" uuid="83d0f2e8-7c3d-44d4-abb4-9de59162164a">
      <classname>org.openmrs.Role</classname>
      <retired>false</retired>
    </org.openmrs.module.metadatasharing.Item>
    <org.openmrs.module.metadatasharing.Item id="151" uuid="cee15cd4-58c7-4450-9817-2e3b1acb83be">
      <classname>org.openmrs.Role</classname>
      <retired>false</retired>
    </org.openmrs.module.metadatasharing.Item>
    <org.openmrs.module.metadatasharing.Item id="152" uuid="158bfdd8-15f5-102d-96e4-000c29c2a5d7">
      <classname>org.openmrs.Role</classname>
      <retired>false</retired>
    </org.openmrs.module.metadatasharing.Item>
    <org.openmrs.module.metadatasharing.Item id="153" uuid="1513f5cc-15f5-102d-96e4-000c29c2a5d7">
      <classname>org.openmrs.Privilege</classname>
      <retired>false</retired>
    </org.openmrs.module.metadatasharing.Item>
    <org.openmrs.module.metadatasharing.Item id="154" uuid="151458f0-15f5-102d-96e4-000c29c2a5d7">
      <classname>org.openmrs.Privilege</classname>
      <retired>false</retired>
    </org.openmrs.module.metadatasharing.Item>
    <org.openmrs.module.metadatasharing.Item id="155" uuid="1513ac34-15f5-102d-96e4-000c29c2a5d7">
      <classname>org.openmrs.Privilege</classname>
      <retired>false</retired>
    </org.openmrs.module.metadatasharing.Item>
    <org.openmrs.module.metadatasharing.Item id="156" uuid="1513ad1a-15f5-102d-96e4-000c29c2a5d7">
      <classname>org.openmrs.Privilege</classname>
      <retired>false</retired>
    </org.openmrs.module.metadatasharing.Item>
    <org.openmrs.module.metadatasharing.Item id="157" uuid="341cbc98-0370-102d-b0e3-001ec94a0cc1">
      <classname>org.openmrs.Role</classname>
      <retired>false</retired>
    </org.openmrs.module.metadatasharing.Item>
    <org.openmrs.module.metadatasharing.Item id="158" uuid="158c053a-15f5-102d-96e4-000c29c2a5d7">
      <classname>org.openmrs.Role</classname>
      <retired>false</retired>
    </org.openmrs.module.metadatasharing.Item>
    <org.openmrs.module.metadatasharing.Item id="159" uuid="c8957efb-8c8d-4015-871a-569f1a20f462">
      <classname>org.openmrs.Role</classname>
      <retired>false</retired>
    </org.openmrs.module.metadatasharing.Item>
    <org.openmrs.module.metadatasharing.Item id="160" uuid="d2fcc4d2-2700-102b-80cb-0017a47871b2">
      <classname>org.openmrs.Role</classname>
      <retired>false</retired>
    </org.openmrs.module.metadatasharing.Item>
    <org.openmrs.module.metadatasharing.Item id="161" uuid="158c02f6-15f5-102d-96e4-000c29c2a5d7">
      <classname>org.openmrs.Role</classname>
      <retired>false</retired>
    </org.openmrs.module.metadatasharing.Item>
    <org.openmrs.module.metadatasharing.Item id="162" uuid="ca0825a0-362e-48a3-8656-7799a57886b5">
      <classname>org.openmrs.Role</classname>
      <retired>false</retired>
    </org.openmrs.module.metadatasharing.Item>
    <org.openmrs.module.metadatasharing.Item id="163" uuid="fd414c79-3838-44db-87be-935e940827c0">
      <classname>org.openmrs.Role</classname>
      <retired>false</retired>
    </org.openmrs.module.metadatasharing.Item>
    <org.openmrs.module.metadatasharing.Item id="164" uuid="a1d4bb3d-b3bf-4a49-85ee-4e247c84e05c">
      <classname>org.openmrs.Role</classname>
      <retired>false</retired>
    </org.openmrs.module.metadatasharing.Item>
    <org.openmrs.module.metadatasharing.Item id="165" uuid="093e8f10-5be6-4723-962c-38850be9c314">
      <classname>org.openmrs.Privilege</classname>
      <retired>false</retired>
    </org.openmrs.module.metadatasharing.Item>
    <org.openmrs.module.metadatasharing.Item id="166" uuid="6b1567b7-3f8c-441b-b8bb-28abad549d43">
      <classname>org.openmrs.Privilege</classname>
      <retired>false</retired>
    </org.openmrs.module.metadatasharing.Item>
    <org.openmrs.module.metadatasharing.Item id="167" uuid="44139560-c60c-47c9-ae56-7a8fa3a5b7ef">
      <classname>org.openmrs.Privilege</classname>
      <retired>false</retired>
    </org.openmrs.module.metadatasharing.Item>
    <org.openmrs.module.metadatasharing.Item id="168" uuid="c5a569ca-7d29-4d48-945c-6158c2507639">
      <classname>org.openmrs.Privilege</classname>
      <retired>false</retired>
    </org.openmrs.module.metadatasharing.Item>
    <org.openmrs.module.metadatasharing.Item id="169" uuid="f4c6f756-a62d-4720-a656-77b505f71493">
      <classname>org.openmrs.Privilege</classname>
      <retired>false</retired>
    </org.openmrs.module.metadatasharing.Item>
    <org.openmrs.module.metadatasharing.Item id="170" uuid="a47cbdd0-68e8-44e3-9510-7fd496528703">
      <classname>org.openmrs.Privilege</classname>
      <retired>false</retired>
    </org.openmrs.module.metadatasharing.Item>
    <org.openmrs.module.metadatasharing.Item id="171" uuid="98d6bd7c-c7c4-43ac-9427-e145da43584c">
      <classname>org.openmrs.Privilege</classname>
      <retired>false</retired>
    </org.openmrs.module.metadatasharing.Item>
    <org.openmrs.module.metadatasharing.Item id="172" uuid="cc9bcfd5-2bc8-489f-85a7-fbd65e5a8293">
      <classname>org.openmrs.Privilege</classname>
      <retired>false</retired>
    </org.openmrs.module.metadatasharing.Item>
    <org.openmrs.module.metadatasharing.Item id="173" uuid="b79b8f83-75e0-4e74-a1c5-2a6e7eb67ab8">
      <classname>org.openmrs.Privilege</classname>
      <retired>false</retired>
    </org.openmrs.module.metadatasharing.Item>
    <org.openmrs.module.metadatasharing.Item id="174" uuid="91d80e71-3ad7-4bc2-8bef-c6378e1b2b70">
      <classname>org.openmrs.Privilege</classname>
      <retired>false</retired>
    </org.openmrs.module.metadatasharing.Item>
    <org.openmrs.module.metadatasharing.Item id="175" uuid="d92637e3-8c03-4104-836a-f5bde8d8be47">
      <classname>org.openmrs.Privilege</classname>
      <retired>false</retired>
    </org.openmrs.module.metadatasharing.Item>
    <org.openmrs.module.metadatasharing.Item id="176" uuid="182974df-c322-4f13-a14e-a341a1fb3619">
      <classname>org.openmrs.Privilege</classname>
      <retired>false</retired>
    </org.openmrs.module.metadatasharing.Item>
    <org.openmrs.module.metadatasharing.Item id="177" uuid="3f98d0c9-22ff-4d31-bad8-84a392420407">
      <classname>org.openmrs.Privilege</classname>
      <retired>false</retired>
    </org.openmrs.module.metadatasharing.Item>
    <org.openmrs.module.metadatasharing.Item id="178" uuid="ff003c75-d0a6-4fa8-b089-c8698b50131b">
      <classname>org.openmrs.Privilege</classname>
      <retired>false</retired>
    </org.openmrs.module.metadatasharing.Item>
    <org.openmrs.module.metadatasharing.Item id="179" uuid="6c82abbd-ae62-4080-8528-ac1e28220797">
      <classname>org.openmrs.Privilege</classname>
      <retired>false</retired>
    </org.openmrs.module.metadatasharing.Item>
    <org.openmrs.module.metadatasharing.Item id="180" uuid="c39f681c-fee7-44d0-b764-59e4e8aec854">
      <classname>org.openmrs.Privilege</classname>
      <retired>false</retired>
    </org.openmrs.module.metadatasharing.Item>
    <org.openmrs.module.metadatasharing.Item id="181" uuid="ec6fcf8e-e4b7-4c69-8ca0-97cf2796315e">
      <classname>org.openmrs.Privilege</classname>
      <retired>false</retired>
    </org.openmrs.module.metadatasharing.Item>
    <org.openmrs.module.metadatasharing.Item id="182" uuid="90ba15be-842d-4d11-969d-773958ec0ded">
      <classname>org.openmrs.Privilege</classname>
      <retired>false</retired>
    </org.openmrs.module.metadatasharing.Item>
    <org.openmrs.module.metadatasharing.Item id="183" uuid="daa25847-97c4-4b9d-b233-2d33a2fb9480">
      <classname>org.openmrs.Privilege</classname>
      <retired>false</retired>
    </org.openmrs.module.metadatasharing.Item>
    <org.openmrs.module.metadatasharing.Item id="184" uuid="b5a20e50-6951-4eb8-92e3-d6011efc3b97">
      <classname>org.openmrs.Privilege</classname>
      <retired>false</retired>
    </org.openmrs.module.metadatasharing.Item>
    <org.openmrs.module.metadatasharing.Item id="185" uuid="b910cc51-628e-4bda-9e41-b1bcdd78e06c">
      <classname>org.openmrs.Privilege</classname>
      <retired>false</retired>
    </org.openmrs.module.metadatasharing.Item>
    <org.openmrs.module.metadatasharing.Item id="186" uuid="24fb3877-c07e-436f-8005-ce7a81245fcd">
      <classname>org.openmrs.Privilege</classname>
      <retired>false</retired>
    </org.openmrs.module.metadatasharing.Item>
    <org.openmrs.module.metadatasharing.Item id="187" uuid="29ba7bba-c9b6-4528-b55e-7bef146621e9">
      <classname>org.openmrs.Privilege</classname>
      <retired>false</retired>
    </org.openmrs.module.metadatasharing.Item>
    <org.openmrs.module.metadatasharing.Item id="188" uuid="d5e693ae-3f24-4fcb-abfd-eec345a76c17">
      <classname>org.openmrs.Privilege</classname>
      <retired>false</retired>
    </org.openmrs.module.metadatasharing.Item>
    <org.openmrs.module.metadatasharing.Item id="189" uuid="15b126ce-9657-421f-a5be-19cea5573d3b">
      <classname>org.openmrs.Privilege</classname>
      <retired>false</retired>
    </org.openmrs.module.metadatasharing.Item>
    <org.openmrs.module.metadatasharing.Item id="190" uuid="4841f2dd-31f0-46b9-9877-74dcaf2cf07b">
      <classname>org.openmrs.Privilege</classname>
      <retired>false</retired>
    </org.openmrs.module.metadatasharing.Item>
    <org.openmrs.module.metadatasharing.Item id="191" uuid="60ce8766-57cc-4e4f-8356-6bbe3f56f980">
      <classname>org.openmrs.Privilege</classname>
      <retired>false</retired>
    </org.openmrs.module.metadatasharing.Item>
    <org.openmrs.module.metadatasharing.Item id="192" uuid="6d01acf6-ba11-4634-866b-489eaa951681">
      <classname>org.openmrs.Privilege</classname>
      <retired>false</retired>
    </org.openmrs.module.metadatasharing.Item>
    <org.openmrs.module.metadatasharing.Item id="193" uuid="409c73d3-1184-4df1-b4b9-05f37b48f9ba">
      <classname>org.openmrs.Privilege</classname>
      <retired>false</retired>
    </org.openmrs.module.metadatasharing.Item>
    <org.openmrs.module.metadatasharing.Item id="194" uuid="10122e43-196b-4563-b083-f0ec00f0429b">
      <classname>org.openmrs.Privilege</classname>
      <retired>false</retired>
    </org.openmrs.module.metadatasharing.Item>
    <org.openmrs.module.metadatasharing.Item id="195" uuid="2112a93c-f219-476e-8747-f23c38d9abaa">
      <classname>org.openmrs.Privilege</classname>
      <retired>false</retired>
    </org.openmrs.module.metadatasharing.Item>
    <org.openmrs.module.metadatasharing.Item id="196" uuid="932244c9-29d1-43f2-8867-3fe312556053">
      <classname>org.openmrs.Privilege</classname>
      <retired>false</retired>
    </org.openmrs.module.metadatasharing.Item>
    <org.openmrs.module.metadatasharing.Item id="197" uuid="1a819ef6-4632-4d2e-8227-7bdf9e8e273a">
      <classname>org.openmrs.Privilege</classname>
      <retired>false</retired>
    </org.openmrs.module.metadatasharing.Item>
    <org.openmrs.module.metadatasharing.Item id="198" uuid="6cdc5785-ee5c-48af-a2a2-7a574721fa97">
      <classname>org.openmrs.Privilege</classname>
      <retired>false</retired>
    </org.openmrs.module.metadatasharing.Item>
    <org.openmrs.module.metadatasharing.Item id="199" uuid="11169039-8b0a-489d-a11a-eade77c20eb6">
      <classname>org.openmrs.Privilege</classname>
      <retired>false</retired>
    </org.openmrs.module.metadatasharing.Item>
    <org.openmrs.module.metadatasharing.Item id="200" uuid="5367155a-e435-4010-877a-f3007059c352">
      <classname>org.openmrs.Privilege</classname>
      <retired>false</retired>
    </org.openmrs.module.metadatasharing.Item>
    <org.openmrs.module.metadatasharing.Item id="201" uuid="422aab99-1080-4df1-8397-e83bd47520fa">
      <classname>org.openmrs.Privilege</classname>
      <retired>false</retired>
    </org.openmrs.module.metadatasharing.Item>
    <org.openmrs.module.metadatasharing.Item id="202" uuid="a22359fb-5121-4065-a3a1-1abfd7ea4ed5">
      <classname>org.openmrs.Privilege</classname>
      <retired>false</retired>
    </org.openmrs.module.metadatasharing.Item>
    <org.openmrs.module.metadatasharing.Item id="203" uuid="96a446f5-49ba-4832-a499-4ad068b9cde2">
      <classname>org.openmrs.Privilege</classname>
      <retired>false</retired>
    </org.openmrs.module.metadatasharing.Item>
    <org.openmrs.module.metadatasharing.Item id="204" uuid="b9e5819a-3299-415c-935b-a63c934dfc80">
      <classname>org.openmrs.Privilege</classname>
      <retired>false</retired>
    </org.openmrs.module.metadatasharing.Item>
    <org.openmrs.module.metadatasharing.Item id="205" uuid="a122b5fe-37c4-4b11-8c3c-4b8355197bf4">
      <classname>org.openmrs.Privilege</classname>
      <retired>false</retired>
    </org.openmrs.module.metadatasharing.Item>
  </relatedItems>
  <incrementalVersion>false</incrementalVersion>
</package>
